{
"type": "FeatureCollection",
"name": "cuenca",
"crs": { "type": "name", "properties": { "name": "urn:ogc:def:crs:OGC:1.3:CRS84" } },
"features": [
{ "type": "Feature", "properties": { "Shape_Leng": 907603.99434900004, "Shape_Area": 13362606981.1 }, "geometry": { "type": "MultiPolygon", "coordinates": [ [ [ [ -75.665320959791572, 8.454382007717264 ], [ -75.665280450574016, 8.454519807750117 ], [ -75.665190314780801, 8.454420413894889 ], [ -75.665320959791572, 8.454382007717264 ] ] ], [ [ [ -76.023344516675124, 8.973900194373138 ], [ -76.023675236943333, 8.973997417982792 ], [ -76.023436692241035, 8.974213742531953 ], [ -76.023344516675124, 8.973900194373138 ] ] ], [ [ [ -75.665320959791572, 8.454382007717264 ], [ -75.664649868018955, 8.453457713539121 ], [ -75.662797989298667, 8.452534285110669 ], [ -75.662408045234287, 8.450721385236756 ], [ -75.660876971122079, 8.450483904154934 ], [ -75.660149058775701, 8.448843121832057 ], [ -75.656974708035278, 8.448320116697079 ], [ -75.657354398343713, 8.445929709399772 ], [ -75.656324076615434, 8.444848571149558 ], [ -75.656453885658507, 8.443813983247509 ], [ -75.655428896820013, 8.443346630906571 ], [ -75.657510171680258, 8.441533484054716 ], [ -75.657369080578889, 8.440587589843966 ], [ -75.656177230919994, 8.439233037241438 ], [ -75.653983685703025, 8.438367216137792 ], [ -75.654266544663784, 8.43746608521459 ], [ -75.656169573627835, 8.436139883705048 ], [ -75.656566733871017, 8.435220827664399 ], [ -75.658808455035484, 8.434667465406676 ], [ -75.658959878826948, 8.434031757580701 ], [ -75.662387629546672, 8.431440406477339 ], [ -75.662869771489696, 8.430488747497499 ], [ -75.661784967052498, 8.42921429951341 ], [ -75.66211958911984, 8.428498175329185 ], [ -75.665075416823143, 8.426221911618757 ], [ -75.664787108569442, 8.424799839436636 ], [ -75.663709959669376, 8.424281773279658 ], [ -75.662596312545389, 8.420344300258494 ], [ -75.661823889907836, 8.419979760634979 ], [ -75.661759084564281, 8.418344763627617 ], [ -75.662981835431424, 8.418017318260016 ], [ -75.663564943980532, 8.416313841421616 ], [ -75.662907860327792, 8.414919963612881 ], [ -75.663223418543026, 8.414489124017267 ], [ -75.662954023260113, 8.412482061031985 ], [ -75.659034546712064, 8.410684826609549 ], [ -75.657535507360649, 8.407794291042084 ], [ -75.657836878216855, 8.406393588450801 ], [ -75.657510754779878, 8.40466692249554 ], [ -75.65785901374089, 8.403112297171887 ], [ -75.65961578387666, 8.401944378016548 ], [ -75.661560635903058, 8.399717700416284 ], [ -75.663319571738384, 8.399045491889071 ], [ -75.664307473315006, 8.396652921313004 ], [ -75.664197292097953, 8.393873092911493 ], [ -75.664735736137374, 8.393291965643703 ], [ -75.668267585009517, 8.393558921312096 ], [ -75.669418400863918, 8.392453274645982 ], [ -75.671312683453891, 8.391689520364354 ], [ -75.67204346921983, 8.390280215752899 ], [ -75.6717764895876, 8.386838758185039 ], [ -75.674489316546712, 8.386811287188106 ], [ -75.674155216833583, 8.383924929677708 ], [ -75.673346208374241, 8.383022456234372 ], [ -75.672850374299458, 8.381356736823692 ], [ -75.671227781760109, 8.380335520840498 ], [ -75.671839029913372, 8.378378062368842 ], [ -75.670987048773441, 8.377751674755526 ], [ -75.669967925471141, 8.37450033027957 ], [ -75.667863962855961, 8.374040056733454 ], [ -75.667518287989381, 8.374374679522802 ], [ -75.666395570280059, 8.373254214872118 ], [ -75.665833820412075, 8.37324275052748 ], [ -75.664541671743962, 8.37436879044286 ], [ -75.663737083702912, 8.374385209980771 ], [ -75.662351382252652, 8.373067153725646 ], [ -75.662118278509382, 8.371119167095403 ], [ -75.661064932756759, 8.370544790549088 ], [ -75.660536543690824, 8.368527313314036 ], [ -75.659876230130223, 8.367758587682884 ], [ -75.660139172715802, 8.367265656332211 ], [ -75.659090020846548, 8.361978372804179 ], [ -75.660361777381738, 8.360483898709369 ], [ -75.659114682607395, 8.358191142232723 ], [ -75.657067688285991, 8.358657576911494 ], [ -75.656782381537198, 8.358374561641579 ], [ -75.657084472592103, 8.356766125702075 ], [ -75.656280539316583, 8.356073751626802 ], [ -75.6561548000888, 8.353889997232695 ], [ -75.654928283225999, 8.353015489401828 ], [ -75.653571501591173, 8.353054359929644 ], [ -75.65285039713855, 8.355259466579772 ], [ -75.649945328431286, 8.35387464017494 ], [ -75.649267454620102, 8.354387164760382 ], [ -75.648307991398354, 8.354052541719275 ], [ -75.647636500792132, 8.353385366494104 ], [ -75.648767807639359, 8.352216743428961 ], [ -75.648736581258362, 8.350686627678897 ], [ -75.649318596390245, 8.350544743638808 ], [ -75.648532570051572, 8.349897833655715 ], [ -75.647711642923667, 8.347031198527242 ], [ -75.650121746511857, 8.344262130519278 ], [ -75.649976630867386, 8.341529498001693 ], [ -75.6513586470614, 8.338701647225575 ], [ -75.654003780400956, 8.338623411710506 ], [ -75.654032172784554, 8.337232194550131 ], [ -75.651454341246989, 8.335808270002607 ], [ -75.651564846893933, 8.33495753700242 ], [ -75.652804196109884, 8.334179495753958 ], [ -75.652927927812286, 8.332650823246706 ], [ -75.650893422342193, 8.33181814907554 ], [ -75.650001139417185, 8.332715308610867 ], [ -75.648673454819857, 8.331912889909486 ], [ -75.64821683104573, 8.331170205939648 ], [ -75.648351317484597, 8.329121364534654 ], [ -75.647482048392334, 8.327131949113818 ], [ -75.646262119101863, 8.327760397959674 ], [ -75.645787992691297, 8.326299315837765 ], [ -75.645095244346905, 8.325894205708083 ], [ -75.645103708984038, 8.324814641804489 ], [ -75.644094218959665, 8.324152791345313 ], [ -75.643341520844785, 8.322601310835129 ], [ -75.641025945759438, 8.321721695192831 ], [ -75.639446254291585, 8.32026439925945 ], [ -75.63890757148566, 8.315112370725631 ], [ -75.639606620898775, 8.315029359725147 ], [ -75.640958002872139, 8.312624514047718 ], [ -75.642462381047039, 8.311831723990386 ], [ -75.644043239804887, 8.312166345594568 ], [ -75.644639359290053, 8.313668228083397 ], [ -75.646600476977142, 8.315180870354112 ], [ -75.647524211912824, 8.315088116367113 ], [ -75.648024510788147, 8.314526669056853 ], [ -75.649181427420686, 8.314784748732983 ], [ -75.649861614550943, 8.313428286922367 ], [ -75.64808498441522, 8.311676028881143 ], [ -75.647775646305192, 8.30955918080438 ], [ -75.649606274320362, 8.308199811871694 ], [ -75.648618015929756, 8.307720359288721 ], [ -75.648609491724315, 8.307302678259534 ], [ -75.649423474163129, 8.307038537528774 ], [ -75.649948185500165, 8.305421570716108 ], [ -75.65280948063473, 8.304954900081469 ], [ -75.653455938423264, 8.303604761792952 ], [ -75.655609049277814, 8.303971464462892 ], [ -75.656813223507967, 8.301979074201146 ], [ -75.660031889548307, 8.301845775439478 ], [ -75.66074235326144, 8.301109451317265 ], [ -75.660699719099611, 8.299020402026882 ], [ -75.661275846265795, 8.297870332205253 ], [ -75.662092099369289, 8.297605455533645 ], [ -75.661550730654483, 8.296554564179301 ], [ -75.663173094629315, 8.292744849269541 ], [ -75.663178594657055, 8.290065457801644 ], [ -75.661629427375004, 8.287726284642622 ], [ -75.662153181510774, 8.285119998385328 ], [ -75.661577076313208, 8.283903062689351 ], [ -75.661550730599316, 8.278778490137709 ], [ -75.662834850538871, 8.275713898911766 ], [ -75.661018142089318, 8.272042981891847 ], [ -75.661017015465134, 8.269320394097093 ], [ -75.659664269235122, 8.268684604149577 ], [ -75.659928373530818, 8.266608959796315 ], [ -75.660981654991588, 8.264595730071258 ], [ -75.662571989325542, 8.263766752012652 ], [ -75.662702146919386, 8.263100026288479 ], [ -75.663217240744359, 8.263357198806123 ], [ -75.664286207510941, 8.2627468963226 ], [ -75.664131702884532, 8.258318731576788 ], [ -75.666611979682472, 8.256620435305555 ], [ -75.666225170233389, 8.253281601268352 ], [ -75.664957320746765, 8.251444930863121 ], [ -75.664515171196186, 8.248822317884745 ], [ -75.663437193456119, 8.247247623902181 ], [ -75.663450318549138, 8.245995733281489 ], [ -75.664816780686053, 8.243672050987128 ], [ -75.665374771570356, 8.241410690177956 ], [ -75.666941296794363, 8.240415841762022 ], [ -75.673365728093728, 8.241825585798205 ], [ -75.674537565242105, 8.241257071018811 ], [ -75.674749838145104, 8.239965129737607 ], [ -75.672272677293776, 8.235319565608393 ], [ -75.671246236009537, 8.234580245934351 ], [ -75.670976023151582, 8.233769299641267 ], [ -75.669624358194937, 8.233342218638329 ], [ -75.669532936228293, 8.232786539386634 ], [ -75.669608552690889, 8.231867860768903 ], [ -75.672045051355099, 8.230517827500501 ], [ -75.673943414747626, 8.226658931000706 ], [ -75.673970457559207, 8.225333864834766 ], [ -75.673189232369793, 8.224367711370121 ], [ -75.674123491995758, 8.224064541394938 ], [ -75.674484188289441, 8.223337561877459 ], [ -75.673687643895832, 8.219199521343253 ], [ -75.673797687465083, 8.217057214972394 ], [ -75.675159140720908, 8.21106629703498 ], [ -75.674721768327075, 8.209975447464386 ], [ -75.672901617961941, 8.208152887725634 ], [ -75.673474238854993, 8.204833882189238 ], [ -75.672639361618295, 8.203132185942611 ], [ -75.67574060458756, 8.201253572886491 ], [ -75.675025460367664, 8.200198556500212 ], [ -75.67583404574232, 8.196814854564591 ], [ -75.676111895991426, 8.189549926350468 ], [ -75.674810538604646, 8.186411013607298 ], [ -75.674740237539353, 8.184989909456556 ], [ -75.67505171085665, 8.184006060375456 ], [ -75.678394992576671, 8.183148059368429 ], [ -75.68176790342504, 8.183048925769274 ], [ -75.68321782351309, 8.183818290489043 ], [ -75.686806175431741, 8.18182574575701 ], [ -75.687927644757877, 8.180453653032766 ], [ -75.689214738610062, 8.180005071621565 ], [ -75.69068808254724, 8.180370868446209 ], [ -75.691651704460128, 8.175510133381577 ], [ -75.694338005764493, 8.169567099970987 ], [ -75.694755666361885, 8.168999593533156 ], [ -75.696227646887849, 8.168985679679524 ], [ -75.6968545215977, 8.168248825708339 ], [ -75.696833007553209, 8.167189245545842 ], [ -75.697654358980458, 8.165977548955484 ], [ -75.69762161790571, 8.164030656673217 ], [ -75.698776980054518, 8.163554011300693 ], [ -75.699815349301844, 8.161957962691677 ], [ -75.699289769044356, 8.161368493472285 ], [ -75.699711496271092, 8.159632692920029 ], [ -75.701555836185889, 8.159645883160161 ], [ -75.701830140906495, 8.15911340806041 ], [ -75.70304750715367, 8.156116180427151 ], [ -75.70332283997665, 8.15396210689919 ], [ -75.702772457263748, 8.153693423646775 ], [ -75.702513908065896, 8.152390814300999 ], [ -75.704890850389631, 8.150540495330739 ], [ -75.705472958902391, 8.14910932055515 ], [ -75.708079090005484, 8.147315298338283 ], [ -75.710069891499984, 8.143911365152475 ], [ -75.710179456383898, 8.141598731808477 ], [ -75.712982702201685, 8.13758765881809 ], [ -75.713431738011451, 8.135854694191945 ], [ -75.715524158072895, 8.134795349968616 ], [ -75.716940289156327, 8.13061916238969 ], [ -75.715908462141343, 8.129423668653159 ], [ -75.716715176838733, 8.128485961199093 ], [ -75.714806152923288, 8.126609208368174 ], [ -75.712219211281393, 8.126104185220676 ], [ -75.71219449833346, 8.124893277911578 ], [ -75.713490949812709, 8.12365470091761 ], [ -75.714123040735075, 8.121834798124871 ], [ -75.713773856114884, 8.11942799333125 ], [ -75.714334164607735, 8.118242534212193 ], [ -75.715754533247932, 8.116034595413877 ], [ -75.720292639536638, 8.111727780017162 ], [ -75.72079656312421, 8.10604030793731 ], [ -75.722456506823917, 8.105187093622717 ], [ -75.723805577459956, 8.097281757572915 ], [ -75.725902220406468, 8.093428820074132 ], [ -75.726224015128437, 8.091441590583591 ], [ -75.725614248835385, 8.086924098754656 ], [ -75.726909006612132, 8.084669510943165 ], [ -75.726993624623219, 8.083851720121583 ], [ -75.726260019725544, 8.082787998096624 ], [ -75.727308317348744, 8.081736415032783 ], [ -75.728205339059755, 8.075760678296325 ], [ -75.72877869227419, 8.074633039830433 ], [ -75.727746415003296, 8.068884699940439 ], [ -75.727361982315969, 8.068671762237447 ], [ -75.727588114794941, 8.06703931669777 ], [ -75.726478626793138, 8.064928243753656 ], [ -75.727539286391661, 8.064711140375739 ], [ -75.728026911995727, 8.065691089696855 ], [ -75.730473317402684, 8.06522570160692 ], [ -75.731400914045366, 8.065806255604862 ], [ -75.732064926769567, 8.065244177846406 ], [ -75.733923811796529, 8.066681481525853 ], [ -75.735154668959495, 8.06607134878737 ], [ -75.736760199237423, 8.058484622707601 ], [ -75.736407156660505, 8.056504603613412 ], [ -75.73671741210525, 8.056388061899398 ], [ -75.737690362127523, 8.057047050900236 ], [ -75.740076482011673, 8.057403938801631 ], [ -75.740951293789792, 8.058282191473932 ], [ -75.740936583301689, 8.059003005570316 ], [ -75.741506873440599, 8.059452290333201 ], [ -75.741291552653408, 8.061539084494401 ], [ -75.744874712623812, 8.061881369041503 ], [ -75.745255341309729, 8.064538734421712 ], [ -75.74654996725819, 8.064503714478464 ], [ -75.747897035355948, 8.065290030169226 ], [ -75.748602878310223, 8.06665445231871 ], [ -75.749027354908279, 8.070024300348344 ], [ -75.750381311202119, 8.071305560028716 ], [ -75.751277381192125, 8.075229128475396 ], [ -75.749894977686921, 8.080591321234929 ], [ -75.750664438140674, 8.082609181746475 ], [ -75.74908227167019, 8.084211017472994 ], [ -75.748921548988974, 8.086803744905952 ], [ -75.748053102500066, 8.089012028327311 ], [ -75.748245567169548, 8.090275909226438 ], [ -75.747249238455382, 8.092828117470978 ], [ -75.747228494796801, 8.093844533450174 ], [ -75.747871812649763, 8.094793586967851 ], [ -75.745721544755042, 8.10284348467893 ], [ -75.746079869727311, 8.105682377386932 ], [ -75.743477084910097, 8.110534711593345 ], [ -75.743756489153256, 8.112290074996857 ], [ -75.745843210572161, 8.113375379389083 ], [ -75.745611675294796, 8.114857884754706 ], [ -75.747514113616276, 8.118106824324563 ], [ -75.746944215811425, 8.120025075898365 ], [ -75.745088391939547, 8.121343505184242 ], [ -75.745247546487917, 8.122650579739101 ], [ -75.746342508258095, 8.123181797980896 ], [ -75.745879119172685, 8.124535150940774 ], [ -75.749178628630744, 8.125667822368777 ], [ -75.75048339198166, 8.125557803299332 ], [ -75.750491355349268, 8.126778775131113 ], [ -75.753038345715083, 8.128464017543443 ], [ -75.752412832850609, 8.130353356374794 ], [ -75.75267117510171, 8.130955581038076 ], [ -75.754202572667154, 8.131043703344281 ], [ -75.755746961866123, 8.132840593095445 ], [ -75.757937912845591, 8.130409033054876 ], [ -75.759673305669182, 8.129834909576159 ], [ -75.760530638480091, 8.127757360362864 ], [ -75.763061208107516, 8.125431302480598 ], [ -75.765091223974252, 8.126102792425483 ], [ -75.765630324553257, 8.126820186372802 ], [ -75.767626777700627, 8.126154233266698 ], [ -75.768154330141314, 8.124772969000524 ], [ -75.769612773248625, 8.124315711340047 ], [ -75.773057251441344, 8.124299374436479 ], [ -75.774964695959582, 8.12655279427694 ], [ -75.776185135047768, 8.126756576994644 ], [ -75.779050369908333, 8.124590703397939 ], [ -75.779314474440298, 8.123776830111966 ], [ -75.782090257313115, 8.122186449746659 ], [ -75.784183186494886, 8.1245964829518 ], [ -75.78511391880771, 8.124898508121301 ], [ -75.783437465377631, 8.127206991661783 ], [ -75.783791444207111, 8.127603932759131 ], [ -75.785246050350466, 8.12604318785421 ], [ -75.786992379964943, 8.126327701390565 ], [ -75.78802334199068, 8.127031792530717 ], [ -75.789871356354368, 8.126387174765256 ], [ -75.791716615849978, 8.127819248797826 ], [ -75.792375305375671, 8.129689492897914 ], [ -75.791181744015461, 8.131395816080698 ], [ -75.791284747182175, 8.133041036787546 ], [ -75.792081772505412, 8.133893528893585 ], [ -75.794799278946471, 8.133436324433301 ], [ -75.795608932171518, 8.135088701636594 ], [ -75.796751607223598, 8.135476286700296 ], [ -75.796866881545824, 8.136772532208107 ], [ -75.797741982089661, 8.138090267658557 ], [ -75.799796063381081, 8.138591014339646 ], [ -75.799395746668438, 8.140094260685787 ], [ -75.79871808528236, 8.140754989278228 ], [ -75.79814898611933, 8.144674917343778 ], [ -75.797989775862405, 8.148338341515405 ], [ -75.798996272265782, 8.1485021904571 ], [ -75.799286809767125, 8.149740836399225 ], [ -75.796590067501256, 8.162020746039127 ], [ -75.796952505331191, 8.164482538464531 ], [ -75.8002380348115, 8.159627089721894 ], [ -75.802765893733465, 8.159355504797192 ], [ -75.804254252302044, 8.158291151608589 ], [ -75.805951140731153, 8.158256520954653 ], [ -75.807141280518223, 8.158729523918645 ], [ -75.806860639291386, 8.16316054395663 ], [ -75.808467655990228, 8.163711515789975 ], [ -75.808898819224964, 8.164907595978866 ], [ -75.810123144802475, 8.165282124405188 ], [ -75.814048980710297, 8.16297513860793 ], [ -75.815196882168181, 8.160914755476444 ], [ -75.817208819561088, 8.160718304550313 ], [ -75.81891172916032, 8.158326038622022 ], [ -75.819547060607064, 8.155368202638144 ], [ -75.821692134055795, 8.153636637149699 ], [ -75.823179186904696, 8.154435462993797 ], [ -75.826170661541966, 8.154183639005037 ], [ -75.8286884551882, 8.148989460329721 ], [ -75.831244584046075, 8.148873687164032 ], [ -75.832433986420639, 8.147622786879241 ], [ -75.834226207090154, 8.146910718024577 ], [ -75.834959818479362, 8.145081948689231 ], [ -75.836773102169616, 8.145708948359916 ], [ -75.840219439053016, 8.144298214565577 ], [ -75.838641645507664, 8.143343190502804 ], [ -75.837646402218468, 8.141632162010826 ], [ -75.835644233265683, 8.140443620297869 ], [ -75.835633782532184, 8.139164951368027 ], [ -75.836769599211593, 8.136310021251674 ], [ -75.836511531101607, 8.135441784540637 ], [ -75.835608974045428, 8.135294856114351 ], [ -75.838208198920711, 8.127540075735919 ], [ -75.839949847466244, 8.123896990147399 ], [ -75.83899302476101, 8.12341009232823 ], [ -75.837320421797429, 8.12375786609654 ], [ -75.835648705842573, 8.123172620529058 ], [ -75.834043012574114, 8.124046324252626 ], [ -75.833441950491007, 8.12100781019214 ], [ -75.835356412611645, 8.115523701128435 ], [ -75.835667228887303, 8.11268411223158 ], [ -75.834036922036717, 8.110615660882633 ], [ -75.83416359403526, 8.107550256931717 ], [ -75.835953395600285, 8.1050491517257 ], [ -75.837116397908858, 8.10195315854271 ], [ -75.837681325252703, 8.101738236215136 ], [ -75.840163768935824, 8.102747167596652 ], [ -75.843512093263769, 8.101743262623062 ], [ -75.844542848617266, 8.098973250807964 ], [ -75.843942938558044, 8.090755052810836 ], [ -75.844338235280333, 8.08723854010497 ], [ -75.847450569677108, 8.086115500824745 ], [ -75.848679240534977, 8.083901774811443 ], [ -75.849050281368577, 8.081638299234584 ], [ -75.848619114977325, 8.078707312354519 ], [ -75.849873546899673, 8.077502073539112 ], [ -75.851850950661358, 8.072775838040815 ], [ -75.851469266809033, 8.069474334501061 ], [ -75.852119938788306, 8.067549975227367 ], [ -75.853905569551159, 8.068161165014828 ], [ -75.857469767309908, 8.068267239831602 ], [ -75.863839498682239, 8.067200869817061 ], [ -75.866020613328203, 8.068588156375975 ], [ -75.866098811822695, 8.070230258786825 ], [ -75.866971077221365, 8.071794020069259 ], [ -75.87199555833871, 8.070970509793412 ], [ -75.873883942899695, 8.069855239674135 ], [ -75.874984364922483, 8.069849602458032 ], [ -75.875586372382898, 8.065246715571149 ], [ -75.880410956530127, 8.061310249768731 ], [ -75.884975453932739, 8.066848637529695 ], [ -75.884848754983935, 8.070789409334747 ], [ -75.885943892843059, 8.0716705440983 ], [ -75.886363661921308, 8.073454791168464 ], [ -75.888490549156998, 8.075008681912932 ], [ -75.889386794691532, 8.074564199584643 ], [ -75.893801225848364, 8.075294205737068 ], [ -75.894921251488825, 8.072347494087392 ], [ -75.894409133885205, 8.068445354783741 ], [ -75.895619467109071, 8.066970853465607 ], [ -75.896158365400098, 8.065364820383486 ], [ -75.897468940127595, 8.064397863920512 ], [ -75.8976224893172, 8.063140619486189 ], [ -75.898715622955933, 8.062100074863327 ], [ -75.899239564917067, 8.059906613619365 ], [ -75.900397718627232, 8.057943120803825 ], [ -75.9029021196081, 8.055732446968538 ], [ -75.904569601693794, 8.052737134337939 ], [ -75.905451370489175, 8.052215756295981 ], [ -75.90570743555692, 8.048318345686933 ], [ -75.908700573796963, 8.0468287148258 ], [ -75.909582714792137, 8.047254209300791 ], [ -75.912188767190102, 8.046883961228522 ], [ -75.915145135852171, 8.043203338918003 ], [ -75.915423861634167, 8.039418470916839 ], [ -75.916568866092717, 8.040536847032984 ], [ -75.918353884799359, 8.038895639432845 ], [ -75.920781127975687, 8.037566428693259 ], [ -75.921968672953867, 8.035490600934301 ], [ -75.924276626564307, 8.033940378835176 ], [ -75.927789773274256, 8.032006512428367 ], [ -75.928567702305827, 8.032552703057911 ], [ -75.929596782736084, 8.032566323199779 ], [ -75.930260139748313, 8.032006512375489 ], [ -75.931376464304833, 8.032334296171532 ], [ -75.934522470099239, 8.03100076577522 ], [ -75.935317545474462, 8.03098453969155 ], [ -75.937837309002973, 8.033286257504704 ], [ -75.939751626823409, 8.032496399630574 ], [ -75.944432072206979, 8.033480369293214 ], [ -75.944693133324947, 8.033129406941706 ], [ -75.946012195792932, 8.033478242559914 ], [ -75.947878568609909, 8.032792538282084 ], [ -75.9489138959933, 8.032903106394695 ], [ -75.949886516253883, 8.03383932699429 ], [ -75.949009998026497, 8.035366514097413 ], [ -75.950141926985467, 8.036498089140157 ], [ -75.951267066675555, 8.036608132878674 ], [ -75.952053092751015, 8.03739415854136 ], [ -75.952163136202103, 8.040877375866939 ], [ -75.953178852801017, 8.041528880526849 ], [ -75.955158969298466, 8.041061585441744 ], [ -75.955954701023202, 8.039320801692551 ], [ -75.957928162674179, 8.037118417269783 ], [ -75.958943133453914, 8.034061190789512 ], [ -75.960365474874848, 8.03305961379044 ], [ -75.962149623618686, 8.033762813677509 ], [ -75.963395773879114, 8.032962441072575 ], [ -75.963618902329443, 8.031105951848375 ], [ -75.962393251615211, 8.029776444689009 ], [ -75.962751380695934, 8.028828419180458 ], [ -75.961666951147294, 8.027074670489608 ], [ -75.962555661717559, 8.025488238300069 ], [ -75.963504366747102, 8.021785930823214 ], [ -75.964405506150698, 8.020440147485674 ], [ -75.963955770052266, 8.019427852975197 ], [ -75.96137086776416, 8.018194915268829 ], [ -75.960699377191602, 8.015843398589722 ], [ -75.960844453188628, 8.015387679981281 ], [ -75.961949633693209, 8.015971735626197 ], [ -75.963745636244823, 8.015626894003621 ], [ -75.965737587123698, 8.012467464220702 ], [ -75.965525576725298, 8.010220120735926 ], [ -75.96682937961657, 8.009147991290291 ], [ -75.966112186761976, 8.006684127840005 ], [ -75.966201558523039, 8.005167098087776 ], [ -75.964784962351601, 8.004482711054946 ], [ -75.964218468068211, 8.001950380128145 ], [ -75.962716593453791, 8.000677200349433 ], [ -75.963504366550779, 7.999889495825537 ], [ -75.964496316904345, 7.999781722174263 ], [ -75.963115171490301, 7.995544965092677 ], [ -75.964191426480056, 7.991419217189465 ], [ -75.964957314851148, 7.990461907253406 ], [ -75.966702020624396, 7.990598456764541 ], [ -75.969460067863565, 7.989556489279479 ], [ -75.971277937504283, 7.991019108695769 ], [ -75.972593374407055, 7.991009596730564 ], [ -75.974416150099117, 7.992268609833346 ], [ -75.979159673075657, 7.99195113286298 ], [ -75.980962367936286, 7.99248802047221 ], [ -75.981213973217123, 7.992102319526277 ], [ -75.98106941276636, 7.989959036430828 ], [ -75.979987423992981, 7.988409931641227 ], [ -75.981533925666142, 7.986494115936486 ], [ -75.980093330865131, 7.983856850595159 ], [ -75.981176602831212, 7.980421178054598 ], [ -75.980023112281103, 7.97548172384373 ], [ -75.977145656753976, 7.975317860399575 ], [ -75.976756763171039, 7.974835840020856 ], [ -75.977651578855614, 7.973394470360737 ], [ -75.977118029116625, 7.971253516079742 ], [ -75.977631117969153, 7.967421387839128 ], [ -75.977532036428087, 7.966212969439372 ], [ -75.976283243242591, 7.964567206866218 ], [ -75.977398384708152, 7.962893952526852 ], [ -75.977761663608945, 7.960662382951783 ], [ -75.97930799929452, 7.958821023370361 ], [ -75.97892965586135, 7.957706526280175 ], [ -75.977660662400993, 7.956964185315588 ], [ -75.978207868853303, 7.955615132282542 ], [ -75.977851294828952, 7.954573376486671 ], [ -75.979839726918527, 7.952793334726386 ], [ -75.979089041042357, 7.951135507213786 ], [ -75.979268148439331, 7.9496735746078 ], [ -75.980592575517136, 7.947102628075551 ], [ -75.9792913060205, 7.943788829918713 ], [ -75.979133830502235, 7.940939800378414 ], [ -75.981109072852291, 7.940684471907107 ], [ -75.982681681696363, 7.941477848770474 ], [ -75.984073703682114, 7.941285012727741 ], [ -75.986232978258485, 7.939209763378482 ], [ -75.986569398733693, 7.937141652738624 ], [ -75.987658000737369, 7.935006596372249 ], [ -75.995824054730221, 7.933230020329712 ], [ -75.996800761961083, 7.932738538005066 ], [ -75.997078900227194, 7.931842112708101 ], [ -76.000149860342802, 7.928510349136242 ], [ -76.000699610497918, 7.927051172632827 ], [ -76.002106447042863, 7.927687754230581 ], [ -76.004483440420628, 7.927015913592903 ], [ -76.006122806655313, 7.927330583371585 ], [ -76.006870709656951, 7.926540956957629 ], [ -76.009545271142471, 7.926454466614643 ], [ -76.012181005397238, 7.924755826544027 ], [ -76.013453805217196, 7.922658108545654 ], [ -76.011141746618335, 7.919844887814851 ], [ -76.010815713403119, 7.916556630302098 ], [ -76.011101331980896, 7.91413382961105 ], [ -76.010530076334987, 7.913406265181786 ], [ -76.010166083614038, 7.910388668254538 ], [ -76.008343327260505, 7.909855904219123 ], [ -76.006277182222533, 7.90825200435994 ], [ -76.005423373902403, 7.908187739903152 ], [ -76.002593058648856, 7.910551949058309 ], [ -76.001450451776108, 7.909963333858384 ], [ -76.000062245192069, 7.910606613444047 ], [ -75.998783823280533, 7.910418176086459 ], [ -75.996519882925028, 7.907484293527474 ], [ -75.996273692480202, 7.905237465625279 ], [ -75.99562481823115, 7.903977886082882 ], [ -75.99675972110694, 7.902796660174237 ], [ -75.998424692518483, 7.90334137765266 ], [ -75.999419897955605, 7.902946214330061 ], [ -75.999100110375579, 7.900737946022635 ], [ -76.000653755987429, 7.89971388408214 ], [ -76.002714716904222, 7.896352629315846 ], [ -76.002399222927949, 7.893082633451818 ], [ -76.001460433268306, 7.890243888560717 ], [ -76.001935978555039, 7.888925674873758 ], [ -76.000337539377099, 7.886373708445565 ], [ -76.000569832806704, 7.884989766843718 ], [ -76.000163398695761, 7.883278065637105 ], [ -76.000860297730924, 7.881201533975006 ], [ -76.000833750677572, 7.879361729455129 ], [ -76.001657008127466, 7.878548765917438 ], [ -76.00104923004578, 7.87581849241661 ], [ -75.999514771890617, 7.874221404246146 ], [ -75.996255589070557, 7.87270719954735 ], [ -75.996265229437341, 7.871965328342636 ], [ -75.994587815810789, 7.870622465414542 ], [ -75.991650965963984, 7.869902445997096 ], [ -75.989537306939994, 7.869945581677902 ], [ -75.989335446004375, 7.868289654225741 ], [ -75.988434861514051, 7.867172218800702 ], [ -75.988984759981577, 7.865330605095275 ], [ -75.98628631624041, 7.863180956072537 ], [ -75.984043229158203, 7.856867161407537 ], [ -75.982012281954354, 7.854707307911195 ], [ -75.980111675767048, 7.853552292952616 ], [ -75.979823836480179, 7.852665276862694 ], [ -75.97821652583886, 7.851106026231208 ], [ -75.976777926065495, 7.850005159310846 ], [ -75.975519334037784, 7.849873088564835 ], [ -75.973188700268153, 7.847948151515381 ], [ -75.97292839271573, 7.845649288417047 ], [ -75.973273545775712, 7.844938916075957 ], [ -75.972630440369301, 7.843304277266407 ], [ -75.970803178546277, 7.843135723821194 ], [ -75.967990223300873, 7.841903854046983 ], [ -75.969412710024571, 7.834346279872857 ], [ -75.970107801057736, 7.833670849761796 ], [ -75.96979481996847, 7.832259019517881 ], [ -75.971203300348733, 7.825559960702862 ], [ -75.969670291215294, 7.812415589549682 ], [ -75.968774558046334, 7.811464310658946 ], [ -75.969327805431519, 7.810885308663599 ], [ -75.969325022398607, 7.808362843383967 ], [ -75.96878095884621, 7.807164821648755 ], [ -75.968790382430072, 7.805003205404657 ], [ -75.968235568511687, 7.804425746615561 ], [ -75.963114065893166, 7.803278295454194 ], [ -75.963008721287622, 7.80156363191076 ], [ -75.961268019860512, 7.800030064981242 ], [ -75.961244960658007, 7.798900131110056 ], [ -75.961886351904482, 7.798483665949937 ], [ -75.961501398751579, 7.796346474130922 ], [ -75.959633731972474, 7.796373349572109 ], [ -75.958757887581797, 7.794932855224956 ], [ -75.960117008303698, 7.790834762313771 ], [ -75.958116720968135, 7.7841903444161 ], [ -75.957508774928584, 7.776730750769893 ], [ -75.957994774902716, 7.776134204821286 ], [ -75.958282055859911, 7.772610613100138 ], [ -75.959341788093397, 7.769958311410664 ], [ -75.959374095252045, 7.768375294182161 ], [ -75.956558148224545, 7.759302657202963 ], [ -75.955476667626144, 7.757211237474966 ], [ -75.954224875789038, 7.756603932621548 ], [ -75.953952355474371, 7.755108237602681 ], [ -75.952839118389434, 7.753872204350326 ], [ -75.952949162243911, 7.74735061075227 ], [ -75.953604495607848, 7.745351486904464 ], [ -75.953733246754993, 7.741980140204928 ], [ -75.954476004397506, 7.740087884826241 ], [ -75.954003570384216, 7.73666274111263 ], [ -75.953263674746395, 7.734906764431495 ], [ -75.954196338047979, 7.732858158397704 ], [ -75.953962013078836, 7.729954559408419 ], [ -75.954589593098277, 7.728319799434956 ], [ -75.953175987260707, 7.724901536137184 ], [ -75.953940406365334, 7.716254477611545 ], [ -75.954280611524382, 7.715463546349743 ], [ -75.955404381903861, 7.714847916077145 ], [ -75.959072533584489, 7.710927295515975 ], [ -75.959070271777478, 7.709281207205432 ], [ -75.957822349157524, 7.70708884010303 ], [ -75.959722234788032, 7.703918400757762 ], [ -75.960952015813149, 7.703915119105736 ], [ -75.962156893950691, 7.702771715517507 ], [ -75.96734320563715, 7.700129191703269 ], [ -75.973081993683991, 7.694966240023366 ], [ -75.972340932106775, 7.693217119591377 ], [ -75.974608848834052, 7.68820894390182 ], [ -75.974728811495481, 7.684879794040265 ], [ -75.973949527676709, 7.681894691565787 ], [ -75.974960409153226, 7.674235551273282 ], [ -75.974204392396629, 7.671359778595803 ], [ -75.972856888457244, 7.668935738011074 ], [ -75.970238729244798, 7.668397306300223 ], [ -75.96792175368752, 7.665474372618604 ], [ -75.96366812394588, 7.665393645145876 ], [ -75.963167498309645, 7.664820139842988 ], [ -75.962683199873354, 7.662036520079021 ], [ -75.960923956133939, 7.657191021752222 ], [ -75.961564446790177, 7.65576104375261 ], [ -75.961260824058357, 7.652137997665577 ], [ -75.961595446632614, 7.649434245278139 ], [ -75.962376623897939, 7.648222060035792 ], [ -75.961148534726988, 7.645953273860439 ], [ -75.958781128560034, 7.643820536283447 ], [ -75.959478306889878, 7.642090797915196 ], [ -75.959572128752157, 7.639801805044257 ], [ -75.958749135844315, 7.635175400930222 ], [ -75.95638638703592, 7.634256085627613 ], [ -75.954230010534033, 7.623774327144845 ], [ -75.952163136754308, 7.62237474331284 ], [ -75.951477961688667, 7.619727320806898 ], [ -75.949245857933576, 7.617777438255553 ], [ -75.948684410437977, 7.612724415001491 ], [ -75.948794453713703, 7.611255845423079 ], [ -75.950475718164739, 7.607988942677889 ], [ -75.950412194367331, 7.605661369197295 ], [ -75.951081080400584, 7.604015809049478 ], [ -75.950399583065945, 7.601637385912271 ], [ -75.953173741073329, 7.596658222575605 ], [ -75.955781141286593, 7.593403898821845 ], [ -75.955415221695944, 7.591620952318254 ], [ -75.956041886308711, 7.589763258232768 ], [ -75.954491345227538, 7.586436332231481 ], [ -75.956445973470622, 7.582485614611421 ], [ -75.957324734767326, 7.578724262196232 ], [ -75.954866493286744, 7.573248062076967 ], [ -75.952614723140911, 7.571402088102029 ], [ -75.952909796500322, 7.567696300312915 ], [ -75.95227767137807, 7.565562862779753 ], [ -75.952930070331618, 7.562265644141059 ], [ -75.954717651452484, 7.561543077858561 ], [ -75.956856911746058, 7.559539231169551 ], [ -75.956883906845036, 7.557304580399081 ], [ -75.958845305618027, 7.556704078024953 ], [ -75.960529820834367, 7.555388403640753 ], [ -75.962886422096361, 7.55564522610038 ], [ -75.965523290198192, 7.553813400661722 ], [ -75.967265072006498, 7.548481875529727 ], [ -75.970616344836216, 7.546730797605064 ], [ -75.972992857272459, 7.544511646839049 ], [ -75.97389215450616, 7.543005377100831 ], [ -75.975879876899995, 7.541662869697793 ], [ -75.976854005796611, 7.540051558110493 ], [ -75.978434809978594, 7.539276629289376 ], [ -75.979274060802055, 7.53305517361331 ], [ -75.980461190879836, 7.529619129511045 ], [ -75.985290758236886, 7.529059996844515 ], [ -75.989966778108283, 7.532705956251448 ], [ -75.994376543708526, 7.53251110062719 ], [ -75.997648991264839, 7.530217470821666 ], [ -76.000719626080112, 7.526723249201971 ], [ -76.001382943189327, 7.524987730666593 ], [ -76.000898986253404, 7.522780596768243 ], [ -76.001487693308363, 7.520413652096254 ], [ -76.000674407458774, 7.517727573204385 ], [ -76.001570476837756, 7.5135640587856 ], [ -76.005424037537054, 7.51229175911993 ], [ -76.009851959170291, 7.51395614896882 ], [ -76.012635088996618, 7.513618222610321 ], [ -76.016899104616371, 7.511820111881988 ], [ -76.018062692392789, 7.512304016421789 ], [ -76.020829234006243, 7.51159553301074 ], [ -76.022046844243519, 7.512355862181956 ], [ -76.025555578397345, 7.513122857252891 ], [ -76.03148079127304, 7.506965630461222 ], [ -76.034818373497131, 7.506314071073842 ], [ -76.034800731417093, 7.504478273166008 ], [ -76.033212320652012, 7.502341038924829 ], [ -76.031993101289103, 7.501609639903229 ], [ -76.031021685215791, 7.496665788931173 ], [ -76.031302596115864, 7.495330924921577 ], [ -76.030236208106416, 7.487383869902692 ], [ -76.029410839402786, 7.485645357226085 ], [ -76.030474865455105, 7.482621276798595 ], [ -76.031292199900321, 7.481826607368652 ], [ -76.031286525241725, 7.477745683415873 ], [ -76.030431101266672, 7.476068201936281 ], [ -76.032654811103484, 7.471410540463923 ], [ -76.032265591870868, 7.469434284089731 ], [ -76.032833409806045, 7.467944236443278 ], [ -76.032673773345067, 7.465279175648156 ], [ -76.031739947413939, 7.463106309083385 ], [ -76.032932610391796, 7.459693977751807 ], [ -76.033781608644929, 7.451588031825513 ], [ -76.036959026794179, 7.449235739748631 ], [ -76.035933282654554, 7.447546691721025 ], [ -76.036043326312964, 7.440126784112561 ], [ -76.037507032708746, 7.43894990084045 ], [ -76.037952246098243, 7.435747497213844 ], [ -76.04232108675636, 7.432954701221286 ], [ -76.042892979822753, 7.42934700091363 ], [ -76.044328483442584, 7.427928237544831 ], [ -76.047191532434326, 7.426621737420772 ], [ -76.046949066086398, 7.424676231460501 ], [ -76.04491777997643, 7.422352029962413 ], [ -76.044352742649096, 7.418230348921452 ], [ -76.046485699481025, 7.416340013596836 ], [ -76.049831829175872, 7.415826528370344 ], [ -76.050396943560543, 7.413207539732164 ], [ -76.051536743574687, 7.411391923355396 ], [ -76.050953980267806, 7.410695966211226 ], [ -76.05070238683949, 7.407740280865563 ], [ -76.049245314083635, 7.406965668198755 ], [ -76.047736471341793, 7.403257177448436 ], [ -76.050644675035301, 7.400746247774232 ], [ -76.051488405738112, 7.399411509971498 ], [ -76.051539264623599, 7.392403784515785 ], [ -76.054637508608124, 7.389874532266638 ], [ -76.054236456616067, 7.387471857145691 ], [ -76.056915328472499, 7.381566280243951 ], [ -76.056444874701086, 7.377573484480408 ], [ -76.056915200556105, 7.374616010550553 ], [ -76.054737941187881, 7.372431316539309 ], [ -76.053679867379472, 7.370183955857759 ], [ -76.054487454292627, 7.365547358612281 ], [ -76.053937812735214, 7.360999475417498 ], [ -76.052999027137886, 7.359842101286828 ], [ -76.052314514761321, 7.356511944893792 ], [ -76.051605365046782, 7.35530245153562 ], [ -76.04935343919955, 7.353310581504719 ], [ -76.050024479702827, 7.350464813165722 ], [ -76.049512325178043, 7.347964288840029 ], [ -76.050644881925152, 7.347260486880912 ], [ -76.050662802650493, 7.343822884612961 ], [ -76.049407020561759, 7.342545796098735 ], [ -76.046935399288913, 7.342324952998776 ], [ -76.04453729897368, 7.340552455420664 ], [ -76.040810045946799, 7.340134323787749 ], [ -76.037220792680543, 7.338474998098129 ], [ -76.03559641425916, 7.335697632127465 ], [ -76.032106635548658, 7.332615597516887 ], [ -76.026320135077086, 7.329299481164292 ], [ -76.024867069209961, 7.327445483261655 ], [ -76.025654034859869, 7.325288402356151 ], [ -76.021056507253576, 7.322224974356462 ], [ -76.0226399421759, 7.31859586820615 ], [ -76.024202691310009, 7.317075249079497 ], [ -76.027100390323127, 7.316124855312075 ], [ -76.029187110501439, 7.31458946880814 ], [ -76.030575720234211, 7.315047873032981 ], [ -76.035878709554211, 7.314759474532087 ], [ -76.038612507499437, 7.314035217050266 ], [ -76.041172847344185, 7.314235141091587 ], [ -76.043318623064863, 7.312922773462548 ], [ -76.047466630437654, 7.312603547076248 ], [ -76.050151956540148, 7.311805407104274 ], [ -76.051004853331762, 7.310629553413017 ], [ -76.053386291012956, 7.310049004692277 ], [ -76.051990667895595, 7.307301621473751 ], [ -76.053858453145835, 7.305023594132222 ], [ -76.055328488803596, 7.299667778563899 ], [ -76.06471463057737, 7.299931882564636 ], [ -76.066163101135729, 7.301021377203205 ], [ -76.070557486324873, 7.301274402753444 ], [ -76.071023397985059, 7.300563770173847 ], [ -76.072503042991983, 7.301559300779785 ], [ -76.074261676446071, 7.300476261979362 ], [ -76.080852547679498, 7.299866422133943 ], [ -76.082732406343737, 7.3019304787272 ], [ -76.083156144704276, 7.303275430690783 ], [ -76.085837988995536, 7.305992340755942 ], [ -76.090717304601483, 7.304258842583494 ], [ -76.094713342866072, 7.305594928433966 ], [ -76.097857178347311, 7.305327166259236 ], [ -76.104298629045289, 7.300476262319652 ], [ -76.105495475712132, 7.299940993405474 ], [ -76.107523146191099, 7.299899613151914 ], [ -76.109575720782189, 7.303884022264535 ], [ -76.109418306924596, 7.305838014699058 ], [ -76.112643220243768, 7.306375407211718 ], [ -76.113790829568202, 7.305222206088119 ], [ -76.116437521752317, 7.305073869898661 ], [ -76.121949048166115, 7.301293672770683 ], [ -76.123013285506275, 7.301174388478843 ], [ -76.125156558386223, 7.304052512497003 ], [ -76.126297466836533, 7.304837279152184 ], [ -76.128244661184326, 7.304292203606011 ], [ -76.130783986761784, 7.301602706736013 ], [ -76.137715958225172, 7.299667778121042 ], [ -76.148796940725447, 7.299931882605192 ], [ -76.153378349160036, 7.301009861321258 ], [ -76.155004817174984, 7.301821428046058 ], [ -76.156251942561568, 7.30364187735391 ], [ -76.163118273886596, 7.303142282964411 ], [ -76.164924342298292, 7.30155424041207 ], [ -76.171525454179331, 7.306097093002663 ], [ -76.172533781579773, 7.309204391045431 ], [ -76.179108563148475, 7.310282538924006 ], [ -76.182182760228955, 7.30954315010958 ], [ -76.185114874249038, 7.310349782846683 ], [ -76.188618880338922, 7.3091608672796 ], [ -76.19014034670586, 7.306580890629839 ], [ -76.193600790455875, 7.304522797656508 ], [ -76.198212521608426, 7.304553792240402 ], [ -76.199530146704163, 7.304034263935256 ], [ -76.202038461468533, 7.30426888004398 ], [ -76.203242258435495, 7.303245992260123 ], [ -76.206464456959779, 7.30181723689677 ], [ -76.209161033596601, 7.302137283854052 ], [ -76.212804653524373, 7.301712659502543 ], [ -76.213774945748085, 7.302613481413553 ], [ -76.215371760050616, 7.302684545193484 ], [ -76.218403574534804, 7.304368886520809 ], [ -76.22099810163796, 7.306298018613246 ], [ -76.221950379067394, 7.307586093667528 ], [ -76.223669385419001, 7.306179091987579 ], [ -76.225534422503571, 7.30327935196125 ], [ -76.228747216745035, 7.305038323051326 ], [ -76.23232432761435, 7.30398280380536 ], [ -76.232437505219622, 7.301786230277511 ], [ -76.233524963952917, 7.299667777999081 ], [ -76.272764450378759, 7.299931882483678 ], [ -76.274342331800142, 7.300369072686757 ], [ -76.277821437058648, 7.299667777723145 ], [ -76.285700190167987, 7.299931883243045 ], [ -76.285979360397192, 7.30136191924599 ], [ -76.28871692096439, 7.299667778254356 ], [ -76.291359576918481, 7.299931883127845 ], [ -76.292163754151531, 7.300476996849339 ], [ -76.294588225212721, 7.300212269464117 ], [ -76.295111364181452, 7.299667777769929 ], [ -76.317224771400404, 7.299935064429164 ], [ -76.317889746104754, 7.30144280065818 ], [ -76.316792508415659, 7.305638049731765 ], [ -76.318451193721813, 7.307843297172107 ], [ -76.318623847794811, 7.309308096146903 ], [ -76.322307015052871, 7.31095960120186 ], [ -76.323146074578176, 7.311765756862105 ], [ -76.324627111364322, 7.315928134883221 ], [ -76.324700403912487, 7.318557104987804 ], [ -76.326489373445952, 7.324457838518404 ], [ -76.328891791260844, 7.323637380973294 ], [ -76.333664836496283, 7.325269764888552 ], [ -76.336656218631816, 7.325635293805813 ], [ -76.338774238599214, 7.326865387434824 ], [ -76.339684085052383, 7.328410859698854 ], [ -76.340404634820331, 7.328663297652684 ], [ -76.341216280321717, 7.328673857036062 ], [ -76.343569895597383, 7.327345775705079 ], [ -76.345258493537614, 7.328767803290956 ], [ -76.346091404217717, 7.332098850859523 ], [ -76.352492108423178, 7.336415657317493 ], [ -76.353290745604028, 7.342006166734356 ], [ -76.354608383973286, 7.345572538623625 ], [ -76.353811021698576, 7.347350610185005 ], [ -76.354867971353428, 7.350225159550197 ], [ -76.352802845183234, 7.351484050279469 ], [ -76.352771179338205, 7.353035699980351 ], [ -76.354273761408876, 7.35523598932805 ], [ -76.355935579268589, 7.364046614597553 ], [ -76.360214413169928, 7.366081760921745 ], [ -76.363827889076134, 7.370389934309929 ], [ -76.368627667439043, 7.373649207927351 ], [ -76.369625763395831, 7.376901776003544 ], [ -76.371779680552876, 7.380598204142678 ], [ -76.372686979150785, 7.384208903516288 ], [ -76.374306141319224, 7.386386852793047 ], [ -76.379811207718362, 7.391310196696506 ], [ -76.384023625487202, 7.39151129174008 ], [ -76.384926524115656, 7.393192055911343 ], [ -76.387934261085704, 7.395767346944361 ], [ -76.389703540518653, 7.394799806844247 ], [ -76.391079657540274, 7.394771723126516 ], [ -76.391907409481178, 7.399273882781564 ], [ -76.394389153364671, 7.402526675107334 ], [ -76.395227256766788, 7.402933279484706 ], [ -76.395906346435737, 7.404493476381931 ], [ -76.400087840621836, 7.407675144654163 ], [ -76.402892830180761, 7.411374133694172 ], [ -76.402729271636005, 7.412564461738547 ], [ -76.403442567612657, 7.413380013489218 ], [ -76.404270130507641, 7.413933436503956 ], [ -76.40587394142409, 7.413966166820294 ], [ -76.407258642632826, 7.412625319933153 ], [ -76.409857019171881, 7.412952746759473 ], [ -76.411227091184855, 7.414302003885533 ], [ -76.413838517103713, 7.415599347442885 ], [ -76.417939611562502, 7.421143312266405 ], [ -76.418733485582692, 7.426326736399435 ], [ -76.421535118059083, 7.428785553271491 ], [ -76.4220447721125, 7.430033145795074 ], [ -76.425352958269286, 7.433501709104617 ], [ -76.426909963323055, 7.436124375020261 ], [ -76.426650212540125, 7.437068831119945 ], [ -76.424634635809781, 7.438360991068711 ], [ -76.423406534303581, 7.44006906768669 ], [ -76.423322958857042, 7.441691897275909 ], [ -76.426475852003165, 7.445179807089494 ], [ -76.42754097875455, 7.447634403184575 ], [ -76.428944817121973, 7.448318160280602 ], [ -76.432953807367198, 7.454466327557629 ], [ -76.437686613863121, 7.457037321407218 ], [ -76.438263994686949, 7.46000425540077 ], [ -76.43882544147732, 7.460504554797605 ], [ -76.43792989089593, 7.462224597595742 ], [ -76.43903620889111, 7.465357428475971 ], [ -76.438474251636094, 7.46867633335902 ], [ -76.439487371329591, 7.46949340860547 ], [ -76.440875566342442, 7.469329932947931 ], [ -76.4426141083174, 7.474257150710393 ], [ -76.443993000671043, 7.476059395314214 ], [ -76.444196431284183, 7.477867703926009 ], [ -76.445486165563949, 7.479944404353506 ], [ -76.449310189946416, 7.481038124422422 ], [ -76.450334417191399, 7.482104157156467 ], [ -76.45491782957474, 7.482616611826376 ], [ -76.455476388746064, 7.4837008742938 ], [ -76.4546663279515, 7.48507698996147 ], [ -76.455048644244513, 7.485819134930097 ], [ -76.452878064645034, 7.48810518778591 ], [ -76.453816651475336, 7.4910864177469 ], [ -76.453759933500237, 7.493224307178435 ], [ -76.45342531082791, 7.497508918624903 ], [ -76.452504789752737, 7.500517152173453 ], [ -76.453077317146395, 7.502209170614907 ], [ -76.455729713657277, 7.505016821931676 ], [ -76.45755057609334, 7.504996931046256 ], [ -76.459367482845394, 7.506615365017518 ], [ -76.460277949569772, 7.508440876129111 ], [ -76.462748041013171, 7.509912637362077 ], [ -76.462560569924989, 7.511170423308248 ], [ -76.46173666876193, 7.511992230942441 ], [ -76.462600586826966, 7.514776639380423 ], [ -76.462077618216952, 7.515791814903906 ], [ -76.462572199400626, 7.516794269243634 ], [ -76.464914089108518, 7.517144518723033 ], [ -76.466267775716418, 7.517947629462942 ], [ -76.467837247190801, 7.517979659016941 ], [ -76.468751290827242, 7.517508787937497 ], [ -76.470897275412085, 7.518031938563941 ], [ -76.472419756223232, 7.520884120076271 ], [ -76.474874969018956, 7.522208226901801 ], [ -76.47561196866144, 7.523792622154557 ], [ -76.475167394405631, 7.524655619496068 ], [ -76.475600026077927, 7.52748500025815 ], [ -76.476973870396506, 7.529439851545667 ], [ -76.475994495616632, 7.531468679181035 ], [ -76.476943458243341, 7.53330152613654 ], [ -76.478628405202031, 7.533573189136959 ], [ -76.480140748779533, 7.536345334073504 ], [ -76.47998935932776, 7.538436399284826 ], [ -76.48167135319224, 7.538999978077229 ], [ -76.486167086337431, 7.539000322777611 ], [ -76.48834226061436, 7.537747571735603 ], [ -76.490045999078831, 7.538514778171072 ], [ -76.491812089971646, 7.540850482704322 ], [ -76.49321583151881, 7.541307365090868 ], [ -76.491664987599052, 7.548190925011299 ], [ -76.491846333682986, 7.549964608182848 ], [ -76.494351705024968, 7.553140459792269 ], [ -76.494553104156424, 7.554609655634536 ], [ -76.495745861699518, 7.555007529524054 ], [ -76.495909626152667, 7.556400564032591 ], [ -76.499945949898972, 7.558463851819644 ], [ -76.500212490220548, 7.561332742280598 ], [ -76.500267351993671, 7.578418133008777 ], [ -76.499463969039653, 7.580153924772575 ], [ -76.497665008935087, 7.581699091892706 ], [ -76.496823100235716, 7.584567560771449 ], [ -76.496924721511547, 7.585699970088444 ], [ -76.497645016252946, 7.586696645518033 ], [ -76.5002124900453, 7.588803763080858 ], [ -76.50021248983424, 7.604292999041187 ], [ -76.497873838228131, 7.605928019093818 ], [ -76.4987033203913, 7.607021177061598 ], [ -76.499968679014188, 7.607437256588899 ], [ -76.500241570583, 7.608510912446704 ], [ -76.50021249038636, 7.63170085384741 ], [ -76.498588703894853, 7.634315441021227 ], [ -76.498677943558292, 7.635400314204473 ], [ -76.497185900835134, 7.635533489731453 ], [ -76.492060514298245, 7.640306392398466 ], [ -76.492925370139119, 7.64415869807848 ], [ -76.496005908241784, 7.648703661051202 ], [ -76.49657553360349, 7.654159765146469 ], [ -76.496117804837695, 7.656504457833734 ], [ -76.492398722535171, 7.658081417804724 ], [ -76.492052867574273, 7.66122687924872 ], [ -76.490780106382061, 7.66294292044735 ], [ -76.490823150134673, 7.665052128434353 ], [ -76.491264596343385, 7.665821937810447 ], [ -76.491137791317257, 7.666335611657122 ], [ -76.489720827715416, 7.667148798151077 ], [ -76.490031658867338, 7.670659189793168 ], [ -76.488845408222801, 7.671898077100451 ], [ -76.488835599955479, 7.677646579282423 ], [ -76.489580255498538, 7.680868718526875 ], [ -76.488187553351537, 7.685032634646445 ], [ -76.487115920144078, 7.686683468773134 ], [ -76.486713895426348, 7.68944300715542 ], [ -76.48901880831913, 7.69804899851179 ], [ -76.488774724449101, 7.702145280550641 ], [ -76.490368527057001, 7.703782319670637 ], [ -76.49093152670504, 7.705692731667668 ], [ -76.490243729667029, 7.706847924088103 ], [ -76.489938311535539, 7.709347369528204 ], [ -76.48892769219934, 7.710328926114679 ], [ -76.488085608427085, 7.714683322447756 ], [ -76.48897828330729, 7.715627095855492 ], [ -76.491216829433128, 7.716054105009244 ], [ -76.492127652924722, 7.71829959985304 ], [ -76.491863547951667, 7.719809837013399 ], [ -76.491018007479994, 7.71997490396255 ], [ -76.4900982938304, 7.721112191459309 ], [ -76.491148230062024, 7.724658044595924 ], [ -76.490979128893059, 7.727335802525356 ], [ -76.49211247312715, 7.72888012598017 ], [ -76.491308684654854, 7.729806378995464 ], [ -76.491309435748221, 7.731869620029093 ], [ -76.492665157999937, 7.733868390595126 ], [ -76.495102311401681, 7.734395449735187 ], [ -76.495874899367777, 7.737748998338675 ], [ -76.497248050130239, 7.740136666185133 ], [ -76.496444955902291, 7.745945422272623 ], [ -76.498326028331235, 7.74888354614711 ], [ -76.498634154852368, 7.750339832281889 ], [ -76.493857564512396, 7.750845575406133 ], [ -76.491594053661615, 7.754035648860661 ], [ -76.489227988875896, 7.756162794528699 ], [ -76.487069423484883, 7.757536155727911 ], [ -76.483853494835202, 7.758579552009856 ], [ -76.483406276652047, 7.764882209459401 ], [ -76.483069715240546, 7.766442056957097 ], [ -76.481885750181249, 7.767776634744421 ], [ -76.482618311687233, 7.769240484957921 ], [ -76.482073739403148, 7.772321929534431 ], [ -76.481078374838177, 7.774242352817946 ], [ -76.479876746924703, 7.77945450650503 ], [ -76.48144247775484, 7.781609824761743 ], [ -76.482266033525619, 7.787789520555365 ], [ -76.481881151114763, 7.790152697338517 ], [ -76.483540102541383, 7.793068394787674 ], [ -76.482256047017088, 7.800434218291812 ], [ -76.482680179034602, 7.802920786871833 ], [ -76.482150561157511, 7.805225340306092 ], [ -76.482780963890335, 7.806779502458467 ], [ -76.48152618169118, 7.808006214123766 ], [ -76.48108373815711, 7.809821137713151 ], [ -76.479301954345431, 7.809784774813465 ], [ -76.478971435394541, 7.810750409005004 ], [ -76.478951192535362, 7.814893315400639 ], [ -76.480936216721275, 7.818766676081205 ], [ -76.481497663054043, 7.822586762013992 ], [ -76.476744922592601, 7.832299539405473 ], [ -76.475473275923278, 7.833133268086713 ], [ -76.473524977562732, 7.836834572906612 ], [ -76.473547562149179, 7.83925603360782 ], [ -76.470898248344653, 7.841078138464291 ], [ -76.467873139433081, 7.84404145142724 ], [ -76.465216968638131, 7.84842423868291 ], [ -76.464574751290655, 7.851737067575527 ], [ -76.465994799250581, 7.854556242722348 ], [ -76.465180889315704, 7.854820360031022 ], [ -76.464914089785253, 7.855904602493274 ], [ -76.464085919453538, 7.856173346141483 ], [ -76.463258245545646, 7.857489396244357 ], [ -76.463620665648762, 7.857837604010035 ], [ -76.463754147400138, 7.860993011959597 ], [ -76.465213453365905, 7.862777563811521 ], [ -76.465213453400096, 7.865023352391437 ], [ -76.46462410012451, 7.867022236032814 ], [ -76.46465200599188, 7.869178060061622 ], [ -76.463246382547723, 7.873463939987229 ], [ -76.461511989779765, 7.874601058703846 ], [ -76.459772419967067, 7.877157169606869 ], [ -76.458737583634161, 7.876914737226572 ], [ -76.455989063168133, 7.879884230563791 ], [ -76.452658017482008, 7.878434184572913 ], [ -76.448772842246655, 7.879286110518392 ], [ -76.448704960292616, 7.882410072284312 ], [ -76.449336791081123, 7.884673955820911 ], [ -76.448728963257892, 7.885335926925895 ], [ -76.447666436213439, 7.889591425234617 ], [ -76.446778900697907, 7.889879433688911 ], [ -76.445901835421012, 7.89103530169595 ], [ -76.446011964003787, 7.893432573295278 ], [ -76.445340472904306, 7.89613632596628 ], [ -76.443318466273311, 7.896894307237956 ], [ -76.442524477615194, 7.897687704672781 ], [ -76.44149804754305, 7.899803408300841 ], [ -76.439157987461513, 7.902426439897771 ], [ -76.438145134793928, 7.905345161339955 ], [ -76.433394434724406, 7.908423173679048 ], [ -76.43217711455533, 7.909798129456461 ], [ -76.430420130478282, 7.908247187961424 ], [ -76.42636131693979, 7.907138442579432 ], [ -76.424759396333911, 7.909264529814079 ], [ -76.423496595710077, 7.909762607218343 ], [ -76.42098035357786, 7.912203143973639 ], [ -76.421520070569969, 7.917079872822808 ], [ -76.424051171988054, 7.920414179624386 ], [ -76.421930384254154, 7.920976615520733 ], [ -76.419632762557256, 7.922738205467237 ], [ -76.419848531107732, 7.924199871676835 ], [ -76.41897569037657, 7.92658376218522 ], [ -76.419846912092879, 7.928620903344669 ], [ -76.421838909404684, 7.93719582033616 ], [ -76.421381300147502, 7.937421609090825 ], [ -76.421520070979469, 7.940256407484514 ], [ -76.422335053270828, 7.942409125895739 ], [ -76.422138007469925, 7.94537250996354 ], [ -76.41609546596176, 7.947647358752088 ], [ -76.414512681284492, 7.949393206158653 ], [ -76.415603875040432, 7.951756723025881 ], [ -76.415860684638773, 7.956156585873118 ], [ -76.41767702444146, 7.957606767757055 ], [ -76.418286136120102, 7.958819828355456 ], [ -76.418166435485006, 7.960029000683998 ], [ -76.416932983591053, 7.961550455507603 ], [ -76.417715031999464, 7.964282787377879 ], [ -76.417925894305213, 7.968486316992261 ], [ -76.41713811163774, 7.970015541798288 ], [ -76.41717118968306, 7.975456730599237 ], [ -76.41638632186627, 7.977783203709767 ], [ -76.416938663177419, 7.979301416632401 ], [ -76.416929006174215, 7.982538024019432 ], [ -76.416030690905998, 7.990001466380084 ], [ -76.413878126694598, 8.002697641969297 ], [ -76.412437430391975, 8.003595045558669 ], [ -76.412194883019922, 8.006652739776841 ], [ -76.412633138511765, 8.008167104270669 ], [ -76.41179290083781, 8.010124221903233 ], [ -76.411865730060128, 8.011096138259099 ], [ -76.413931103823984, 8.011913696776819 ], [ -76.417733979471819, 8.014925703056553 ], [ -76.422401631191434, 8.015277029260458 ], [ -76.423246729794684, 8.016749471851668 ], [ -76.425434925548203, 8.018043547385499 ], [ -76.427412691941313, 8.018525689320516 ], [ -76.427309827271671, 8.020127362934357 ], [ -76.425921062630607, 8.022634646903686 ], [ -76.42570348637318, 8.024251916169103 ], [ -76.423364784942379, 8.026617938251023 ], [ -76.422351385124102, 8.028943901089452 ], [ -76.424378762074724, 8.032491575672271 ], [ -76.428985687614826, 8.035523159056684 ], [ -76.42715819057635, 8.03865782365791 ], [ -76.426779114085136, 8.041154781174589 ], [ -76.428142965116365, 8.042478029472871 ], [ -76.428831683656711, 8.044798698366849 ], [ -76.428610652147739, 8.046202065101294 ], [ -76.431098123865965, 8.047423194966992 ], [ -76.431691287903234, 8.048215620220679 ], [ -76.43040598122677, 8.050871133649611 ], [ -76.429083574236444, 8.052427689286668 ], [ -76.42979185032037, 8.053845680173913 ], [ -76.430179157121287, 8.056424456671236 ], [ -76.429272797082817, 8.058472585226957 ], [ -76.426759166635279, 8.059183979373627 ], [ -76.42606778709046, 8.058715327414252 ], [ -76.424739914105658, 8.059087978666595 ], [ -76.423326685055187, 8.060911951925281 ], [ -76.423342216681192, 8.061449295540577 ], [ -76.424730906782358, 8.062822544280289 ], [ -76.424855586854676, 8.063736580274476 ], [ -76.42366503002161, 8.06584098960726 ], [ -76.422927957621155, 8.069164885189586 ], [ -76.424245742595303, 8.073675504549172 ], [ -76.421002912001541, 8.073636719970107 ], [ -76.418286310550371, 8.074466495522577 ], [ -76.417983617474206, 8.071727466715281 ], [ -76.414745170069793, 8.069903358419428 ], [ -76.412894180161601, 8.071058899353043 ], [ -76.412579319028254, 8.071986438289263 ], [ -76.409312010251028, 8.073175969242957 ], [ -76.409145594366606, 8.07460148134501 ], [ -76.409502385640351, 8.075087837094488 ], [ -76.408731553435757, 8.079048229328322 ], [ -76.409209399070676, 8.080893434346462 ], [ -76.408121368521208, 8.08186617249955 ], [ -76.409392815034565, 8.084550746078946 ], [ -76.409123027422822, 8.085253477346201 ], [ -76.407511576260504, 8.085776399102379 ], [ -76.40780679207738, 8.088794828913914 ], [ -76.409507961895159, 8.0921261163059 ], [ -76.408380700903464, 8.094240080792217 ], [ -76.409269768759884, 8.096092324979539 ], [ -76.409118025642755, 8.098434261514283 ], [ -76.409673194509509, 8.100600073329957 ], [ -76.407722742640075, 8.100618472861667 ], [ -76.40247493003892, 8.102329714455335 ], [ -76.402932192653196, 8.105724297872722 ], [ -76.401734261153564, 8.107055307391255 ], [ -76.399102510348172, 8.106949273322723 ], [ -76.394250502745749, 8.105105137389804 ], [ -76.392220116695739, 8.105442391099418 ], [ -76.390939011279215, 8.106564435001086 ], [ -76.387558363971223, 8.106265291879383 ], [ -76.386189965222414, 8.107607154928203 ], [ -76.384591902216528, 8.10699792472564 ], [ -76.384497354288314, 8.105460006497699 ], [ -76.383773955427088, 8.105462636690648 ], [ -76.382689543118204, 8.106564435126845 ], [ -76.377076073818003, 8.10686006314908 ], [ -76.376772864489183, 8.109582799021553 ], [ -76.37543149431896, 8.111181138978047 ], [ -76.375494213775383, 8.114193554224416 ], [ -76.374879256856971, 8.115881074444433 ], [ -76.37515734619528, 8.117225368116243 ], [ -76.374612629034488, 8.118446968070336 ], [ -76.374932767126055, 8.119246577892033 ], [ -76.373905327800884, 8.121679186577321 ], [ -76.37280151358776, 8.13340385048525 ], [ -76.371552807385385, 8.136716151415902 ], [ -76.372042503558419, 8.137694558561108 ], [ -76.372269923696763, 8.145969215864849 ], [ -76.371116888160117, 8.151597066293441 ], [ -76.369481814466383, 8.151550627711854 ], [ -76.367736823692226, 8.153558458623168 ], [ -76.36720960829777, 8.153538501513621 ], [ -76.366239322237902, 8.153090768427747 ], [ -76.365738382029946, 8.151260039894195 ], [ -76.364146584893646, 8.150694342791118 ], [ -76.360014882568194, 8.147053403381296 ], [ -76.358211233652526, 8.146322530555993 ], [ -76.357901188343362, 8.147594349480954 ], [ -76.355390849305934, 8.150025059991291 ], [ -76.355493897663479, 8.150414625886915 ], [ -76.353362450742907, 8.150500368719511 ], [ -76.350678254672886, 8.15192935763212 ], [ -76.349030335197028, 8.155867558894936 ], [ -76.34603496119513, 8.153943730353287 ], [ -76.344795976996934, 8.151907296712533 ], [ -76.343914500991573, 8.151349136502443 ], [ -76.340013006053297, 8.149346700348264 ], [ -76.33573733267059, 8.148005919987407 ], [ -76.334759406905476, 8.148295453256361 ], [ -76.333349501624909, 8.150438762856181 ], [ -76.332047868795911, 8.150456793980741 ], [ -76.330237622795664, 8.151593773403215 ], [ -76.330161406786459, 8.152348645742622 ], [ -76.331764491526727, 8.153399675107133 ], [ -76.332913002194985, 8.156296141093817 ], [ -76.337381882209911, 8.159312386146915 ], [ -76.340332451890959, 8.16246864543367 ], [ -76.340751516839816, 8.164324162665627 ], [ -76.343178071716224, 8.168197391630816 ], [ -76.34575922812904, 8.169742517145902 ], [ -76.346496412589005, 8.171104851414336 ], [ -76.347527589640976, 8.170122487318409 ], [ -76.348996159363409, 8.17079397833672 ], [ -76.351015122788951, 8.174717546524281 ], [ -76.351350867981935, 8.176487440797644 ], [ -76.353068446599082, 8.177756095921985 ], [ -76.352045164985824, 8.179720884528486 ], [ -76.350679462042947, 8.18061627895313 ], [ -76.350680858392124, 8.182500840372617 ], [ -76.349654524963128, 8.184007305581197 ], [ -76.349557605599344, 8.18539384756231 ], [ -76.348457772331443, 8.186327692822221 ], [ -76.349140114720598, 8.189019691152412 ], [ -76.350470400176292, 8.188992541761447 ], [ -76.35200519469997, 8.190919181579078 ], [ -76.353977780447124, 8.190976914724125 ], [ -76.354111390897955, 8.195562102633962 ], [ -76.35349620372827, 8.196756289793957 ], [ -76.351440490472484, 8.197688093470171 ], [ -76.350514822630998, 8.199271769200474 ], [ -76.350858019216545, 8.200720228790477 ], [ -76.350236058239872, 8.201927564568532 ], [ -76.349031417945767, 8.207864530273755 ], [ -76.347970907991566, 8.208438077467658 ], [ -76.347435072022236, 8.209982982771267 ], [ -76.344446488668837, 8.210157982831634 ], [ -76.342827652668973, 8.211901558913214 ], [ -76.342518811524101, 8.215689586080593 ], [ -76.340720204634508, 8.219396918838063 ], [ -76.339895246128449, 8.220214544541987 ], [ -76.33922698030311, 8.222224774232108 ], [ -76.333659440983126, 8.231585139562535 ], [ -76.334620868445853, 8.234680091337923 ], [ -76.333895524265259, 8.237510936345998 ], [ -76.332601905188625, 8.239180475101996 ], [ -76.328809330273756, 8.241339239202652 ], [ -76.327728428442128, 8.242799541530593 ], [ -76.329017254672081, 8.246786681865398 ], [ -76.327995793089514, 8.247487645308951 ], [ -76.326744941848617, 8.251866932408511 ], [ -76.325579999296579, 8.252056252700175 ], [ -76.323448624711574, 8.253391799342159 ], [ -76.324051270570564, 8.254837198772936 ], [ -76.326842067732144, 8.25755750900746 ], [ -76.324826613627835, 8.259258533820018 ], [ -76.325277929909973, 8.262122489898916 ], [ -76.324473551369891, 8.264631837534271 ], [ -76.321685050311558, 8.266827480233692 ], [ -76.321166862680016, 8.268215659076255 ], [ -76.317406786720454, 8.269176810613523 ], [ -76.314121871585655, 8.272054101057073 ], [ -76.313692151586523, 8.272955512947073 ], [ -76.313639277890971, 8.275842633955573 ], [ -76.310676845583828, 8.279506259776365 ], [ -76.310829581109957, 8.281485828404024 ], [ -76.308462486877218, 8.283466360835885 ], [ -76.303420151028135, 8.284675075468126 ], [ -76.303486458176764, 8.28879519019266 ], [ -76.304020432308434, 8.289500252994381 ], [ -76.302979292637389, 8.291974149883309 ], [ -76.302601818698378, 8.295010791989482 ], [ -76.299947334936277, 8.298716820136338 ], [ -76.300354343872485, 8.30148085265704 ], [ -76.302335269290523, 8.30342552726988 ], [ -76.30371838608977, 8.303874352474828 ], [ -76.30437600537222, 8.306263810091055 ], [ -76.303753763627839, 8.309487589298707 ], [ -76.302283763845722, 8.312056302424017 ], [ -76.300933251289209, 8.313231523485493 ], [ -76.297655453727032, 8.312414029258292 ], [ -76.295850286008161, 8.31528358499973 ], [ -76.294084391719906, 8.315759607387827 ], [ -76.293080354606275, 8.318677225150999 ], [ -76.290563198899761, 8.322125139401598 ], [ -76.289482771271963, 8.327103083827932 ], [ -76.286908844907089, 8.33070373306102 ], [ -76.286092425323446, 8.331018166194044 ], [ -76.285732472517083, 8.330346585817692 ], [ -76.284652080638296, 8.330694098791858 ], [ -76.279825881945527, 8.337882866507384 ], [ -76.271758164533935, 8.345501644589165 ], [ -76.268255512811265, 8.350233579024618 ], [ -76.268356104287037, 8.351433805479871 ], [ -76.263088758010767, 8.35585541969308 ], [ -76.259171191878153, 8.358205004667807 ], [ -76.257143002368238, 8.358087083857059 ], [ -76.254660255134809, 8.360480735977781 ], [ -76.252147879620097, 8.361272058997551 ], [ -76.250118603645632, 8.362950758112335 ], [ -76.250138224354998, 8.363912157127185 ], [ -76.24872171538253, 8.365955219557129 ], [ -76.245344388841417, 8.367639391161184 ], [ -76.242365460653701, 8.370885655193732 ], [ -76.240985629434149, 8.370913814479511 ], [ -76.239340343042244, 8.369550419855944 ], [ -76.23805333224432, 8.369576070883499 ], [ -76.23591376071272, 8.371286816920742 ], [ -76.233442838459183, 8.375206066619592 ], [ -76.228522901149475, 8.378745656580572 ], [ -76.227306335541442, 8.380448824080821 ], [ -76.224083825569309, 8.381843090946392 ], [ -76.219891468653415, 8.382518190149867 ], [ -76.217649155241133, 8.385275119527432 ], [ -76.215667490083007, 8.384895816777398 ], [ -76.213687419378289, 8.385942734807987 ], [ -76.20376844625541, 8.387881523924369 ], [ -76.201874119076209, 8.392569741231092 ], [ -76.200801361604661, 8.391649002176456 ], [ -76.197581886163476, 8.391363085796876 ], [ -76.195469702876451, 8.393781140876794 ], [ -76.193674364245865, 8.392085843451422 ], [ -76.192170084336766, 8.392132832580721 ], [ -76.187239133737577, 8.394673791763635 ], [ -76.187050586764741, 8.396686424613899 ], [ -76.187970898279815, 8.398061183797514 ], [ -76.188214467784476, 8.401723463820224 ], [ -76.187052949980512, 8.402958648171586 ], [ -76.187598771482286, 8.404865071974934 ], [ -76.188956719508283, 8.405948446824798 ], [ -76.190835401144724, 8.405756108921883 ], [ -76.193699904016086, 8.406938608826868 ], [ -76.194262325912632, 8.408081690959351 ], [ -76.192781376624183, 8.410995144010675 ], [ -76.191332260335329, 8.412238770563903 ], [ -76.190811127682963, 8.414271366284133 ], [ -76.193359170587783, 8.416069234862183 ], [ -76.193336257246813, 8.416883817860841 ], [ -76.195419504622009, 8.417525927468597 ], [ -76.19569512810358, 8.420819319002005 ], [ -76.197034391831878, 8.423739893972684 ], [ -76.199481793654371, 8.424703312390626 ], [ -76.200495722527151, 8.427832637024856 ], [ -76.203074021770433, 8.428419697905914 ], [ -76.205007545438292, 8.42981985419549 ], [ -76.206468782033554, 8.430192173779435 ], [ -76.208939401976878, 8.4322874367246 ], [ -76.210880184086065, 8.432428304571216 ], [ -76.212899147953081, 8.433227776857063 ], [ -76.211319925310619, 8.436941349239794 ], [ -76.214903756927569, 8.4386296047999 ], [ -76.216292105019633, 8.440798078122187 ], [ -76.215441103480643, 8.442053516410679 ], [ -76.216014175083004, 8.443569888441932 ], [ -76.216604698456848, 8.444220938504964 ], [ -76.218866492875193, 8.444644060320542 ], [ -76.219158565892016, 8.445543207153793 ], [ -76.216699964321379, 8.451689111274376 ], [ -76.216973681141383, 8.453374100151457 ], [ -76.217620153069191, 8.454275280531464 ], [ -76.21749240219475, 8.45543982933915 ], [ -76.215758701705411, 8.458484768500027 ], [ -76.21684095561281, 8.461071922547967 ], [ -76.218513618228201, 8.461874956890393 ], [ -76.217944247546498, 8.46329840279086 ], [ -76.218312594383448, 8.465164576443328 ], [ -76.216117149973954, 8.468899963794392 ], [ -76.213200829794062, 8.471424775089776 ], [ -76.21158410035504, 8.473866154835417 ], [ -76.210205051635853, 8.474756192330776 ], [ -76.209937001330516, 8.475628417092418 ], [ -76.210145860326506, 8.478444125802874 ], [ -76.209436287300136, 8.480620108817307 ], [ -76.209617986914992, 8.482263251646557 ], [ -76.21020420143833, 8.482839688825893 ], [ -76.209426526392519, 8.483616067036095 ], [ -76.209390694994013, 8.485371861467566 ], [ -76.209867333694305, 8.486174790512157 ], [ -76.209256015810325, 8.49197446557641 ], [ -76.209433774344319, 8.497569596704105 ], [ -76.208887039308863, 8.506547543811784 ], [ -76.210505810964833, 8.508868845409445 ], [ -76.21043561024274, 8.510132598411131 ], [ -76.209706602152764, 8.511233685269444 ], [ -76.209520304403483, 8.518266150336848 ], [ -76.210043614907363, 8.519409813250606 ], [ -76.212414930278513, 8.519018665273455 ], [ -76.213336680234249, 8.521739082080765 ], [ -76.215883314012459, 8.520335106233119 ], [ -76.216695108442295, 8.521823509438001 ], [ -76.217787555106199, 8.522089826713815 ], [ -76.218182769691083, 8.523006366846381 ], [ -76.221307205380924, 8.52305308231878 ], [ -76.221567967143741, 8.524294221194076 ], [ -76.223237760243478, 8.525632799516627 ], [ -76.222867619156276, 8.527111335006916 ], [ -76.223321748714312, 8.528029328909899 ], [ -76.222752628365797, 8.529734075703796 ], [ -76.223951622778685, 8.530338435466225 ], [ -76.225824069465091, 8.533415011192272 ], [ -76.228059960492573, 8.534020992491866 ], [ -76.228282796521555, 8.536747413258521 ], [ -76.230891309446605, 8.538793464771581 ], [ -76.232483094344786, 8.538806906253932 ], [ -76.233659465904395, 8.540647224122829 ], [ -76.234009557121212, 8.544711154216168 ], [ -76.233466441097235, 8.545550363043416 ], [ -76.235579643410318, 8.551203276576405 ], [ -76.23558792108625, 8.553821539303478 ], [ -76.235980327201844, 8.554431872319119 ], [ -76.234427497178118, 8.556174384265471 ], [ -76.233291578297354, 8.559805044449716 ], [ -76.231985885435066, 8.560012177869753 ], [ -76.230015800627513, 8.55901391430997 ], [ -76.228923595023005, 8.560436613557439 ], [ -76.225677342555883, 8.561121470606272 ], [ -76.223781635942132, 8.562298918593308 ], [ -76.223082127595205, 8.563540862147789 ], [ -76.220512187622603, 8.564391926098788 ], [ -76.21818805653362, 8.565941394810759 ], [ -76.216384112743157, 8.56633013834138 ], [ -76.214004280004318, 8.568083847419164 ], [ -76.204486248809374, 8.569084517552231 ], [ -76.198109060220276, 8.567909296184622 ], [ -76.197386128446183, 8.566806643419156 ], [ -76.194592688634899, 8.566292064499876 ], [ -76.192085959767596, 8.567213449275016 ], [ -76.191146748138806, 8.570227031711507 ], [ -76.189792536834091, 8.570345085323169 ], [ -76.188186266810149, 8.569284095795952 ], [ -76.186388229401899, 8.568950073380357 ], [ -76.185992774955949, 8.567472204446217 ], [ -76.184822950619093, 8.567966082153564 ], [ -76.183041014170186, 8.569757077298153 ], [ -76.182287984922354, 8.571407335800288 ], [ -76.180713157274909, 8.570397663417182 ], [ -76.179330112251463, 8.571121326927399 ], [ -76.17826752699456, 8.573890241497239 ], [ -76.176441008521493, 8.573008407129478 ], [ -76.174520987041902, 8.572864130556988 ], [ -76.172023786965397, 8.571209062409652 ], [ -76.170042498214258, 8.573870377698354 ], [ -76.167137821333526, 8.57381109972985 ], [ -76.16461694699602, 8.575374970393089 ], [ -76.162462235625895, 8.576048778244219 ], [ -76.16428007859777, 8.578179959481778 ], [ -76.165004494484407, 8.580080629911107 ], [ -76.170453750232511, 8.581334763607357 ], [ -76.170799359571888, 8.58633786450013 ], [ -76.16984986071644, 8.587639789940905 ], [ -76.170937807452731, 8.588267272120222 ], [ -76.170889857760884, 8.588639003246248 ], [ -76.168471991616329, 8.593475799397975 ], [ -76.168434787093119, 8.59446416963392 ], [ -76.167146198602651, 8.596158033270575 ], [ -76.167085068466491, 8.599050421429641 ], [ -76.165776991746583, 8.599951321184752 ], [ -76.165627551802302, 8.600976955259947 ], [ -76.1630324658436, 8.602140031619726 ], [ -76.162247699199611, 8.602966544481989 ], [ -76.161703804130184, 8.603948677614758 ], [ -76.16173363499793, 8.605410400410424 ], [ -76.160837860416436, 8.606528890893243 ], [ -76.157929912715019, 8.607110061879538 ], [ -76.157282719901872, 8.609603217518119 ], [ -76.155760557891369, 8.609353957394626 ], [ -76.154067855057662, 8.60800216981473 ], [ -76.153224849175544, 8.608423356078616 ], [ -76.150388118149237, 8.613532237249728 ], [ -76.150408518049318, 8.614531859941033 ], [ -76.151589129402055, 8.615902640063407 ], [ -76.15147250954854, 8.617098297216444 ], [ -76.152424291655279, 8.619047230167338 ], [ -76.151900966068197, 8.621602291628237 ], [ -76.150945349729369, 8.623256043869491 ], [ -76.151755991324748, 8.624471454097481 ], [ -76.149513820883783, 8.626215723476609 ], [ -76.148553761950396, 8.626384231078339 ], [ -76.145793991858397, 8.625618135384249 ], [ -76.145679505008729, 8.627214757584868 ], [ -76.144619484992404, 8.628125761718605 ], [ -76.148445026032647, 8.631960026098801 ], [ -76.148798049788212, 8.636090361249121 ], [ -76.147995868202699, 8.640044863518568 ], [ -76.147083990083004, 8.641931282737712 ], [ -76.145519512782556, 8.642583007970494 ], [ -76.141709906842721, 8.648699955499982 ], [ -76.139082907551355, 8.650313577087339 ], [ -76.137747662759864, 8.652261101845342 ], [ -76.134841837001446, 8.654868027928812 ], [ -76.135419453975672, 8.655316223366514 ], [ -76.135026785183442, 8.656503694358515 ], [ -76.135863413709089, 8.657918362406052 ], [ -76.135043648371294, 8.659712349123117 ], [ -76.135592435119847, 8.663347962695152 ], [ -76.136768250717452, 8.664414444203938 ], [ -76.137900938527409, 8.66683645958115 ], [ -76.137127825622841, 8.669218910348794 ], [ -76.13394181052746, 8.668950836451126 ], [ -76.132418032521301, 8.669440288588181 ], [ -76.132222206794651, 8.670724478615043 ], [ -76.132814855906403, 8.672562456065918 ], [ -76.130427014186324, 8.675247688027696 ], [ -76.131159242851766, 8.679013733693967 ], [ -76.129757886052062, 8.680428204158833 ], [ -76.129602352510787, 8.68368676703488 ], [ -76.128194590081378, 8.688134340992034 ], [ -76.130182345931786, 8.690509179353141 ], [ -76.133262026278899, 8.691080140424763 ], [ -76.134959331671837, 8.68957330049833 ], [ -76.135646278998891, 8.690132501505119 ], [ -76.135870858017142, 8.692268246646412 ], [ -76.135309411065265, 8.693166561317446 ], [ -76.13454736361318, 8.693290616108614 ], [ -76.135855811256874, 8.695746069186361 ], [ -76.134117518540165, 8.697496821230311 ], [ -76.136534062747174, 8.697776805287354 ], [ -76.137314899552564, 8.696987014016587 ], [ -76.139110302469945, 8.697449926094151 ], [ -76.139659934433794, 8.696948340250426 ], [ -76.142132091056695, 8.696900004646002 ], [ -76.143171705528019, 8.701479773708817 ], [ -76.14262991148054, 8.702058015158443 ], [ -76.142390970699182, 8.70442961369355 ], [ -76.141228657256022, 8.705129178590393 ], [ -76.14105261650171, 8.706054843468833 ], [ -76.139953600342977, 8.707179406908478 ], [ -76.140220112527203, 8.708398014523599 ], [ -76.139442407484083, 8.708778860847008 ], [ -76.139239540368081, 8.710122262554703 ], [ -76.138619421809807, 8.710674683166602 ], [ -76.138728241151881, 8.712449281353138 ], [ -76.139400099220225, 8.71323114074325 ], [ -76.141560462585758, 8.713955031352929 ], [ -76.142276353385725, 8.716774665270746 ], [ -76.14589349581388, 8.719581264032993 ], [ -76.143086197906257, 8.72353733496705 ], [ -76.140987992188045, 8.723885509660192 ], [ -76.140084571684142, 8.725450158622126 ], [ -76.138821585398986, 8.725017861597928 ], [ -76.138116645928235, 8.727639410365573 ], [ -76.137172979511476, 8.728261164146872 ], [ -76.138544108519696, 8.72947769589639 ], [ -76.139012715790358, 8.730895803532036 ], [ -76.140922981450586, 8.730664367890123 ], [ -76.141710104962741, 8.73173780053896 ], [ -76.143057380242766, 8.732128741353177 ], [ -76.143677271325473, 8.732832887845143 ], [ -76.144038431153831, 8.736804200047118 ], [ -76.141095072520613, 8.739652131635285 ], [ -76.13923729465435, 8.739427552820814 ], [ -76.137307625109045, 8.742290090021269 ], [ -76.135420288479835, 8.742127266980303 ], [ -76.134876230624599, 8.743175060454826 ], [ -76.13169141565723, 8.742938885485398 ], [ -76.129387940777818, 8.744692354705785 ], [ -76.129917272848445, 8.746382935266807 ], [ -76.12949068903913, 8.747876095151335 ], [ -76.127786019869959, 8.74976042421579 ], [ -76.126671101909665, 8.750092866988343 ], [ -76.126407007887124, 8.752539713306559 ], [ -76.124125241749752, 8.753732965275475 ], [ -76.124527381666226, 8.755038027039065 ], [ -76.127668013183253, 8.75583616314962 ], [ -76.128420487025735, 8.759059148455187 ], [ -76.128736840540142, 8.759451984114543 ], [ -76.130140645872061, 8.759411844294091 ], [ -76.130687487895131, 8.761245252033124 ], [ -76.13259556109918, 8.760867419677526 ], [ -76.132594925745991, 8.763177205943867 ], [ -76.130966454255443, 8.764461221125115 ], [ -76.13174041372686, 8.765627068167287 ], [ -76.132387640172155, 8.765784850120712 ], [ -76.132044463807432, 8.766868973987386 ], [ -76.132721989520675, 8.767690402747203 ], [ -76.132377573080973, 8.76835897613506 ], [ -76.132629123449505, 8.769219966887171 ], [ -76.131158445641162, 8.771542202514624 ], [ -76.129241705185493, 8.771506480699074 ], [ -76.127769544036312, 8.772580305322856 ], [ -76.126459573832733, 8.772626046849272 ], [ -76.125889901634821, 8.773264170422605 ], [ -76.124371236556158, 8.773511394439263 ], [ -76.122966572343756, 8.776167974183316 ], [ -76.118859234467337, 8.777212585269387 ], [ -76.11944391883948, 8.778675307085344 ], [ -76.117868441569811, 8.78023068450322 ], [ -76.117149981597876, 8.782187772076066 ], [ -76.119020158558499, 8.784461771851809 ], [ -76.117970158803402, 8.785813580403115 ], [ -76.118564080333471, 8.787015805254489 ], [ -76.118741912761706, 8.789310514654613 ], [ -76.1171902703922, 8.791571041241079 ], [ -76.116463385333134, 8.795371754161568 ], [ -76.114681187282287, 8.794162872744568 ], [ -76.110691031540739, 8.795445039925594 ], [ -76.108656065940721, 8.79693471211627 ], [ -76.107041027022078, 8.799399755545352 ], [ -76.105104591225384, 8.799154725637351 ], [ -76.104137756458272, 8.797214620202929 ], [ -76.102575924331788, 8.797246494779714 ], [ -76.101853543785253, 8.799579050215899 ], [ -76.101910947169401, 8.802391818596741 ], [ -76.100542811271566, 8.802692321381004 ], [ -76.100281676102256, 8.803544806703746 ], [ -76.099508695765223, 8.803425362001759 ], [ -76.097257244612592, 8.805428683800676 ], [ -76.096483093104084, 8.805438822494571 ], [ -76.096191174466497, 8.807320754098747 ], [ -76.094617932143521, 8.808367547861009 ], [ -76.092869234840876, 8.812661201089892 ], [ -76.090610539424389, 8.813046073711401 ], [ -76.09030461524921, 8.814981444519709 ], [ -76.090697436952354, 8.815485913438701 ], [ -76.089816988654306, 8.817120377626056 ], [ -76.090580720916009, 8.818010891566196 ], [ -76.08897144956596, 8.818791626812869 ], [ -76.087885775159123, 8.820420332955649 ], [ -76.087110353904563, 8.821919418608699 ], [ -76.087106054273519, 8.823721587604053 ], [ -76.08536402713689, 8.824933275732663 ], [ -76.084911115466724, 8.826849943542388 ], [ -76.085831158677209, 8.82836854283396 ], [ -76.086928992987666, 8.828654159582355 ], [ -76.089725267098473, 8.830953581100406 ], [ -76.092024514891037, 8.830836363275905 ], [ -76.093151042712023, 8.832659545839357 ], [ -76.095334381028621, 8.832293140970242 ], [ -76.095927796466711, 8.831271868979814 ], [ -76.096226739144299, 8.832498143430589 ], [ -76.097710066380756, 8.834237375294556 ], [ -76.098786714453681, 8.834464676032134 ], [ -76.099128747056284, 8.835843073515942 ], [ -76.097845173922749, 8.837090252449036 ], [ -76.097862949500907, 8.837961286461441 ], [ -76.098126568689636, 8.839559838413292 ], [ -76.099563495015303, 8.842462694236728 ], [ -76.098124302879469, 8.844965204408345 ], [ -76.098140306896042, 8.847455611333009 ], [ -76.093761825726858, 8.851916862498765 ], [ -76.09382285097648, 8.85437934594972 ], [ -76.093068990899368, 8.85523382821005 ], [ -76.092974057168092, 8.857774030249644 ], [ -76.092149640746371, 8.859936607027111 ], [ -76.090660291730444, 8.860904023525347 ], [ -76.088898057973054, 8.859897891459442 ], [ -76.08712797748575, 8.860933226437801 ], [ -76.084429763479108, 8.860542884337598 ], [ -76.083411160617004, 8.861518693594316 ], [ -76.082499045604493, 8.863430304532878 ], [ -76.083097153252211, 8.86440658134023 ], [ -76.082449933240696, 8.86614421275088 ], [ -76.083026372106403, 8.869555219248566 ], [ -76.081627530412348, 8.86990663814667 ], [ -76.079800936921359, 8.871354809718781 ], [ -76.079800936775015, 8.872438179309039 ], [ -76.081968686763915, 8.87356623686674 ], [ -76.082208809442037, 8.875078950083017 ], [ -76.083431703131779, 8.875746897247474 ], [ -76.083940434807786, 8.877039713658341 ], [ -76.085949865364114, 8.877064657734527 ], [ -76.087135007769248, 8.878607519747437 ], [ -76.087128915145314, 8.880033626745941 ], [ -76.088057219476269, 8.880107920931023 ], [ -76.088925077139805, 8.879566982816486 ], [ -76.090154469226931, 8.880251330443798 ], [ -76.0907533434264, 8.879808493492774 ], [ -76.091851163338703, 8.880914455984428 ], [ -76.093651023583178, 8.881096401175844 ], [ -76.096659231015536, 8.882911287310403 ], [ -76.099595206067306, 8.887684009947492 ], [ -76.099560372956958, 8.888945792873992 ], [ -76.101900657524567, 8.890642065788766 ], [ -76.103419218605694, 8.891018256952645 ], [ -76.103650030157269, 8.892250182216388 ], [ -76.104344139392524, 8.892917070913169 ], [ -76.102797421228161, 8.89341766113761 ], [ -76.100727538480086, 8.89688151741327 ], [ -76.098913145225808, 8.896167197035721 ], [ -76.098423461941081, 8.89871345085213 ], [ -76.097628507951001, 8.899528347753982 ], [ -76.098154522182043, 8.901207881786585 ], [ -76.097248718475115, 8.902575145834316 ], [ -76.097256429876438, 8.904610223108005 ], [ -76.095234981883706, 8.905027410416389 ], [ -76.094622217399831, 8.907200283468519 ], [ -76.095219845758308, 8.907690477493269 ], [ -76.095109801456999, 8.908762230092121 ], [ -76.093159783775164, 8.912427599410378 ], [ -76.089527861760629, 8.916878010793466 ], [ -76.089270370278555, 8.918085772304206 ], [ -76.088094470670697, 8.919652056672392 ], [ -76.087162994194898, 8.919863834931443 ], [ -76.086483331074561, 8.918468936575074 ], [ -76.083608964313996, 8.917695636337893 ], [ -76.081080362813765, 8.919876452538148 ], [ -76.07873274500966, 8.920196420979009 ], [ -76.077477215897758, 8.92336726430144 ], [ -76.074592444437002, 8.922923484296337 ], [ -76.073774813935287, 8.925156484208744 ], [ -76.072190343255784, 8.926003012286907 ], [ -76.071598171084005, 8.928190426374146 ], [ -76.068819987683767, 8.927785488613015 ], [ -76.068218059885524, 8.929840524764957 ], [ -76.065494739858181, 8.931209527993724 ], [ -76.063147705621574, 8.931161629256225 ], [ -76.060889528942596, 8.932052897757364 ], [ -76.059923864897371, 8.934074702685281 ], [ -76.059340908373898, 8.934416102818066 ], [ -76.058033256655591, 8.93360130662767 ], [ -76.056391868795387, 8.933603203878459 ], [ -76.053108770834925, 8.934416183073788 ], [ -76.051122052382539, 8.936506706384582 ], [ -76.050171566026108, 8.93603847756447 ], [ -76.048838115524276, 8.936293576660418 ], [ -76.048621985432021, 8.938406634302801 ], [ -76.048039396303906, 8.938763815853953 ], [ -76.047787151593852, 8.942190371868909 ], [ -76.046488428700357, 8.942554817833265 ], [ -76.04536559325193, 8.944807130877031 ], [ -76.044416546030504, 8.945096679540896 ], [ -76.043424505376493, 8.946279802658937 ], [ -76.041041327942821, 8.946551076895256 ], [ -76.039822151901006, 8.945725918162488 ], [ -76.038070559118964, 8.945444553553894 ], [ -76.0349811588341, 8.947712741542022 ], [ -76.03177857458364, 8.951207626740681 ], [ -76.027719126948782, 8.951774153505449 ], [ -76.026864115794069, 8.953536523566298 ], [ -76.025093536311047, 8.953820152846831 ], [ -76.024553438585812, 8.954630787780854 ], [ -76.025014840940244, 8.955978803969895 ], [ -76.024284309276368, 8.959246426923436 ], [ -76.025643305486682, 8.960552126973042 ], [ -76.026171514774049, 8.96217987579521 ], [ -76.02698538877263, 8.962713473834489 ], [ -76.027306119072293, 8.965338224297655 ], [ -76.023750127187668, 8.969251707792967 ], [ -76.024554547239589, 8.971187931014288 ], [ -76.023344516675124, 8.973900194373138 ], [ -76.021320612167244, 8.974301740662664 ], [ -76.021333413324754, 8.975556515028106 ], [ -76.01939224511807, 8.976508527509322 ], [ -76.019181161886806, 8.978080392066346 ], [ -76.018290730146788, 8.978294416070947 ], [ -76.015901420809755, 8.980686810116516 ], [ -76.01640822856686, 8.982170074440635 ], [ -76.015397979470691, 8.983680492948178 ], [ -76.015163215251789, 8.986016882268144 ], [ -76.014262167176113, 8.986774594748837 ], [ -76.015118350136916, 8.98705242848127 ], [ -76.015490963584782, 8.987782375554206 ], [ -76.015094947054749, 8.990361915629565 ], [ -76.014257554023331, 8.99106440123872 ], [ -76.015249479795671, 8.993204707466075 ], [ -76.014691455653917, 8.994919528541514 ], [ -76.01632367106825, 8.997416978617963 ], [ -76.01566033011008, 8.998061142232373 ], [ -76.015637521143191, 8.999178807415561 ], [ -76.016441434186589, 9.000404979122097 ], [ -76.017737491897066, 9.001084872870186 ], [ -76.018080627353072, 9.002038124060725 ], [ -76.018057060538908, 9.004858384827035 ], [ -76.019314450124824, 9.006002613240415 ], [ -76.020059891324834, 9.008162356131521 ], [ -76.020661922756744, 9.008585269753096 ], [ -76.021333413676828, 9.013895833301309 ], [ -76.019711970664716, 9.015668221246543 ], [ -76.019732537570903, 9.016381236631759 ], [ -76.021335143267535, 9.017947509175366 ], [ -76.021333413520594, 9.018816816891039 ], [ -76.020129769907356, 9.020690328361825 ], [ -76.022937579728904, 9.023739375269329 ], [ -76.022570842609724, 9.0253186379199 ], [ -76.019389371398759, 9.02618477942994 ], [ -76.018652292145163, 9.027639785599998 ], [ -76.017673892088155, 9.028264154573582 ], [ -76.01874586908238, 9.029669010065934 ], [ -76.020223729467361, 9.029473346001133 ], [ -76.021895607740404, 9.030372380085407 ], [ -76.023442812950208, 9.030006431431511 ], [ -76.025414430103439, 9.03274512949837 ], [ -76.026198895481258, 9.036228957369973 ], [ -76.027551751626518, 9.036297053725367 ], [ -76.027621620006698, 9.037789324010236 ], [ -76.023974830440991, 9.039593121349949 ], [ -76.021758228222794, 9.04014968647682 ], [ -76.02108238965674, 9.040901458556014 ], [ -76.022866278914691, 9.04357535522802 ], [ -76.021489228151182, 9.045740280546354 ], [ -76.021223363314135, 9.047102828945299 ], [ -76.020454241424645, 9.047481973625967 ], [ -76.018318442379325, 9.047333894036626 ], [ -76.016892998795896, 9.046164913004887 ], [ -76.016380261369662, 9.048427599810195 ], [ -76.017531074415942, 9.049998010586931 ], [ -76.016763980713819, 9.050948293219291 ], [ -76.016467870721897, 9.053353760779791 ], [ -76.01385873223343, 9.054833016130129 ], [ -76.014127650203449, 9.057065490863913 ], [ -76.015945664891504, 9.057578262331159 ], [ -76.015381506706191, 9.058696916496313 ], [ -76.015751325617614, 9.061595980265251 ], [ -76.017337977787733, 9.062262078941245 ], [ -76.019012703228867, 9.063880709368457 ], [ -76.018410200865617, 9.067942484050471 ], [ -76.019202159877381, 9.069109262057825 ], [ -76.019598633427549, 9.071075449987017 ], [ -76.018884381086835, 9.073248315782015 ], [ -76.01673738736234, 9.075912360993119 ], [ -76.016454896550187, 9.077606194573461 ], [ -76.016475759858594, 9.078628484535137 ], [ -76.017560029697279, 9.079682899191708 ], [ -76.017235951801254, 9.083630418897847 ], [ -76.0187507569334, 9.087196664488607 ], [ -76.018885701074353, 9.089569947025533 ], [ -76.02010047571855, 9.090668829193907 ], [ -76.020771966204123, 9.093478310530791 ], [ -76.022271876079998, 9.09481848242363 ], [ -76.021223369404893, 9.097857596891652 ], [ -76.019639468069713, 9.099711399095185 ], [ -76.0196989872193, 9.10361789757877 ], [ -76.020310404985665, 9.105429900747025 ], [ -76.019869434876014, 9.106483660463931 ], [ -76.023463664055072, 9.107043036017185 ], [ -76.025217503053824, 9.105997516674165 ], [ -76.028356504103868, 9.105605566543941 ], [ -76.031118254570828, 9.108429104311286 ], [ -76.031206723144919, 9.110360567168041 ], [ -76.034464450198385, 9.111835814781454 ], [ -76.035714291926965, 9.115089440143439 ], [ -76.03712967746911, 9.115770501845192 ], [ -76.036661439962884, 9.11694993713216 ], [ -76.036958545067804, 9.119023938355156 ], [ -76.03515720887188, 9.121511596808247 ], [ -76.034954529859945, 9.125061369703687 ], [ -76.037166219763606, 9.128631457264692 ], [ -76.03639897557116, 9.129585315425834 ], [ -76.036016152330419, 9.131155674265949 ], [ -76.034387791881997, 9.132676550461481 ], [ -76.033436873723318, 9.13521135242633 ], [ -76.031475109851201, 9.136298846833075 ], [ -76.029960095913196, 9.139835004079149 ], [ -76.031301102151573, 9.140399090397192 ], [ -76.031325546321767, 9.141487320917603 ], [ -76.034852094539673, 9.142465848690689 ], [ -76.035701150314281, 9.144688100993712 ], [ -76.035988622977925, 9.147378593514086 ], [ -76.036829351964258, 9.147832945768899 ], [ -76.037468446368266, 9.149737691198084 ], [ -76.040711694457741, 9.153249496531028 ], [ -76.042634336314947, 9.153516349402555 ], [ -76.04385244318533, 9.152879408585925 ], [ -76.046290357469388, 9.154559136173418 ], [ -76.046620575278084, 9.155576749149986 ], [ -76.047741675404126, 9.155698554328268 ], [ -76.048508942881838, 9.156589557938709 ], [ -76.049513673506596, 9.156569052769532 ], [ -76.050643194934977, 9.157930186480099 ], [ -76.050753238669884, 9.158236565303705 ], [ -76.049606427917951, 9.158838724958557 ], [ -76.048706529574844, 9.160721529755927 ], [ -76.048926398522894, 9.164352995501728 ], [ -76.047991034563907, 9.167964462604342 ], [ -76.046114114379947, 9.168607337043067 ], [ -76.045032116442073, 9.170571728430417 ], [ -76.04527776797751, 9.174039171859542 ], [ -76.04570021512194, 9.174782404488734 ], [ -76.044140012156134, 9.176095771029047 ], [ -76.046282648818405, 9.179039854833132 ], [ -76.046653103102571, 9.180470488587151 ], [ -76.049049873415768, 9.180860660066202 ], [ -76.048518069881084, 9.182865833081273 ], [ -76.050958003104597, 9.184923418502706 ], [ -76.051090107099924, 9.186678520996814 ], [ -76.053258944913196, 9.187805255422871 ], [ -76.056282874002292, 9.187801415390021 ], [ -76.058243117997336, 9.188351131192345 ], [ -76.058653009322484, 9.191314961116928 ], [ -76.05959423361854, 9.192053366198699 ], [ -76.059789867520379, 9.194480215293645 ], [ -76.060397327053494, 9.195049511370778 ], [ -76.059737065792433, 9.195683880947559 ], [ -76.059514058913905, 9.196955758824192 ], [ -76.060782421082905, 9.197384429998976 ], [ -76.061425311490424, 9.198709570640604 ], [ -76.060672211902883, 9.201499954233237 ], [ -76.062294752124856, 9.202026474252392 ], [ -76.062277629085585, 9.202865472922714 ], [ -76.065584247933018, 9.203409642733002 ], [ -76.070551077607945, 9.205494519492133 ], [ -76.073772568348957, 9.205549702682525 ], [ -76.068862906387068, 9.212328535136018 ], [ -76.069079531921403, 9.213156270498228 ], [ -76.070148474986496, 9.214113320961687 ], [ -76.07011248103197, 9.215258683801176 ], [ -76.071302201411243, 9.216718695055613 ], [ -76.068505575788663, 9.220573079144184 ], [ -76.066010192281453, 9.22088272722066 ], [ -76.066686485572504, 9.22216001666486 ], [ -76.066315351540766, 9.223369285136638 ], [ -76.063305590884582, 9.22664796798308 ], [ -76.062512889709595, 9.228372556794055 ], [ -76.062591528815247, 9.229910807939374 ], [ -76.061442341372, 9.230726314134277 ], [ -76.060419186240139, 9.232926103469538 ], [ -76.061416493321389, 9.234397378012767 ], [ -76.06001071363022, 9.234894177684986 ], [ -76.059566753319601, 9.235801560555785 ], [ -76.058107634462644, 9.235451077559199 ], [ -76.058203101849884, 9.237880487597366 ], [ -76.058857253251347, 9.239805223810617 ], [ -76.055049056974767, 9.243480244369698 ], [ -76.055691101461349, 9.244875190466383 ], [ -76.054727456155078, 9.248677860107991 ], [ -76.055024346632081, 9.249560136757335 ], [ -76.054141097793305, 9.250637064560395 ], [ -76.054489791969189, 9.251621509205282 ], [ -76.053932762301713, 9.253126483111766 ], [ -76.054242700948578, 9.254343977102772 ], [ -76.056030841523423, 9.256079937855311 ], [ -76.055614611940214, 9.25726039753062 ], [ -76.05591122010452, 9.25890273657367 ], [ -76.054842165861245, 9.260183806757915 ], [ -76.054450956513975, 9.264326424145132 ], [ -76.053395857870058, 9.266182224569544 ], [ -76.054915804850637, 9.26702734373494 ], [ -76.056021453066791, 9.270219309744508 ], [ -76.057891361894775, 9.271973588117044 ], [ -76.058430632373714, 9.27632114534004 ], [ -76.056678690671234, 9.277893740058365 ], [ -76.055025517313382, 9.281450597967998 ], [ -76.053390467932331, 9.281795062557535 ], [ -76.053440079561241, 9.282781662176632 ], [ -76.05218375691787, 9.283992433101259 ], [ -76.053192774411585, 9.285304806974032 ], [ -76.051777055229593, 9.288981466507199 ], [ -76.053129168177293, 9.290421584049753 ], [ -76.052324758938752, 9.291653437866042 ], [ -76.052140110791754, 9.293352951159854 ], [ -76.052547902750192, 9.293735518600377 ], [ -76.05097945013793, 9.295024709092361 ], [ -76.05339046758327, 9.299501392466409 ], [ -76.049914289621569, 9.301625875444895 ], [ -76.048777597333114, 9.304568719942122 ], [ -76.050544258737588, 9.307833011718314 ], [ -76.046308196378703, 9.311325415089932 ], [ -76.046339510761726, 9.316536341986071 ], [ -76.047200321492028, 9.317063650527897 ], [ -76.047194937536688, 9.317782655636732 ], [ -76.048809060477964, 9.319895529029369 ], [ -76.047549174700862, 9.320721546794909 ], [ -76.046431227553427, 9.322720523980204 ], [ -76.04531392965707, 9.326198478876812 ], [ -76.043748240167972, 9.325708614141828 ], [ -76.042452894033502, 9.324392360926135 ], [ -76.040727460549746, 9.323565614795569 ], [ -76.039683187939971, 9.324361994109667 ], [ -76.03885879941194, 9.32603786499506 ], [ -76.039095813549281, 9.328439282473294 ], [ -76.037287171305337, 9.328459803885826 ], [ -76.036111287534865, 9.327879281201218 ], [ -76.034666169686616, 9.328260575345878 ], [ -76.033453366610203, 9.329500882164535 ], [ -76.031664038746115, 9.332989377443782 ], [ -76.030094233569656, 9.338156935827186 ], [ -76.028842600665229, 9.339964966123016 ], [ -76.029505010674981, 9.341465276951595 ], [ -76.027788482230989, 9.34189235537537 ], [ -76.027286998172471, 9.342648511702563 ], [ -76.024923960410476, 9.343656291891596 ], [ -76.022554823068887, 9.346283806454098 ], [ -76.022260322486687, 9.347146416703428 ], [ -76.022812276334676, 9.348188499073979 ], [ -76.022324574183116, 9.34875057843367 ], [ -76.020514823876979, 9.349314318151475 ], [ -76.019207246852403, 9.348398944269011 ], [ -76.016444299487631, 9.348013617864106 ], [ -76.015625484701573, 9.347487363107001 ], [ -76.015123305442742, 9.348624198482367 ], [ -76.01566122643591, 9.349858055063752 ], [ -76.014836995132612, 9.350246687777247 ], [ -76.014049544644564, 9.34942709591823 ], [ -76.012116464217755, 9.34972297913294 ], [ -76.011104975275174, 9.35040085884604 ], [ -76.0087891671986, 9.350238328942396 ], [ -76.006885474164079, 9.352386231171495 ], [ -76.005964811145105, 9.351594160566775 ], [ -76.005181181572311, 9.351578580552951 ], [ -76.003808854507227, 9.352947022954428 ], [ -76.000558076835617, 9.354577859555636 ], [ -75.997969862781247, 9.354609277585652 ], [ -75.997338752115368, 9.355379352662638 ], [ -75.99609212515584, 9.355622720769205 ], [ -75.994774210524866, 9.356570153025549 ], [ -75.993516756514509, 9.355956617695686 ], [ -75.991619612645195, 9.357358752218206 ], [ -75.98946889268143, 9.356966395499908 ], [ -75.986997251308097, 9.357788811411776 ], [ -75.986721603451798, 9.357042487402772 ], [ -75.985962249102272, 9.357468468347799 ], [ -75.985582260479944, 9.35858537866614 ], [ -75.984966600800789, 9.358427596601771 ], [ -75.985533328761335, 9.359570730349777 ], [ -75.985031895069454, 9.363042577353163 ], [ -75.98385071796794, 9.36425121292609 ], [ -75.982775731681144, 9.363712636347012 ], [ -75.982206560975882, 9.364265033993469 ], [ -75.982861511167243, 9.365241294628021 ], [ -75.984686717286309, 9.366407868264639 ], [ -75.984395645882458, 9.366892075390922 ], [ -75.98197418370853, 9.368479656722728 ], [ -75.978949347297004, 9.369603598399689 ], [ -75.978282713476759, 9.369036150625965 ], [ -75.976058785396972, 9.369660227633798 ], [ -75.974915361876441, 9.36926885378911 ], [ -75.973877152798465, 9.369855934310792 ], [ -75.97374258468038, 9.373631890320306 ], [ -75.972690016016188, 9.374738457593685 ], [ -75.969986778912727, 9.375002854120499 ], [ -75.969069997851577, 9.376393088339006 ], [ -75.967503974532519, 9.376169936735087 ], [ -75.967199856535842, 9.378129445310631 ], [ -75.966763791864125, 9.377910964377092 ], [ -75.966960943736538, 9.378486953355479 ], [ -75.964996244115255, 9.380160586420168 ], [ -75.964193150072632, 9.382321932533943 ], [ -75.96301420090181, 9.383726341684167 ], [ -75.963553314839601, 9.384836620768437 ], [ -75.963094047764287, 9.387529187841288 ], [ -75.962034886015672, 9.387166655505375 ], [ -75.960861040495317, 9.38746749074028 ], [ -75.959640231615708, 9.388741293842969 ], [ -75.957640320199971, 9.389119790639294 ], [ -75.956372805863907, 9.390825445632288 ], [ -75.953682861132947, 9.393101716113355 ], [ -75.950721504556796, 9.393632566155871 ], [ -75.949807305014829, 9.395087666932801 ], [ -75.947468436810894, 9.396352355425352 ], [ -75.947337212935253, 9.397569263283042 ], [ -75.947896138409263, 9.398134849422357 ], [ -75.945192739185231, 9.401753800779588 ], [ -75.944979195589369, 9.403241079753411 ], [ -75.946961243321255, 9.404954088007333 ], [ -75.948039190187799, 9.403002587048196 ], [ -75.950448926458819, 9.40414560465012 ], [ -75.950739688003821, 9.406804656866944 ], [ -75.950179431873181, 9.408490406717 ], [ -75.951806660931666, 9.40845719808569 ], [ -75.952709087720578, 9.409396458514518 ], [ -75.9535549597678, 9.412782930986065 ], [ -75.954486058468476, 9.412763929109602 ], [ -75.955024694908019, 9.413324550617471 ], [ -75.953864853149355, 9.413887246146016 ], [ -75.953367837995714, 9.415926021411719 ], [ -75.9538461986741, 9.418687297700496 ], [ -75.955570812865361, 9.418968049583706 ], [ -75.955477588365468, 9.42084280263798 ], [ -75.956786927641531, 9.420886300496457 ], [ -75.957492385429745, 9.421935326999474 ], [ -75.959214586122499, 9.422743581697668 ], [ -75.960315257663723, 9.422756630605852 ], [ -75.960841797590732, 9.422203153911509 ], [ -75.961949156181049, 9.422457544169815 ], [ -75.963654167832829, 9.423553146988869 ], [ -75.964961944985646, 9.425134202974492 ], [ -75.963884229636619, 9.425121440380392 ], [ -75.962249553298577, 9.425942672433733 ], [ -75.961766736495662, 9.426952592001349 ], [ -75.958257133347416, 9.426060198397289 ], [ -75.958237061651047, 9.427043730238001 ], [ -75.959683157941015, 9.427991832772275 ], [ -75.960285478389082, 9.429233350536393 ], [ -75.958251552644995, 9.429191842036371 ], [ -75.954247593289082, 9.425414273808892 ], [ -75.952842672751231, 9.426244160258971 ], [ -75.950427366407894, 9.425441506864971 ], [ -75.949093258770645, 9.426785845064257 ], [ -75.949640338648265, 9.427333030432605 ], [ -75.950454157636685, 9.427316422037103 ], [ -75.951259267377139, 9.428942711814916 ], [ -75.950442981344239, 9.430031542470315 ], [ -75.947088272042322, 9.431546160061584 ], [ -75.945053535552859, 9.430022439504883 ], [ -75.945098111523194, 9.427838220520112 ], [ -75.942363985003865, 9.430022582543106 ], [ -75.94153404570099, 9.430022914637767 ], [ -75.940351390926978, 9.43125384092829 ], [ -75.942049462852637, 9.432281891428005 ], [ -75.941457697668781, 9.433430612678892 ], [ -75.950231722008112, 9.442683330033688 ], [ -75.948364937064483, 9.441176407607104 ], [ -75.947007645587462, 9.442877366580907 ], [ -75.94516750849823, 9.44332595684612 ], [ -75.941538874190798, 9.442969556125647 ], [ -75.941534055663354, 9.441088412272991 ], [ -75.937497719113907, 9.440522079131995 ], [ -75.936941857754803, 9.440533423449835 ], [ -75.935877397921701, 9.441641330054603 ], [ -75.933324012742105, 9.442413835305979 ], [ -75.932145997609041, 9.440570323242849 ], [ -75.929693339525869, 9.441072675091304 ], [ -75.928857653944803, 9.440263268881006 ], [ -75.927794998288888, 9.441066027975285 ], [ -75.927520749892665, 9.439993774365197 ], [ -75.926238252661165, 9.440903729360739 ], [ -75.925924866056988, 9.440257769836888 ], [ -75.924881378194726, 9.440279065883363 ], [ -75.924569039032278, 9.438041700848345 ], [ -75.921668819561077, 9.436897789635154 ], [ -75.920804522164488, 9.439185290108126 ], [ -75.919433034649742, 9.439449395428447 ], [ -75.918109575696931, 9.436658109717978 ], [ -75.919464454090885, 9.435769811756302 ], [ -75.919301716851891, 9.434820103655332 ], [ -75.918478559119848, 9.435848722979783 ], [ -75.916897862767868, 9.435622067667962 ], [ -75.915511410504152, 9.431769589109477 ], [ -75.915052609170786, 9.432005940765983 ], [ -75.91429903129243, 9.431233905067534 ], [ -75.913299771863151, 9.431237753445341 ], [ -75.912180226456599, 9.430168944129216 ], [ -75.912192234484664, 9.429580558467714 ], [ -75.910728344102594, 9.428999068584019 ], [ -75.909046248945344, 9.427200192324673 ], [ -75.90829640631847, 9.427393939284357 ], [ -75.90646359262125, 9.426301877219137 ], [ -75.905149582528452, 9.426526455700586 ], [ -75.904974912315168, 9.42598818615445 ], [ -75.904223513347873, 9.426527343046422 ], [ -75.90301582529429, 9.426569442335261 ], [ -75.902870330716212, 9.42731472776873 ], [ -75.901101620316538, 9.428884533685933 ], [ -75.890644259773865, 9.425053219098091 ], [ -75.888045883277613, 9.424507492252721 ], [ -75.887966455932556, 9.422445858826782 ], [ -75.890291671269694, 9.421799335981243 ], [ -75.889333750794222, 9.420856964037846 ], [ -75.890194295442114, 9.419615624756464 ], [ -75.893893915104698, 9.419339750790703 ], [ -75.895122362075597, 9.419005311715935 ], [ -75.89599519753321, 9.418177169760179 ], [ -75.89759105040639, 9.418450751045235 ], [ -75.897927351293546, 9.417466723585806 ], [ -75.89738908087007, 9.417292052948653 ], [ -75.898441010332192, 9.416631199871393 ], [ -75.89633080300176, 9.416296318446149 ], [ -75.896164380196893, 9.416978988424878 ], [ -75.895223243453188, 9.417093913186564 ], [ -75.895230375459676, 9.416323198219855 ], [ -75.893604219957055, 9.41568591015762 ], [ -75.892876573683765, 9.416759523171189 ], [ -75.891416810779717, 9.417545549338568 ], [ -75.890260956159537, 9.417992460730678 ], [ -75.889690688095712, 9.417320969794732 ], [ -75.889386794843588, 9.418553908018161 ], [ -75.888338055392296, 9.418220243316908 ], [ -75.886916427822555, 9.419003065256589 ], [ -75.886354980221029, 9.418668442764956 ], [ -75.885831319625197, 9.419042393798859 ], [ -75.883385368467955, 9.418407876367679 ], [ -75.882333454792274, 9.418922563370911 ], [ -75.881288158648061, 9.417225996210929 ], [ -75.882424262243887, 9.416148157267255 ], [ -75.882190341087465, 9.415235405272433 ], [ -75.881484246335731, 9.415063273265165 ], [ -75.881473606227004, 9.413292710346955 ], [ -75.878157853784089, 9.413276305179682 ], [ -75.876809808280044, 9.412378136146357 ], [ -75.876361223086604, 9.412939437301814 ], [ -75.876070354428506, 9.412636696187645 ], [ -75.875384745274815, 9.412980540586689 ], [ -75.873961637976947, 9.411263676650437 ], [ -75.873104830362763, 9.411145052840199 ], [ -75.871968725436687, 9.412153411868633 ], [ -75.871234322244277, 9.41140463665541 ], [ -75.87187620758958, 9.409896658760633 ], [ -75.871433159863926, 9.408561240589634 ], [ -75.869481946317649, 9.407358044171753 ], [ -75.868606340367407, 9.407654639070108 ], [ -75.868170115671788, 9.40665136200249 ], [ -75.869869947132329, 9.40631176569774 ], [ -75.869061561537777, 9.404388783823549 ], [ -75.870134149592914, 9.403321373561512 ], [ -75.869055641065131, 9.402285158843405 ], [ -75.868524550982144, 9.400281114727477 ], [ -75.869897531457724, 9.400641504059157 ], [ -75.869346015674694, 9.396950099223499 ], [ -75.870191494341114, 9.396675739441102 ], [ -75.869628871497994, 9.396097124247163 ], [ -75.871204716865861, 9.394301640946846 ], [ -75.871094592688038, 9.392848080989715 ], [ -75.870949669642386, 9.392282597532477 ], [ -75.868637421872549, 9.392370622307434 ], [ -75.867611456455236, 9.389358660705168 ], [ -75.866032781413551, 9.387215060385964 ], [ -75.86655151718584, 9.38606344901717 ], [ -75.865474542784497, 9.385429654508176 ], [ -75.86513561654921, 9.382353131464122 ], [ -75.864683124876677, 9.382062094882119 ], [ -75.864377891818776, 9.382379786841707 ], [ -75.861914537923084, 9.381367840812658 ], [ -75.860364736016521, 9.382156439716489 ], [ -75.859445375899853, 9.381682830277015 ], [ -75.85852401309819, 9.38259648108729 ], [ -75.856103587784546, 9.38257458439765 ], [ -75.856126140747037, 9.383679667147973 ], [ -75.854925624778687, 9.384200510358372 ], [ -75.855257375386884, 9.384763602763416 ], [ -75.85481046355487, 9.385655356325728 ], [ -75.853560126626519, 9.386574027214767 ], [ -75.85269522045617, 9.386396877552222 ], [ -75.851215867069911, 9.387790244428196 ], [ -75.850536595931857, 9.386998386202213 ], [ -75.849341746027932, 9.387337451584228 ], [ -75.848971414364016, 9.386604813228127 ], [ -75.849546391678444, 9.386203804140575 ], [ -75.849530428942359, 9.385421660444381 ], [ -75.848978574404924, 9.385008743826385 ], [ -75.847287392559039, 9.384972505467184 ], [ -75.847160395028297, 9.384468360958069 ], [ -75.846121791597838, 9.384867084349901 ], [ -75.845604647740856, 9.384472277283415 ], [ -75.844818725846068, 9.382738456911419 ], [ -75.842795496450378, 9.385655356040875 ], [ -75.841915782875006, 9.386089467404396 ], [ -75.841303619251804, 9.3842030049992 ], [ -75.840753685229572, 9.383936205270006 ], [ -75.840777883411263, 9.382750503172492 ], [ -75.841842608142684, 9.382052437939192 ], [ -75.842117880618133, 9.380859178024446 ], [ -75.83995075658369, 9.38150805971083 ], [ -75.837861090442118, 9.383650018560537 ], [ -75.836970569150068, 9.383933510430461 ], [ -75.835549845240138, 9.382121988333324 ], [ -75.836194118310914, 9.38150298076431 ], [ -75.836184102354864, 9.379853362095687 ], [ -75.837487944218481, 9.378587883652996 ], [ -75.835088400615703, 9.378240552071627 ], [ -75.834972782937783, 9.377648305177141 ], [ -75.833909616988137, 9.377013604058531 ], [ -75.832616788524831, 9.378041283329177 ], [ -75.831844488810191, 9.377437726489829 ], [ -75.832025500416094, 9.375893096176604 ], [ -75.834034676165601, 9.37375043330348 ], [ -75.83561580299741, 9.372962175201094 ], [ -75.835182440328325, 9.370457095791069 ], [ -75.833471788257867, 9.371816917278132 ], [ -75.832321557789484, 9.371807955865576 ], [ -75.831454265719088, 9.373191231454907 ], [ -75.82965688173644, 9.374082702520788 ], [ -75.829545391099686, 9.374875529453934 ], [ -75.828197873444708, 9.376223045714823 ], [ -75.827108442363567, 9.376782247135674 ], [ -75.826676963413163, 9.376223045668526 ], [ -75.825608694973013, 9.377352727533408 ], [ -75.824980154551554, 9.377339900369661 ], [ -75.825057629026148, 9.375657889926075 ], [ -75.824508881515627, 9.375391666034824 ], [ -75.825215175783882, 9.372753715789177 ], [ -75.823816339979572, 9.372292916549872 ], [ -75.823706296173341, 9.371670321550083 ], [ -75.824189691874963, 9.371435803537235 ], [ -75.824550747373451, 9.367857496100235 ], [ -75.82381634011881, 9.366453867569053 ], [ -75.823923679715932, 9.365088427589244 ], [ -75.822807980971419, 9.363922352056608 ], [ -75.824714655463282, 9.362398237711194 ], [ -75.824379183648063, 9.361281088324549 ], [ -75.824047756595803, 9.360277514964134 ], [ -75.823098616883726, 9.360022626686726 ], [ -75.820549841328713, 9.361302743537186 ], [ -75.819238035410336, 9.360650232680646 ], [ -75.818935569035574, 9.359409503320894 ], [ -75.818374501508615, 9.359316754008853 ], [ -75.81832068293815, 9.358524651099513 ], [ -75.818970647482743, 9.357894438274812 ], [ -75.819405300890708, 9.354127053740008 ], [ -75.819033603741289, 9.353171414774422 ], [ -75.81921433746534, 9.351414628746989 ], [ -75.817316275472677, 9.350182128388209 ], [ -75.817717517729491, 9.34562360202813 ], [ -75.813822582826674, 9.340290434591369 ], [ -75.814635352468031, 9.336204184891207 ], [ -75.814084666208899, 9.335398169489059 ], [ -75.814299366350127, 9.334665292008724 ], [ -75.814965880833711, 9.333687576752681 ], [ -75.816841984730999, 9.332703424100854 ], [ -75.816413732024429, 9.331311038170542 ], [ -75.815378026529316, 9.330279391195356 ], [ -75.813784043770781, 9.3297601241003 ], [ -75.812060762170958, 9.330249617193923 ], [ -75.809561797802075, 9.329365453425794 ], [ -75.808362164053918, 9.330107404150805 ], [ -75.806749596730242, 9.332663946108147 ], [ -75.804856666829451, 9.333319192712327 ], [ -75.803817188937359, 9.334346506649863 ], [ -75.802036362658498, 9.333301034814266 ], [ -75.800795434611089, 9.33335034396487 ], [ -75.800405094568646, 9.333994550035063 ], [ -75.796260650367785, 9.335738268422086 ], [ -75.79475892186764, 9.33767139473264 ], [ -75.792593322974525, 9.338266978912218 ], [ -75.78934345434854, 9.338658419951232 ], [ -75.78776065419359, 9.337543186389155 ], [ -75.786084995383007, 9.33831110649788 ], [ -75.783405000192744, 9.33742638255598 ], [ -75.782807643333243, 9.337871616635791 ], [ -75.780946911264493, 9.33784464202914 ], [ -75.779026836452829, 9.339810235263151 ], [ -75.778222675833845, 9.342524247183203 ], [ -75.776232491153991, 9.342410133075102 ], [ -75.77559788953117, 9.344048311767526 ], [ -75.773684889575208, 9.342165257364934 ], [ -75.772039957432867, 9.342197108586479 ], [ -75.770952770166573, 9.34161849256564 ], [ -75.769237125060783, 9.342421687486915 ], [ -75.767440343033812, 9.342145887992697 ], [ -75.766214118240796, 9.34365911668041 ], [ -75.764150087213082, 9.344858595902741 ], [ -75.76468578433095, 9.347477301589384 ], [ -75.764176722830541, 9.349078920846987 ], [ -75.761637683853706, 9.349811538740004 ], [ -75.755108712274065, 9.350015628385746 ], [ -75.754091714956814, 9.349381675276133 ], [ -75.750950862068166, 9.350298413041676 ], [ -75.750256311993056, 9.349645888024819 ], [ -75.750214449390782, 9.347255931455992 ], [ -75.751024010270172, 9.344579176437309 ], [ -75.749888363187765, 9.343665863085732 ], [ -75.748592118859733, 9.343514822547272 ], [ -75.748141968717462, 9.342252620645699 ], [ -75.745891521600157, 9.343199360874779 ], [ -75.744499884924338, 9.341849909752362 ], [ -75.74116477290832, 9.341298793478883 ], [ -75.740696208193555, 9.340824852683703 ], [ -75.738922685121366, 9.341609944841059 ], [ -75.738281169204313, 9.342994387473901 ], [ -75.736107107235199, 9.343309663133191 ], [ -75.735055922264351, 9.344359542240174 ], [ -75.732945274943788, 9.342682772708226 ], [ -75.733390299791949, 9.338418388997503 ], [ -75.732738616608799, 9.337153358363279 ], [ -75.733278600807751, 9.33557575666407 ], [ -75.731635460340513, 9.334833472065315 ], [ -75.731283802038988, 9.33367142297438 ], [ -75.729942393311674, 9.333216201753643 ], [ -75.728715898518558, 9.331537042280942 ], [ -75.728148008328048, 9.329726423272312 ], [ -75.728104758873528, 9.322213848514044 ], [ -75.727566576936709, 9.32195275048611 ], [ -75.725153754270693, 9.323025860348189 ], [ -75.724380700006634, 9.324287980432224 ], [ -75.723573427585066, 9.323725615677024 ], [ -75.720816235875063, 9.32400622394373 ], [ -75.719124989784703, 9.32215720081 ], [ -75.716687202953835, 9.323716352830958 ], [ -75.713158553732669, 9.324676333058035 ], [ -75.712539780666361, 9.326478836781067 ], [ -75.711630971339503, 9.326817461116596 ], [ -75.710857298929625, 9.327889413661349 ], [ -75.704076976276554, 9.327076643212388 ], [ -75.702142683401959, 9.328956615330222 ], [ -75.699930806530858, 9.327140423548922 ], [ -75.697833285376674, 9.328741970584268 ], [ -75.696014332272199, 9.329226110044747 ], [ -75.693286413670492, 9.328652801178315 ], [ -75.692266487340731, 9.328208728054703 ], [ -75.692078027184806, 9.327395093424888 ], [ -75.690414231777851, 9.327126848103989 ], [ -75.689320994543536, 9.328093552260754 ], [ -75.688837907326572, 9.33298937666884 ], [ -75.687654752743441, 9.332876463214237 ], [ -75.686745779739312, 9.333344722115578 ], [ -75.684965054783319, 9.332734929067078 ], [ -75.683155021393688, 9.333695373093432 ], [ -75.681679405041038, 9.33265187812537 ], [ -75.678341151143528, 9.33456142863384 ], [ -75.67756457066676, 9.333782149449409 ], [ -75.674828012508399, 9.333094910751898 ], [ -75.671726837169629, 9.335129228188077 ], [ -75.670188683460893, 9.334086587192287 ], [ -75.666422296320746, 9.334336850038436 ], [ -75.665403904835813, 9.33357754946811 ], [ -75.66355307614414, 9.333793383205194 ], [ -75.6624191034078, 9.332072852117141 ], [ -75.659551081264027, 9.33161625132395 ], [ -75.658581713810264, 9.328920512755603 ], [ -75.656413624431835, 9.32681630994762 ], [ -75.655422088183471, 9.323374509454689 ], [ -75.654268986896881, 9.322494135358923 ], [ -75.65376295456268, 9.32103520625459 ], [ -75.649817976227112, 9.323077756573081 ], [ -75.647487167504266, 9.322921980139098 ], [ -75.645443648684946, 9.324965668380191 ], [ -75.642920280344526, 9.323893732017716 ], [ -75.640922388449724, 9.324644701485512 ], [ -75.639452174619137, 9.321912872403754 ], [ -75.639199655080475, 9.317843257351308 ], [ -75.637944240415479, 9.315091100929131 ], [ -75.635762546033533, 9.313065624156987 ], [ -75.635406008536947, 9.311975998700438 ], [ -75.633249500131356, 9.31064196092726 ], [ -75.6329507136508, 9.309265471372209 ], [ -75.631361947284617, 9.308749910756625 ], [ -75.63015281677788, 9.307614216085812 ], [ -75.629113833073092, 9.310058075734698 ], [ -75.627379558287288, 9.309807114690974 ], [ -75.624357072596055, 9.311177427926848 ], [ -75.622192844970513, 9.31036364120207 ], [ -75.619790684912076, 9.310793385950696 ], [ -75.619467302169966, 9.311708962119095 ], [ -75.616819708861186, 9.311186258640154 ], [ -75.616022151919125, 9.309871824062775 ], [ -75.615362736732621, 9.309656078729448 ], [ -75.614464137214526, 9.31036148915547 ], [ -75.613019742534149, 9.309287099571527 ], [ -75.613057681986945, 9.304463621194412 ], [ -75.612233221786781, 9.302815640770431 ], [ -75.611424685044099, 9.302007047790791 ], [ -75.608174077582419, 9.301781892949933 ], [ -75.608204603779598, 9.30120203764819 ], [ -75.606856817942472, 9.300864682775975 ], [ -75.606528549933913, 9.299568625163547 ], [ -75.60385305912429, 9.298427339986965 ], [ -75.604659861080791, 9.294467315451218 ], [ -75.603878890011984, 9.293549345721052 ], [ -75.60456324692899, 9.291782812720957 ], [ -75.605131574519447, 9.291163121138437 ], [ -75.607492662250237, 9.291793018948487 ], [ -75.608333283498467, 9.290430699577522 ], [ -75.609853566307692, 9.290702885591939 ], [ -75.611736565853633, 9.287254762420122 ], [ -75.610993138149368, 9.286326371818632 ], [ -75.610351990835724, 9.283161083911128 ], [ -75.609268781847049, 9.280986579098959 ], [ -75.603877096873603, 9.279907986941094 ], [ -75.601173054297803, 9.280447589551153 ], [ -75.598737748002293, 9.279358925125223 ], [ -75.59607060352235, 9.279413357005984 ], [ -75.595310397940153, 9.278336301189416 ], [ -75.594466351272544, 9.278127926279756 ], [ -75.592942750833714, 9.279651907054767 ], [ -75.591004219626384, 9.278513710078887 ], [ -75.589128103634778, 9.278526606498733 ], [ -75.588909139063659, 9.277181540374098 ], [ -75.588123112975197, 9.276151163986549 ], [ -75.588477796172512, 9.274698445893863 ], [ -75.586889785623583, 9.27236544765023 ], [ -75.586629532685109, 9.270464085089229 ], [ -75.585814773633217, 9.269381865047936 ], [ -75.584711774373801, 9.269416048896433 ], [ -75.584203089716326, 9.269945495608871 ], [ -75.58092536205622, 9.26876460064166 ], [ -75.58029903846942, 9.269290449396211 ], [ -75.580137954924766, 9.268958421204328 ], [ -75.578571027388804, 9.269541123940101 ], [ -75.577381850794112, 9.268829692024118 ], [ -75.575560399086953, 9.269128377526714 ], [ -75.575042968713745, 9.268589827640037 ], [ -75.573208708893674, 9.268231744848466 ], [ -75.570382456100788, 9.269128817662088 ], [ -75.568031993133943, 9.266998827084423 ], [ -75.566792472507146, 9.267032863223848 ], [ -75.56642836681344, 9.265663228617695 ], [ -75.564673979195092, 9.264133487882004 ], [ -75.563006076320747, 9.264508101975848 ], [ -75.562318874555601, 9.26406691617367 ], [ -75.561795460791757, 9.264547409737887 ], [ -75.561036818211406, 9.263954692019762 ], [ -75.560233718438468, 9.26437300339458 ], [ -75.558260856514153, 9.264155968150872 ], [ -75.558068038636534, 9.263047125087537 ], [ -75.556986832236348, 9.262391452577617 ], [ -75.553538937363271, 9.261298108405049 ], [ -75.5521359291035, 9.260086126593821 ], [ -75.553213907752706, 9.258079538923923 ], [ -75.551082784849271, 9.257416621945577 ], [ -75.55107607528403, 9.253423859396079 ], [ -75.550026357112856, 9.252040456309976 ], [ -75.548733769927765, 9.251412005247783 ], [ -75.549699185579726, 9.247824377716137 ], [ -75.54861330512567, 9.246898209194075 ], [ -75.548457173780861, 9.245260255398476 ], [ -75.54754702298149, 9.24406859877206 ], [ -75.548676582800837, 9.241392093199917 ], [ -75.546467131552845, 9.238661573858334 ], [ -75.544655258456459, 9.238428157269055 ], [ -75.543868382892072, 9.237793334167248 ], [ -75.542800354246211, 9.236095062454426 ], [ -75.543112134608037, 9.23398282977006 ], [ -75.541268045092792, 9.23164875891136 ], [ -75.537761745514516, 9.231973178966605 ], [ -75.535483568277556, 9.231340454627739 ], [ -75.535802354537608, 9.223900765328995 ], [ -75.53488472195292, 9.224293227985312 ], [ -75.53096723399851, 9.223171797585291 ], [ -75.529257054258238, 9.225434530691308 ], [ -75.526918713722608, 9.22576096606325 ], [ -75.525375649691526, 9.227698638120748 ], [ -75.524255479385744, 9.227468054942388 ], [ -75.523542005716976, 9.228490416375845 ], [ -75.523191793761768, 9.231401050164846 ], [ -75.521543531828044, 9.233113696981707 ], [ -75.519970001895572, 9.232451905760794 ], [ -75.516283829759047, 9.232216580730247 ], [ -75.51585208460061, 9.231221002343744 ], [ -75.513939116694644, 9.23039451097355 ], [ -75.513087784976804, 9.230789948558595 ], [ -75.512295734814259, 9.232954347640954 ], [ -75.511447325958699, 9.233836129948401 ], [ -75.507337545545198, 9.23409568296243 ], [ -75.505737387528072, 9.234967900887195 ], [ -75.501949547777485, 9.232446381363118 ], [ -75.500116000446639, 9.234370439377113 ], [ -75.499569882606352, 9.23614937512002 ], [ -75.500269818570047, 9.238176030183437 ], [ -75.499533376357107, 9.239454673082877 ], [ -75.497056401588836, 9.241475753029894 ], [ -75.495100070781888, 9.241708154847583 ], [ -75.492969573057152, 9.24270933842284 ], [ -75.491279649095631, 9.247351314917081 ], [ -75.488520160064297, 9.248772319268161 ], [ -75.487924669516431, 9.250530633749346 ], [ -75.486601944787353, 9.251251617155354 ], [ -75.484945553351125, 9.251096328956047 ], [ -75.483422367153764, 9.24952751250448 ], [ -75.481741516123321, 9.248863682785981 ], [ -75.480063645136539, 9.249252537191031 ], [ -75.478910928450745, 9.247907455387454 ], [ -75.475961623956735, 9.246095973958838 ], [ -75.475228592009842, 9.246346877513409 ], [ -75.474136131048382, 9.247836302997271 ], [ -75.473116119451916, 9.246673936926982 ], [ -75.473028597216086, 9.244942884875501 ], [ -75.469708926614103, 9.24574050484652 ], [ -75.469399563988915, 9.245260915236793 ], [ -75.468211200733975, 9.245104430283172 ], [ -75.467488969117369, 9.242323855754911 ], [ -75.466062278069245, 9.241700331787811 ], [ -75.464765201567801, 9.240070437871802 ], [ -75.462771667119412, 9.239763222613201 ], [ -75.461852853647741, 9.238156878099909 ], [ -75.459751238803506, 9.238707338064399 ], [ -75.458169695734171, 9.237522882604104 ], [ -75.459931156115147, 9.232418289249013 ], [ -75.459968886580029, 9.231399780669747 ], [ -75.459231494813352, 9.229982300830702 ], [ -75.460238275627688, 9.227901535351201 ], [ -75.460769432796198, 9.224659768171916 ], [ -75.462027532325493, 9.224342197575474 ], [ -75.462925389801612, 9.221695327577368 ], [ -75.464252741850174, 9.220364282124924 ], [ -75.463451073092457, 9.218952150015529 ], [ -75.464498951024112, 9.217349555204983 ], [ -75.464831563663779, 9.2151921709616 ], [ -75.466093905227638, 9.213752810377983 ], [ -75.465390788051323, 9.211485674060915 ], [ -75.465615366937044, 9.209094015868889 ], [ -75.466078131022712, 9.208757363518403 ], [ -75.465456036110751, 9.207453118137634 ], [ -75.466183281183021, 9.205012893256111 ], [ -75.46297085886124, 9.20279092833832 ], [ -75.463405639776767, 9.201841215812106 ], [ -75.462583552015502, 9.20166415409888 ], [ -75.463334603596465, 9.201653998142261 ], [ -75.463622669963797, 9.200750019828602 ], [ -75.462648177159338, 9.19901966924351 ], [ -75.463705096565278, 9.196963025565077 ], [ -75.463766852955928, 9.195800266859264 ], [ -75.462813514683219, 9.194931959926102 ], [ -75.461796979009932, 9.195748345875023 ], [ -75.460323513330849, 9.19428703960496 ], [ -75.461072327049564, 9.192428323147791 ], [ -75.459699286485716, 9.191472208928683 ], [ -75.460847329553332, 9.189243654625313 ], [ -75.459193071666448, 9.18699085169338 ], [ -75.459074439159551, 9.181367231821772 ], [ -75.457899834002006, 9.181070117106488 ], [ -75.456868659488919, 9.181645954564464 ], [ -75.455926362322003, 9.179290780772799 ], [ -75.457359901392323, 9.178774942790911 ], [ -75.457995450424349, 9.177606744965832 ], [ -75.458621594511186, 9.175089193160215 ], [ -75.458204377533292, 9.171336056459939 ], [ -75.460088946686056, 9.16650511693696 ], [ -75.4610957233362, 9.167023759771471 ], [ -75.462469017583956, 9.16511670821847 ], [ -75.463712480720503, 9.164385810155363 ], [ -75.467235006822662, 9.164908089988705 ], [ -75.466147244927839, 9.157907802985294 ], [ -75.464782731501742, 9.156435121256958 ], [ -75.463809327735049, 9.156128528441661 ], [ -75.463720393135176, 9.155417239165297 ], [ -75.464583488670385, 9.15429171606821 ], [ -75.464267893652291, 9.151692031184476 ], [ -75.46547792917751, 9.150387496550914 ], [ -75.46432000411707, 9.149252063064509 ], [ -75.46110516699207, 9.14866343647471 ], [ -75.459405129324267, 9.14962858881233 ], [ -75.45921487022035, 9.150409041379953 ], [ -75.45719198228204, 9.152095708217578 ], [ -75.454683566778641, 9.147574757354699 ], [ -75.453738700936412, 9.147586758901513 ], [ -75.452468738743988, 9.146932537081042 ], [ -75.452415773004617, 9.14645558716435 ], [ -75.450479723072817, 9.145897754092507 ], [ -75.449641765859155, 9.145359865135532 ], [ -75.449240719133513, 9.14411270904332 ], [ -75.44815697789042, 9.14341288110526 ], [ -75.449729640953478, 9.141661088665034 ], [ -75.448797788714799, 9.139569133993495 ], [ -75.447039189004357, 9.140061431898962 ], [ -75.444369734324368, 9.13898822063463 ], [ -75.437228639393425, 9.138968122097644 ], [ -75.434092848908406, 9.139782896639053 ], [ -75.433278002802425, 9.139228725476563 ], [ -75.432696826967515, 9.137544280342995 ], [ -75.433789031688576, 9.135933007258341 ], [ -75.434650464601162, 9.133204854782129 ], [ -75.434593638829881, 9.131864561041848 ], [ -75.43340986963139, 9.129937558559289 ], [ -75.434511455143209, 9.128281741140741 ], [ -75.435425376355482, 9.125261752824626 ], [ -75.435426816354749, 9.123623610635292 ], [ -75.436484191465254, 9.122896010350127 ], [ -75.437387668390372, 9.123369483964568 ], [ -75.439758379265157, 9.123329212631697 ], [ -75.441119906800694, 9.121720668596115 ], [ -75.44162097537324, 9.121977423527985 ], [ -75.441636749177277, 9.122842776744745 ], [ -75.443534329238318, 9.122793903776492 ], [ -75.44387334359898, 9.121723111088462 ], [ -75.44437734710425, 9.122599315247365 ], [ -75.445413374608307, 9.122902513027976 ], [ -75.446761710705928, 9.122561267391507 ], [ -75.44788460427101, 9.123008179459596 ], [ -75.450085930537085, 9.121909104610696 ], [ -75.45083244577441, 9.120722492700699 ], [ -75.45096170442784, 9.119796580069172 ], [ -75.450372895301598, 9.118810395042377 ], [ -75.451864468491138, 9.117824055827741 ], [ -75.451487200174142, 9.114586161474593 ], [ -75.449616807646649, 9.112107985947144 ], [ -75.448604599744328, 9.112128642497749 ], [ -75.447037519772863, 9.109430195063776 ], [ -75.447200287234651, 9.108635503850973 ], [ -75.446224556982045, 9.107358350758183 ], [ -75.446081331046699, 9.106393499141827 ], [ -75.443569016855065, 9.105307915704605 ], [ -75.442774942246743, 9.104572165135307 ], [ -75.442171588057064, 9.102850734273206 ], [ -75.442713295599603, 9.101770237071571 ], [ -75.444342486965738, 9.100948560979415 ], [ -75.44618729070028, 9.101595157100594 ], [ -75.448000277982942, 9.099757689565275 ], [ -75.44938733225014, 9.100287456874618 ], [ -75.449572997042537, 9.099894050245913 ], [ -75.451347396905106, 9.100153270062169 ], [ -75.454016094478717, 9.101261108017081 ], [ -75.455373494653827, 9.100473364921305 ], [ -75.455627721759711, 9.099625807179377 ], [ -75.456374789844915, 9.099281792538809 ], [ -75.456978949896993, 9.097295085698303 ], [ -75.457651747222044, 9.096833115850121 ], [ -75.457636646005326, 9.096093156529045 ], [ -75.456293099411369, 9.094488915133804 ], [ -75.45619458677524, 9.093052759988307 ], [ -75.454848383833678, 9.093122537475924 ], [ -75.458072858362954, 9.089414584956627 ], [ -75.458094186160878, 9.088876488576467 ], [ -75.457504204341447, 9.086339041089696 ], [ -75.455214460738418, 9.086357533095853 ], [ -75.454153800590362, 9.087446714591213 ], [ -75.453220640214539, 9.086675431712358 ], [ -75.453223727586732, 9.085765229368045 ], [ -75.451993035559397, 9.083769468295136 ], [ -75.449192525923579, 9.082663520270412 ], [ -75.44974525678478, 9.080989257630248 ], [ -75.450799133984731, 9.079976708157719 ], [ -75.450668522761703, 9.078733587867621 ], [ -75.449591270715985, 9.076869273540213 ], [ -75.448479760554946, 9.076342282029957 ], [ -75.445668937861925, 9.077284906892698 ], [ -75.444845098558034, 9.07612640347806 ], [ -75.444443239143965, 9.074293960819174 ], [ -75.442758732029034, 9.073396727364273 ], [ -75.441856885909544, 9.07211259098135 ], [ -75.44248426640273, 9.068679459455771 ], [ -75.441357148851367, 9.066736856214668 ], [ -75.440681946449956, 9.066008128632426 ], [ -75.438475569341961, 9.066643355492182 ], [ -75.43766050514445, 9.06642076688675 ], [ -75.436326051873522, 9.063804703192865 ], [ -75.434139721850002, 9.062742636833894 ], [ -75.434743604077951, 9.06186505513274 ], [ -75.434723005438855, 9.060555943783598 ], [ -75.433725173489265, 9.057536892043059 ], [ -75.439575670752731, 9.053496685107723 ], [ -75.442763348720405, 9.052093955882498 ], [ -75.443468865609518, 9.052482159115979 ], [ -75.448262133345736, 9.052295945670288 ], [ -75.450193580861381, 9.050898748273481 ], [ -75.451170500871655, 9.051404283463013 ], [ -75.454320482962473, 9.050358418996058 ], [ -75.454353443409246, 9.049526838400137 ], [ -75.451740895510227, 9.046618990439711 ], [ -75.452156277898581, 9.044637641772345 ], [ -75.45107790255264, 9.043941279090587 ], [ -75.451466900670852, 9.040528850032771 ], [ -75.453091832768223, 9.036243772268231 ], [ -75.45431329840217, 9.034670227714376 ], [ -75.454492986172426, 9.033232817355682 ], [ -75.455846188055418, 9.031157687039242 ], [ -75.457093281348989, 9.026196702950198 ], [ -75.45804894535479, 9.025461248825946 ], [ -75.458289797269984, 9.023616880910671 ], [ -75.459253321537687, 9.023156935484993 ], [ -75.459551738021915, 9.020818254164075 ], [ -75.460583041685226, 9.019354629946113 ], [ -75.460135881176569, 9.018385061793834 ], [ -75.460382348071889, 9.01766499184539 ], [ -75.461673787099201, 9.016278544209221 ], [ -75.459980392323004, 9.015543534774842 ], [ -75.459586066490516, 9.012618443589623 ], [ -75.458306588268783, 9.011354992821072 ], [ -75.458109971050277, 9.009445113807168 ], [ -75.457305950298917, 9.008233033983764 ], [ -75.456969082268074, 9.005778035233337 ], [ -75.456424359275758, 9.00522700876963 ], [ -75.45675871124044, 9.000817088724386 ], [ -75.457551983241643, 8.999788492225429 ], [ -75.457545771910929, 8.998553811312973 ], [ -75.455402533925522, 8.997527205754276 ], [ -75.455368088233499, 8.996658166486188 ], [ -75.456983791412043, 8.995101755421491 ], [ -75.45700147393724, 8.991592828615429 ], [ -75.45645215204047, 8.990577217211055 ], [ -75.457241366405555, 8.989124534824748 ], [ -75.456424202691295, 8.988285611961745 ], [ -75.456670912095987, 8.985940757271427 ], [ -75.455506300075982, 8.984556838484979 ], [ -75.455866875725462, 8.982772268491532 ], [ -75.454792993097115, 8.981591482564612 ], [ -75.454826242751523, 8.979962207041099 ], [ -75.45363154459298, 8.978403555220588 ], [ -75.454311836933286, 8.978082497694462 ], [ -75.4537126890487, 8.977531155722039 ], [ -75.454611376156606, 8.977119551078559 ], [ -75.454375760579111, 8.976668104744183 ], [ -75.456524090909724, 8.975664049532103 ], [ -75.456996493470427, 8.974138655431224 ], [ -75.456571543779432, 8.972486481641557 ], [ -75.456974833524555, 8.971526484378151 ], [ -75.455109443839461, 8.970006883604606 ], [ -75.455173973764261, 8.968021896967365 ], [ -75.455668833654443, 8.967532718231636 ], [ -75.455480879530612, 8.966052750311549 ], [ -75.454969363370296, 8.965555396824008 ], [ -75.455132567755655, 8.964530891670348 ], [ -75.454274136004614, 8.96337935094513 ], [ -75.455956231852184, 8.962203182143847 ], [ -75.454769377737264, 8.959866286386264 ], [ -75.453763909519168, 8.959912604731198 ], [ -75.451643137974784, 8.957334680705173 ], [ -75.451621041686181, 8.955674100210759 ], [ -75.449973860094403, 8.954767810719401 ], [ -75.449071113334725, 8.953468413097777 ], [ -75.44728552094702, 8.952179743643876 ], [ -75.445138873821875, 8.952211419812896 ], [ -75.444879526632107, 8.951392258949502 ], [ -75.443234891728196, 8.950137283116694 ], [ -75.443159199874927, 8.948512220449881 ], [ -75.442371458923731, 8.947717848705997 ], [ -75.442725861019298, 8.947350568295706 ], [ -75.441568953817836, 8.947640487191171 ], [ -75.441526912193325, 8.946738093437798 ], [ -75.443117552692783, 8.943550328137029 ], [ -75.442909119685197, 8.941094690644377 ], [ -75.441778014608914, 8.940313110992731 ], [ -75.44210651165956, 8.939692309506786 ], [ -75.441522424332987, 8.938348254710563 ], [ -75.442034590424811, 8.93818205534971 ], [ -75.442813906708309, 8.936533355042258 ], [ -75.442555345299596, 8.931865503745525 ], [ -75.443091257145056, 8.930661730622996 ], [ -75.44250503715908, 8.929405222665508 ], [ -75.443288627793166, 8.92924794582825 ], [ -75.444049294565318, 8.926050059281334 ], [ -75.445097617027102, 8.925555315035995 ], [ -75.445176448228111, 8.92457742251324 ], [ -75.444504957620907, 8.923351046474268 ], [ -75.445401026822879, 8.922379730160966 ], [ -75.444158964755729, 8.922010334608119 ], [ -75.443831220618947, 8.921096450931817 ], [ -75.444625952217478, 8.919517193513377 ], [ -75.444171849972051, 8.918704424447887 ], [ -75.444717936547391, 8.917803923033386 ], [ -75.443497331754273, 8.911872646555661 ], [ -75.445295551439898, 8.910668155427704 ], [ -75.445855224329321, 8.90932511340781 ], [ -75.445512512177274, 8.908873459772636 ], [ -75.44651242827203, 8.908044016969598 ], [ -75.44697307852077, 8.906626485509811 ], [ -75.448663941185941, 8.90673864197406 ], [ -75.449730906581735, 8.907408936332576 ], [ -75.45101549753835, 8.905840459827484 ], [ -75.451920421812659, 8.905899132734691 ], [ -75.451550459582407, 8.905562756806042 ], [ -75.452354449994047, 8.905207155038605 ], [ -75.455060161890088, 8.905281258582814 ], [ -75.45471056774511, 8.902615493852922 ], [ -75.45808476156401, 8.901815529598865 ], [ -75.458623750475965, 8.901276540488025 ], [ -75.459009314476944, 8.90005872126908 ], [ -75.461294578767991, 8.897835046198018 ], [ -75.462578225980891, 8.895439728785981 ], [ -75.464008644839922, 8.8950813927468 ], [ -75.4648380463357, 8.893466051069367 ], [ -75.464836398668879, 8.892134420880362 ], [ -75.465391108374121, 8.892145741195472 ], [ -75.466330196044012, 8.890849329258218 ], [ -75.467627881713327, 8.890229719728509 ], [ -75.468327356595296, 8.888874652644088 ], [ -75.467522940612795, 8.885396893563763 ], [ -75.465593349065443, 8.886077523395645 ], [ -75.46426789379116, 8.885284936103321 ], [ -75.464764662323262, 8.884514995043567 ], [ -75.465065290138384, 8.881633817992135 ], [ -75.467409751712538, 8.88001389524122 ], [ -75.470106942816841, 8.879454693949615 ], [ -75.469942522721794, 8.878089731363723 ], [ -75.466768597217424, 8.87792564988075 ], [ -75.464628058631206, 8.878377193082695 ], [ -75.463464379030199, 8.878100006156121 ], [ -75.463130129682526, 8.877391762603111 ], [ -75.461318696807368, 8.876960282104093 ], [ -75.463554781071167, 8.875636739711869 ], [ -75.463946960990398, 8.871556484763524 ], [ -75.464858436048999, 8.869523948324968 ], [ -75.462800727801024, 8.869244078703586 ], [ -75.461566964854882, 8.868125239276694 ], [ -75.461397121006115, 8.864411630579164 ], [ -75.46089921144889, 8.863949947930555 ], [ -75.46191335659995, 8.862550084536903 ], [ -75.464258029522469, 8.862054620546859 ], [ -75.464498362166665, 8.860526067912463 ], [ -75.46527625238204, 8.859914090490086 ], [ -75.467012382318003, 8.86062735271776 ], [ -75.46684626877034, 8.859350608548334 ], [ -75.469133288444951, 8.857890284792525 ], [ -75.470481512287137, 8.85276751735149 ], [ -75.469876518346837, 8.851494914421663 ], [ -75.469272073432109, 8.851261718877346 ], [ -75.469440014365418, 8.85018400842338 ], [ -75.470276315609595, 8.849388900947362 ], [ -75.471457165355119, 8.845771634943475 ], [ -75.471119582832642, 8.845608978769576 ], [ -75.472021235105942, 8.844513311556199 ], [ -75.471738195484576, 8.842187121527461 ], [ -75.470890831231685, 8.842293604606725 ], [ -75.470108978080361, 8.841183642987989 ], [ -75.472633262863212, 8.84020737998444 ], [ -75.47208640431576, 8.837401186447615 ], [ -75.472354766100338, 8.834221699786136 ], [ -75.473808212864427, 8.832962596898684 ], [ -75.474733949582927, 8.832743281385108 ], [ -75.474864734773831, 8.831562137028804 ], [ -75.476503723272046, 8.830083084555458 ], [ -75.476668463639356, 8.828214504594222 ], [ -75.47774494843884, 8.82700397867734 ], [ -75.478065122409575, 8.824280310508652 ], [ -75.478830516375041, 8.823706624991489 ], [ -75.479078297349901, 8.82094011268801 ], [ -75.480682323647173, 8.819606473218835 ], [ -75.482728838974097, 8.819292790867458 ], [ -75.48336780017901, 8.820646690813389 ], [ -75.484115274463804, 8.820820602749166 ], [ -75.484878682928851, 8.821814995253566 ], [ -75.486801372069948, 8.821584920119838 ], [ -75.488144861483477, 8.820497141909973 ], [ -75.489890254844838, 8.820167920084439 ], [ -75.492212997762223, 8.82094427998258 ], [ -75.495004732141226, 8.82014590953024 ], [ -75.495130890421294, 8.820544387559188 ], [ -75.497827893120686, 8.820868986224699 ], [ -75.498495884580919, 8.820725340911267 ], [ -75.498861818282265, 8.819949961371844 ], [ -75.502419263248868, 8.819562655724134 ], [ -75.504781484588591, 8.818702395812219 ], [ -75.505191921767405, 8.81763280058396 ], [ -75.50652366160449, 8.817528565726152 ], [ -75.508098878949696, 8.816130178701941 ], [ -75.509935564144016, 8.815278677683759 ], [ -75.509399061731713, 8.813902174806953 ], [ -75.509740249223498, 8.81236559606519 ], [ -75.51106212702139, 8.8114477265456 ], [ -75.511783488813293, 8.812211828411112 ], [ -75.512708651844946, 8.811923801196558 ], [ -75.514475797028993, 8.810107673043596 ], [ -75.513688732657712, 8.808006502330283 ], [ -75.515040022164271, 8.806251011837888 ], [ -75.513600646059047, 8.802960125378787 ], [ -75.514563317767923, 8.799138130395063 ], [ -75.512127931641672, 8.794940700628166 ], [ -75.51108476226328, 8.790632646826534 ], [ -75.511796123020872, 8.788857674646222 ], [ -75.511206902624238, 8.788295331085832 ], [ -75.512097395216813, 8.786949203632242 ], [ -75.512044842464178, 8.786248751281448 ], [ -75.510131825204354, 8.784469806741988 ], [ -75.509163424532701, 8.784692417634975 ], [ -75.507933876153388, 8.783662314744385 ], [ -75.506238902071658, 8.7833842614828 ], [ -75.506084415895018, 8.782512704879725 ], [ -75.504525948847814, 8.780669153079385 ], [ -75.502414838834085, 8.778899365390489 ], [ -75.500917799685354, 8.779288258371828 ], [ -75.499870452914351, 8.779000214792681 ], [ -75.499260556017106, 8.777817668627582 ], [ -75.499753382788555, 8.77569499748725 ], [ -75.49876699720437, 8.774417003754563 ], [ -75.497430970730093, 8.768674929770333 ], [ -75.496336391979824, 8.767022787092703 ], [ -75.495261669991535, 8.766304674009852 ], [ -75.494422390063022, 8.763795523726179 ], [ -75.492903728911799, 8.763092176187264 ], [ -75.495335408784058, 8.761392481029574 ], [ -75.496365068037434, 8.759532808786696 ], [ -75.499298266323748, 8.759550935996844 ], [ -75.499271461813706, 8.757239588179381 ], [ -75.498405909912847, 8.75532829253466 ], [ -75.500884538646233, 8.754154319722488 ], [ -75.501239448667391, 8.75334880153326 ], [ -75.503123736390876, 8.753018493930094 ], [ -75.505448109910702, 8.75084851895525 ], [ -75.505117048113178, 8.748305519354828 ], [ -75.506202478356911, 8.747116040504217 ], [ -75.504806406190696, 8.746377263828453 ], [ -75.504933445181749, 8.744279100917542 ], [ -75.504055667132576, 8.742807331265332 ], [ -75.501819188956873, 8.742024004224611 ], [ -75.500621312670305, 8.740659173070373 ], [ -75.498909516221161, 8.74116469176802 ], [ -75.498049730406549, 8.73977725051639 ], [ -75.497452845604698, 8.736613103585547 ], [ -75.499056948659529, 8.734232074662945 ], [ -75.496371898470343, 8.732069694008263 ], [ -75.49554450912143, 8.729927093210836 ], [ -75.496212520689227, 8.727208702750604 ], [ -75.495855486266152, 8.726452179840004 ], [ -75.494610649105354, 8.72598329645246 ], [ -75.493826764680705, 8.722343418685405 ], [ -75.495426639048304, 8.721805453267182 ], [ -75.496296483013182, 8.719962333324586 ], [ -75.498423699893522, 8.719768605393243 ], [ -75.498811546134988, 8.719035643067418 ], [ -75.497171552769586, 8.717115782618512 ], [ -75.498024495318546, 8.71495271983629 ], [ -75.497414365477425, 8.713393359401771 ], [ -75.495982744011101, 8.712095485436658 ], [ -75.495642102903702, 8.707845431818335 ], [ -75.496355571478645, 8.707493740452946 ], [ -75.496480196114788, 8.705734963141849 ], [ -75.498288925980916, 8.703827224113763 ], [ -75.500597063621854, 8.705060837567286 ], [ -75.506686801563944, 8.704860294263609 ], [ -75.509107162616587, 8.707864048489043 ], [ -75.512717188268979, 8.70859152089089 ], [ -75.514570801531562, 8.707196740768135 ], [ -75.517432288554687, 8.706915903776943 ], [ -75.518330893123789, 8.705649617113297 ], [ -75.523542509349326, 8.704466015288013 ], [ -75.524169047358939, 8.703201989179153 ], [ -75.52546235875171, 8.703947362443872 ], [ -75.52836966956292, 8.704284231118816 ], [ -75.528628562234246, 8.705341175470121 ], [ -75.530089892067352, 8.704845678187786 ], [ -75.532476456413974, 8.705216416010252 ], [ -75.532985749169157, 8.706530019572341 ], [ -75.534440056827577, 8.707138360451635 ], [ -75.534610781992356, 8.708210079235652 ], [ -75.536029330072722, 8.706039413577932 ], [ -75.537477325755376, 8.705841521318224 ], [ -75.537237474568627, 8.704069521865813 ], [ -75.53784941123827, 8.703712989381756 ], [ -75.537953485359125, 8.701387426992065 ], [ -75.538487930093126, 8.701023556720344 ], [ -75.54312460006966, 8.700559747084833 ], [ -75.544189004124675, 8.701009016996265 ], [ -75.546127891716296, 8.700915548634097 ], [ -75.547464511789343, 8.699115209737444 ], [ -75.551742362142136, 8.698894339610439 ], [ -75.554884325234795, 8.695741419056995 ], [ -75.557127972832973, 8.697546866717254 ], [ -75.55977319494724, 8.698270325645298 ], [ -75.56103764027057, 8.699451505052886 ], [ -75.566166238200964, 8.698209686390273 ], [ -75.567350590045805, 8.698777768706957 ], [ -75.568344699650524, 8.700462109680625 ], [ -75.570382404456495, 8.699900663328936 ], [ -75.57206178514447, 8.70168445052539 ], [ -75.57204226675411, 8.702880609176585 ], [ -75.572852771494155, 8.703830792020328 ], [ -75.573492781426893, 8.70634493728415 ], [ -75.573297647430635, 8.706979176435743 ], [ -75.57429603794921, 8.707985500443609 ], [ -75.577215563006419, 8.707091465942808 ], [ -75.578083549554222, 8.708771525921108 ], [ -75.580297563521427, 8.707343593347494 ], [ -75.581665349515902, 8.707136569019232 ], [ -75.582729958189489, 8.707877492143592 ], [ -75.585990632495808, 8.70798550067156 ], [ -75.587562684076204, 8.70854694720393 ], [ -75.590689885197705, 8.711376903733038 ], [ -75.590728470546608, 8.712350405960935 ], [ -75.589247025175268, 8.712230792889804 ], [ -75.59071595161268, 8.714559012030808 ], [ -75.593210902695247, 8.713904696295064 ], [ -75.592585472933266, 8.712641391555886 ], [ -75.594055898271492, 8.710509912982106 ], [ -75.59909253212372, 8.709586905738234 ], [ -75.600166026181199, 8.707594803535436 ], [ -75.601324192228802, 8.706633583228843 ], [ -75.6027213869923, 8.707423712363765 ], [ -75.605130369244606, 8.706980783691609 ], [ -75.607817194288728, 8.704573550874867 ], [ -75.608435987574538, 8.702953313295749 ], [ -75.608556522318253, 8.700462109691092 ], [ -75.60929180912818, 8.699664676666799 ], [ -75.608988159952332, 8.698610386296773 ], [ -75.610614922657604, 8.696016893251123 ], [ -75.610119669716255, 8.688788213301422 ], [ -75.610491321361593, 8.687836829430687 ], [ -75.611924254751955, 8.688381620561703 ], [ -75.612761659601489, 8.687854161303282 ], [ -75.61385144046298, 8.683257673426761 ], [ -75.61290708866612, 8.681195271776167 ], [ -75.610079707110089, 8.678999260830771 ], [ -75.612042301951661, 8.676324693975719 ], [ -75.613562278998472, 8.675224148073221 ], [ -75.614213259334448, 8.673434486865469 ], [ -75.617319377937463, 8.672057170299226 ], [ -75.617655370788, 8.671249025713765 ], [ -75.618747395629939, 8.671292309622803 ], [ -75.619782837133201, 8.669477773837317 ], [ -75.619564495056011, 8.668521687073065 ], [ -75.616865938777849, 8.666218120466748 ], [ -75.616535297384075, 8.664598465975093 ], [ -75.614838893989585, 8.661354736812067 ], [ -75.616628225134761, 8.660686381819531 ], [ -75.618795255161885, 8.661254207117585 ], [ -75.619991835908422, 8.660330934261891 ], [ -75.620320736107715, 8.659803480276512 ], [ -75.619670864098239, 8.658468010865164 ], [ -75.620033449190913, 8.658132056768917 ], [ -75.619336305866725, 8.656556950144534 ], [ -75.621130666121118, 8.655207094572495 ], [ -75.623823641384874, 8.654958885419386 ], [ -75.62526008927216, 8.652785092311449 ], [ -75.627740778899891, 8.652705793948547 ], [ -75.628893091030804, 8.653350579747867 ], [ -75.63111448031259, 8.651732786602327 ], [ -75.633690132192299, 8.652281746032745 ], [ -75.635394461480658, 8.650702599147012 ], [ -75.636530104987912, 8.646911409659907 ], [ -75.639919250915241, 8.642807414973321 ], [ -75.639979094215931, 8.640149971992985 ], [ -75.639724111084988, 8.63689207798774 ], [ -75.638824253604753, 8.635424625164793 ], [ -75.636602471693791, 8.635997750952123 ], [ -75.635513074491669, 8.635312778088684 ], [ -75.633719351375788, 8.635361553847032 ], [ -75.63276340080121, 8.634029779607635 ], [ -75.633744081485361, 8.630560838312746 ], [ -75.633754647500652, 8.628322326303103 ], [ -75.634889916335865, 8.627147778015642 ], [ -75.635102038278959, 8.624832429839042 ], [ -75.63618399902461, 8.624334170494205 ], [ -75.636295412748353, 8.623750604726711 ], [ -75.641741572739775, 8.623721414102656 ], [ -75.642137864297936, 8.618300419121848 ], [ -75.642808925839077, 8.61582867686921 ], [ -75.642688552575322, 8.612525503043074 ], [ -75.64352531161218, 8.612035606425687 ], [ -75.646264731733041, 8.612138482460454 ], [ -75.645953177189853, 8.61109623483935 ], [ -75.64628576477476, 8.609619976523772 ], [ -75.648689578512915, 8.609130636298573 ], [ -75.651018647033865, 8.606647620274023 ], [ -75.654365734014291, 8.606384213582308 ], [ -75.657023223902868, 8.607549080736943 ], [ -75.659649049228278, 8.607655332253701 ], [ -75.664017514772951, 8.603758073373783 ], [ -75.665100578103392, 8.600137774474561 ], [ -75.667396174119261, 8.596594404926687 ], [ -75.669150904117402, 8.59553024218658 ], [ -75.670203408936175, 8.59300114396 ], [ -75.671524851898994, 8.591626546340457 ], [ -75.67149394516025, 8.589499306560919 ], [ -75.67207499158539, 8.588401229054647 ], [ -75.67177974190831, 8.587178590040786 ], [ -75.673796670062146, 8.580761598173538 ], [ -75.674588147669837, 8.579892817218925 ], [ -75.674953578536076, 8.578267328656477 ], [ -75.676528902635667, 8.577249882642656 ], [ -75.676495689893443, 8.574130124219405 ], [ -75.675709871067255, 8.573366992227161 ], [ -75.676042458816482, 8.573030124036706 ], [ -75.675709870798414, 8.572131808952895 ], [ -75.676042458593244, 8.570430972456501 ], [ -75.677281922838944, 8.570322964361038 ], [ -75.678110598695255, 8.568807903529938 ], [ -75.676618318697123, 8.567634562414801 ], [ -75.678328147814995, 8.567362187838903 ], [ -75.679169437548452, 8.5661735552421 ], [ -75.681438242800681, 8.565539591543462 ], [ -75.681882231459994, 8.563684876466228 ], [ -75.682663491188208, 8.562645096901875 ], [ -75.681419263380604, 8.560147491127946 ], [ -75.681858215128827, 8.55974078034961 ], [ -75.681815949764072, 8.557266773653975 ], [ -75.682442954810455, 8.554373586991259 ], [ -75.683144110782763, 8.553582937242822 ], [ -75.683454750659052, 8.550990494695826 ], [ -75.682218375722684, 8.549212554754561 ], [ -75.681924799294862, 8.547837185626037 ], [ -75.681212051883776, 8.547371252668915 ], [ -75.681491208761685, 8.546467307165925 ], [ -75.680653254775876, 8.545569570548924 ], [ -75.680687080361665, 8.544319180882177 ], [ -75.676680061652149, 8.543309112996633 ], [ -75.675934450227288, 8.541189033466065 ], [ -75.675836385612541, 8.539065542897431 ], [ -75.673820219757147, 8.53717358273853 ], [ -75.673141754477697, 8.535538933556793 ], [ -75.673235223411822, 8.534610650669185 ], [ -75.674345070432423, 8.53389838122416 ], [ -75.675195064405941, 8.532244580406532 ], [ -75.674664144246535, 8.529137045655931 ], [ -75.675176742062476, 8.527078781487377 ], [ -75.677235881099207, 8.525059112331894 ], [ -75.677551359129595, 8.523406696842624 ], [ -75.678953254031171, 8.52312737970496 ], [ -75.68066312070502, 8.520773734019762 ], [ -75.68041960562114, 8.518593440947333 ], [ -75.679569005988313, 8.51785232463531 ], [ -75.67925643889636, 8.516446056612953 ], [ -75.677760511826108, 8.516672871271515 ], [ -75.675894184178091, 8.519315286593665 ], [ -75.673759315625205, 8.523367380040636 ], [ -75.673379513112039, 8.524966354560121 ], [ -75.669380642895788, 8.524171323001969 ], [ -75.669031921183716, 8.521735923937731 ], [ -75.666673570430632, 8.519550792874286 ], [ -75.667242741379567, 8.518611362735692 ], [ -75.67007286141974, 8.518015853663435 ], [ -75.670461181574495, 8.514509908771398 ], [ -75.669368516540601, 8.51244496278208 ], [ -75.669628613409913, 8.510221245318345 ], [ -75.66873019734507, 8.509572554786756 ], [ -75.668177037611514, 8.50832443675019 ], [ -75.668836559822722, 8.506634156670856 ], [ -75.667941933069045, 8.504824847790236 ], [ -75.667482054461601, 8.499180344799402 ], [ -75.666926949351691, 8.498063366508857 ], [ -75.667352808780876, 8.495392451184111 ], [ -75.666999155767954, 8.49362244391471 ], [ -75.668788429378822, 8.489490443588972 ], [ -75.670345277317168, 8.489019405850598 ], [ -75.669958877632382, 8.487668885843409 ], [ -75.667607478942401, 8.485313616158352 ], [ -75.66781155194046, 8.482046086526541 ], [ -75.666716168128673, 8.479647124612587 ], [ -75.667830475499571, 8.47892394269058 ], [ -75.667200596541662, 8.475736517996378 ], [ -75.671218294452984, 8.470048520918331 ], [ -75.671218295169126, 8.468264104699408 ], [ -75.671811026196721, 8.466690376305296 ], [ -75.668668278849495, 8.461321493197481 ], [ -75.669229846755712, 8.460779036957323 ], [ -75.669357854932727, 8.458487167156949 ], [ -75.670198348171766, 8.45713881108502 ], [ -75.66999305252159, 8.452793193671958 ], [ -75.665320959791572, 8.454382007717264 ] ], [ [ -75.859128162367455, 9.358635754145185 ], [ -75.85931734188749, 9.359462218185328 ], [ -75.859739303303016, 9.359029093285534 ], [ -75.859390073528189, 9.358435953363903 ], [ -75.858409765559799, 9.358146911094938 ], [ -75.859128162367455, 9.358635754145185 ] ], [ [ -75.835630024470575, 9.360919578031034 ], [ -75.835090390291455, 9.362915241624874 ], [ -75.836223490874303, 9.362639011966616 ], [ -75.835724947041896, 9.362170922135341 ], [ -75.835630024470575, 9.360919578031034 ] ], [ [ -75.831771312561145, 9.365850278492131 ], [ -75.832122640206606, 9.365964285638828 ], [ -75.832129848834413, 9.364532095803407 ], [ -75.833904764880288, 9.363423820005821 ], [ -75.832352411372611, 9.36386256619457 ], [ -75.831901178139319, 9.364654990484507 ], [ -75.831771312561145, 9.365850278492131 ] ], [ [ -75.854217592914338, 9.36548565129406 ], [ -75.854592445806659, 9.365443262758212 ], [ -75.854967747308351, 9.365737881553647 ], [ -75.854647846113764, 9.36541252512391 ], [ -75.854217592914338, 9.36548565129406 ] ], [ [ -75.853912148030489, 9.36566784135117 ], [ -75.852044706904834, 9.366172192245168 ], [ -75.851553282851555, 9.36765943216297 ], [ -75.850665783254144, 9.368213692680692 ], [ -75.848576843829335, 9.369118595906127 ], [ -75.848022893234031, 9.368653576934557 ], [ -75.848295431785189, 9.369261102140689 ], [ -75.849086736806143, 9.37004935842417 ], [ -75.850287111918519, 9.37022491329394 ], [ -75.851123318116393, 9.368184612879281 ], [ -75.851973541368082, 9.368681054125753 ], [ -75.853464573811451, 9.367764387698751 ], [ -75.853433469386815, 9.36624027505391 ], [ -75.853912148030489, 9.36566784135117 ] ], [ [ -75.847723198649859, 9.368401994021161 ], [ -75.846945340572915, 9.367764086287508 ], [ -75.846062543962262, 9.367839999255136 ], [ -75.846639375305529, 9.367933902121866 ], [ -75.847723198649859, 9.368401994021161 ] ], [ [ -75.872558518740092, 9.405213710126702 ], [ -75.871209698251917, 9.4063144645649 ], [ -75.872901806029262, 9.405737310188591 ], [ -75.872558518740092, 9.405213710126702 ] ], [ [ -75.915927890507561, 9.425806364434196 ], [ -75.915109876705671, 9.426086105106265 ], [ -75.91522196234844, 9.426193795783147 ], [ -75.915927890507561, 9.425806364434196 ] ], [ [ -75.915895902462992, 9.427624769784769 ], [ -75.916365841016173, 9.427739332045791 ], [ -75.916093394840956, 9.427340752078244 ], [ -75.915895902462992, 9.427624769784769 ] ], [ [ -75.916692889795783, 9.428053555620934 ], [ -75.916755887839003, 9.428440545164197 ], [ -75.91676242252916, 9.428120360788249 ], [ -75.916692889795783, 9.428053555620934 ] ], [ [ -75.916882205254396, 9.429216490644269 ], [ -75.917054553822709, 9.429272418305866 ], [ -75.916808870745541, 9.428766011996489 ], [ -75.916882205254396, 9.429216490644269 ] ], [ [ -75.918482315652625, 9.4305773683287 ], [ -75.918379071010179, 9.430286579662495 ], [ -75.917686365000733, 9.429832422325397 ], [ -75.918022432322488, 9.430345009461341 ], [ -75.918482315652625, 9.4305773683287 ] ], [ [ -75.918803941448203, 9.431363777980321 ], [ -75.919057125438727, 9.431941602517259 ], [ -75.919079306678455, 9.431962913710269 ], [ -75.918803941448203, 9.431363777980321 ] ], [ [ -75.918813181272256, 9.433263820569898 ], [ -75.918793570048138, 9.433365449719139 ], [ -75.918928643602925, 9.433235672802573 ], [ -75.918813181272256, 9.433263820569898 ] ], [ [ -75.918703137811264, 9.433834074420389 ], [ -75.918882573679127, 9.434006474108131 ], [ -75.918727834380888, 9.43370609635236 ], [ -75.918703137811264, 9.433834074420389 ] ] ] ] } }
]
}
