{
"type": "FeatureCollection",
"name": "infra_lagunas",
"crs": { "type": "name", "properties": { "name": "urn:ogc:def:crs:OGC:1.3:CRS84" } },
"features": [
{ "type": "Feature", "properties": { "OBJECTID": 8659.0, "NOMBRE_GEO": null, "PROYECTO": null, "SYMBOL": "3", "FECHA": null, "RULEID": 1, "PK_CUE": 707338.0, "GLOBALID": "{A968A9BD-3178-42F3-B687-E2A38B468053}", "SHAPE_Leng": 527.48657461141204, "SHAPE_Area": 16261.749872629041 }, "geometry": { "type": "Polygon", "coordinates": [ [ [ -75.797397164708585, 9.372438053002911 ], [ -75.797642125764824, 9.372399165094672 ], [ -75.797903923075253, 9.372454627030102 ], [ -75.798115908170701, 9.372590847833536 ], [ -75.798241438161014, 9.372782234441162 ], [ -75.798251967337791, 9.373000515071706 ], [ -75.798153232684854, 9.373214467031827 ], [ -75.797981179264283, 9.373390212799141 ], [ -75.797772230142257, 9.373496152282579 ], [ -75.797551270897969, 9.373548316862824 ], [ -75.797331579084855, 9.37360329395031 ], [ -75.797116629928311, 9.37367750388724 ], [ -75.79690407799599, 9.373761504890577 ], [ -75.79654135737043, 9.373555405792233 ], [ -75.796522742175455, 9.373416202912251 ], [ -75.796698625040591, 9.373273144951071 ], [ -75.796942005223499, 9.373142143864269 ], [ -75.797132493152716, 9.373011285880995 ], [ -75.797204179029734, 9.37280835663743 ], [ -75.797244674581819, 9.372581245308391 ], [ -75.797397164708585, 9.372438053002911 ] ] ] } },
{ "type": "Feature", "properties": { "OBJECTID": 8660.0, "NOMBRE_GEO": null, "PROYECTO": null, "SYMBOL": "3", "FECHA": null, "RULEID": 1, "PK_CUE": 707340.0, "GLOBALID": "{FA5AD690-E5EF-44B2-B190-1AA46709A8C5}", "SHAPE_Leng": 317.16251356212348, "SHAPE_Area": 6468.9258716752756 }, "geometry": { "type": "Polygon", "coordinates": [ [ [ -75.796061984978749, 9.367250304688371 ], [ -75.796262848663133, 9.367230110899165 ], [ -75.796472542060314, 9.36736740033429 ], [ -75.796552151405265, 9.367580551747031 ], [ -75.7965471202006, 9.367814563855969 ], [ -75.796453732012452, 9.368015840279735 ], [ -75.79637767142971, 9.368080581765041 ], [ -75.79627944036254, 9.36816417043568 ], [ -75.795906845626504, 9.36811286737364 ], [ -75.795678116808261, 9.367994118993893 ], [ -75.795706297127509, 9.367857664641141 ], [ -75.795921667781286, 9.367697054626761 ], [ -75.79601254168638, 9.367456997789736 ], [ -75.796061984978749, 9.367250304688371 ] ] ] } },
{ "type": "Feature", "properties": { "OBJECTID": 8661.0, "NOMBRE_GEO": null, "PROYECTO": null, "SYMBOL": "3", "FECHA": null, "RULEID": 1, "PK_CUE": 707342.0, "GLOBALID": "{EEABC325-E4D6-43B6-A6AF-DC6C17AFBD20}", "SHAPE_Leng": 611.68120489460648, "SHAPE_Area": 23551.109542571685 }, "geometry": { "type": "Polygon", "coordinates": [ [ [ -75.940142188536313, 9.340307063339422 ], [ -75.940372669986061, 9.340262605289743 ], [ -75.940603546003743, 9.340271669243593 ], [ -75.940805784209729, 9.340371031995769 ], [ -75.940944834003844, 9.340556525271539 ], [ -75.94098643515666, 9.34078152633362 ], [ -75.940935303282984, 9.341006777578857 ], [ -75.940813339010788, 9.341200598561075 ], [ -75.940642066264786, 9.341350914440268 ], [ -75.940445082904674, 9.341464532640552 ], [ -75.940252880213436, 9.341584574573732 ], [ -75.940080987263116, 9.341733902256415 ], [ -75.939913154652189, 9.341882752553319 ], [ -75.939717878912631, 9.341995437285354 ], [ -75.939458616154724, 9.342037397991055 ], [ -75.939219179946093, 9.341988717676809 ], [ -75.939163321960777, 9.341842068181608 ], [ -75.939334011071253, 9.341566456072549 ], [ -75.939380975043903, 9.341345343924008 ], [ -75.939435790164296, 9.341125930852524 ], [ -75.939507494071023, 9.340911108050115 ], [ -75.939609551390362, 9.340708258592633 ], [ -75.93975158414321, 9.340529090013415 ], [ -75.939931453994205, 9.340392897194707 ], [ -75.940142188536313, 9.340307063339422 ] ] ] } },
{ "type": "Feature", "properties": { "OBJECTID": 8662.0, "NOMBRE_GEO": null, "PROYECTO": null, "SYMBOL": "3", "FECHA": null, "RULEID": 1, "PK_CUE": 707344.0, "GLOBALID": "{447E1843-1143-4864-AE6C-24CD6A0BFC49}", "SHAPE_Leng": 831.94640951475753, "SHAPE_Area": 35008.766224542996 }, "geometry": { "type": "Polygon", "coordinates": [ [ [ -75.916237112956892, 9.337787477323523 ], [ -75.916509957813304, 9.337773786903997 ], [ -75.916769857865631, 9.337840388385761 ], [ -75.916912824666255, 9.337980775662533 ], [ -75.916865348788633, 9.338182242315664 ], [ -75.916741921233694, 9.338394396679448 ], [ -75.916617997738527, 9.338579997916822 ], [ -75.916458690891901, 9.338732612301571 ], [ -75.916277051692276, 9.338872714327961 ], [ -75.916116020246847, 9.339033960834563 ], [ -75.915988028066579, 9.339221970438665 ], [ -75.915887497300673, 9.339426336341791 ], [ -75.915801869893144, 9.3396371618093 ], [ -75.91571259531257, 9.339845121654465 ], [ -75.915600908399995, 9.340040909614538 ], [ -75.915450960787254, 9.340213538912625 ], [ -75.91526079679241, 9.340343955800302 ], [ -75.915033809976478, 9.340410242922745 ], [ -75.914816095194709, 9.340375612957461 ], [ -75.914668330534965, 9.340217383812204 ], [ -75.914562463834287, 9.339991359330288 ], [ -75.914570783435209, 9.33958090998121 ], [ -75.914622650661087, 9.33936343630568 ], [ -75.914729686141229, 9.339163318958391 ], [ -75.914881510411661, 9.338995316181997 ], [ -75.915060122095042, 9.338856068263475 ], [ -75.915246262279638, 9.338724159210663 ], [ -75.91542063400955, 9.338577536249931 ], [ -75.915569789957829, 9.338401016739811 ], [ -75.915706244207968, 9.338209928397116 ], [ -75.915849767837628, 9.338028082371153 ], [ -75.916020142245912, 9.337879330362581 ], [ -75.916237112956892, 9.337787477323523 ] ] ] } },
{ "type": "Feature", "properties": { "OBJECTID": 8664.0, "NOMBRE_GEO": null, "PROYECTO": null, "SYMBOL": "3", "FECHA": null, "RULEID": 1, "PK_CUE": 707348.0, "GLOBALID": "{183351C3-38BE-454A-91B3-480CA6D40015}", "SHAPE_Leng": 1321.6054270910029, "SHAPE_Area": 65989.192812169698 }, "geometry": { "type": "Polygon", "coordinates": [ [ [ -75.829493211333968, 9.330433463802015 ], [ -75.829391189079828, 9.330224381194791 ], [ -75.829330785946752, 9.330004553694934 ], [ -75.829327741039208, 9.329779822997551 ], [ -75.829388152681275, 9.329559322336008 ], [ -75.829503513576967, 9.329357254886006 ], [ -75.829663630214696, 9.329187357292271 ], [ -75.829847758241215, 9.329043842161783 ], [ -75.830024842972492, 9.3289017730855 ], [ -75.830163444007454, 9.328735432282857 ], [ -75.830257928687473, 9.328535664824447 ], [ -75.830365825267876, 9.328333795923955 ], [ -75.830551417051822, 9.328167437142703 ], [ -75.830792525315672, 9.328079589766675 ], [ -75.830966860966953, 9.328119268811497 ], [ -75.831006450101825, 9.328299263827201 ], [ -75.830962261767965, 9.328559650163749 ], [ -75.830899335057524, 9.328832001097355 ], [ -75.830859844660679, 9.329069264250521 ], [ -75.830824873030792, 9.329281607970257 ], [ -75.830765619611739, 9.329488328158611 ], [ -75.830662241746495, 9.32969152687475 ], [ -75.830516373828516, 9.329874092063674 ], [ -75.830419706036068, 9.330074964295413 ], [ -75.830476525073038, 9.330306460006925 ], [ -75.83066121757183, 9.330402678699031 ], [ -75.830903638048099, 9.3303818652674 ], [ -75.831120265986499, 9.330422261858907 ], [ -75.831256343065817, 9.330608455714662 ], [ -75.831312236021461, 9.330844515443403 ], [ -75.831310969769646, 9.331071563986363 ], [ -75.831293345335325, 9.331292181221839 ], [ -75.831294683378786, 9.331511784295058 ], [ -75.831324075532592, 9.331734915586757 ], [ -75.831383813813702, 9.331965944770811 ], [ -75.831456478862165, 9.332201464965502 ], [ -75.831467761941013, 9.332415757574854 ], [ -75.831350370100182, 9.332585162143275 ], [ -75.831146964277323, 9.332724527147215 ], [ -75.830843432377634, 9.332754341758012 ], [ -75.830608621835196, 9.332753937923334 ], [ -75.83041287879432, 9.332707826666299 ], [ -75.830271106640367, 9.332598430618084 ], [ -75.830178013729281, 9.33243066978925 ], [ -75.830119964926396, 9.332218811752076 ], [ -75.830083296068651, 9.331977137847508 ], [ -75.830054333919421, 9.331719932184386 ], [ -75.830019417007676, 9.331461468821743 ], [ -75.829964879624484, 9.331216057989488 ], [ -75.829877266901505, 9.33099774973395 ], [ -75.829756004411607, 9.330807638577397 ], [ -75.829620870139252, 9.330626241952052 ], [ -75.829493211333968, 9.330433463802015 ] ] ] } },
{ "type": "Feature", "properties": { "OBJECTID": 8666.0, "NOMBRE_GEO": null, "PROYECTO": null, "SYMBOL": "3", "FECHA": null, "RULEID": 1, "PK_CUE": 707352.0, "GLOBALID": "{AF25216C-2D03-4E23-8499-E64749B7858C}", "SHAPE_Leng": 688.67581111472521, "SHAPE_Area": 32380.023770755117 }, "geometry": { "type": "Polygon", "coordinates": [ [ [ -75.83415952236227, 9.326636590829166 ], [ -75.834392805297739, 9.326598636686986 ], [ -75.834643580401831, 9.326603891889686 ], [ -75.834887796064436, 9.326655248642513 ], [ -75.835093599769195, 9.326757844981445 ], [ -75.835229254945773, 9.326916756639328 ], [ -75.835294597951247, 9.327126369710056 ], [ -75.835358711961433, 9.327357514690812 ], [ -75.835458720729136, 9.327583072651935 ], [ -75.835518019412334, 9.327790099223861 ], [ -75.835452846356418, 9.327971845792536 ], [ -75.835279550645154, 9.328151895842858 ], [ -75.835060461120236, 9.328353109184699 ], [ -75.834843239974973, 9.328515991928843 ], [ -75.834670618102123, 9.32855395479621 ], [ -75.834574623540959, 9.328400190349653 ], [ -75.834489545162, 9.32816832562901 ], [ -75.834316161177512, 9.328038295299471 ], [ -75.83407493461857, 9.327997313700132 ], [ -75.83381471090766, 9.327934997289672 ], [ -75.83360013117867, 9.327843449592685 ], [ -75.833474033700654, 9.327693054378805 ], [ -75.833459967182364, 9.327474737063692 ], [ -75.833523612332812, 9.327236502630717 ], [ -75.833630557314436, 9.327024133391223 ], [ -75.83377389224492, 9.326849715759838 ], [ -75.833951408965305, 9.326719594790321 ], [ -75.83415952236227, 9.326636590829166 ] ] ] } },
{ "type": "Feature", "properties": { "OBJECTID": 8667.0, "NOMBRE_GEO": null, "PROYECTO": null, "SYMBOL": "3", "FECHA": null, "RULEID": 1, "PK_CUE": 707354.0, "GLOBALID": "{4C2A12D3-7774-4CDE-ACAC-BB05E655C5E8}", "SHAPE_Leng": 629.65603019583216, "SHAPE_Area": 19658.478627606728 }, "geometry": { "type": "Polygon", "coordinates": [ [ [ -75.845568660972503, 9.315094783718457 ], [ -75.84557387215132, 9.314900470369045 ], [ -75.845747955662105, 9.314738754754034 ], [ -75.845987222283071, 9.314750712063111 ], [ -75.84620229699, 9.314908501206444 ], [ -75.846354803665491, 9.314942969218468 ], [ -75.846460975833125, 9.314740721637365 ], [ -75.846648859428441, 9.314578145260462 ], [ -75.846902821421892, 9.314596605662214 ], [ -75.847055167299303, 9.31475249886482 ], [ -75.847059720890556, 9.314988451060243 ], [ -75.847037434175888, 9.315241102090139 ], [ -75.847083841295728, 9.315458529938361 ], [ -75.847266828010888, 9.315600554168997 ], [ -75.847423512378143, 9.315740547214261 ], [ -75.84734137034944, 9.315954597922886 ], [ -75.847149948260935, 9.316098903137918 ], [ -75.846933301321044, 9.316161983041271 ], [ -75.846581629376388, 9.316094205328266 ], [ -75.846476794637312, 9.315891436699292 ], [ -75.846357426694198, 9.315699279001372 ], [ -75.846163740564151, 9.315576783889856 ], [ -75.845928221385137, 9.315442980371493 ], [ -75.845708322744798, 9.315278983579212 ], [ -75.845568660972503, 9.315094783718457 ] ] ] } },
{ "type": "Feature", "properties": { "OBJECTID": 8668.0, "NOMBRE_GEO": null, "PROYECTO": null, "SYMBOL": "3", "FECHA": null, "RULEID": 1, "PK_CUE": 707356.0, "GLOBALID": "{78624ECE-B7D6-4952-9C66-605EF53FFAB6}", "SHAPE_Leng": 4847.0528029176758, "SHAPE_Area": 552790.6444668856 }, "geometry": { "type": "Polygon", "coordinates": [ [ [ -75.803914753547005, 9.368640167213647 ], [ -75.811130260114254, 9.365487704428128 ], [ -75.812418564915887, 9.365110775615534 ], [ -75.813939085108174, 9.364257761555418 ], [ -75.814267685333377, 9.363686640660042 ], [ -75.814231129714173, 9.363171446969313 ], [ -75.813409680183767, 9.361928553745834 ], [ -75.812165610833631, 9.360652977326287 ], [ -75.812080467239582, 9.360447965588362 ], [ -75.812167818963331, 9.360106165778726 ], [ -75.812772178879953, 9.359680679027647 ], [ -75.813162326990536, 9.358955083195003 ], [ -75.813307665769159, 9.358754524971147 ], [ -75.813395481011369, 9.358633347880406 ], [ -75.813595073091491, 9.358357928197206 ], [ -75.814326742234442, 9.358446062418576 ], [ -75.815012427420882, 9.359346551343581 ], [ -75.816254769682402, 9.361104294152179 ], [ -75.817756422422761, 9.362606375805452 ], [ -75.818356010542018, 9.363506550976242 ], [ -75.81874107517713, 9.364192136052964 ], [ -75.818738441626508, 9.364919116026323 ], [ -75.818305094557019, 9.365687327692555 ], [ -75.817870222532775, 9.366064935753219 ], [ -75.816985076616007, 9.366500547016861 ], [ -75.815843618738413, 9.366598949931252 ], [ -75.814382122238015, 9.366956286923324 ], [ -75.814328289699105, 9.366962384305106 ], [ -75.813985953017323, 9.367233847658515 ], [ -75.813371712611158, 9.367117199025333 ], [ -75.812857989202172, 9.366587815341564 ], [ -75.811928695628282, 9.366690951608991 ], [ -75.808392142357633, 9.368260568269909 ], [ -75.805934367394528, 9.369192560598034 ], [ -75.804383307818995, 9.369443575878416 ], [ -75.804039458956041, 9.369271287867313 ], [ -75.803914753547005, 9.368640167213647 ] ] ] } },
{ "type": "Feature", "properties": { "OBJECTID": 8669.0, "NOMBRE_GEO": null, "PROYECTO": null, "SYMBOL": "3", "FECHA": null, "RULEID": 1, "PK_CUE": 707358.0, "GLOBALID": "{9B0C4675-F239-446D-8352-CC11475470FD}", "SHAPE_Leng": 8651.0845106795441, "SHAPE_Area": 1866854.0938098296 }, "geometry": { "type": "Polygon", "coordinates": [ [ [ -75.951567783248265, 9.37565035883352 ], [ -75.951750341037624, 9.375843226214483 ], [ -75.95174992800284, 9.376030424625993 ], [ -75.951749191139925, 9.376364581298237 ], [ -75.951734778107053, 9.376768200807563 ], [ -75.951722986753197, 9.377098343258844 ], [ -75.951722026145333, 9.377124951012439 ], [ -75.94637545113612, 9.379880666684555 ], [ -75.942016208169107, 9.382027829254048 ], [ -75.940666846884142, 9.380310913996011 ], [ -75.937027089536514, 9.38195078456728 ], [ -75.935411854887533, 9.382468097942271 ], [ -75.934158908729557, 9.379468256859649 ], [ -75.935827138530215, 9.378503233775319 ], [ -75.937269638934652, 9.377037920144309 ], [ -75.938302207807553, 9.375165571261537 ], [ -75.939706385553706, 9.372650135153526 ], [ -75.940820387785905, 9.370981902200214 ], [ -75.942138740392437, 9.369599753573976 ], [ -75.943746448574132, 9.36760687766435 ], [ -75.945189927012208, 9.365613472097943 ], [ -75.946509285307471, 9.363905101123549 ], [ -75.947170805611051, 9.362480059357928 ], [ -75.947420834971211, 9.36133913543204 ], [ -75.947996943372388, 9.360933205395517 ], [ -75.949352466646687, 9.360733635317462 ], [ -75.94967986812118, 9.361060890991645 ], [ -75.950293220217233, 9.361837584124464 ], [ -75.950738667639811, 9.363755468838081 ], [ -75.950774726054846, 9.365305063072228 ], [ -75.950728416969682, 9.366935954243012 ], [ -75.950107168245253, 9.368605796282143 ], [ -75.949487356572675, 9.369827101229971 ], [ -75.94837458427142, 9.371128390715594 ], [ -75.947222071878514, 9.372021783603799 ], [ -75.945700555825937, 9.37275089086382 ], [ -75.943523431834862, 9.373070134952361 ], [ -75.943153810871308, 9.373101567399395 ], [ -75.943233806390538, 9.373754238131488 ], [ -75.943269837364284, 9.375303832431797 ], [ -75.943676961791141, 9.376365308427692 ], [ -75.944454427708607, 9.377183314044116 ], [ -75.947743714014408, 9.375766671554084 ], [ -75.950334989186999, 9.374347774357092 ], [ -75.951381439114911, 9.375453492339624 ], [ -75.951567783248265, 9.37565035883352 ] ] ] } },
{ "type": "Feature", "properties": { "OBJECTID": 8670.0, "NOMBRE_GEO": null, "PROYECTO": null, "SYMBOL": "3", "FECHA": null, "RULEID": 1, "PK_CUE": 707360.0, "GLOBALID": "{86B295D4-C564-41FB-9D60-F22177BF0ACB}", "SHAPE_Leng": 970.62109048418017, "SHAPE_Area": 45348.962771061793 }, "geometry": { "type": "Polygon", "coordinates": [ [ [ -75.883364620969957, 9.294483515246162 ], [ -75.883622751994679, 9.294385895175212 ], [ -75.883940045643968, 9.294386954966029 ], [ -75.884197376863114, 9.294525718359386 ], [ -75.884236157657043, 9.294781935234798 ], [ -75.884195698431057, 9.29501819226321 ], [ -75.884056071890456, 9.295254107652154 ], [ -75.883896818907672, 9.295430859582897 ], [ -75.883638419340784, 9.295607280429907 ], [ -75.883340348561987, 9.295783575318859 ], [ -75.883101513943487, 9.296038858376569 ], [ -75.882941451596437, 9.296206538354365 ], [ -75.882824104573587, 9.296296934821548 ], [ -75.882569522438146, 9.296488267216169 ], [ -75.882558481574691, 9.296494465872087 ], [ -75.882539786070566, 9.296504958704576 ], [ -75.882351456125889, 9.296610653648651 ], [ -75.882136641854743, 9.296663986914515 ], [ -75.881903880375219, 9.296663204846448 ], [ -75.881680252728657, 9.296641439346425 ], [ -75.881359832883305, 9.296637361312905 ], [ -75.881169426434937, 9.296624711847899 ], [ -75.881012355758344, 9.296588150567267 ], [ -75.880918885981274, 9.296512764089798 ], [ -75.880873861916626, 9.296422528830949 ], [ -75.880840993325592, 9.296308307982446 ], [ -75.880838226252365, 9.296233227433472 ], [ -75.880835055063599, 9.296199484755538 ], [ -75.880959920617983, 9.295992245360344 ], [ -75.881099276557563, 9.29583512021045 ], [ -75.881297983743309, 9.295717594091968 ], [ -75.881394493660466, 9.295643549165343 ], [ -75.88147692786599, 9.29558030401941 ], [ -75.881695210034437, 9.295541650267898 ], [ -75.881893575742652, 9.295522614416361 ], [ -75.882111921121989, 9.295464250629733 ], [ -75.882409919233453, 9.295307664734427 ], [ -75.882648564717897, 9.295111472650248 ], [ -75.882867503229292, 9.294875826838769 ], [ -75.883106149054768, 9.294679634602698 ], [ -75.883364620969957, 9.294483515246162 ] ] ] } },
{ "type": "Feature", "properties": { "OBJECTID": 8671.0, "NOMBRE_GEO": null, "PROYECTO": null, "SYMBOL": "3", "FECHA": null, "RULEID": 1, "PK_CUE": 707362.0, "GLOBALID": "{15BCDE0E-BEA4-43CE-9B4F-FF5109A0F9AB}", "SHAPE_Leng": 353.68205340309697, "SHAPE_Area": 9594.2023119613441 }, "geometry": { "type": "Polygon", "coordinates": [ [ [ -75.878500890594026, 9.295767251832984 ], [ -75.878659803370482, 9.295688991322118 ], [ -75.878877940901162, 9.295689728320863 ], [ -75.879016416220495, 9.295788694945399 ], [ -75.87917437630098, 9.295986217245179 ], [ -75.879280816696664, 9.29619427288759 ], [ -75.87928115837218, 9.296252954396614 ], [ -75.879274457093572, 9.296435437352741 ], [ -75.879211870781276, 9.296533263662337 ], [ -75.879154028637885, 9.296575295613827 ], [ -75.879070440873562, 9.296599155437857 ], [ -75.87890020955173, 9.296648364702934 ], [ -75.878652724185173, 9.296647521278709 ], [ -75.878467652772642, 9.296595616451702 ], [ -75.878358598022487, 9.2965183340667 ], [ -75.87829352361527, 9.296454778395322 ], [ -75.878246712431221, 9.296377685143899 ], [ -75.878218118921367, 9.296302181041369 ], [ -75.878215270592136, 9.296246360242673 ], [ -75.878216896833294, 9.296214693578449 ], [ -75.878220544777633, 9.296190714315847 ], [ -75.878281871663333, 9.296022607782424 ], [ -75.878361525928042, 9.295924377272438 ], [ -75.878500890594026, 9.295767251832984 ] ] ] } },
{ "type": "Feature", "properties": { "OBJECTID": 8672.0, "NOMBRE_GEO": null, "PROYECTO": null, "SYMBOL": "3", "FECHA": null, "RULEID": 1, "PK_CUE": 707364.0, "GLOBALID": "{0A2F6549-4B4D-4582-AFFE-BCCE963EB998}", "SHAPE_Leng": 1729.5746854711688, "SHAPE_Area": 90760.45632360164 }, "geometry": { "type": "Polygon", "coordinates": [ [ [ -75.872155524128004, 9.29560786418236 ], [ -75.872017121327502, 9.295489196904418 ], [ -75.871997834313902, 9.295331542724943 ], [ -75.872057795821235, 9.295193849403848 ], [ -75.872058200030523, 9.295075658085175 ], [ -75.872137934960691, 9.294957735583179 ], [ -75.872336103233394, 9.29499780965758 ], [ -75.87239505070022, 9.295155599096068 ], [ -75.872434171717558, 9.295313324894046 ], [ -75.872532717546463, 9.295490948679403 ], [ -75.872750720825138, 9.295531085052543 ], [ -75.87300865407957, 9.295492566275861 ], [ -75.873167287418141, 9.295493105430769 ], [ -75.87332594802858, 9.295493644295068 ], [ -75.87354408638987, 9.295494380081802 ], [ -75.873841742709999, 9.295436295009784 ], [ -75.873901714315167, 9.295298600599954 ], [ -75.873902253084822, 9.295141019345948 ], [ -75.873744220886579, 9.294963188360146 ], [ -75.873645945986652, 9.294706763992329 ], [ -75.87376567298061, 9.294490486316596 ], [ -75.874102999557266, 9.294432536385655 ], [ -75.874405067275418, 9.294339883442785 ], [ -75.87442062630393, 9.294335112729074 ], [ -75.874678963405884, 9.294178401985997 ], [ -75.874897919259254, 9.293942755919215 ], [ -75.87519537763815, 9.29394377105934 ], [ -75.875314026791756, 9.29404265808143 ], [ -75.875392665677026, 9.294239910168997 ], [ -75.875451479168092, 9.294437098742909 ], [ -75.875510300041498, 9.29463428813035 ], [ -75.875648506263403, 9.294812055571009 ], [ -75.875926067609399, 9.294832699230906 ], [ -75.876124443301791, 9.294813663833489 ], [ -75.876382510699656, 9.294735743800095 ], [ -75.876621022008692, 9.294578952138368 ], [ -75.876898988361177, 9.294481404221221 ], [ -75.877176611975486, 9.294482337986747 ], [ -75.877235703326974, 9.294600735929086 ], [ -75.877235165158837, 9.294758327592467 ], [ -75.877155294821478, 9.294915649778092 ], [ -75.876996310718823, 9.295013602395166 ], [ -75.876817295165552, 9.295170590659387 ], [ -75.876598690253715, 9.29530774583699 ], [ -75.876380075975135, 9.295444891967337 ], [ -75.876240855024392, 9.29556261586027 ], [ -75.876022177606487, 9.295719470854698 ], [ -75.875823597197453, 9.295797598226208 ], [ -75.875585426417416, 9.295855879714308 ], [ -75.875406409725159, 9.29601287029412 ], [ -75.87524214408532, 9.296180692921846 ], [ -75.875167557416958, 9.296334295890679 ], [ -75.875091982118491, 9.296577398095515 ], [ -75.87503748108027, 9.296729824267489 ], [ -75.874958079254938, 9.296878055187122 ], [ -75.874732781860303, 9.297192824620012 ], [ -75.874516530151567, 9.297291082675331 ], [ -75.874009709892306, 9.297359497656656 ], [ -75.873856124616054, 9.29734660819854 ], [ -75.873652844782626, 9.297292304247176 ], [ -75.873441659903193, 9.297122477875225 ], [ -75.873446116183061, 9.297031747673612 ], [ -75.873508602095853, 9.29697421098639 ], [ -75.873521385417959, 9.296879393741809 ], [ -75.873488497687902, 9.296780291764707 ], [ -75.873393267757422, 9.296701599283105 ], [ -75.873264827366498, 9.296618676177975 ], [ -75.873182109804191, 9.296523526387681 ], [ -75.873107863965146, 9.296378915438966 ], [ -75.873062579633228, 9.296263265742507 ], [ -75.873050390390617, 9.29618486143908 ], [ -75.873049132368621, 9.296173300588 ], [ -75.873026520985931, 9.296063894098392 ], [ -75.872927842227384, 9.295925669745703 ], [ -75.872749912067491, 9.295767467552743 ], [ -75.872551878674528, 9.295688002786404 ], [ -75.872413124855456, 9.295667836092184 ], [ -75.872155524128004, 9.29560786418236 ] ] ] } },
{ "type": "Feature", "properties": { "OBJECTID": 8673.0, "NOMBRE_GEO": null, "PROYECTO": null, "SYMBOL": "3", "FECHA": null, "RULEID": 1, "PK_CUE": 707366.0, "GLOBALID": "{21BCE7F4-F6E8-4837-8FCD-190F1D97FAB0}", "SHAPE_Leng": 1060.6501057239868, "SHAPE_Area": 69848.514168722671 }, "geometry": { "type": "Polygon", "coordinates": [ [ [ -75.915547340989548, 9.294720957662729 ], [ -75.915971211008269, 9.294680255316546 ], [ -75.916394893297664, 9.294695669846242 ], [ -75.916705583821212, 9.294710716990084 ], [ -75.917002018812894, 9.294767822867881 ], [ -75.917425331748532, 9.294895473391549 ], [ -75.917607879098469, 9.295218767628647 ], [ -75.917578746201272, 9.295485253194258 ], [ -75.917535762427505, 9.295667512558808 ], [ -75.917436102729511, 9.295905710418261 ], [ -75.917435223326521, 9.296172293928699 ], [ -75.917455133019814, 9.296320353075162 ], [ -75.917506198032157, 9.296516528152603 ], [ -75.917557429094046, 9.296775314570974 ], [ -75.917556405028392, 9.297085656378682 ], [ -75.917524173943207, 9.29738554866079 ], [ -75.917387844630099, 9.297674770632591 ], [ -75.917220840173428, 9.297788012884114 ], [ -75.916741722850247, 9.297807147281251 ], [ -75.91652333364712, 9.297713335623596 ], [ -75.916221868173395, 9.297546833014513 ], [ -75.916004026711164, 9.297287506716808 ], [ -75.915900809851109, 9.29700785262753 ], [ -75.915786904285795, 9.296810932718252 ], [ -75.915745931705516, 9.296603906587114 ], [ -75.915725513293495, 9.296479697343276 ], [ -75.915676393128109, 9.296314569123791 ], [ -75.915655632674898, 9.296138400391174 ], [ -75.915585608936738, 9.29595577306797 ], [ -75.915416680537959, 9.295786853917823 ], [ -75.915233711599583, 9.295589825593494 ], [ -75.915107058579352, 9.295449105359957 ], [ -75.91502306591515, 9.295224337598176 ], [ -75.915052288821272, 9.294929797962551 ], [ -75.915194043143131, 9.294775934993359 ], [ -75.915547340989548, 9.294720957662729 ] ] ] } },
{ "type": "Feature", "properties": { "OBJECTID": 8674.0, "NOMBRE_GEO": null, "PROYECTO": null, "SYMBOL": "3", "FECHA": null, "RULEID": 1, "PK_CUE": 707368.0, "GLOBALID": "{AF87DF54-910A-4D52-A59A-B535EBDBD369}", "SHAPE_Leng": 1392.346547317786, "SHAPE_Area": 94905.105746610614 }, "geometry": { "type": "Polygon", "coordinates": [ [ [ -75.952351158167389, 9.376722533616279 ], [ -75.95307172632964, 9.376321075720684 ], [ -75.953727798749313, 9.376525033067022 ], [ -75.955023062688923, 9.377321105657581 ], [ -75.956334518172611, 9.377946410670638 ], [ -75.956818198072298, 9.378274046412038 ], [ -75.955544467655045, 9.380506146807038 ], [ -75.955201164269099, 9.380287656759855 ], [ -75.954017443403558, 9.378839730830286 ], [ -75.953052689066311, 9.377376967602178 ], [ -75.952351158167389, 9.376722533616279 ] ] ] } },
{ "type": "Feature", "properties": { "OBJECTID": 8675.0, "NOMBRE_GEO": null, "PROYECTO": "HERNANDEZN", "SYMBOL": "3", "FECHA": null, "RULEID": 1, "PK_CUE": 707370.0, "GLOBALID": "{CE371844-D38C-41BB-A773-BBB5219BF11A}", "SHAPE_Leng": 618.39203880718935, "SHAPE_Area": 19681.891908510173 }, "geometry": { "type": "Polygon", "coordinates": [ [ [ -75.9053195189679, 9.223992381943583 ], [ -75.905211810571714, 9.22395617980324 ], [ -75.905055962345401, 9.223977164639155 ], [ -75.904808054137021, 9.22407998595221 ], [ -75.904656426532796, 9.224093542047633 ], [ -75.90455762121708, 9.224069647320336 ], [ -75.904457046140365, 9.223998122969569 ], [ -75.90435912960973, 9.223849883057621 ], [ -75.904340713999986, 9.223754813647952 ], [ -75.904364249960736, 9.223648418385686 ], [ -75.904459021607877, 9.223537142988468 ], [ -75.90473506579896, 9.223427979870943 ], [ -75.904960173619003, 9.2231915338186 ], [ -75.905138291757424, 9.223070792221645 ], [ -75.905341913604815, 9.223045612062085 ], [ -75.905649865207479, 9.223105295576293 ], [ -75.905928855064175, 9.223295865183321 ], [ -75.906034874219529, 9.223419939648482 ], [ -75.905998519203493, 9.223949344151263 ], [ -75.906016557434185, 9.22404392836523 ], [ -75.90608986936418, 9.224174049349978 ], [ -75.906106398257862, 9.224304241702248 ], [ -75.906082943286805, 9.224450217761369 ], [ -75.906015767294718, 9.224582387384155 ], [ -75.905952659588252, 9.22462677281545 ], [ -75.905801510058893, 9.224640175565078 ], [ -75.905632985861345, 9.224597038283775 ], [ -75.905570462806537, 9.224522998880422 ], [ -75.905518118330221, 9.224278001705631 ], [ -75.905426463403515, 9.224124685878683 ], [ -75.9053195189679, 9.223992381943583 ] ] ] } },
{ "type": "Feature", "properties": { "OBJECTID": 8676.0, "NOMBRE_GEO": null, "PROYECTO": "HERNANDEZN", "SYMBOL": "3", "FECHA": null, "RULEID": 1, "PK_CUE": 707372.0, "GLOBALID": "{8EC10DC4-1C6E-43F7-B0A0-2A65FCC776C8}", "SHAPE_Leng": 844.40631154075254, "SHAPE_Area": 39984.140937429394 }, "geometry": { "type": "Polygon", "coordinates": [ [ [ -75.876008561883395, 9.193846782913843 ], [ -75.875683859762532, 9.193773950874435 ], [ -75.875666274394064, 9.193787586253952 ], [ -75.875396232005073, 9.193414238185897 ], [ -75.875396838037446, 9.193234862381237 ], [ -75.875470256540083, 9.192876352046385 ], [ -75.87530584388162, 9.192339091771553 ], [ -75.875328380041026, 9.192122493631119 ], [ -75.875725409984724, 9.192159692400507 ], [ -75.876049748270944, 9.192340149008967 ], [ -75.876387268811456, 9.192441986655835 ], [ -75.87684235854654, 9.192845044240975 ], [ -75.877110308144424, 9.193292170759335 ], [ -75.877165489333635, 9.193384251433145 ], [ -75.877452998168735, 9.19377983924849 ], [ -75.877451669035509, 9.19417446458084 ], [ -75.877378007776215, 9.194604726255021 ], [ -75.877236530869524, 9.194716017805026 ], [ -75.876908282206472, 9.194710789620331 ], [ -75.876511490266338, 9.194601843373238 ], [ -75.87626032804279, 9.194134624583409 ], [ -75.876008561883395, 9.193846782913843 ] ] ] } },
{ "type": "Feature", "properties": { "OBJECTID": 8677.0, "NOMBRE_GEO": null, "PROYECTO": "HERNANDEZN", "SYMBOL": "3", "FECHA": null, "RULEID": 1, "PK_CUE": 707374.0, "GLOBALID": "{52618860-0B66-4ED4-86F5-B543AAB88941}", "SHAPE_Leng": 885.70873800905451, "SHAPE_Area": 49314.831370162428 }, "geometry": { "type": "Polygon", "coordinates": [ [ [ -75.873625522073453, 9.193874715599057 ], [ -75.873192991593882, 9.193658019887122 ], [ -75.872831822112644, 9.193692689553432 ], [ -75.872363188745382, 9.193475871743445 ], [ -75.872111668993242, 9.193116277152976 ], [ -75.872056908339758, 9.192650969603912 ], [ -75.872041887320577, 9.192398535404369 ], [ -75.872368406139969, 9.191933245272793 ], [ -75.87287374876378, 9.19197080661851 ], [ -75.873306762435618, 9.192044002693676 ], [ -75.873631704431247, 9.192045086731213 ], [ -75.874137410577546, 9.191975022781843 ], [ -75.874244512713204, 9.192334135279237 ], [ -75.874459688084826, 9.192765357900493 ], [ -75.874458113210821, 9.193231734088753 ], [ -75.87445605354435, 9.193841609937419 ], [ -75.874291227597112, 9.194175569604086 ], [ -75.874245190957396, 9.194268847262148 ], [ -75.873949496277348, 9.194162800097091 ], [ -75.873625522073453, 9.193874715599057 ] ] ] } },
{ "type": "Feature", "properties": { "OBJECTID": 8678.0, "NOMBRE_GEO": null, "PROYECTO": "HERNANDEZN", "SYMBOL": "3", "FECHA": null, "RULEID": 1, "PK_CUE": 707376.0, "GLOBALID": "{A3DD93A4-9B4F-4D2C-89E6-AE0A4E5E9D8F}", "SHAPE_Leng": 814.63988541942297, "SHAPE_Area": 27115.250682876191 }, "geometry": { "type": "Polygon", "coordinates": [ [ [ -75.888391072852798, 9.220572595129346 ], [ -75.888413655612652, 9.220397827626586 ], [ -75.888458167542794, 9.220244979161761 ], [ -75.888568598110808, 9.220114203387126 ], [ -75.88878879309533, 9.220049370919098 ], [ -75.88898670002591, 9.220071883431265 ], [ -75.889140239866109, 9.220203530872068 ], [ -75.889293637142885, 9.22037889069599 ], [ -75.889601463334756, 9.22042362695028 ], [ -75.889645677614268, 9.220358202628464 ], [ -75.889580415362303, 9.22013942663661 ], [ -75.889492936758202, 9.219986139450098 ], [ -75.889493530171791, 9.219811291162769 ], [ -75.889516114179941, 9.219636514713844 ], [ -75.889626695970023, 9.219462035277601 ], [ -75.889869474898831, 9.219222417788023 ], [ -75.89002353642563, 9.219201073789334 ], [ -75.890221434547115, 9.219223585808589 ], [ -75.890331208855827, 9.219289522233726 ], [ -75.890462821154472, 9.219399242019071 ], [ -75.890616001911425, 9.219640170771463 ], [ -75.890747622623095, 9.219749891221568 ], [ -75.890747029819565, 9.219924739321979 ], [ -75.890702518881071, 9.220077577817682 ], [ -75.890548170317075, 9.220186355235116 ], [ -75.890437884030888, 9.2202734108189 ], [ -75.890305382354853, 9.220425963366583 ], [ -75.890217024432417, 9.220534955884714 ], [ -75.88995247015994, 9.220708923363434 ], [ -75.889842040124705, 9.220839700364095 ], [ -75.889797673181889, 9.220948827320131 ], [ -75.889643396134005, 9.221035748302816 ], [ -75.889467488393549, 9.221013299037685 ], [ -75.889269723637113, 9.220947076285062 ], [ -75.888961906928884, 9.220902339793419 ], [ -75.888741928400052, 9.220901611872879 ], [ -75.888566162563478, 9.220835459565295 ], [ -75.888434694564197, 9.220682028352593 ], [ -75.888391072852798, 9.220572595129346 ] ] ] } },
{ "type": "Feature", "properties": { "OBJECTID": 8679.0, "NOMBRE_GEO": null, "PROYECTO": "HERNANDEZN", "SYMBOL": "3", "FECHA": null, "RULEID": 1, "PK_CUE": 707378.0, "GLOBALID": "{B25B92E7-0D6A-4232-89BE-E03257EEA942}", "SHAPE_Leng": 639.54803709327928, "SHAPE_Area": 12133.436773504518 }, "geometry": { "type": "Polygon", "coordinates": [ [ [ -75.867270305590822, 9.295545602141427 ], [ -75.867171779230929, 9.295545269628267 ], [ -75.867134614924979, 9.295606319178301 ], [ -75.867085090668752, 9.295679558763661 ], [ -75.866998709020478, 9.295728202737426 ], [ -75.866887820817311, 9.295740060210408 ], [ -75.866777139558678, 9.295690743012006 ], [ -75.8666666293622, 9.295592484925367 ], [ -75.866593065726548, 9.295494352909397 ], [ -75.866494915602345, 9.295383904712583 ], [ -75.866359431817642, 9.295383446814487 ], [ -75.866260896336897, 9.295383115012232 ], [ -75.86608846412858, 9.295382521826243 ], [ -75.865977873157021, 9.295308733837606 ], [ -75.865904398981925, 9.295186132038303 ], [ -75.865880316074794, 9.295027005026208 ], [ -75.865880908005934, 9.294855722854553 ], [ -75.865893942729599, 9.294647772134482 ], [ -75.866005343433855, 9.294489103293303 ], [ -75.866214937758841, 9.294428637257253 ], [ -75.866226732658433, 9.294430747728788 ], [ -75.866424191615693, 9.294466060952509 ], [ -75.866510061534584, 9.294564228885497 ], [ -75.866571056979012, 9.294735725661551 ], [ -75.866595150220135, 9.294894863305268 ], [ -75.866631541030614, 9.295054034994086 ], [ -75.86673677783034, 9.295182709618345 ], [ -75.866741925973656, 9.295189007339582 ], [ -75.866824957247601, 9.295238872122825 ], [ -75.866864832647948, 9.295262820819117 ], [ -75.867061519229324, 9.295373611335812 ], [ -75.867233951217571, 9.295374195014427 ], [ -75.867467971274891, 9.29537499401019 ], [ -75.867652503098014, 9.295436797777292 ], [ -75.867686585173075, 9.295460126838943 ], [ -75.867885975422965, 9.295596643611038 ], [ -75.867934771858046, 9.295731391951161 ], [ -75.867836109611574, 9.295767764844681 ], [ -75.867676129167577, 9.295730511072444 ], [ -75.867590204602166, 9.295644588391959 ], [ -75.867521950953332, 9.295586052652492 ], [ -75.867504244848803, 9.295570872350972 ], [ -75.867393437672604, 9.295558258686976 ], [ -75.867270305590822, 9.295545602141427 ] ] ] } },
{ "type": "Feature", "properties": { "OBJECTID": 8680.0, "NOMBRE_GEO": null, "PROYECTO": "HERNANDEZN", "SYMBOL": "3", "FECHA": null, "RULEID": 1, "PK_CUE": 707518.0, "GLOBALID": "{D4E4E5D9-C728-4CCA-94E2-1FE7883580D9}", "SHAPE_Leng": 813.3684241073604, "SHAPE_Area": 38600.867647001207 }, "geometry": { "type": "Polygon", "coordinates": [ [ [ -75.842627784143076, 9.219059597610263 ], [ -75.842591088226968, 9.218775372366409 ], [ -75.84259819334315, 9.218575613231275 ], [ -75.842645704573101, 9.218383742131111 ], [ -75.843013619263886, 9.218093127643161 ], [ -75.843340632590326, 9.217738751683928 ], [ -75.843581327838635, 9.217392523345723 ], [ -75.843598255304897, 9.217299133118622 ], [ -75.843908848617801, 9.217334499733752 ], [ -75.843984221554621, 9.217421124650427 ], [ -75.844245290155058, 9.217448084038841 ], [ -75.844390565856216, 9.217566284224093 ], [ -75.844473776777406, 9.217731188010323 ], [ -75.844560832819013, 9.218062091294788 ], [ -75.844741071409402, 9.218244808714989 ], [ -75.844784414061365, 9.21837296210745 ], [ -75.844922619578895, 9.21856312739423 ], [ -75.844955003651066, 9.218729287951964 ], [ -75.844906423236168, 9.218954208406069 ], [ -75.844847933756299, 9.219006319351447 ], [ -75.844509583903317, 9.219021141685296 ], [ -75.844168745131654, 9.218883466044382 ], [ -75.843926558944929, 9.218924770435589 ], [ -75.843816883593362, 9.219019165200701 ], [ -75.84361219361719, 9.219375364614969 ], [ -75.843354224061741, 9.21950611482702 ], [ -75.843186617026575, 9.219508144911488 ], [ -75.842999228092268, 9.219449557304481 ], [ -75.842853557328056, 9.219359465145237 ], [ -75.842687431836794, 9.219196277329386 ], [ -75.842627784143076, 9.219059597610263 ] ] ] } },
{ "type": "Feature", "properties": { "OBJECTID": 8681.0, "NOMBRE_GEO": "Pozo Vijagual", "PROYECTO": null, "SYMBOL": "3", "FECHA": null, "RULEID": 1, "PK_CUE": 707521.0, "GLOBALID": "{6B653FEE-C01F-4A20-A5D1-8E563CC838E5}", "SHAPE_Leng": 757.12661148409643, "SHAPE_Area": 39004.71623927047 }, "geometry": { "type": "Polygon", "coordinates": [ [ [ -75.832348397608271, 9.204914987187911 ], [ -75.832707750585669, 9.204865256409558 ], [ -75.83296430099486, 9.204866145277448 ], [ -75.833092122180076, 9.204994046833015 ], [ -75.833168011756925, 9.205300211089062 ], [ -75.83319294916808, 9.205504226838084 ], [ -75.833243273068092, 9.205784806591851 ], [ -75.833243227614744, 9.205799764009166 ], [ -75.833242563080375, 9.205988733958025 ], [ -75.833241844017422, 9.206192659586492 ], [ -75.833215739411983, 9.20632002391528 ], [ -75.833138232547185, 9.206472700587675 ], [ -75.833042063226472, 9.206685697580371 ], [ -75.833034809629581, 9.206701762831331 ], [ -75.832777361838978, 9.206955778804387 ], [ -75.832571395919558, 9.207158996285779 ], [ -75.832314576150424, 9.20723457978476 ], [ -75.832135443296693, 9.207106498728537 ], [ -75.832109967104302, 9.207055428935396 ], [ -75.832084850219871, 9.206902391713905 ], [ -75.831854575651491, 9.206723151445095 ], [ -75.831700828538644, 9.206671633336148 ], [ -75.831470114904874, 9.206619853567075 ], [ -75.831342195310569, 9.206517445867389 ], [ -75.831265677257107, 9.206389715157286 ], [ -75.831266575429908, 9.206134808621913 ], [ -75.831297078988527, 9.205971368582842 ], [ -75.831318875129014, 9.205854588195178 ], [ -75.831550667037618, 9.205600482060646 ], [ -75.831730608710672, 9.205499142564189 ], [ -75.831910828992932, 9.205321329837032 ], [ -75.832090950162453, 9.205169012390856 ], [ -75.832348397608271, 9.204914987187911 ] ] ] } },
{ "type": "Feature", "properties": { "OBJECTID": 8682.0, "NOMBRE_GEO": "Charco Las Babillas", "PROYECTO": null, "SYMBOL": "3", "FECHA": null, "RULEID": 1, "PK_CUE": 707523.0, "GLOBALID": "{190CA453-5201-4F7C-9EA9-94FDAC8D02E3}", "SHAPE_Leng": 3561.8640456867288, "SHAPE_Area": 446042.81207539391 }, "geometry": { "type": "Polygon", "coordinates": [ [ [ -75.761184267067421, 9.157930904725491 ], [ -75.760933285563496, 9.157463630175867 ], [ -75.760645941863828, 9.157067970579925 ], [ -75.760177837638466, 9.15674340259479 ], [ -75.759565072144539, 9.156490056131274 ], [ -75.759419087763177, 9.156920012767307 ], [ -75.759887060439993, 9.157280456180375 ], [ -75.760391131581073, 9.157641030176125 ], [ -75.760389679242522, 9.158035639368943 ], [ -75.760027493959612, 9.158357188134337 ], [ -75.759377700208248, 9.158354823773102 ], [ -75.758511442284643, 9.158315796001641 ], [ -75.757538075565364, 9.157953509611254 ], [ -75.756782370291816, 9.157305022929657 ], [ -75.756747594758608, 9.156946156038071 ], [ -75.757217152708435, 9.156876119986014 ], [ -75.75761530613363, 9.156590578970553 ], [ -75.757580926080422, 9.156124091026447 ], [ -75.757328495983529, 9.15605142417688 ], [ -75.75639083931182, 9.155796887567789 ], [ -75.755993880221155, 9.155759566387454 ], [ -75.755127761338869, 9.155684656774914 ], [ -75.755434227303525, 9.155449576116036 ], [ -75.755453582768851, 9.155434729284762 ], [ -75.755444545949004, 9.155331753991778 ], [ -75.755423889869718, 9.155096378790153 ], [ -75.755418942145212, 9.155039989139469 ], [ -75.755351855927046, 9.154805507741434 ], [ -75.755312102308153, 9.154644984865634 ], [ -75.754808039345974, 9.154284404594776 ], [ -75.754702526733666, 9.153530666864611 ], [ -75.754920049669138, 9.153280342931403 ], [ -75.755425304413322, 9.153318059685565 ], [ -75.756002226775735, 9.153499534798309 ], [ -75.756471515207565, 9.153501246230634 ], [ -75.757085597127471, 9.153395862413346 ], [ -75.757447514071174, 9.153146063325401 ], [ -75.757988867774628, 9.153183908351185 ], [ -75.7586742223708, 9.153329899055194 ], [ -75.759360897785371, 9.153117153043947 ], [ -75.759686053538175, 9.153046587683777 ], [ -75.760407903800214, 9.153085086412572 ], [ -75.7613089306669, 9.153482974970892 ], [ -75.761957924645955, 9.153700575901864 ], [ -75.763039979034531, 9.153955621017895 ], [ -75.763652611934702, 9.154244836365484 ], [ -75.764083565409621, 9.154856257790227 ], [ -75.764476840118562, 9.155898031957493 ], [ -75.764474338301412, 9.156579630637433 ], [ -75.764291074989529, 9.157332323247315 ], [ -75.764207560306147, 9.157642774270832 ], [ -75.764175009580725, 9.157706214196976 ], [ -75.764036006548451, 9.157977132137697 ], [ -75.76363917406033, 9.157903945228739 ], [ -75.763314541199719, 9.157831019251685 ], [ -75.762809145769381, 9.157829185408035 ], [ -75.762519688752462, 9.158007504122176 ], [ -75.762301641429616, 9.15840132703913 ], [ -75.761686890326445, 9.1586860868081 ], [ -75.761507315215255, 9.158434315828334 ], [ -75.761184267067421, 9.157930904725491 ] ] ] } },
{ "type": "Feature", "properties": { "OBJECTID": 8683.0, "NOMBRE_GEO": null, "PROYECTO": "HERNANDEZN", "SYMBOL": "3", "FECHA": null, "RULEID": 1, "PK_CUE": 707525.0, "GLOBALID": "{E4CAFD30-1615-4082-8ECE-3060925736E7}", "SHAPE_Leng": 1146.8147172882043, "SHAPE_Area": 49659.863688724086 }, "geometry": { "type": "Polygon", "coordinates": [ [ [ -75.620018816310534, 8.989196941228576 ], [ -75.619786807981654, 8.989093320850102 ], [ -75.61970984934338, 8.988964636857196 ], [ -75.619684750003614, 8.988784812086303 ], [ -75.619814800118945, 8.988554251435792 ], [ -75.620021394180114, 8.98855506822343 ], [ -75.620202062783989, 8.9885814606855 ], [ -75.620408962980207, 8.988505256295047 ], [ -75.620409483588162, 8.988376886755875 ], [ -75.620487674018563, 8.988197457785555 ], [ -75.62054015266564, 8.987992274122757 ], [ -75.620721433232504, 8.98786462271295 ], [ -75.620953539784878, 8.987942570241021 ], [ -75.621082152044295, 8.988071450704521 ], [ -75.621081019604745, 8.988353871955647 ], [ -75.620951070364796, 8.988558760385414 ], [ -75.62095035114146, 8.988738485551846 ], [ -75.621026994958797, 8.988944191061774 ], [ -75.621155390742274, 8.989124428995053 ], [ -75.621387812309464, 8.989125355034986 ], [ -75.621568786943683, 8.989074715888419 ], [ -75.621775489115336, 8.989049869087047 ], [ -75.621956050765988, 8.989101934840942 ], [ -75.622136000916626, 8.989308044904593 ], [ -75.622212429664742, 8.989565106593115 ], [ -75.622340223945514, 8.989899388197241 ], [ -75.622442595655883, 8.990130874608056 ], [ -75.622389918748624, 8.99038741573794 ], [ -75.622337232783863, 8.990643965078295 ], [ -75.622026621555833, 8.99082246098896 ], [ -75.621741731255128, 8.99102672926259 ], [ -75.621534723247976, 8.991128616219859 ], [ -75.621146937956937, 8.991229765973246 ], [ -75.620914831825274, 8.991151819170547 ], [ -75.620837873178118, 8.991023143793253 ], [ -75.620761326666411, 8.990791756006853 ], [ -75.620761946794175, 8.990637713189763 ], [ -75.620814210876205, 8.990483868074659 ], [ -75.620840459593865, 8.990381271170177 ], [ -75.620867203050452, 8.990150295925979 ], [ -75.62086812823533, 8.989919223160523 ], [ -75.620817516732288, 8.989662269344254 ], [ -75.620689120815413, 8.989482031304203 ], [ -75.620586336259123, 8.989353248303118 ], [ -75.620199584280215, 8.989197660267639 ], [ -75.620018816310534, 8.989196941228576 ] ] ] } },
{ "type": "Feature", "properties": { "OBJECTID": 8684.0, "NOMBRE_GEO": null, "PROYECTO": "HERNANDEZN", "SYMBOL": "3", "FECHA": null, "RULEID": 1, "PK_CUE": 707527.0, "GLOBALID": "{9272C59E-BF3A-4880-A5EA-F301D80CC441}", "SHAPE_Leng": 2634.946466158458, "SHAPE_Area": 363648.78796196182 }, "geometry": { "type": "Polygon", "coordinates": [ [ [ -75.635218682667528, 9.003649514018361 ], [ -75.636193046729815, 9.003617456889485 ], [ -75.636768375064662, 9.004121924674685 ], [ -75.636983164901338, 9.004553236449288 ], [ -75.6372699778466, 9.005020700587155 ], [ -75.637556365630132, 9.005595782048388 ], [ -75.637698566382014, 9.00613442706965 ], [ -75.637658791796227, 9.007066958076301 ], [ -75.637656235869798, 9.007712653748181 ], [ -75.637762355151551, 9.008251156717197 ], [ -75.638121904435579, 9.008575416573391 ], [ -75.638228591151275, 9.008970431573985 ], [ -75.638262118865796, 9.009616269414382 ], [ -75.638475918634924, 9.010298683975584 ], [ -75.638654205373115, 9.010837470042915 ], [ -75.63860363103646, 9.011274305363498 ], [ -75.638573625029537, 9.011482428788453 ], [ -75.638542548142851, 9.011697974119576 ], [ -75.638504478110704, 9.012200042041421 ], [ -75.638358299185086, 9.012665812949306 ], [ -75.637924447849471, 9.012879351024141 ], [ -75.637527106019647, 9.012985412555418 ], [ -75.636949348250852, 9.013090768341975 ], [ -75.636372444089133, 9.012980891246967 ], [ -75.635832048888219, 9.012763537916834 ], [ -75.63543627203498, 9.01247500641764 ], [ -75.634644293701427, 9.012005557761116 ], [ -75.634285172373424, 9.011573679309111 ], [ -75.634034727035399, 9.011034609047602 ], [ -75.634000638223569, 9.010532260368644 ], [ -75.634218559264411, 9.010174390004416 ], [ -75.634273435268668, 9.010114252697381 ], [ -75.634544728900636, 9.00981694460855 ], [ -75.634580954368047, 9.009781213894886 ], [ -75.63453503373718, 9.009275688705223 ], [ -75.634549283289317, 9.008669041807288 ], [ -75.63469560661305, 9.008167400550711 ], [ -75.634842071625485, 9.007629886679394 ], [ -75.634844347848642, 9.007055935823322 ], [ -75.634847334983505, 9.006302625252832 ], [ -75.63484904211731, 9.005872162317202 ], [ -75.634778584918493, 9.005441416164802 ], [ -75.63463610381838, 9.004974514023441 ], [ -75.634638237721347, 9.004436434786475 ], [ -75.634704434636646, 9.004315359630954 ], [ -75.63489266332013, 9.003971089268086 ], [ -75.635218682667528, 9.003649514018361 ] ] ] } },
{ "type": "Feature", "properties": { "OBJECTID": 8685.0, "NOMBRE_GEO": null, "PROYECTO": "HERNANDEZN", "SYMBOL": "3", "FECHA": null, "RULEID": 1, "PK_CUE": 707529.0, "GLOBALID": "{9B53B7B3-64A1-4D00-BEFA-D9F428383212}", "SHAPE_Leng": 848.78998087586365, "SHAPE_Area": 25073.301107423657 }, "geometry": { "type": "Polygon", "coordinates": [ [ [ -75.934003488665994, 9.268005726388859 ], [ -75.93385374871248, 9.268005249839023 ], [ -75.93376632476587, 9.268029756371398 ], [ -75.933628900569943, 9.268078902651617 ], [ -75.933466674431386, 9.268078381922255 ], [ -75.933367006127952, 9.268028471114615 ], [ -75.933304986228748, 9.267916703345552 ], [ -75.933305353984196, 9.267805140750626 ], [ -75.933318074612643, 9.267730806200777 ], [ -75.933405704969175, 9.267644307003332 ], [ -75.933518327297676, 9.267545501104554 ], [ -75.933531289649181, 9.26739678521451 ], [ -75.933494260888551, 9.267272700833937 ], [ -75.933419673637559, 9.26718568973169 ], [ -75.933370275776781, 9.267024379211135 ], [ -75.9334206890275, 9.266875780149483 ], [ -75.933533437082218, 9.266739784055018 ], [ -75.933633257071619, 9.266740108038928 ], [ -75.933758365997747, 9.266641338070569 ], [ -75.933783769912452, 9.266505053981071 ], [ -75.933871400900671, 9.266418564726607 ], [ -75.933958987385438, 9.266344463197324 ], [ -75.933959229131332, 9.266270081872683 ], [ -75.933947317360236, 9.266096500606908 ], [ -75.934035110307534, 9.265960424402184 ], [ -75.934184805054258, 9.265973306045632 ], [ -75.934284508837791, 9.266010810133656 ], [ -75.934371537565809, 9.266110262763275 ], [ -75.934433449541373, 9.266259212304771 ], [ -75.934458082061397, 9.266358467104487 ], [ -75.934470110015965, 9.266494867154554 ], [ -75.934382443034153, 9.266593754118229 ], [ -75.934294813097651, 9.266680244368207 ], [ -75.934231733279887, 9.266890782009662 ], [ -75.934231328704541, 9.267014749359907 ], [ -75.934230682428264, 9.267213088073374 ], [ -75.934279991064187, 9.267399191883731 ], [ -75.934341983106705, 9.267523357857524 ], [ -75.934516390782221, 9.26761069233393 ], [ -75.934641175665831, 9.267611086849934 ], [ -75.93475368086645, 9.267549471724671 ], [ -75.934853699935715, 9.267487810778734 ], [ -75.935015890375368, 9.267500728548969 ], [ -75.935115432811557, 9.267587820950826 ], [ -75.935189902968716, 9.267712021683854 ], [ -75.935201975734159, 9.267836024842321 ], [ -75.935139175042195, 9.267959795432807 ], [ -75.935076509034346, 9.26804636579773 ], [ -75.934914128592197, 9.268095440704855 ], [ -75.934789101950116, 9.268169407721604 ], [ -75.934701668999139, 9.268193913646158 ], [ -75.934576767259813, 9.268230709368869 ], [ -75.934476856417717, 9.268255179321793 ], [ -75.934314639406296, 9.268254658024786 ], [ -75.934190059586172, 9.268192269824844 ], [ -75.934152879393608, 9.268117773371406 ], [ -75.934065751230193, 9.268043105414309 ], [ -75.934003488665994, 9.268005726388859 ] ] ] } },
{ "type": "Feature", "properties": { "OBJECTID": 8686.0, "NOMBRE_GEO": null, "PROYECTO": "HERNANDEZN", "SYMBOL": "3", "FECHA": null, "RULEID": 1, "PK_CUE": 707531.0, "GLOBALID": "{77686843-073A-4339-A71C-EEA65FAD14E8}", "SHAPE_Leng": 1620.1410240564794, "SHAPE_Area": 162934.67782251359 }, "geometry": { "type": "Polygon", "coordinates": [ [ [ -75.897534341409468, 9.186941493789996 ], [ -75.896869362891522, 9.185636556611696 ], [ -75.898021802798894, 9.185712517668581 ], [ -75.898802906159943, 9.1855859283637 ], [ -75.899581916032147, 9.185050504548114 ], [ -75.900197603189767, 9.184761211117017 ], [ -75.90077549867334, 9.18512625134996 ], [ -75.901401229258326, 9.186799326962845 ], [ -75.901408549621578, 9.188230225599353 ], [ -75.901206806532102, 9.189008033227418 ], [ -75.898779307046041, 9.189020285648152 ], [ -75.897910690299312, 9.188125222069031 ], [ -75.897620175406288, 9.187636080757994 ], [ -75.89761850396664, 9.187309021962994 ], [ -75.897534341409468, 9.186941493789996 ] ] ] } },
{ "type": "Feature", "properties": { "OBJECTID": 8687.0, "NOMBRE_GEO": "Charco Bongo", "PROYECTO": null, "SYMBOL": "3", "FECHA": null, "RULEID": 1, "PK_CUE": 707533.0, "GLOBALID": "{323B3A09-EC6C-436E-9FFD-9BBF083F1069}", "SHAPE_Leng": 1326.9029298325361, "SHAPE_Area": 71708.514142189611 }, "geometry": { "type": "Polygon", "coordinates": [ [ [ -75.88349148138586, 9.198957960884355 ], [ -75.883455727784451, 9.198709648677772 ], [ -75.883508081807335, 9.1986801574363 ], [ -75.883695595668854, 9.198518226790981 ], [ -75.88381269213555, 9.198448948841216 ], [ -75.884000367705653, 9.198240566833952 ], [ -75.884164355380562, 9.198125007691107 ], [ -75.884351951380964, 9.197939846713737 ], [ -75.884586293739716, 9.197754848426632 ], [ -75.884866820014153, 9.197732561367161 ], [ -75.885053714014845, 9.197756401642504 ], [ -75.885310327150165, 9.197896593024868 ], [ -75.885450087347166, 9.198036389315195 ], [ -75.885589918636057, 9.19815297173559 ], [ -75.885893433226997, 9.198246873066569 ], [ -75.886197026898884, 9.198317543990898 ], [ -75.886430507741494, 9.198387988956089 ], [ -75.886616926943802, 9.198551168176353 ], [ -75.886779665594659, 9.198807151991668 ], [ -75.886919119832697, 9.199039843289118 ], [ -75.887151810542278, 9.199342511597496 ], [ -75.887267963202717, 9.199551901378213 ], [ -75.887337303993121, 9.199784348819191 ], [ -75.887406555131648, 9.200040027282776 ], [ -75.887546315267713, 9.200179832188226 ], [ -75.887685688096454, 9.200435734878178 ], [ -75.887614864569471, 9.200644503387803 ], [ -75.887404129081062, 9.20075991905086 ], [ -75.887193554959083, 9.200828891615828 ], [ -75.886935918913807, 9.200990587777522 ], [ -75.886678676575329, 9.201036177671394 ], [ -75.886492177610407, 9.200896219959365 ], [ -75.886516171551747, 9.200710521037246 ], [ -75.886703776068416, 9.200525368681856 ], [ -75.886727769922544, 9.200339668880195 ], [ -75.886611456414386, 9.200176723755005 ], [ -75.886424876284281, 9.200059987839046 ], [ -75.886097682815361, 9.200058901265624 ], [ -75.885894448052284, 9.200037852564554 ], [ -75.885751382302914, 9.199986541038346 ], [ -75.885628888092413, 9.199904812979014 ], [ -75.885516660815057, 9.199812950972756 ], [ -75.885435183868054, 9.199700849600244 ], [ -75.885282029590471, 9.199608854259987 ], [ -75.885118474282635, 9.199567647871664 ], [ -75.884975381162263, 9.199526505336509 ], [ -75.884750478763422, 9.199474932926369 ], [ -75.884607520835985, 9.199393132319404 ], [ -75.884546471591577, 9.199291272177947 ], [ -75.884434244666537, 9.199199401552789 ], [ -75.884270967158926, 9.199076870672744 ], [ -75.884056530658938, 9.198954170676352 ], [ -75.883831655337289, 9.198892429046088 ], [ -75.883627010337634, 9.198901915732618 ], [ -75.883504066919031, 9.198952329134954 ], [ -75.88349148138586, 9.198957960884355 ] ] ] } },
{ "type": "Feature", "properties": { "OBJECTID": 8688.0, "NOMBRE_GEO": "Charco Altamizal", "PROYECTO": null, "SYMBOL": "3", "FECHA": null, "RULEID": 1, "PK_CUE": 707535.0, "GLOBALID": "{92609E8A-3F43-4669-816B-ADCE2B1FF9C3}", "SHAPE_Leng": 5936.0056484120832, "SHAPE_Area": 717398.27893287828 }, "geometry": { "type": "Polygon", "coordinates": [ [ [ -75.873855261724344, 9.207171509973454 ], [ -75.874418217731147, 9.207367413884981 ], [ -75.874386893707268, 9.207404506261069 ], [ -75.874386417593072, 9.207543833974084 ], [ -75.874478720314144, 9.207892478754436 ], [ -75.874665381186958, 9.207986003114415 ], [ -75.87496921784998, 9.207987017836739 ], [ -75.875366300397374, 9.208058021433635 ], [ -75.875669732861525, 9.208175151845333 ], [ -75.875715852914766, 9.20836108623474 ], [ -75.875598677289346, 9.208453585120482 ], [ -75.875270835539382, 9.208638261214297 ], [ -75.875106921334478, 9.20873059913302 ], [ -75.874826457714278, 9.208729654755007 ], [ -75.874639481639747, 9.208729026556451 ], [ -75.874414625264123, 9.20894288866489 ], [ -75.874414266369939, 9.209048098888434 ], [ -75.874413618673245, 9.209237490679147 ], [ -75.87451886605659, 9.209427232631926 ], [ -75.874584443333219, 9.20955863911723 ], [ -75.874208344571926, 9.209660309749037 ], [ -75.874200475663756, 9.209636586159037 ], [ -75.874137297087245, 9.209531159270337 ], [ -75.874116618000343, 9.209383790554801 ], [ -75.874117264995419, 9.209194407761954 ], [ -75.874139012650716, 9.209026134960865 ], [ -75.874139444289511, 9.208899877052595 ], [ -75.874078870922077, 9.208634254404908 ], [ -75.874055820348801, 9.208541288266767 ], [ -75.873845784632366, 9.208447691731157 ], [ -75.87361143277964, 9.208632682244208 ], [ -75.873306733073619, 9.20888710261948 ], [ -75.872955437552292, 9.209094928257841 ], [ -75.872487056073496, 9.209372023238 ], [ -75.871972717314918, 9.20941673161297 ], [ -75.87157483480857, 9.209577953304295 ], [ -75.87110716307923, 9.209646035922333 ], [ -75.870990068043838, 9.209715314228596 ], [ -75.870709605428786, 9.209714371368854 ], [ -75.870382393159261, 9.209713266013495 ], [ -75.870078646408615, 9.209689020062299 ], [ -75.869751677379739, 9.209618250868415 ], [ -75.86940117280821, 9.209593843809998 ], [ -75.869190831542653, 9.209593134330229 ], [ -75.868933734250547, 9.209592263211784 ], [ -75.86862990644191, 9.209591239188336 ], [ -75.868372817280431, 9.209590375736047 ], [ -75.868115718909678, 9.209589504942189 ], [ -75.867788516971842, 9.209588399811963 ], [ -75.867507891698267, 9.209633890951709 ], [ -75.867226800437891, 9.209818719375294 ], [ -75.867039026355044, 9.210050314311234 ], [ -75.866898322050361, 9.210189166322081 ], [ -75.866711023556462, 9.210281422685354 ], [ -75.866500441071267, 9.210350377882017 ], [ -75.86631346466865, 9.210349749207994 ], [ -75.866103116044215, 9.210349039009982 ], [ -75.8658227337, 9.21032486559457 ], [ -75.865682506987724, 9.210324390396197 ], [ -75.865425569689705, 9.210277074900045 ], [ -75.865215302067654, 9.210253143599497 ], [ -75.864911312250371, 9.210298554122405 ], [ -75.864677111692416, 9.210437101260409 ], [ -75.864536723400334, 9.210483067689216 ], [ -75.864256260433038, 9.210482116343409 ], [ -75.863975958858205, 9.210434720887582 ], [ -75.863672444754357, 9.210340802429105 ], [ -75.863298889883993, 9.210223428213666 ], [ -75.862948636965541, 9.210129346662342 ], [ -75.862645114071825, 9.210035429052704 ], [ -75.862318154085514, 9.209964649952704 ], [ -75.862037772340912, 9.209940477020965 ], [ -75.861898335053624, 9.209707786003818 ], [ -75.861735533885991, 9.209475005851219 ], [ -75.861502457304852, 9.209288434227142 ], [ -75.861269380050203, 9.209101863286774 ], [ -75.860895510083182, 9.209077374804568 ], [ -75.860731827839999, 9.209100040018228 ], [ -75.860638178927402, 9.209146167653175 ], [ -75.86035779666318, 9.209121994993509 ], [ -75.860358595670235, 9.208889771285836 ], [ -75.860452568563659, 9.208750756571133 ], [ -75.860639535096468, 9.208751394958917 ], [ -75.860826510615553, 9.208752023235983 ], [ -75.861036617756852, 9.208822405979825 ], [ -75.861363819971018, 9.208823520196182 ], [ -75.861598101233795, 9.208661760835463 ], [ -75.86162250763023, 9.208359953649499 ], [ -75.861739683768562, 9.208267462774755 ], [ -75.861903932242029, 9.208082240151313 ], [ -75.861927863041018, 9.207919770300041 ], [ -75.861858459050069, 9.207710525913292 ], [ -75.861859420199721, 9.207431868439055 ], [ -75.861953383988208, 9.207292853682937 ], [ -75.862163814697809, 9.207270341697189 ], [ -75.862327891678589, 9.207131562209488 ], [ -75.862445706293158, 9.206853299125303 ], [ -75.862563124853281, 9.206691136382782 ], [ -75.862797081573348, 9.206622261989288 ], [ -75.863007261417508, 9.206669423294342 ], [ -75.863240498961787, 9.206809551217765 ], [ -75.86340346257731, 9.206995879625666 ], [ -75.863566112171, 9.207275093853424 ], [ -75.863728833402476, 9.207531096441567 ], [ -75.863845057180001, 9.207717262970627 ], [ -75.86384417625618, 9.207972708433292 ], [ -75.863843385724067, 9.208204932318779 ], [ -75.863912699651081, 9.208437389378924 ], [ -75.864099432736012, 9.208507691322358 ], [ -75.864356521162989, 9.208508561695172 ], [ -75.864870942214779, 9.208440631109971 ], [ -75.864917680931896, 9.208440793338051 ], [ -75.865244810535813, 9.208465120097021 ], [ -75.865688551662856, 9.208559514845982 ], [ -75.865945640705462, 9.208560385869831 ], [ -75.866156224262511, 9.208491431268037 ], [ -75.866180398009774, 9.208259289204095 ], [ -75.866134449362761, 9.208026911825021 ], [ -75.866088662058544, 9.20774808427988 ], [ -75.86597259953497, 9.2075154750118 ], [ -75.865856609151223, 9.207259634325345 ], [ -75.865717019961892, 9.207073378105317 ], [ -75.865671071090532, 9.20684100142568 ], [ -75.865672185313556, 9.20651589201395 ], [ -75.865673065239577, 9.206260446929884 ], [ -75.865674017370964, 9.205981790387955 ], [ -75.86555795502241, 9.205749170774128 ], [ -75.865348171829467, 9.205585901791668 ], [ -75.865185127123581, 9.20542279494097 ], [ -75.865185837100611, 9.205213801798861 ], [ -75.865280286197986, 9.204935449736205 ], [ -75.865304531311523, 9.204680086200442 ], [ -75.865282038274842, 9.204424560335077 ], [ -75.865165489649399, 9.204331279166544 ], [ -75.864814842352189, 9.204353315123072 ], [ -75.864604339955079, 9.204399047712721 ], [ -75.864463789438148, 9.20449145821291 ], [ -75.864346612556261, 9.204583956649401 ], [ -75.864135795639626, 9.204722575841457 ], [ -75.863901677059616, 9.204837892765401 ], [ -75.863714153971969, 9.204999814060033 ], [ -75.863643322021119, 9.205208574192415 ], [ -75.863689189610113, 9.205464172207211 ], [ -75.863711916624354, 9.205650033134589 ], [ -75.86371119857327, 9.20585902568761 ], [ -75.863546960169316, 9.206044250299929 ], [ -75.863313163991421, 9.206066681111844 ], [ -75.863219765737853, 9.206043145391636 ], [ -75.863173340761534, 9.205950096870291 ], [ -75.863220638438804, 9.205787699843853 ], [ -75.863314601354872, 9.205648685918851 ], [ -75.863385353117991, 9.205463148180691 ], [ -75.86336254406298, 9.205300507793492 ], [ -75.863269532700997, 9.205160863697806 ], [ -75.863012686911745, 9.205090329081218 ], [ -75.862919683860412, 9.204950676636463 ], [ -75.86294376797251, 9.204741754886623 ], [ -75.863037812234339, 9.204579519556411 ], [ -75.863061743585092, 9.204417040787058 ], [ -75.86296873176093, 9.204277398315963 ], [ -75.862852435860603, 9.20411444432523 ], [ -75.862782798697793, 9.203974872654218 ], [ -75.862783437144515, 9.203789101439389 ], [ -75.862854188229178, 9.203603562920815 ], [ -75.863018111711227, 9.203511224842774 ], [ -75.863415499674588, 9.203489350745137 ], [ -75.863695962752701, 9.203490302576464 ], [ -75.86392999207925, 9.20339820759207 ], [ -75.864023874807671, 9.203282415231588 ], [ -75.864234376759171, 9.203236682254094 ], [ -75.864631773871025, 9.203214798715376 ], [ -75.864842671985372, 9.203052958962255 ], [ -75.864960242915416, 9.202844361349255 ], [ -75.865101027366777, 9.20268227837475 ], [ -75.865241658266129, 9.202566638271691 ], [ -75.865522587647561, 9.202428261111635 ], [ -75.865943835078568, 9.202267130205531 ], [ -75.86620132000445, 9.202151886129259 ], [ -75.866668983305942, 9.202083801757411 ], [ -75.866926061917439, 9.202084665416557 ], [ -75.867182908924747, 9.202155200355625 ], [ -75.867345872094006, 9.202341528839526 ], [ -75.86753181426657, 9.202644045763408 ], [ -75.867671483747571, 9.202807081023108 ], [ -75.867927458563244, 9.203133051674049 ], [ -75.868207042381869, 9.203389441018119 ], [ -75.868486947966417, 9.203552942570738 ], [ -75.868790300114696, 9.203693304756744 ], [ -75.868976638393619, 9.203879714286579 ], [ -75.869186340320326, 9.204066195136178 ], [ -75.86946616581308, 9.204252918824439 ], [ -75.86976928418531, 9.204462944886391 ], [ -75.869908954438259, 9.204625972413176 ], [ -75.870212154228014, 9.204812775637253 ], [ -75.870421783707954, 9.205022479421492 ], [ -75.870631496096607, 9.205208959812396 ], [ -75.870888261945325, 9.205302717088607 ], [ -75.871098134615693, 9.205442765214595 ], [ -75.871331058646177, 9.205675769816889 ], [ -75.871587429187798, 9.205885634031294 ], [ -75.871843809117095, 9.206095498799543 ], [ -75.872170381766551, 9.206282375385642 ], [ -75.872403782205311, 9.206376050961611 ], [ -75.872707133964681, 9.206516404127543 ], [ -75.872940220106301, 9.206702966304325 ], [ -75.873173378037663, 9.206866307006411 ], [ -75.873313219298041, 9.206982889735425 ], [ -75.873733352061237, 9.207146860018062 ], [ -75.873855261724344, 9.207171509973454 ] ] ] } },
{ "type": "Feature", "properties": { "OBJECTID": 8689.0, "NOMBRE_GEO": "Charco La Hicotca", "PROYECTO": null, "SYMBOL": "3", "FECHA": null, "RULEID": 1, "PK_CUE": 707537.0, "GLOBALID": "{AAABB82C-9ED3-4A94-BCC5-DF973D307CCA}", "SHAPE_Leng": 4503.2086189171196, "SHAPE_Area": 272661.58558160329 }, "geometry": { "type": "Polygon", "coordinates": [ [ [ -75.870734892275507, 9.227955094191632 ], [ -75.870634451910632, 9.227821101252404 ], [ -75.870399658741448, 9.227636523554603 ], [ -75.870454645336864, 9.227293124909064 ], [ -75.870472719128927, 9.227222301654049 ], [ -75.870491045315845, 9.227080602294235 ], [ -75.870527201974227, 9.226938954814749 ], [ -75.870581137042649, 9.226815096229231 ], [ -75.87077732926106, 9.226815760353754 ], [ -75.870955562930476, 9.226851800626358 ], [ -75.871097946420406, 9.226940886924377 ], [ -75.871294137720227, 9.226941551655791 ], [ -75.871437122569532, 9.226853427105477 ], [ -75.87143755383164, 9.226729377831072 ], [ -75.871438219156545, 9.226534452650728 ], [ -75.871634474098514, 9.226517393728711 ], [ -75.871741238627024, 9.226588639190151 ], [ -75.87206246672487, 9.226536564135435 ], [ -75.872152190808478, 9.226377373794696 ], [ -75.87224227386821, 9.226111867794689 ], [ -75.872296335095385, 9.22595256031469 ], [ -75.872385996081263, 9.225811103446414 ], [ -75.87249348829809, 9.225669699272398 ], [ -75.872600809619399, 9.225581457356189 ], [ -75.872726080009897, 9.225457831091578 ], [ -75.872940714162311, 9.22528134814546 ], [ -75.873137265756185, 9.22517568840868 ], [ -75.873333700263231, 9.225105458363881 ], [ -75.87351236642111, 9.225017459309438 ], [ -75.873637753105484, 9.224858394087828 ], [ -75.873709644935204, 9.224699150131888 ], [ -75.873710427104626, 9.224468785607376 ], [ -75.873711155411144, 9.224256137277099 ], [ -75.873712061738843, 9.223990324860878 ], [ -75.8737305036083, 9.223813177929523 ], [ -75.873731232081298, 9.223600536826238 ], [ -75.873785221401846, 9.223458953890496 ], [ -75.873839271820941, 9.223299646571897 ], [ -75.873946647819707, 9.223193681125558 ], [ -75.873964964583664, 9.223051972171358 ], [ -75.873947913887619, 9.222821545086962 ], [ -75.873930802126708, 9.222608842378559 ], [ -75.873913454807294, 9.22246701634872 ], [ -75.873878501957449, 9.222254250180493 ], [ -75.8738789328618, 9.222130202041029 ], [ -75.873915080961524, 9.221988563847347 ], [ -75.873986910340321, 9.221847035384926 ], [ -75.874005290219387, 9.22168761108242 ], [ -75.87389851630185, 9.221616365150318 ], [ -75.873630980269468, 9.221615466842536 ], [ -75.873398998544417, 9.22165012424262 ], [ -75.873166774623812, 9.221755667329683 ], [ -75.872952149570111, 9.221932158735886 ], [ -75.872791207781148, 9.222055660328934 ], [ -75.872612307696272, 9.222214545337572 ], [ -75.872522342067626, 9.222444612264354 ], [ -75.872379051930238, 9.22262133791172 ], [ -75.872182311972168, 9.222780160223538 ], [ -75.872021253338943, 9.222939098695178 ], [ -75.871860364766562, 9.223044883877359 ], [ -75.87168159086751, 9.223168330662672 ], [ -75.871622483154866, 9.223218321564605 ], [ -75.870872820279772, 9.223050164347635 ], [ -75.870440502158928, 9.222761711418615 ], [ -75.870044414777141, 9.222437503438918 ], [ -75.869611732848355, 9.222256673695279 ], [ -75.86925224298254, 9.221789087292048 ], [ -75.868783454840951, 9.221608135816394 ], [ -75.868278681954394, 9.221391187595666 ], [ -75.867845391622268, 9.221389730911607 ], [ -75.867664609203473, 9.221460873984169 ], [ -75.867520384202393, 9.221550601740082 ], [ -75.867215834222293, 9.221740075580639 ], [ -75.867209544039952, 9.221788715579224 ], [ -75.867191101336445, 9.221965864034143 ], [ -75.867118724251284, 9.222266870724878 ], [ -75.867028999751426, 9.222426052965522 ], [ -75.866921319083247, 9.222620619436885 ], [ -75.866760313533092, 9.222761842638555 ], [ -75.866635402899377, 9.222779135627214 ], [ -75.866492724324161, 9.222778651026402 ], [ -75.866332321207764, 9.222742672586625 ], [ -75.866225672645839, 9.222635980407153 ], [ -75.866226095349646, 9.222511940588713 ], [ -75.86631563928681, 9.222405921965754 ], [ -75.866440918116879, 9.22228229569259 ], [ -75.866512800710623, 9.222123050628086 ], [ -75.866602713710577, 9.221910706695843 ], [ -75.866746003688249, 9.221733990722459 ], [ -75.86687133737145, 9.221592649911415 ], [ -75.867014627022058, 9.221415923966907 ], [ -75.867193527439909, 9.22125703931582 ], [ -75.867354478035665, 9.221133538790387 ], [ -75.867533439696658, 9.220956938610916 ], [ -75.867712150576878, 9.220851215569928 ], [ -75.86796190956693, 9.220834345581597 ], [ -75.868175932748287, 9.220835065109112 ], [ -75.868197468062789, 9.220835138253376 ], [ -75.868208542619385, 9.220781070891206 ], [ -75.868569617774142, 9.220782283745264 ], [ -75.869110986130025, 9.220855852886338 ], [ -75.869544154207617, 9.220893182812501 ], [ -75.870374626959233, 9.220895969828909 ], [ -75.871459070808967, 9.220540851799475 ], [ -75.872045644909221, 9.220064190736188 ], [ -75.872074602750345, 9.220040660142788 ], [ -75.87225461941064, 9.21979476124408 ], [ -75.872546189642904, 9.219396482424775 ], [ -75.872980573298719, 9.219075056623229 ], [ -75.873341767869988, 9.219040389823393 ], [ -75.873846907386977, 9.219149705826542 ], [ -75.874532826058243, 9.219187875325915 ], [ -75.875074801640025, 9.219082060129127 ], [ -75.875435146711524, 9.219298516610404 ], [ -75.875328640780936, 9.219460857821714 ], [ -75.875035900667555, 9.219907065366115 ], [ -75.874709112169015, 9.22044410401363 ], [ -75.874671182354518, 9.220982108658337 ], [ -75.874643504560851, 9.221196242107633 ], [ -75.874597023223572, 9.221555867927281 ], [ -75.874596051195752, 9.221842867844588 ], [ -75.874558119892242, 9.22238087255333 ], [ -75.874525770091765, 9.222868771771219 ], [ -75.874520068156286, 9.222954751697021 ], [ -75.87453726168286, 9.223467325417097 ], [ -75.874533786791545, 9.223473604600429 ], [ -75.874432205079913, 9.223673750314477 ], [ -75.874347503232315, 9.223857249124395 ], [ -75.874245868398148, 9.224074102418056 ], [ -75.874194735540982, 9.224274416834644 ], [ -75.874143495865226, 9.224508150025056 ], [ -75.874109233879992, 9.224691820331424 ], [ -75.874057931208952, 9.224942261192977 ], [ -75.874040432266085, 9.225142683563812 ], [ -75.874006350090283, 9.22527623732938 ], [ -75.87397214185097, 9.225443189234877 ], [ -75.873870569615306, 9.225643342189064 ], [ -75.873870165281701, 9.225760293673044 ], [ -75.873734788967624, 9.226010447980228 ], [ -75.873666786773612, 9.226227418346983 ], [ -75.873615932989182, 9.226344199368132 ], [ -75.873514243540413, 9.226577761271926 ], [ -75.873395963255561, 9.226744433811746 ], [ -75.873361987575763, 9.226844559805405 ], [ -75.873193086915379, 9.227061189193968 ], [ -75.873074688617862, 9.227261279694261 ], [ -75.872889322013094, 9.227377612449061 ], [ -75.872737694553422, 9.227460634331452 ], [ -75.872502039696641, 9.227526669074734 ], [ -75.87231683439353, 9.227592875209305 ], [ -75.872215774164204, 9.227642651352694 ], [ -75.872164928874398, 9.227759432294782 ], [ -75.872013185915961, 9.227875871049632 ], [ -75.871811387967199, 9.227875198355258 ], [ -75.871592782739754, 9.227874461040777 ], [ -75.871441389560601, 9.227890658244895 ], [ -75.871373954367712, 9.227940549594937 ], [ -75.871289647136635, 9.228007096775078 ], [ -75.871154719980865, 9.22812359069229 ], [ -75.870936169353143, 9.228106145394845 ], [ -75.870734892275507, 9.227955094191632 ] ] ] } },
{ "type": "Feature", "properties": { "OBJECTID": 8690.0, "NOMBRE_GEO": null, "PROYECTO": "HERNANDEZN", "SYMBOL": "3", "FECHA": null, "RULEID": 1, "PK_CUE": 707539.0, "GLOBALID": "{7B59552C-3D47-4135-B378-7140C20EA2C6}", "SHAPE_Leng": 1294.9122901433147, "SHAPE_Area": 67286.284946682761 }, "geometry": { "type": "Polygon", "coordinates": [ [ [ -75.856032822379973, 9.203954417787997 ], [ -75.856034070135749, 9.203592065042228 ], [ -75.856131735400353, 9.203471618398105 ], [ -75.856253959628816, 9.203278777069452 ], [ -75.856327478200313, 9.203109929746976 ], [ -75.85644971231541, 9.202917097376389 ], [ -75.856693326061546, 9.202772990032637 ], [ -75.856863674214324, 9.202725253241272 ], [ -75.857083150116125, 9.20253274413399 ], [ -75.857229601692808, 9.202364148068101 ], [ -75.857497695545774, 9.202171809988782 ], [ -75.857716919758545, 9.20205176827046 ], [ -75.858008828126486, 9.202004454175345 ], [ -75.858203240641743, 9.202029265414426 ], [ -75.85837316701604, 9.202102316057276 ], [ -75.858299406043983, 9.202343630926309 ], [ -75.858080181077838, 9.202463673000091 ], [ -75.857861037375145, 9.202559549808736 ], [ -75.857617504246235, 9.202679510665087 ], [ -75.857470971284741, 9.202872263016076 ], [ -75.857421599024022, 9.203089501915358 ], [ -75.85744507162444, 9.203331149094728 ], [ -75.857566047745223, 9.203500660744368 ], [ -75.857589611157039, 9.203718151656497 ], [ -75.857759465108032, 9.203815359354365 ], [ -75.858100330080447, 9.203671573982561 ], [ -75.85848931913705, 9.203672904230668 ], [ -75.858756496100057, 9.203746278088857 ], [ -75.858998869579224, 9.203964514768 ], [ -75.859070887937733, 9.204230488374412 ], [ -75.85904566282764, 9.204496120359222 ], [ -75.858753504174359, 9.20461590968258 ], [ -75.858485401737582, 9.204808258131072 ], [ -75.858193080558351, 9.204976359383734 ], [ -75.857925312330622, 9.205072074842448 ], [ -75.857657218002373, 9.205264412896684 ], [ -75.857219101055492, 9.205407864550137 ], [ -75.856927445208441, 9.205382712134798 ], [ -75.856733192759748, 9.205309581200451 ], [ -75.856587908967029, 9.205139988291618 ], [ -75.856394662700495, 9.204776978386151 ], [ -75.856322394011357, 9.204583481274426 ], [ -75.8562502949014, 9.204341663599623 ], [ -75.85612914754789, 9.204220471953271 ], [ -75.856032822379973, 9.203954417787997 ] ] ] } },
{ "type": "Feature", "properties": { "OBJECTID": 8691.0, "NOMBRE_GEO": null, "PROYECTO": "HERNANDEZN", "SYMBOL": "3", "FECHA": null, "RULEID": 1, "PK_CUE": 707541.0, "GLOBALID": "{71CDDA1C-4377-4704-A456-AF24A422B2E5}", "SHAPE_Leng": 1608.2044931420971, "SHAPE_Area": 105809.49688598733 }, "geometry": { "type": "Polygon", "coordinates": [ [ [ -75.84612671266828, 9.22784004629129 ], [ -75.846337852861467, 9.227631717715601 ], [ -75.846548256348868, 9.227632455054049 ], [ -75.846805345094182, 9.227656556918538 ], [ -75.846992373819333, 9.227657202621618 ], [ -75.8471556966973, 9.227750682101064 ], [ -75.847342484234403, 9.227821002021983 ], [ -75.847458806910211, 9.227984001153853 ], [ -75.847528139382305, 9.228216520915565 ], [ -75.847597946716803, 9.228309668396685 ], [ -75.847714278810273, 9.228472667285919 ], [ -75.847713623084758, 9.228658484142354 ], [ -75.847689198083629, 9.228960361958093 ], [ -75.847595117347296, 9.229122634415505 ], [ -75.847477652723995, 9.229284824690019 ], [ -75.847289895627114, 9.229493234407162 ], [ -75.84721927116999, 9.22963235556573 ], [ -75.84717162400301, 9.229887702271059 ], [ -75.847077210829426, 9.230142878264566 ], [ -75.846959675709385, 9.230328299288169 ], [ -75.846819000377963, 9.230443957321592 ], [ -75.846773005773116, 9.230489339778732 ], [ -75.846701697862727, 9.230559686778307 ], [ -75.846467173704539, 9.230767933773542 ], [ -75.846396638836808, 9.230883825820777 ], [ -75.846326093996964, 9.230999726984045 ], [ -75.846138580156179, 9.231138444883928 ], [ -75.846044733102673, 9.231231033838355 ], [ -75.845927440160381, 9.231346773054002 ], [ -75.845927035125612, 9.23146290656188 ], [ -75.845926459976155, 9.231625501851203 ], [ -75.845879217833797, 9.23176470526308 ], [ -75.845808672705914, 9.231880606423504 ], [ -75.845714683382511, 9.232019646998411 ], [ -75.845574077975684, 9.232112074977039 ], [ -75.845480141295695, 9.232227884891945 ], [ -75.845409372017244, 9.232413467645765 ], [ -75.84540895874575, 9.232529603070923 ], [ -75.845408465390591, 9.232668966644681 ], [ -75.845337848022126, 9.232808088663704 ], [ -75.845220878535855, 9.232830924264411 ], [ -75.84501046627021, 9.232830188024122 ], [ -75.844847053602365, 9.232759948996069 ], [ -75.844730408088822, 9.232689852784864 ], [ -75.844613751843653, 9.232619774682796 ], [ -75.844356914906541, 9.232525973202002 ], [ -75.844123361959333, 9.232455483073316 ], [ -75.844006787790505, 9.232362165677426 ], [ -75.843867494978511, 9.232082951084895 ], [ -75.843868392840349, 9.231827451827439 ], [ -75.843916201921957, 9.231525653859585 ], [ -75.843940311581548, 9.231316688011695 ], [ -75.844057775832965, 9.231154497338451 ], [ -75.844245217842939, 9.231039001164717 ], [ -75.844432329001549, 9.231016425822061 ], [ -75.844526327808708, 9.230877376395618 ], [ -75.844597034652139, 9.230715023592994 ], [ -75.844761256301652, 9.230552994893181 ], [ -75.844972071705357, 9.230437588147545 ], [ -75.845182637223459, 9.230391845976579 ], [ -75.845346535169995, 9.230322737898708 ], [ -75.845440454306171, 9.230206928284055 ], [ -75.84551132178224, 9.229998113732957 ], [ -75.84546505037811, 9.229858588239672 ], [ -75.845395403333654, 9.22971898125717 ], [ -75.845372595203102, 9.229556314411049 ], [ -75.845372918563314, 9.229463400872925 ], [ -75.845397190583711, 9.229207974361003 ], [ -75.845491110409924, 9.229092163006191 ], [ -75.845581741383015, 9.229002726913738 ], [ -75.845655331071697, 9.228930143271503 ], [ -75.845819300140263, 9.228837796279169 ], [ -75.846006571816872, 9.22876875244733 ], [ -75.846147338024736, 9.228629863003331 ], [ -75.846124924966986, 9.22835105291303 ], [ -75.846125652602169, 9.2281420059303 ], [ -75.84612671266828, 9.22784004629129 ] ] ] } },
{ "type": "Feature", "properties": { "OBJECTID": 8692.0, "NOMBRE_GEO": null, "PROYECTO": "HERNANDEZN", "SYMBOL": "3", "FECHA": null, "RULEID": 1, "PK_CUE": 707543.0, "GLOBALID": "{DC58974B-BC97-46A5-845B-D0B05EDFFD3D}", "SHAPE_Leng": 857.33969006805114, "SHAPE_Area": 42914.224348213756 }, "geometry": { "type": "Polygon", "coordinates": [ [ [ -75.822451218875386, 9.195153983383094 ], [ -75.822337321829693, 9.194982924550288 ], [ -75.822252161107301, 9.194783525809088 ], [ -75.822253068828289, 9.19452754167764 ], [ -75.822311224910223, 9.194271755690334 ], [ -75.822426829623311, 9.193959294762502 ], [ -75.822714084072388, 9.193675868332978 ], [ -75.823029562635213, 9.19350631995777 ], [ -75.823430310628368, 9.193507720564174 ], [ -75.823658904753685, 9.193622291993886 ], [ -75.823887194271492, 9.193822184555914 ], [ -75.824058233213819, 9.194021889888806 ], [ -75.824515934172368, 9.194108810898875 ], [ -75.824972618560253, 9.194480164941481 ], [ -75.824971612853787, 9.194764590400727 ], [ -75.824569957929981, 9.195019171955858 ], [ -75.824369383380088, 9.195075362317823 ], [ -75.824083340641408, 9.195017475013602 ], [ -75.823911483683574, 9.195045312680335 ], [ -75.823797093376314, 9.195016476783564 ], [ -75.823482215431781, 9.195015371734497 ], [ -75.823481909873891, 9.195100703029123 ], [ -75.823452284361508, 9.19538502938728 ], [ -75.823194054083913, 9.195554774687055 ], [ -75.82282192709657, 9.195553481199781 ], [ -75.822650886776572, 9.195353777121706 ], [ -75.822451218875386, 9.195153983383094 ] ] ] } },
{ "type": "Feature", "properties": { "OBJECTID": 8693.0, "NOMBRE_GEO": "Pozo Rincón de La Aurora", "PROYECTO": null, "SYMBOL": "3", "FECHA": null, "RULEID": 1, "PK_CUE": 707545.0, "GLOBALID": "{7F9069F2-627B-49EA-852B-2E814A56A718}", "SHAPE_Leng": 2780.3489266130296, "SHAPE_Area": 363573.73946964019 }, "geometry": { "type": "Polygon", "coordinates": [ [ [ -75.744853819060438, 9.18178627868439 ], [ -75.745494038806058, 9.181229736111208 ], [ -75.746695346696015, 9.181522272877153 ], [ -75.747470107965256, 9.182242614218632 ], [ -75.748544251195227, 9.18283381336296 ], [ -75.749491228426962, 9.183723693353963 ], [ -75.750179293070289, 9.184231511104713 ], [ -75.750868955587279, 9.185079987224448 ], [ -75.751128487539845, 9.18558978961663 ], [ -75.751174939549102, 9.186356079805295 ], [ -75.750792446711174, 9.187039186001178 ], [ -75.7501936842487, 9.187297461238394 ], [ -75.749164366537727, 9.187131892036339 ], [ -75.748475898319072, 9.186538914274481 ], [ -75.747743186630089, 9.18564804644447 ], [ -75.747098771984383, 9.18531035129862 ], [ -75.746069463687022, 9.1851447738154 ], [ -75.744569161132858, 9.185066539979342 ], [ -75.743882695077843, 9.184899371881976 ], [ -75.742553017733101, 9.184650000044389 ], [ -75.741352096359904, 9.184442615080096 ], [ -75.741221938916567, 9.184102548814426 ], [ -75.741176906882671, 9.183634329427333 ], [ -75.741176304677296, 9.183506578806178 ], [ -75.743311466177715, 9.181878562256294 ], [ -75.744853819060438, 9.18178627868439 ] ] ] } },
{ "type": "Feature", "properties": { "OBJECTID": 8694.0, "NOMBRE_GEO": "Charcos Barbu", "PROYECTO": null, "SYMBOL": "3", "FECHA": null, "RULEID": 1, "PK_CUE": 707547.0, "GLOBALID": "{89E35DCA-2017-4F88-BC93-C7BB191CBE8E}", "SHAPE_Leng": 8047.7527448577339, "SHAPE_Area": 1154231.2508917965 }, "geometry": { "type": "Polygon", "coordinates": [ [ [ -75.695032780593706, 9.112171655791078 ], [ -75.694723209755338, 9.111550385967558 ], [ -75.694689874614724, 9.110832794560288 ], [ -75.694869560135245, 9.110078776911772 ], [ -75.694873654679967, 9.109972537298686 ], [ -75.694840733933319, 9.10914732705783 ], [ -75.694844456983347, 9.108178764734324 ], [ -75.695027683077129, 9.107461995658035 ], [ -75.695031406034232, 9.106493434314793 ], [ -75.694710011856017, 9.105595383135432 ], [ -75.694505753940817, 9.104874435789299 ], [ -75.693849565799496, 9.104085439820876 ], [ -75.693851359363904, 9.103619095882953 ], [ -75.693858504591432, 9.103603860042131 ], [ -75.694069710739669, 9.103153572999164 ], [ -75.694432985955046, 9.102545108245886 ], [ -75.695047670004428, 9.102260454933882 ], [ -75.696491666913616, 9.102194185087148 ], [ -75.697934701183542, 9.102379017602125 ], [ -75.699231992420948, 9.102922027817732 ], [ -75.700383952654661, 9.103715597072638 ], [ -75.70045325738775, 9.10446919836774 ], [ -75.700376812778487, 9.105580981141127 ], [ -75.700551925020761, 9.106980702090482 ], [ -75.700688885401803, 9.108918377998487 ], [ -75.701406505322907, 9.110033162795828 ], [ -75.701800107306653, 9.11093148379072 ], [ -75.701905780825939, 9.111613476230854 ], [ -75.702336577157439, 9.112224951334561 ], [ -75.702841483408946, 9.112334477959408 ], [ -75.703277081743749, 9.111690402771234 ], [ -75.703279960782652, 9.110937074222678 ], [ -75.703389751338378, 9.110542881716546 ], [ -75.70389616331039, 9.110257805823252 ], [ -75.704329565085061, 9.110187694881274 ], [ -75.704726735586817, 9.110153319213717 ], [ -75.705016308997656, 9.10993917070515 ], [ -75.705018225974385, 9.109436952337271 ], [ -75.705020416250491, 9.108862985640279 ], [ -75.705310673118404, 9.108469472793626 ], [ -75.705816396927858, 9.108363758045847 ], [ -75.706536905397613, 9.10872520627192 ], [ -75.706931477044762, 9.109372413240182 ], [ -75.707217356657679, 9.110126829830214 ], [ -75.70750351312347, 9.110809502147545 ], [ -75.707789941577204, 9.111420426666486 ], [ -75.707859944103859, 9.111994664548352 ], [ -75.707569003377827, 9.112567544392753 ], [ -75.707133547170784, 9.113175752317089 ], [ -75.706878971868164, 9.113677021168485 ], [ -75.706480701922629, 9.113998379619845 ], [ -75.705721898730673, 9.114210760661777 ], [ -75.705428899122282, 9.115321729777824 ], [ -75.706004082728995, 9.115933745605201 ], [ -75.706255787376264, 9.116185807743847 ], [ -75.700516890841982, 9.116128258343107 ], [ -75.700121775753075, 9.115624536915563 ], [ -75.700016242587438, 9.114906671840895 ], [ -75.700055912381913, 9.113974115936204 ], [ -75.700094206127986, 9.113400288568267 ], [ -75.699988535297607, 9.112718296615705 ], [ -75.699847320285343, 9.111892676552927 ], [ -75.699825493146804, 9.111789485129018 ], [ -75.699717888307717, 9.111280775832519 ], [ -75.699676213612676, 9.110938845752836 ], [ -75.698991731935138, 9.109299135853798 ], [ -75.698995173993822, 9.108401373555495 ], [ -75.698358365575018, 9.108187722372335 ], [ -75.697724194330874, 9.107287543880579 ], [ -75.697142955268504, 9.106440376663226 ], [ -75.696558679223159, 9.106385351700402 ], [ -75.696185318586529, 9.106753608318641 ], [ -75.696185117042631, 9.106806166638492 ], [ -75.696297865954151, 9.106901350800541 ], [ -75.69630166556037, 9.107745290608293 ], [ -75.696945174283755, 9.109219364442977 ], [ -75.696974176219911, 9.109270704738423 ], [ -75.69751043088003, 9.10948031643913 ], [ -75.69819525000986, 9.109734024408951 ], [ -75.698843288597431, 9.110166958046209 ], [ -75.698986152157318, 9.110562104607837 ], [ -75.699018257284521, 9.111602552183017 ], [ -75.69908741853601, 9.1123920246213 ], [ -75.699084805618298, 9.113073607898128 ], [ -75.698937402265855, 9.113862261292724 ], [ -75.698575083139303, 9.114219620965995 ], [ -75.697997023868581, 9.114360923188093 ], [ -75.697564444003106, 9.11421579027823 ], [ -75.696880168015994, 9.113818587767007 ], [ -75.696412322215792, 9.113458080289627 ], [ -75.695872702187515, 9.112989680180657 ], [ -75.695333084428853, 9.112521279748703 ], [ -75.695045573171683, 9.112197327828383 ], [ -75.695032780593706, 9.112171655791078 ] ] ] } },
{ "type": "Feature", "properties": { "OBJECTID": 8695.0, "NOMBRE_GEO": "Pozo Zapal", "PROYECTO": null, "SYMBOL": "3", "FECHA": null, "RULEID": 1, "PK_CUE": 707549.0, "GLOBALID": "{ADAA0A41-6AF4-4603-AACC-95FC6C0DC42C}", "SHAPE_Leng": 2939.8884810408567, "SHAPE_Area": 318481.06822219305 }, "geometry": { "type": "Polygon", "coordinates": [ [ [ -75.664797335366785, 9.10964715981012 ], [ -75.66512697192266, 9.109481555379851 ], [ -75.665844195601821, 9.109806763364155 ], [ -75.66606902577621, 9.11084552125736 ], [ -75.666130130299891, 9.112213331879159 ], [ -75.666134478323542, 9.113198334943929 ], [ -75.666193174348138, 9.114018918915203 ], [ -75.665976078434625, 9.114731274331719 ], [ -75.665484403322068, 9.115608990845056 ], [ -75.664992484757065, 9.116431981595969 ], [ -75.664775632132105, 9.117199053992907 ], [ -75.664723951982538, 9.117965405726709 ], [ -75.664562156814725, 9.11873223474441 ], [ -75.664400361408454, 9.119499063859049 ], [ -75.664349166390807, 9.120374859158231 ], [ -75.664131100182516, 9.120868321347395 ], [ -75.663856520580907, 9.121033683356037 ], [ -75.663143617902477, 9.121693478024408 ], [ -75.662585279059513, 9.119944762853365 ], [ -75.662686707736626, 9.117974291389196 ], [ -75.662841504816839, 9.115620515817103 ], [ -75.663165105577065, 9.114086857865297 ], [ -75.663377863376411, 9.11238951005358 ], [ -75.663647366197111, 9.111074977608487 ], [ -75.66386543199539, 9.110581515170891 ], [ -75.664358552878667, 9.11003213274885 ], [ -75.664797335366785, 9.10964715981012 ] ] ] } },
{ "type": "Feature", "properties": { "OBJECTID": 8696.0, "NOMBRE_GEO": "Charco El Potrero", "PROYECTO": null, "SYMBOL": "3", "FECHA": null, "RULEID": 1, "PK_CUE": 707688.0, "GLOBALID": "{74F406A3-3A00-47E0-BCEA-20E25B4E801B}", "SHAPE_Leng": 7086.8031731929577, "SHAPE_Area": 1024953.843908152 }, "geometry": { "type": "Polygon", "coordinates": [ [ [ -75.630095587416449, 9.118682764873927 ], [ -75.630299945218141, 9.11820319863725 ], [ -75.631190579030687, 9.117310391132115 ], [ -75.632082102592975, 9.116622739075963 ], [ -75.634006904925556, 9.116204195938041 ], [ -75.635450946709341, 9.115992859094602 ], [ -75.636000797001373, 9.115853737390189 ], [ -75.636173083999523, 9.114798351807188 ], [ -75.636131681539354, 9.114264605571933 ], [ -75.636313729945257, 9.113870731292378 ], [ -75.636343655070391, 9.11383140408204 ], [ -75.636531441169467, 9.11358461416177 ], [ -75.636857286014759, 9.113334797590401 ], [ -75.637075138870827, 9.113012809697279 ], [ -75.637184855821076, 9.112654520378964 ], [ -75.637041489758673, 9.112402846280871 ], [ -75.636607941100166, 9.112508747354001 ], [ -75.63660482081211, 9.112503830790512 ], [ -75.636356871059036, 9.112113157357006 ], [ -75.636649066330634, 9.111253377568197 ], [ -75.637157530330967, 9.11046619760336 ], [ -75.637520040058916, 9.110073035772533 ], [ -75.637537041580686, 9.110066074151369 ], [ -75.637953872836945, 9.109895391431078 ], [ -75.638242903084944, 9.109824789148801 ], [ -75.638099823704408, 9.109501371363056 ], [ -75.637955847633179, 9.109284869069434 ], [ -75.637884558616221, 9.109177668627241 ], [ -75.63781424007675, 9.108711050122468 ], [ -75.637995421865369, 9.108532404552886 ], [ -75.638176029433424, 9.108497245977782 ], [ -75.638253437742463, 9.10847559475601 ], [ -75.638681901641803, 9.108355755907105 ], [ -75.638827994724195, 9.107925865310838 ], [ -75.638973513763261, 9.107639460793919 ], [ -75.638830577583917, 9.107280171692761 ], [ -75.638445227192236, 9.107141670204308 ], [ -75.638325999323044, 9.107098815943624 ], [ -75.63818406833488, 9.106488424685384 ], [ -75.638335402718297, 9.106067605400792 ], [ -75.638403063064615, 9.105879459755281 ], [ -75.638802089029653, 9.105378822557805 ], [ -75.639126777847551, 9.105415977595205 ], [ -75.63923405240088, 9.105667508023942 ], [ -75.639486699409218, 9.105668506394242 ], [ -75.639668022230566, 9.105453987333107 ], [ -75.64010313780004, 9.104953490783089 ], [ -75.640574632353861, 9.104381393372938 ], [ -75.640635636928408, 9.104334140893666 ], [ -75.641081500907163, 9.103988795307021 ], [ -75.641442997244511, 9.103846730848801 ], [ -75.641875532687806, 9.103991925564655 ], [ -75.641843897326794, 9.104265033917962 ], [ -75.64180077238818, 9.104637335234203 ], [ -75.641510171300922, 9.105102531210678 ], [ -75.641327846789068, 9.105568153693184 ], [ -75.641254086319904, 9.1059624598202 ], [ -75.64128917721149, 9.106213704837955 ], [ -75.641541681190574, 9.106250573109975 ], [ -75.641795188784783, 9.106036338423433 ], [ -75.642188865743975, 9.105680519000941 ], [ -75.642663557056352, 9.105501674195093 ], [ -75.643059001721483, 9.105897828158067 ], [ -75.643346454746876, 9.106221812822513 ], [ -75.643381116864603, 9.1065806732 ], [ -75.642909624141083, 9.107152775560525 ], [ -75.642259095688459, 9.107365447158228 ], [ -75.641825125394504, 9.107578971147587 ], [ -75.641354486586962, 9.107935839359348 ], [ -75.641279436044314, 9.108652991313495 ], [ -75.641675169017091, 9.108977404215354 ], [ -75.642215273410628, 9.109302386230022 ], [ -75.642430398957885, 9.109661957584116 ], [ -75.642282734072452, 9.11048644229137 ], [ -75.641846896307172, 9.111166298626113 ], [ -75.641376252933384, 9.11152316723412 ], [ -75.641518905865183, 9.111954198749727 ], [ -75.641733890387798, 9.112349644353651 ], [ -75.641751863999474, 9.112367650594299 ], [ -75.641660556830388, 9.11263633372851 ], [ -75.641477797590738, 9.113209570574247 ], [ -75.641006721227825, 9.113674052972389 ], [ -75.640210085735589, 9.114316610617735 ], [ -75.639739293921096, 9.114709347448041 ], [ -75.639303588756135, 9.115353328319422 ], [ -75.638939494877235, 9.116141081139 ], [ -75.638684829184783, 9.116642287405254 ], [ -75.638286074636525, 9.117071177578849 ], [ -75.637850795675249, 9.117607540882645 ], [ -75.640136033103886, 9.117616578438142 ], [ -75.639865223957173, 9.118435772873012 ], [ -75.639522391412484, 9.118710784415146 ], [ -75.638695824297727, 9.118509183812106 ], [ -75.637800148771163, 9.118239481879218 ], [ -75.636494313241869, 9.118587004875597 ], [ -75.636154731850425, 9.11961423744229 ], [ -75.634094967190194, 9.120648827250124 ], [ -75.633133742837231, 9.12113163473639 ], [ -75.632586542961022, 9.121886202006507 ], [ -75.631971422158543, 9.122846223227807 ], [ -75.631353641145466, 9.123190790063832 ], [ -75.630664975283693, 9.123056958558861 ], [ -75.629835730581362, 9.122239887042907 ], [ -75.629280544883201, 9.121148102257585 ], [ -75.629483124109086, 9.120258230313965 ], [ -75.629823908851407, 9.11950454357477 ], [ -75.630095587416449, 9.118682764873927 ] ] ] } },
{ "type": "Feature", "properties": { "OBJECTID": 8697.0, "NOMBRE_GEO": null, "PROYECTO": "HERNANDEZN", "SYMBOL": "3", "FECHA": null, "RULEID": 1, "PK_CUE": 707690.0, "GLOBALID": "{D70D88F1-278A-4A22-8AA6-B9B945A37D2B}", "SHAPE_Leng": 932.67749821959978, "SHAPE_Area": 38514.597810594889 }, "geometry": { "type": "Polygon", "coordinates": [ [ [ -75.934718080769159, 9.227264100817296 ], [ -75.934908245070687, 9.227103202547362 ], [ -75.935152515391565, 9.226969398811574 ], [ -75.935315334769996, 9.226889161748723 ], [ -75.935370562855553, 9.226566325268843 ], [ -75.935371523654567, 9.226270232328643 ], [ -75.935480857704505, 9.225974478702476 ], [ -75.935671373436605, 9.225705910263095 ], [ -75.935969828558299, 9.225572276443355 ], [ -75.936267844730921, 9.22557323786789 ], [ -75.936674233707038, 9.22557453080999 ], [ -75.93689054027557, 9.225709808576964 ], [ -75.93697094801766, 9.22597924863781 ], [ -75.936970156664813, 9.226221497671759 ], [ -75.937050744760313, 9.226437103098743 ], [ -75.93726696114922, 9.226599302222274 ], [ -75.937483526753624, 9.226653830367354 ], [ -75.93767239667514, 9.226896681453255 ], [ -75.937590335949594, 9.227138696450774 ], [ -75.937373330081655, 9.227218753827412 ], [ -75.93707531377845, 9.227217800974715 ], [ -75.936831834677406, 9.227109347765678 ], [ -75.936587816395914, 9.227162410711934 ], [ -75.936289449699359, 9.227269130804128 ], [ -75.936045620311617, 9.227268349730133 ], [ -75.935612308910891, 9.227213129878489 ], [ -75.935314031739011, 9.227292928332213 ], [ -75.935123939592302, 9.227426911425024 ], [ -75.934960948642839, 9.227560975835123 ], [ -75.934771125829812, 9.227614209556609 ], [ -75.934663193837764, 9.227479273655657 ], [ -75.934718080769159, 9.227264100817296 ] ] ] } },
{ "type": "Feature", "properties": { "OBJECTID": 8698.0, "NOMBRE_GEO": null, "PROYECTO": null, "SYMBOL": "3", "FECHA": null, "RULEID": 1, "PK_CUE": 707692.0, "GLOBALID": "{B5BC8073-8290-40F3-8548-75E042A836E2}", "SHAPE_Leng": 6884.8344620116386, "SHAPE_Area": 1244995.0119103177 }, "geometry": { "type": "Polygon", "coordinates": [ [ [ -75.700022648011768, 9.13205411361184 ], [ -75.699373745103046, 9.131836412971117 ], [ -75.698652926820003, 9.131546690921404 ], [ -75.697896842420917, 9.131041595230384 ], [ -75.697610281820957, 9.13046653465314 ], [ -75.69754181578827, 9.129497698054932 ], [ -75.697473486723382, 9.128492987858548 ], [ -75.697408896917509, 9.127650086921488 ], [ -75.697404744882022, 9.127595896940592 ], [ -75.697407227153334, 9.1269501892774 ], [ -75.697372924850384, 9.12648370655938 ], [ -75.697065129677185, 9.125934995275299 ], [ -75.697050272741535, 9.12590850904564 ], [ -75.696438721024265, 9.125368087586416 ], [ -75.696332229372189, 9.124901332097519 ], [ -75.696515189842771, 9.12425630899997 ], [ -75.697094368801416, 9.123828031162811 ], [ -75.697168351706324, 9.123361960043358 ], [ -75.697103206597205, 9.123071966003806 ], [ -75.696990911394352, 9.122572075894244 ], [ -75.696597175211181, 9.121709622876212 ], [ -75.695878035874728, 9.120989427379717 ], [ -75.695847386356675, 9.120544980064265 ], [ -75.695822058726279, 9.120177698713608 ], [ -75.696317519923838, 9.119340928881325 ], [ -75.697186551667642, 9.118626763699178 ], [ -75.698593969583186, 9.118703849364239 ], [ -75.699348793717078, 9.119531794569443 ], [ -75.699740745808114, 9.120860591238344 ], [ -75.700495577004148, 9.121688534608381 ], [ -75.701431987328419, 9.122230179738596 ], [ -75.701646359357284, 9.122804962690086 ], [ -75.700960137184154, 9.122909985710772 ], [ -75.699697631966799, 9.122689963141509 ], [ -75.69904764367449, 9.122759245968947 ], [ -75.698937016684326, 9.123368670872322 ], [ -75.699224402157995, 9.123728493868937 ], [ -75.700162877816297, 9.123732050554962 ], [ -75.700739852287342, 9.123877730395195 ], [ -75.701639622323853, 9.124562729012126 ], [ -75.702179129296795, 9.125066997243671 ], [ -75.702755419853503, 9.12539203679682 ], [ -75.703477054390717, 9.125466511872316 ], [ -75.704343208836775, 9.125505658833273 ], [ -75.705606552370185, 9.12551043026982 ], [ -75.706290175183966, 9.126086982766001 ], [ -75.706540925226449, 9.126590156638125 ], [ -75.706538459305946, 9.127235866838568 ], [ -75.706463800536895, 9.12788130608871 ], [ -75.706279483703639, 9.128885064150397 ], [ -75.706276467910214, 9.129674266310374 ], [ -75.706670781860282, 9.130393220975421 ], [ -75.707281263889044, 9.131220612405798 ], [ -75.707676813723438, 9.131616710103003 ], [ -75.708181201735869, 9.131869725993456 ], [ -75.708795522338363, 9.131692674778252 ], [ -75.709338470210923, 9.131300113009498 ], [ -75.710097855813046, 9.130944238585366 ], [ -75.710747724337111, 9.130910810705373 ], [ -75.711685949775259, 9.130986087100423 ], [ -75.712334725952147, 9.13123963963861 ], [ -75.712295625947988, 9.132028708114142 ], [ -75.711717813088029, 9.132098282912281 ], [ -75.711285749907049, 9.131809671308524 ], [ -75.710455946634866, 9.131698927680555 ], [ -75.709914366723496, 9.131732761874492 ], [ -75.709263404306029, 9.132053170832332 ], [ -75.708973402126858, 9.132374939116929 ], [ -75.709186832337764, 9.133200831078717 ], [ -75.709617252041554, 9.133919919601794 ], [ -75.70954355415877, 9.134314249154116 ], [ -75.708639636241941, 9.134705450288541 ], [ -75.707484960282855, 9.134593473646536 ], [ -75.706510629665203, 9.134518050412137 ], [ -75.705033010305073, 9.133902622286429 ], [ -75.704240675740451, 9.133433273172741 ], [ -75.70294244687868, 9.133105502129293 ], [ -75.702017298882325, 9.132780512960929 ], [ -75.700959770255608, 9.132416398955003 ], [ -75.700022648011768, 9.13205411361184 ] ] ] } },
{ "type": "Feature", "properties": { "OBJECTID": 8699.0, "NOMBRE_GEO": "Charco El Bonguito", "PROYECTO": null, "SYMBOL": "3", "FECHA": null, "RULEID": 1, "PK_CUE": 707694.0, "GLOBALID": "{FCE23B35-ABBD-4419-8799-B32623B43AAA}", "SHAPE_Leng": 12259.279713355683, "SHAPE_Area": 4002012.4073059116 }, "geometry": { "type": "Polygon", "coordinates": [ [ [ -75.704253098276126, 9.158436995301976 ], [ -75.70407494607548, 9.157826475125026 ], [ -75.704114350295953, 9.156965665779776 ], [ -75.704191504653053, 9.155674521283935 ], [ -75.704086238918464, 9.154884909728169 ], [ -75.703510868175883, 9.154308756900861 ], [ -75.703078790219649, 9.154020131623639 ], [ -75.702972148207806, 9.153589247814006 ], [ -75.702433016713357, 9.152977358002673 ], [ -75.701748667438281, 9.152580154850879 ], [ -75.701462777896751, 9.151825731748715 ], [ -75.701320730793526, 9.15121534707891 ], [ -75.701323626304671, 9.150462021154993 ], [ -75.701542696079642, 9.14981713440203 ], [ -75.701581275892849, 9.149171561565213 ], [ -75.701656227608751, 9.148454381576189 ], [ -75.702056473034361, 9.147630815751207 ], [ -75.702455200548513, 9.147201848858661 ], [ -75.702384520683168, 9.146806975719995 ], [ -75.701844022030116, 9.146553812801852 ], [ -75.701158719185415, 9.146407718835388 ], [ -75.700580881923884, 9.146477273186219 ], [ -75.700110371639298, 9.146798344575013 ], [ -75.699604591771603, 9.146904042971109 ], [ -75.699281232868245, 9.14650820757074 ], [ -75.699283578561236, 9.145898372887235 ], [ -75.6992494136273, 9.145396017649931 ], [ -75.698673236788551, 9.145035095999976 ], [ -75.698059028558689, 9.145176252809028 ], [ -75.697948663686873, 9.145713931628189 ], [ -75.69801878631371, 9.146252296244418 ], [ -75.697837606797137, 9.146430972150966 ], [ -75.697441641144763, 9.146142481247955 ], [ -75.697119113673736, 9.145531408729237 ], [ -75.696795482268897, 9.145207317722907 ], [ -75.696326631413157, 9.145097913122774 ], [ -75.695750319385482, 9.144772860197691 ], [ -75.695788215119734, 9.144306653278013 ], [ -75.695826665015929, 9.143696956082097 ], [ -75.69532268844452, 9.143336303968507 ], [ -75.694890767677393, 9.143011800374044 ], [ -75.694856194095053, 9.14261706421544 ], [ -75.695292403359701, 9.141829516866034 ], [ -75.696341843730991, 9.141151922743001 ], [ -75.697246755179194, 9.140509648806852 ], [ -75.697573699432496, 9.139972795430007 ], [ -75.69761186687839, 9.139434842208031 ], [ -75.697542989024939, 9.138573623130304 ], [ -75.697509377917811, 9.137927778360719 ], [ -75.697368167743619, 9.137102156661147 ], [ -75.696865163920307, 9.136490401040732 ], [ -75.696903608611493, 9.135880701605418 ], [ -75.697267197446621, 9.135200494166929 ], [ -75.697809885116612, 9.134879697770844 ], [ -75.698388116427736, 9.134702529226637 ], [ -75.699039505017325, 9.134274523631916 ], [ -75.699618287021522, 9.133953861856876 ], [ -75.700484184763781, 9.134064766174594 ], [ -75.700989394689287, 9.134102555233618 ], [ -75.70181974813606, 9.134069828369975 ], [ -75.702541675076091, 9.134072562725249 ], [ -75.703334970261963, 9.134290805591881 ], [ -75.703946958726974, 9.134723600667598 ], [ -75.704630732156403, 9.13526428576067 ], [ -75.705097513788331, 9.135911770986066 ], [ -75.705888757289898, 9.13666810092808 ], [ -75.706139512271761, 9.137171274689388 ], [ -75.706317800845568, 9.137745922212458 ], [ -75.70685692028357, 9.138357804983038 ], [ -75.708081061275223, 9.139187511880154 ], [ -75.708392042849951, 9.139407162820728 ], [ -75.709699328151757, 9.140330509581151 ], [ -75.710457028653792, 9.140882518213456 ], [ -75.710670738436448, 9.141636664967628 ], [ -75.711137129190519, 9.142391762984747 ], [ -75.712000866639499, 9.143076609043948 ], [ -75.712900431614841, 9.143833335563185 ], [ -75.714089600688681, 9.144375909371028 ], [ -75.715063280099244, 9.144630682043136 ], [ -75.715783187075857, 9.145171487174283 ], [ -75.715997318302257, 9.145818013386608 ], [ -75.716863800361637, 9.14578539064601 ], [ -75.718020017399894, 9.14550273915413 ], [ -75.718849855853151, 9.145613469824358 ], [ -75.719678065262798, 9.146154673689308 ], [ -75.720651889744147, 9.146373559563214 ], [ -75.721446315379012, 9.146304783959058 ], [ -75.72260348295282, 9.145771006705518 ], [ -75.72365072598447, 9.145667296853714 ], [ -75.724122845149139, 9.144915713999936 ], [ -75.724845206287583, 9.144810787562436 ], [ -75.726035891173311, 9.144958720706702 ], [ -75.726682946136734, 9.145678604120262 ], [ -75.727292552337033, 9.146757081597787 ], [ -75.727468985011626, 9.147833946553195 ], [ -75.72674161034827, 9.149266181565739 ], [ -75.725799398824421, 9.150231255809629 ], [ -75.724929786359468, 9.151088978843021 ], [ -75.724062068165026, 9.151444474765858 ], [ -75.723376605988037, 9.151334293841579 ], [ -75.72251160229618, 9.150972326319584 ], [ -75.721971350059178, 9.150647444199631 ], [ -75.720889760714144, 9.150284662265735 ], [ -75.720749967612136, 9.150284139384139 ], [ -75.719806813088439, 9.150280607855679 ], [ -75.719083079371202, 9.150744252206257 ], [ -75.719011036885362, 9.150815307207164 ], [ -75.718322155271963, 9.151494742346122 ], [ -75.717671839616628, 9.151635796733649 ], [ -75.717203379878285, 9.151418797797659 ], [ -75.716663677833196, 9.150950416860875 ], [ -75.716015819661635, 9.150445756178765 ], [ -75.715945806079759, 9.149871517687822 ], [ -75.715911208694592, 9.149476780634425 ], [ -75.715330259803764, 9.149535393872606 ], [ -75.71472311538524, 9.14970531628604 ], [ -75.713808267960758, 9.149351691781092 ], [ -75.71239822835804, 9.149486459160043 ], [ -75.711903565446747, 9.149834779307318 ], [ -75.710351502260821, 9.150249148977496 ], [ -75.709995647055834, 9.151158282740701 ], [ -75.710274339104458, 9.151999774260227 ], [ -75.711187583079251, 9.152773621721932 ], [ -75.712103770088035, 9.152777074879044 ], [ -75.713088030869301, 9.153411112883798 ], [ -75.713297857361667, 9.153832124035929 ], [ -75.713295721206208, 9.15439240878513 ], [ -75.713012214186648, 9.154811561662676 ], [ -75.71202420801292, 9.155158022724738 ], [ -75.711529000578452, 9.155646412655708 ], [ -75.711526326617602, 9.156346769760027 ], [ -75.71103421896909, 9.156762728070801 ], [ -75.710502452940958, 9.157348562860561 ], [ -75.709887401153878, 9.157704974716088 ], [ -75.709272761142245, 9.157953766647276 ], [ -75.708405976891768, 9.158058110707188 ], [ -75.707576253043115, 9.157911480437576 ], [ -75.706457327358464, 9.157871372729003 ], [ -75.705625678772989, 9.158226957566054 ], [ -75.704866226662588, 9.158582812248291 ], [ -75.704253098276126, 9.158436995301976 ] ] ] } },
{ "type": "Feature", "properties": { "OBJECTID": 8700.0, "NOMBRE_GEO": null, "PROYECTO": null, "SYMBOL": "3", "FECHA": null, "RULEID": 1, "PK_CUE": 707696.0, "GLOBALID": "{59F66D6C-F6E0-4C32-B210-2E5D333710D6}", "SHAPE_Leng": 1281.5191861329863, "SHAPE_Area": 94736.775505862359 }, "geometry": { "type": "Polygon", "coordinates": [ [ [ -75.690387825993639, 9.136936477301077 ], [ -75.689965805997645, 9.136724755055138 ], [ -75.689331285975598, 9.136792364986658 ], [ -75.688768321817761, 9.136580103992991 ], [ -75.688840965018329, 9.136020092870902 ], [ -75.689266779574666, 9.135251323746548 ], [ -75.689902381416502, 9.134903572783628 ], [ -75.690607098679067, 9.134906265557831 ], [ -75.691451677851859, 9.135189635911821 ], [ -75.692297610972076, 9.135122828304983 ], [ -75.693002059561252, 9.135195551352711 ], [ -75.693001852258575, 9.135249424069519 ], [ -75.692999896671381, 9.135755832896532 ], [ -75.692787398000121, 9.136035166855896 ], [ -75.692362401569881, 9.136593835566504 ], [ -75.692361318539994, 9.136873976022782 ], [ -75.692360237398191, 9.137154117366071 ], [ -75.691935778627652, 9.137572714059525 ], [ -75.691371729095323, 9.137640596778654 ], [ -75.690878964750155, 9.137498642190703 ], [ -75.690387825993639, 9.136936477301077 ] ] ] } },
{ "type": "Feature", "properties": { "OBJECTID": 8701.0, "NOMBRE_GEO": null, "PROYECTO": null, "SYMBOL": "3", "FECHA": null, "RULEID": 1, "PK_CUE": 707698.0, "GLOBALID": "{F02C7B9A-FFD9-44B6-86FE-A342F686505D}", "SHAPE_Leng": 9529.4887505831448, "SHAPE_Area": 2033816.4506867293 }, "geometry": { "type": "Polygon", "coordinates": [ [ [ -75.682718192058758, 9.117136644094872 ], [ -75.681852624625279, 9.116953960359309 ], [ -75.681238463804746, 9.117095093941547 ], [ -75.680767982603641, 9.117416146137414 ], [ -75.679956604820958, 9.117681484320665 ], [ -75.679900602871214, 9.117699798369102 ], [ -75.678997965137512, 9.1177680741646 ], [ -75.678239704710961, 9.117836903996665 ], [ -75.677262920616386, 9.118407112396779 ], [ -75.676609724848177, 9.119301420117756 ], [ -75.676212266264088, 9.119407506806212 ], [ -75.675564246031044, 9.118974535170418 ], [ -75.675315225851563, 9.118040878974691 ], [ -75.674739397584759, 9.117608184393683 ], [ -75.674089701028251, 9.117605678290854 ], [ -75.673441265862579, 9.117280319075387 ], [ -75.672792973019241, 9.116919087801412 ], [ -75.672434977570134, 9.116164375404294 ], [ -75.672690441201027, 9.115447903951649 ], [ -75.672909809308393, 9.114731292933406 ], [ -75.673128614838205, 9.114158172328684 ], [ -75.673238718647028, 9.11369224894348 ], [ -75.673204167010269, 9.113297514332027 ], [ -75.673128244879265, 9.113160440862551 ], [ -75.67290416923791, 9.113182536217979 ], [ -75.672843648845429, 9.113188503950337 ], [ -75.672508618251797, 9.113417117823642 ], [ -75.672373168330779, 9.113509543251457 ], [ -75.671902825713445, 9.11379470980382 ], [ -75.671433045919926, 9.113936386342509 ], [ -75.670964667578716, 9.11371933916779 ], [ -75.670678444085041, 9.113072520901408 ], [ -75.670791919929087, 9.111745663859189 ], [ -75.670825238749188, 9.110829642103067 ], [ -75.670832364074258, 9.11063376240973 ], [ -75.670834608715751, 9.110059804580152 ], [ -75.670909603189642, 9.109342637077503 ], [ -75.670846898072369, 9.109102021243062 ], [ -75.67073180217777, 9.108660366281402 ], [ -75.670734046981281, 9.108086409265168 ], [ -75.670700198751405, 9.107512312146683 ], [ -75.670882488330378, 9.107046669238157 ], [ -75.671316868000829, 9.106725491072707 ], [ -75.67200375887991, 9.106441159608922 ], [ -75.672363428405816, 9.106765403562258 ], [ -75.672637666247638, 9.107162385838528 ], [ -75.672686445055817, 9.107232998364138 ], [ -75.673010583848381, 9.107413612812115 ], [ -75.673442861895481, 9.107630516884702 ], [ -75.67387640057261, 9.107524570145028 ], [ -75.673842126654122, 9.107058089952087 ], [ -75.673845766642913, 9.10612540817921 ], [ -75.674064983979136, 9.105444668118464 ], [ -75.674500339022501, 9.104872377599124 ], [ -75.674862246962547, 9.104622661871657 ], [ -75.675188202992828, 9.1043369329706 ], [ -75.675370483843068, 9.103871287174909 ], [ -75.675588299334535, 9.103549269407004 ], [ -75.676166065136613, 9.103479746308453 ], [ -75.676922339623189, 9.103913130144806 ], [ -75.677534105095191, 9.104381829748126 ], [ -75.677929452770258, 9.104813825341054 ], [ -75.678251778738286, 9.105460777436118 ], [ -75.678358104929472, 9.105963406608499 ], [ -75.67835573300728, 9.106573238758276 ], [ -75.678028103317828, 9.10728943880166 ], [ -75.677737263334492, 9.107826416233719 ], [ -75.677597986077373, 9.108079624161297 ], [ -75.677264697958407, 9.108685549549163 ], [ -75.677111760196269, 9.109199292198253 ], [ -75.677008690640022, 9.109545515737556 ], [ -75.677187483438757, 9.109976678694874 ], [ -75.677547160653617, 9.11030091871462 ], [ -75.677690418265541, 9.110588453805894 ], [ -75.677944468926398, 9.110230701234336 ], [ -75.678018889837688, 9.109657019793945 ], [ -75.678021262646737, 9.109047187554223 ], [ -75.678276709366045, 9.108330711185705 ], [ -75.678784248190269, 9.107758693356645 ], [ -75.679254856382855, 9.107401770944431 ], [ -75.679544160901557, 9.107259389710515 ], [ -75.679939652753575, 9.107655511098683 ], [ -75.679901469444857, 9.108193458957183 ], [ -75.6794670936156, 9.108514649319975 ], [ -75.678924297278598, 9.108871293894586 ], [ -75.678885135031081, 9.109660349265509 ], [ -75.678883041367314, 9.110198435793382 ], [ -75.678990067347769, 9.110521703072481 ], [ -75.679169697671782, 9.110737631121308 ], [ -75.6793489109982, 9.111061176448965 ], [ -75.679419005548525, 9.111599540962015 ], [ -75.679598775827088, 9.111779596390264 ], [ -75.67985143278824, 9.111780566239014 ], [ -75.680321626752956, 9.111531261361279 ], [ -75.680937172188607, 9.111031400651635 ], [ -75.681118475982075, 9.110816859059806 ], [ -75.681553549946344, 9.110316304878971 ], [ -75.682096624682245, 9.109887911400849 ], [ -75.682746866344317, 9.109746910660579 ], [ -75.68357674071963, 9.109821835041377 ], [ -75.684152849396341, 9.11018277213403 ], [ -75.68465621481819, 9.110686920689684 ], [ -75.684943019438222, 9.111190241328645 ], [ -75.685046799016845, 9.111969005045177 ], [ -75.685048244307282, 9.111979851308298 ], [ -75.685333660315607, 9.112841896653693 ], [ -75.685439997430066, 9.113344526441329 ], [ -75.685799132444231, 9.113812250289314 ], [ -75.686123560727907, 9.113921109913704 ], [ -75.68666455555919, 9.114030797289079 ], [ -75.687131558770176, 9.114606550780142 ], [ -75.687439256185797, 9.114996985109107 ], [ -75.687670334572303, 9.115290198112636 ], [ -75.687835964026732, 9.115539182573073 ], [ -75.68808615057084, 9.115759935369748 ], [ -75.688260574975942, 9.115913837817317 ], [ -75.688533268932687, 9.1161544481312 ], [ -75.689433409800429, 9.116731854121351 ], [ -75.690261642258079, 9.117237236691675 ], [ -75.691197744865335, 9.117850649065906 ], [ -75.692026398117804, 9.118248411585828 ], [ -75.692818405364662, 9.118789524874094 ], [ -75.693212544294738, 9.119544362203925 ], [ -75.693209501828079, 9.12033356020409 ], [ -75.6930983142814, 9.121086473126766 ], [ -75.692950338373322, 9.122018612093282 ], [ -75.692334233278146, 9.122661981702297 ], [ -75.691901091866967, 9.122660330638201 ], [ -75.691290108094094, 9.121976412870776 ], [ -75.69075325556922, 9.12079055213445 ], [ -75.690069808717595, 9.120178101695974 ], [ -75.688770677404975, 9.12010139598085 ], [ -75.688446516841239, 9.119920793190467 ], [ -75.687546925751619, 9.119199894408132 ], [ -75.687006183160307, 9.11902340772056 ], [ -75.686467249006782, 9.119021346826269 ], [ -75.685873126158484, 9.118982160581206 ], [ -75.685617276705628, 9.118965284828782 ], [ -75.685244100971317, 9.118878191747985 ], [ -75.684553579223376, 9.118542725685712 ], [ -75.684050899827753, 9.117859212867135 ], [ -75.683474781139452, 9.117498274715848 ], [ -75.682718192058758, 9.117136644094872 ] ] ] } },
{ "type": "Feature", "properties": { "OBJECTID": 8702.0, "NOMBRE_GEO": null, "PROYECTO": null, "SYMBOL": "3", "FECHA": null, "RULEID": 1, "PK_CUE": 707700.0, "GLOBALID": "{AB4C6B2A-C9A1-4DF6-8CA0-90A258F93C29}", "SHAPE_Leng": 2726.3250309571549, "SHAPE_Area": 438216.77063170011 }, "geometry": { "type": "Polygon", "coordinates": [ [ [ -75.679643521722497, 9.10026453595399 ], [ -75.679683096286709, 9.09936786171329 ], [ -75.680117597945923, 9.099010799337934 ], [ -75.680478106140043, 9.099119799670564 ], [ -75.680803077558281, 9.099085171655195 ], [ -75.681273671361581, 9.098728244926102 ], [ -75.681527709097423, 9.098370487690106 ], [ -75.682070625269134, 9.097977963222524 ], [ -75.68254052141998, 9.097800397048662 ], [ -75.683299433290827, 9.097552189371703 ], [ -75.684057513367804, 9.09751921457959 ], [ -75.684742157924177, 9.097808815926674 ], [ -75.685209555657096, 9.098276952314174 ], [ -75.685568956286019, 9.098672928925852 ], [ -75.68581966177841, 9.099176109048814 ], [ -75.685781489240668, 9.099714060338178 ], [ -75.685997074180847, 9.099965995377685 ], [ -75.686466278535988, 9.099967785706429 ], [ -75.686936175898964, 9.099790213727077 ], [ -75.68722533261095, 9.099683698226034 ], [ -75.687730076657232, 9.099829116217411 ], [ -75.687619858909713, 9.100330918626574 ], [ -75.687352343300176, 9.100704537078949 ], [ -75.687038495700264, 9.101333148192461 ], [ -75.68681902839937, 9.102085645922582 ], [ -75.686745179022807, 9.102515842343886 ], [ -75.68634552164059, 9.103195904857705 ], [ -75.686019576383003, 9.103481644552248 ], [ -75.685721425350138, 9.103579157399777 ], [ -75.685585905044675, 9.103623479937001 ], [ -75.685079630288172, 9.103872656171918 ], [ -75.684609170649324, 9.10419371568155 ], [ -75.684175915654066, 9.10422793181638 ], [ -75.68377861419242, 9.104298158405586 ], [ -75.683200291145852, 9.104511182808292 ], [ -75.682767174073888, 9.104509525322968 ], [ -75.682548784294227, 9.104372698731282 ], [ -75.682479125836039, 9.104329055625131 ], [ -75.68247950186408, 9.104231935924998 ], [ -75.682481073101798, 9.103826840808916 ], [ -75.682554926774159, 9.103396648256245 ], [ -75.682513979447293, 9.103346512237474 ], [ -75.682231621214996, 9.103000806383092 ], [ -75.681798505634433, 9.102999147217396 ], [ -75.680861204034329, 9.102708570831114 ], [ -75.68028594679096, 9.102132397325313 ], [ -75.679891294650346, 9.101521042440426 ], [ -75.679719809791308, 9.100514387596521 ], [ -75.679643521722497, 9.10026453595399 ] ] ] } },
{ "type": "Feature", "properties": { "OBJECTID": 8703.0, "NOMBRE_GEO": null, "PROYECTO": "HERNANDEZN", "SYMBOL": "3", "FECHA": null, "RULEID": 1, "PK_CUE": 707702.0, "GLOBALID": "{DF4B2972-C18B-4E3F-8988-F050F55CC1D3}", "SHAPE_Leng": 1599.5722218761859, "SHAPE_Area": 70543.053605425259 }, "geometry": { "type": "Polygon", "coordinates": [ [ [ -75.899070520588253, 9.213476344763141 ], [ -75.899224051021946, 9.213281544412268 ], [ -75.899595337590512, 9.213282758031584 ], [ -75.899879623103942, 9.213175186209558 ], [ -75.900033512412747, 9.212871882628109 ], [ -75.900035092978214, 9.21239447821257 ], [ -75.900036315039273, 9.212025575035726 ], [ -75.900190417569902, 9.211657170656144 ], [ -75.900563140131197, 9.211224379865069 ], [ -75.900741411925011, 9.211033752361546 ], [ -75.900741631801935, 9.210968094718114 ], [ -75.900787230772181, 9.210767375972727 ], [ -75.900787751818072, 9.210611140844447 ], [ -75.900855654909435, 9.210455129983691 ], [ -75.900923567896825, 9.210299110913438 ], [ -75.901013938210198, 9.210143172951248 ], [ -75.901149089944184, 9.210032023779286 ], [ -75.901306627263594, 9.209943260871697 ], [ -75.90146386925386, 9.209943782038939 ], [ -75.901688501221699, 9.209944519080121 ], [ -75.901913061585603, 9.209967570205894 ], [ -75.902070078989354, 9.210035051021817 ], [ -75.902249337356508, 9.210169556352112 ], [ -75.902361060945708, 9.210348473311043 ], [ -75.902360315226233, 9.210571669040501 ], [ -75.902337039812323, 9.210817107021654 ], [ -75.902314052077216, 9.210973261016623 ], [ -75.902245852009315, 9.21121855515543 ], [ -75.902110628948705, 9.211352026216559 ], [ -75.901997790792564, 9.211507893406376 ], [ -75.901907563811804, 9.211619194095295 ], [ -75.901828675058226, 9.211618933628468 ], [ -75.901828584723802, 9.211619121433561 ], [ -75.901631448072564, 9.21179208128488 ], [ -75.901412613656234, 9.211921569265678 ], [ -75.901302408212146, 9.212225016070583 ], [ -75.901301617813999, 9.212463718029159 ], [ -75.901234516716329, 9.21294090909635 ], [ -75.90123351222006, 9.213244711914424 ], [ -75.901080342339, 9.213331013435894 ], [ -75.900906121130632, 9.213178541335044 ], [ -75.900907054796889, 9.212896438116635 ], [ -75.90086409273529, 9.212679292621496 ], [ -75.900711426358995, 9.212613693356722 ], [ -75.900580239554699, 9.212656665013776 ], [ -75.900470607038855, 9.212786509734041 ], [ -75.900381952284278, 9.213176827887059 ], [ -75.900381234433198, 9.213393830313974 ], [ -75.900445604973257, 9.213741248424418 ], [ -75.900554016674562, 9.213980306610217 ], [ -75.900618891837695, 9.214175823099138 ], [ -75.900618101391217, 9.214414526080279 ], [ -75.900377209011353, 9.214609041567911 ], [ -75.900093283013263, 9.214608113742475 ], [ -75.899832132009237, 9.214325153833489 ], [ -75.899592678108689, 9.214085665566362 ], [ -75.899178357110102, 9.213889005969836 ], [ -75.899069801990393, 9.21369334743121 ], [ -75.899070520588253, 9.213476344763141 ] ] ] } },
{ "type": "Feature", "properties": { "OBJECTID": 8704.0, "NOMBRE_GEO": null, "PROYECTO": "HERNANDEZN", "SYMBOL": "3", "FECHA": null, "RULEID": 1, "PK_CUE": 707704.0, "GLOBALID": "{FDAC4A84-7F18-4207-AAF5-20286B7BA238}", "SHAPE_Leng": 1078.3591348676407, "SHAPE_Area": 28628.125827528678 }, "geometry": { "type": "Polygon", "coordinates": [ [ [ -75.864835385829451, 9.145751358090466 ], [ -75.865055706697234, 9.145728101003659 ], [ -75.865176251829695, 9.145794890173686 ], [ -75.865262643316754, 9.145909577751601 ], [ -75.86539311424545, 9.146347372427959 ], [ -75.865565402313905, 9.146628679855532 ], [ -75.865565716815325, 9.14681993128394 ], [ -75.865463415774116, 9.147052333581433 ], [ -75.865276485668659, 9.1472221339651 ], [ -75.864819925567204, 9.147345516688029 ], [ -75.864554699156102, 9.147376563444075 ], [ -75.864370176399305, 9.147476464884496 ], [ -75.864382833340045, 9.147734165396658 ], [ -75.864495060166206, 9.147957701137061 ], [ -75.8645672660641, 9.148211034610014 ], [ -75.864939187126367, 9.148703257643305 ], [ -75.865023466753499, 9.148870514936188 ], [ -75.86504347179698, 9.148978044258985 ], [ -75.865000585571053, 9.149139776403445 ], [ -75.864910386585265, 9.149207447336183 ], [ -75.864600476660584, 9.149225915647166 ], [ -75.864304544829054, 9.149162234070241 ], [ -75.864111659291979, 9.148942048256371 ], [ -75.863981241148977, 9.148649530341819 ], [ -75.863831752993676, 9.148141684750662 ], [ -75.863797581068283, 9.147714276258665 ], [ -75.863853986178015, 9.14760279521294 ], [ -75.864158613759969, 9.147252641411495 ], [ -75.864680695867648, 9.147152361890608 ], [ -75.864874589118727, 9.147056071007043 ], [ -75.864891656886471, 9.146748326325639 ], [ -75.864764213155738, 9.146103551935731 ], [ -75.864753549652306, 9.145889455912746 ], [ -75.864780840644045, 9.145803936626207 ], [ -75.864835385829451, 9.145751358090466 ] ] ] } },
{ "type": "Feature", "properties": { "OBJECTID": 8705.0, "NOMBRE_GEO": "Charco Los Cascarones", "PROYECTO": null, "SYMBOL": "3", "FECHA": null, "RULEID": 1, "PK_CUE": 707706.0, "GLOBALID": "{1BCD6D7A-EAE7-45F8-9232-AD9072C91225}", "SHAPE_Leng": 1948.685038616461, "SHAPE_Area": 190974.89501462766 }, "geometry": { "type": "Polygon", "coordinates": [ [ [ -75.628285615988631, 9.135541525310686 ], [ -75.628683678946004, 9.135292008778835 ], [ -75.629215442288, 9.135393294210695 ], [ -75.629318087882211, 9.135595136450316 ], [ -75.629511987566133, 9.135761651622396 ], [ -75.629942090731305, 9.136516683794477 ], [ -75.630697054714958, 9.137273009616182 ], [ -75.630984807231243, 9.137525261761919 ], [ -75.631632934994968, 9.137922438973709 ], [ -75.632206994137988, 9.138785659169869 ], [ -75.632276727125614, 9.139395765219716 ], [ -75.632237736882956, 9.140113054450945 ], [ -75.632234843722955, 9.140830486672595 ], [ -75.632304721091003, 9.141404720889573 ], [ -75.632304634378485, 9.141426337710984 ], [ -75.632303774116608, 9.141639600574207 ], [ -75.631768924435718, 9.142444390288224 ], [ -75.631161647728447, 9.14230786045359 ], [ -75.63111007900369, 9.142260892860069 ], [ -75.630751145630711, 9.141757251187212 ], [ -75.630392070231778, 9.141289480555717 ], [ -75.62992557618162, 9.140606047553392 ], [ -75.629495034046613, 9.139958631160045 ], [ -75.628920836929552, 9.139131278930313 ], [ -75.628671936741782, 9.138197608707983 ], [ -75.628352441618134, 9.136869063328479 ], [ -75.628174284802583, 9.136294396576117 ], [ -75.628285615988631, 9.135541525310686 ] ] ] } },
{ "type": "Feature", "properties": { "OBJECTID": 8706.0, "NOMBRE_GEO": null, "PROYECTO": "HERNANDEZN", "SYMBOL": "3", "FECHA": null, "RULEID": 1, "PK_CUE": 707708.0, "GLOBALID": "{3BF932B2-FB77-4999-93AC-A3F73B3ACCFF}", "SHAPE_Leng": 2153.0992129009041, "SHAPE_Area": 59762.203563265932 }, "geometry": { "type": "Polygon", "coordinates": [ [ [ -75.629121612624061, 8.946093555911585 ], [ -75.629196703655637, 8.946010259663606 ], [ -75.629253197227442, 8.94601460613595 ], [ -75.629292064609785, 8.945904479889327 ], [ -75.629411098211662, 8.945567219215812 ], [ -75.629332146655202, 8.944804031164349 ], [ -75.629805849577636, 8.94406716035159 ], [ -75.630411137216711, 8.943514505994242 ], [ -75.631042742117074, 8.94335660526394 ], [ -75.631621711811121, 8.943356605195572 ], [ -75.631937514138329, 8.94327765492682 ], [ -75.632136109536148, 8.943168426677335 ], [ -75.632323816768206, 8.943065187624754 ], [ -75.632358583912264, 8.943067119992294 ], [ -75.632648069178529, 8.943067120005072 ], [ -75.632963871129817, 8.943067119843366 ], [ -75.633200721864768, 8.943067120227937 ], [ -75.633542840717212, 8.942961851848816 ], [ -75.633705319653771, 8.942822585361707 ], [ -75.634227078909177, 8.942803951766477 ], [ -75.634257242768982, 8.942852967700937 ], [ -75.634276864174367, 8.942884850865127 ], [ -75.634219321310241, 8.942960519101986 ], [ -75.633880529804117, 8.94321110367709 ], [ -75.63364772302873, 8.943357142900934 ], [ -75.633393876838866, 8.94348209944164 ], [ -75.633161069632365, 8.943628137559152 ], [ -75.633181426338439, 8.943817151585897 ], [ -75.63337135581186, 8.943838891947141 ], [ -75.633751613421623, 8.943777401902686 ], [ -75.63402615636214, 8.943757486070472 ], [ -75.634195543181079, 8.943632188776473 ], [ -75.634512719959616, 8.943507484555752 ], [ -75.63475341599036, 8.943490017365379 ], [ -75.63475341641103, 8.943672407050597 ], [ -75.63472650106111, 8.943820438951954 ], [ -75.63466988102283, 8.943882722135493 ], [ -75.634621832350064, 8.943935575727465 ], [ -75.634543704027607, 8.943942677944818 ], [ -75.634332347056088, 8.943961891665905 ], [ -75.634121811786244, 8.94406715983407 ], [ -75.633779693356686, 8.944067160351629 ], [ -75.63330598969074, 8.944040842707265 ], [ -75.632943569569221, 8.944228060135398 ], [ -75.632905309877842, 8.944235910918081 ], [ -75.632794430740717, 8.944533818651928 ], [ -75.632767796426791, 8.944586265852685 ], [ -75.632542800933066, 8.944698763859638 ], [ -75.632403477304535, 8.944698764373495 ], [ -75.632305949640553, 8.944619813372578 ], [ -75.631832247290191, 8.944040843016511 ], [ -75.631253276570277, 8.943909258807663 ], [ -75.630463770753849, 8.94401452582326 ], [ -75.629911118110314, 8.944619813148055 ], [ -75.629832167069679, 8.945356685137268 ], [ -75.629726900122023, 8.946040922021389 ], [ -75.629667099940562, 8.946114009798169 ], [ -75.629384781113814, 8.946435675177954 ], [ -75.629095295606035, 8.946567259383549 ], [ -75.628884760648333, 8.946593576117031 ], [ -75.628937393973018, 8.946356724309275 ], [ -75.629121612624061, 8.946093555911585 ] ] ] } },
{ "type": "Feature", "properties": { "OBJECTID": 8707.0, "NOMBRE_GEO": null, "PROYECTO": "HERNANDEZN", "SYMBOL": "3", "FECHA": null, "RULEID": 1, "PK_CUE": 707710.0, "GLOBALID": "{51137FE7-D633-450A-93C4-CA30B7C1BC7E}", "SHAPE_Leng": 2138.8113291049835, "SHAPE_Area": 149115.08693485294 }, "geometry": { "type": "Polygon", "coordinates": [ [ [ -75.846486873733767, 9.209310434431455 ], [ -75.846723464110767, 9.209285138275289 ], [ -75.847038798823206, 9.209286215587401 ], [ -75.84724902290084, 9.20928694267163 ], [ -75.847538351701672, 9.209209606920256 ], [ -75.847828319812578, 9.20894949990625 ], [ -75.848013175358858, 9.208689043017374 ], [ -75.848250850832429, 9.208350423076633 ], [ -75.848356690594969, 9.20814191493236 ], [ -75.848646568188386, 9.207907921681196 ], [ -75.848988268961776, 9.207882983955621 ], [ -75.849277500433971, 9.20783175315408 ], [ -75.849435801219514, 9.207649529612764 ], [ -75.849725858297148, 9.207363308767862 ], [ -75.849989271166763, 9.207181445348896 ], [ -75.850173848049607, 9.20699931195885 ], [ -75.850227037395953, 9.20681671999551 ], [ -75.850306780548763, 9.206555894435686 ], [ -75.850438986195556, 9.206321361590341 ], [ -75.850571459635901, 9.206008496826227 ], [ -75.850836049967384, 9.205487204156089 ], [ -75.85102125593508, 9.205122300171322 ], [ -75.851206012094366, 9.204887946951921 ], [ -75.851495700719042, 9.204706164387094 ], [ -75.851863497914024, 9.204733535748161 ], [ -75.852178016037954, 9.204969604386756 ], [ -75.852387421859333, 9.205205303955195 ], [ -75.852570004530676, 9.205597579570176 ], [ -75.852909811312657, 9.206120938785713 ], [ -75.852803342149016, 9.206512226623802 ], [ -75.852592040853963, 9.206824823185592 ], [ -75.852301893637957, 9.20713714862122 ], [ -75.852064397344449, 9.207423541136825 ], [ -75.851879730898247, 9.207631788298416 ], [ -75.851616955151783, 9.207630889655686 ], [ -75.851406910724606, 9.207577952333137 ], [ -75.851170053203177, 9.207681582114725 ], [ -75.851064122851767, 9.20791620361407 ], [ -75.851036940304624, 9.208177209565612 ], [ -75.850957196829285, 9.208438035221974 ], [ -75.850720518312514, 9.20848944604889 ], [ -75.850457562835032, 9.20854076742933 ], [ -75.850115034599483, 9.208800684646647 ], [ -75.849930189159608, 9.209061152042571 ], [ -75.849587670083181, 9.209321078881366 ], [ -75.849245511106915, 9.209476560445264 ], [ -75.848851069586757, 9.209553536338406 ], [ -75.848456178709085, 9.209761064675895 ], [ -75.848271683287024, 9.209917084809909 ], [ -75.848112923765143, 9.21022986032672 ], [ -75.84790197274728, 9.210438018049388 ], [ -75.84755982161181, 9.210593497565901 ], [ -75.847191926188842, 9.210592231253983 ], [ -75.846850494374422, 9.21053884405022 ], [ -75.846667005369909, 9.210407663353951 ], [ -75.84650997017917, 9.210224353065737 ], [ -75.846274107647346, 9.210040773883787 ], [ -75.84622218554037, 9.20985782256427 ], [ -75.846223092732515, 9.209596736246837 ], [ -75.846302476608457, 9.209440348665833 ], [ -75.846486873733767, 9.209310434431455 ] ] ] } },
{ "type": "Feature", "properties": { "OBJECTID": 8708.0, "NOMBRE_GEO": null, "PROYECTO": "HERNANDEZN", "SYMBOL": "3", "FECHA": null, "RULEID": 1, "PK_CUE": 707712.0, "GLOBALID": "{7C0230C8-924F-4652-A422-F63D596C9969}", "SHAPE_Leng": 687.10078063261528, "SHAPE_Area": 31588.00978164273 }, "geometry": { "type": "Polygon", "coordinates": [ [ [ -75.847472855917104, 9.23200015384201 ], [ -75.847716065638011, 9.231982411887467 ], [ -75.84794011472782, 9.232094674091673 ], [ -75.848163965950576, 9.232262686302478 ], [ -75.848369447081922, 9.232337721781667 ], [ -75.848612199162361, 9.232450048396295 ], [ -75.848742408685212, 9.232654900271502 ], [ -75.849003478050207, 9.232878787156254 ], [ -75.849133814107105, 9.233046474764594 ], [ -75.849188953136135, 9.233325401965196 ], [ -75.849113493692684, 9.23351096701882 ], [ -75.848963610823475, 9.233584782145877 ], [ -75.84881378862957, 9.233640010269498 ], [ -75.848719690643932, 9.233806926120108 ], [ -75.848607141266697, 9.233899452628245 ], [ -75.848382570590786, 9.233935842970206 ], [ -75.848046179352295, 9.233860357545804 ], [ -75.847822382281535, 9.233673760438041 ], [ -75.847710487533774, 9.233580469909244 ], [ -75.847598854413235, 9.233412843921119 ], [ -75.847524688615238, 9.233226767194999 ], [ -75.847319666737221, 9.23302165472143 ], [ -75.84720797036384, 9.232872605563927 ], [ -75.847077885072849, 9.232630590649496 ], [ -75.847041324178207, 9.232388889879195 ], [ -75.847098015813955, 9.232221848801558 ], [ -75.847285566860833, 9.2320738417718 ], [ -75.847472855917104, 9.23200015384201 ] ] ] } },
{ "type": "Feature", "properties": { "OBJECTID": 8709.0, "NOMBRE_GEO": "Charco Susua", "PROYECTO": null, "SYMBOL": "3", "FECHA": null, "RULEID": 1, "PK_CUE": 707714.0, "GLOBALID": "{A04D5722-0CDE-4038-8FE0-CA10AF25DFE7}", "SHAPE_Leng": 4511.0064354696979, "SHAPE_Area": 573475.79400479072 }, "geometry": { "type": "Polygon", "coordinates": [ [ [ -75.797901554899752, 9.175085484246161 ], [ -75.797989294116803, 9.174359788952163 ], [ -75.797986826889883, 9.173847274884768 ], [ -75.797771442731175, 9.173201079372721 ], [ -75.7975200169912, 9.172841444077198 ], [ -75.796871730901529, 9.1724086550952 ], [ -75.796331366391243, 9.172083870925267 ], [ -75.795826587561393, 9.171902709719262 ], [ -75.7953580408373, 9.171685801910641 ], [ -75.79496311364052, 9.171074535298898 ], [ -75.794892714549007, 9.170572042586119 ], [ -75.795002436143676, 9.170177812201322 ], [ -75.795220717816335, 9.169712218136272 ], [ -75.795322944627003, 9.169435937343744 ], [ -75.795259651622302, 9.168923116804127 ], [ -75.795262485433128, 9.168133887843446 ], [ -75.795265188559071, 9.167380533043175 ], [ -75.795412295666338, 9.166627689841372 ], [ -75.795666933013692, 9.166090473804394 ], [ -75.795740807923323, 9.165624366901904 ], [ -75.795344599323684, 9.165371842243168 ], [ -75.794947360846095, 9.165406308615024 ], [ -75.794622452773737, 9.165405156866916 ], [ -75.794370906105613, 9.165081396296038 ], [ -75.794372709767345, 9.164579159332654 ], [ -75.794627217007928, 9.164077818155706 ], [ -75.794736162738232, 9.163898831586916 ], [ -75.795062484931535, 9.16350536767874 ], [ -75.795172330560575, 9.163075262767103 ], [ -75.795318535815412, 9.162573538239947 ], [ -75.795428251637176, 9.162179306681347 ], [ -75.796115962592765, 9.161679498918918 ], [ -75.796909403330545, 9.161897553301356 ], [ -75.797918933649484, 9.162259868344096 ], [ -75.798459159320075, 9.162620522005621 ], [ -75.798709296599043, 9.163338896658974 ], [ -75.798888516823979, 9.163698276275221 ], [ -75.799755063302399, 9.163665460860509 ], [ -75.800296831244665, 9.163595624086089 ], [ -75.800744947681551, 9.163745816969506 ], [ -75.80095018937547, 9.163763372810255 ], [ -75.801666227241611, 9.16428206982207 ], [ -75.8022785340887, 9.164678848358193 ], [ -75.80238491607625, 9.165217341578783 ], [ -75.802238464257002, 9.165790819617836 ], [ -75.802088154999566, 9.166086919878046 ], [ -75.802020321752323, 9.166220546018737 ], [ -75.801369862037859, 9.166397626299096 ], [ -75.800358648765538, 9.166501682352585 ], [ -75.799419636934047, 9.166605991194416 ], [ -75.798695434170696, 9.16721329877959 ], [ -75.797755005626001, 9.167712218123254 ], [ -75.797571288156192, 9.168608431704852 ], [ -75.797533259407132, 9.169146414880789 ], [ -75.797891957550036, 9.169793424818304 ], [ -75.797943275570589, 9.169863151454594 ], [ -75.798394935715265, 9.170476819819681 ], [ -75.798637504732852, 9.171068172617939 ], [ -75.798645462705693, 9.171087574109784 ], [ -75.798823145151616, 9.171877442085886 ], [ -75.798965495843348, 9.172451938285777 ], [ -75.799072902359669, 9.172703438922134 ], [ -75.799360302958007, 9.173099074721341 ], [ -75.799791725650124, 9.173602843011299 ], [ -75.799971207067301, 9.173890473850292 ], [ -75.799969923662147, 9.174249214949398 ], [ -75.79978877317852, 9.174427947394664 ], [ -75.799319449217535, 9.174426288906483 ], [ -75.798886226865591, 9.174424756895647 ], [ -75.798584708537859, 9.174854877433026 ], [ -75.798584931345161, 9.174900907835553 ], [ -75.79845070368377, 9.175445501704891 ], [ -75.798132044873952, 9.175583006668859 ], [ -75.797901554899752, 9.175085484246161 ] ] ] } },
{ "type": "Feature", "properties": { "OBJECTID": 8710.0, "NOMBRE_GEO": "Pozo Caimán", "PROYECTO": null, "SYMBOL": "3", "FECHA": null, "RULEID": 1, "PK_CUE": 707716.0, "GLOBALID": "{7F41EECC-F0BC-439D-A642-C47374E95DA3}", "SHAPE_Leng": 2274.1999930969691, "SHAPE_Area": 198333.55484559928 }, "geometry": { "type": "Polygon", "coordinates": [ [ [ -75.800608563813057, 9.181006466584003 ], [ -75.800234730398273, 9.18095868988199 ], [ -75.799873062739607, 9.181136784999802 ], [ -75.799403859384526, 9.181099250704417 ], [ -75.798827762405466, 9.180666717905433 ], [ -75.797926872865133, 9.180197161345987 ], [ -75.797386882058419, 9.179764754077189 ], [ -75.797316607618598, 9.179226386740204 ], [ -75.797318667026261, 9.178652402168442 ], [ -75.797428774751779, 9.178150549868494 ], [ -75.79775929506809, 9.177794814022334 ], [ -75.797827442896121, 9.177721466266862 ], [ -75.797863545057325, 9.17772159426265 ], [ -75.798224565694241, 9.177722873124617 ], [ -75.798513255014129, 9.177759768915823 ], [ -75.799018427542691, 9.177833304926665 ], [ -75.799775931852665, 9.178015355973267 ], [ -75.800568768426075, 9.178412777789219 ], [ -75.801181352427264, 9.178737813078932 ], [ -75.801414346195756, 9.178928617379825 ], [ -75.80157732331692, 9.17906208157396 ], [ -75.802441728183254, 9.179639126387775 ], [ -75.802729394343572, 9.179963012351298 ], [ -75.803232009194886, 9.180754025856595 ], [ -75.803194240674131, 9.181220262100659 ], [ -75.802903498115853, 9.181757355622322 ], [ -75.802325728298399, 9.181791191251023 ], [ -75.801732349603753, 9.181872595400337 ], [ -75.801630228291188, 9.182048488380504 ], [ -75.801588995691901, 9.182955273594434 ], [ -75.801729133246084, 9.183634553037152 ], [ -75.801456306124692, 9.183817172245536 ], [ -75.801273614614885, 9.183772714341618 ], [ -75.801088732668262, 9.183274975904709 ], [ -75.800946844315902, 9.182233065064995 ], [ -75.800867430124796, 9.181848128328701 ], [ -75.800339955844862, 9.181820052434405 ], [ -75.800738496612155, 9.181426840381761 ], [ -75.800758457924715, 9.181319912560008 ], [ -75.800812113952432, 9.18103247991197 ], [ -75.800608563813057, 9.181006466584003 ] ] ] } },
{ "type": "Feature", "properties": { "OBJECTID": 8711.0, "NOMBRE_GEO": "Charco Las Barquetas", "PROYECTO": null, "SYMBOL": "3", "FECHA": null, "RULEID": 1, "PK_CUE": 707718.0, "GLOBALID": "{28A7EFE2-F9A9-4C81-AEC8-F3EDBFAA719D}", "SHAPE_Leng": 2750.5340487285907, "SHAPE_Area": 222773.72439305257 }, "geometry": { "type": "Polygon", "coordinates": [ [ [ -75.738534555244513, 9.13298736419395 ], [ -75.739076409274276, 9.132881739216387 ], [ -75.739258096854627, 9.132559545288959 ], [ -75.739187241734385, 9.132200546088884 ], [ -75.738791116236015, 9.131947968715096 ], [ -75.73878877883763, 9.131932495715478 ], [ -75.738720662123669, 9.131481349768444 ], [ -75.73872253740555, 9.130979123697813 ], [ -75.738688448145453, 9.130440890937999 ], [ -75.738726791282289, 9.129756838880594 ], [ -75.738659450329479, 9.128788883612318 ], [ -75.738605892058501, 9.128736144133086 ], [ -75.739128565236996, 9.128577075638763 ], [ -75.739598084983811, 9.128507057008454 ], [ -75.739886454006722, 9.128615739771766 ], [ -75.739993947394481, 9.129020968627549 ], [ -75.740098753724823, 9.129764484088227 ], [ -75.740205438177284, 9.130195362653696 ], [ -75.74020383398684, 9.130625842791646 ], [ -75.740092334908169, 9.131486402981265 ], [ -75.74005897021803, 9.131680904035395 ], [ -75.740018536253928, 9.131916618244261 ], [ -75.740016664087449, 9.132418843759986 ], [ -75.740412390113832, 9.132779038707428 ], [ -75.740845150198282, 9.132888253634489 ], [ -75.741170289115203, 9.1328177029066 ], [ -75.741341229116301, 9.13273354640525 ], [ -75.741531924562437, 9.132639664073821 ], [ -75.742002518905039, 9.132282657290222 ], [ -75.74265279441164, 9.132141552148536 ], [ -75.742940501142598, 9.132429600120048 ], [ -75.743083419969594, 9.132824738362361 ], [ -75.743082351912292, 9.133111725333952 ], [ -75.742756279259709, 9.133433390839237 ], [ -75.7422754463377, 9.133558927165549 ], [ -75.742214292333614, 9.133574894308897 ], [ -75.741780059686306, 9.13386028697038 ], [ -75.741562409929344, 9.134146477277579 ], [ -75.741561073945988, 9.134505209828481 ], [ -75.741451579988592, 9.134827671745953 ], [ -75.741088871612902, 9.135292696752693 ], [ -75.740809526838419, 9.13550697257322 ], [ -75.740763062328014, 9.135542614445662 ], [ -75.740148207638867, 9.135863214294536 ], [ -75.739426267049211, 9.135860554435109 ], [ -75.738957138661888, 9.135822950796857 ], [ -75.738586451742435, 9.135647919305811 ], [ -75.738344560396015, 9.135533700740938 ], [ -75.737911931956802, 9.135388610367571 ], [ -75.737514865991528, 9.135387144732833 ], [ -75.737196276851108, 9.135385968850583 ], [ -75.737117798081513, 9.135385678675702 ], [ -75.736793595984309, 9.135205113276125 ], [ -75.736826108996667, 9.135077878636428 ], [ -75.736903496014989, 9.134775033694789 ], [ -75.737374097129361, 9.134418032602991 ], [ -75.737809538198022, 9.133809786272877 ], [ -75.738172248157355, 9.133344764630825 ], [ -75.738534555244513, 9.13298736419395 ] ] ] } },
{ "type": "Feature", "properties": { "OBJECTID": 8712.0, "NOMBRE_GEO": "Charco La Mata del Sapo", "PROYECTO": null, "SYMBOL": "3", "FECHA": null, "RULEID": 1, "PK_CUE": 707720.0, "GLOBALID": "{DEC3139E-691B-4AD0-9603-EFAD0DF4CAAB}", "SHAPE_Leng": 1867.0581307304656, "SHAPE_Area": 179253.07724460802 }, "geometry": { "type": "Polygon", "coordinates": [ [ [ -75.717622423982604, 9.152714280717245 ], [ -75.718418377401505, 9.152622741639284 ], [ -75.719040990176836, 9.153323383339353 ], [ -75.720014710290471, 9.153406908819207 ], [ -75.720988439141095, 9.153490425149375 ], [ -75.721962572221926, 9.153661868601477 ], [ -75.72302679677631, 9.15418463428551 ], [ -75.7231189283536, 9.154975609962786 ], [ -75.722591662247069, 9.155769396938403 ], [ -75.721973081876797, 9.155948072436688 ], [ -75.721621562424801, 9.156477261338608 ], [ -75.721448231738364, 9.157269440120988 ], [ -75.721096316929348, 9.157710700887758 ], [ -75.720565404205615, 9.157713108621065 ], [ -75.719588441282824, 9.156926148716847 ], [ -75.719497532443327, 9.156398962896585 ], [ -75.719316933855879, 9.155608391898783 ], [ -75.71825067890039, 9.154645955314722 ], [ -75.717626053154277, 9.153505660611859 ], [ -75.717622423982604, 9.152714280717245 ] ] ] } },
{ "type": "Feature", "properties": { "OBJECTID": 8713.0, "NOMBRE_GEO": "Charco Las Garzas", "PROYECTO": null, "SYMBOL": "3", "FECHA": null, "RULEID": 1, "PK_CUE": 707845.0, "GLOBALID": "{89CD0EE1-4E57-43FD-B5A2-5F6DBF384B2F}", "SHAPE_Leng": 8923.7360695998868, "SHAPE_Area": 3228360.1117006945 }, "geometry": { "type": "Polygon", "coordinates": [ [ [ -75.687825907799763, 9.205296187177069 ], [ -75.686819502923356, 9.204144371268839 ], [ -75.686069897067426, 9.203032763005309 ], [ -75.685946828784438, 9.202850262403214 ], [ -75.685922113194181, 9.202813609549075 ], [ -75.685906021629407, 9.202756815621628 ], [ -75.685565992789677, 9.201556683865103 ], [ -75.685603307067126, 9.201339441614408 ], [ -75.685713770893869, 9.200696304048243 ], [ -75.685680754128512, 9.199906973190572 ], [ -75.684962207420938, 9.199007376082543 ], [ -75.684171599223916, 9.198071626880726 ], [ -75.684076845098488, 9.197606828966842 ], [ -75.684019730178207, 9.197326657900183 ], [ -75.684176230720794, 9.196887839687154 ], [ -75.683853555150975, 9.196312626957305 ], [ -75.682881741944627, 9.195555540957137 ], [ -75.682560192561894, 9.19469334937069 ], [ -75.682348077066166, 9.193544596751678 ], [ -75.682352149571855, 9.192504299221698 ], [ -75.682357767723758, 9.191069406160269 ], [ -75.682364789964382, 9.189275788599662 ], [ -75.682260415972706, 9.188270944993635 ], [ -75.682157307391194, 9.186943248622564 ], [ -75.681836045856031, 9.186009312960635 ], [ -75.681226398283172, 9.18496664265704 ], [ -75.681193105722173, 9.184249057124752 ], [ -75.681376279288742, 9.183568180837744 ], [ -75.681666491576394, 9.1832105732069 ], [ -75.682353532895206, 9.182926243761019 ], [ -75.683330361755594, 9.182391921843646 ], [ -75.684160822775056, 9.182359252712457 ], [ -75.68506124639579, 9.182900819005699 ], [ -75.685601221306868, 9.183297501858751 ], [ -75.686177298812709, 9.183694324407064 ], [ -75.686790597899915, 9.183804305141024 ], [ -75.687512899548835, 9.183735338590818 ], [ -75.688164536636691, 9.183271497378675 ], [ -75.688778254544189, 9.183273856599628 ], [ -75.688777692689357, 9.183418258645114 ], [ -75.688775181738279, 9.184063051008721 ], [ -75.68898829698928, 9.184960695091949 ], [ -75.689454123412986, 9.185859310292116 ], [ -75.690353866362727, 9.186580227194199 ], [ -75.691145169209548, 9.187336599914193 ], [ -75.691141924738773, 9.188170796017344 ], [ -75.691141262972579, 9.188341028603102 ], [ -75.69110125380756, 9.189345319779603 ], [ -75.69095447472229, 9.189954596716836 ], [ -75.690447234822059, 9.190418997242849 ], [ -75.689978691980158, 9.190609758595405 ], [ -75.689652571771092, 9.191516698858807 ], [ -75.689936082223994, 9.191887825135103 ], [ -75.690405686688948, 9.191817883657242 ], [ -75.690841423750697, 9.191173845372782 ], [ -75.691241057366966, 9.190529665942705 ], [ -75.691568624126006, 9.189849336291823 ], [ -75.692292193633051, 9.189457509723919 ], [ -75.693482437975135, 9.189749060202095 ], [ -75.694454265151009, 9.190506119370458 ], [ -75.694883728678661, 9.191476337431144 ], [ -75.695563619715287, 9.192594428232344 ], [ -75.695592446277971, 9.192608886786596 ], [ -75.695613545134009, 9.192651240658373 ], [ -75.696067029794776, 9.19356150626434 ], [ -75.696207961240418, 9.194458873279061 ], [ -75.696529127003856, 9.195428675164729 ], [ -75.696834762435344, 9.196351574929443 ], [ -75.696885980416582, 9.196506233043639 ], [ -75.697460840846048, 9.197225895010634 ], [ -75.697522016032664, 9.19730602116341 ], [ -75.698286895244408, 9.19834112041246 ], [ -75.698519138371466, 9.198958156615429 ], [ -75.698787194318541, 9.199670338404982 ], [ -75.699035607985152, 9.200783354037899 ], [ -75.699392749101392, 9.201789166117988 ], [ -75.699641721854249, 9.202758690721611 ], [ -75.699673937167205, 9.203763261812131 ], [ -75.699814600239378, 9.20473237254898 ], [ -75.699703789269549, 9.205377665989138 ], [ -75.698980330113514, 9.205733630045653 ], [ -75.69796943096155, 9.205729761264974 ], [ -75.696742329705955, 9.205617442802097 ], [ -75.695335826968886, 9.205217447944518 ], [ -75.693604119831221, 9.204887944579397 ], [ -75.6924851948705, 9.204811901378822 ], [ -75.691219482045355, 9.20534513019558 ], [ -75.691107676857555, 9.206241523911233 ], [ -75.691103482800926, 9.20731769717524 ], [ -75.690776033679398, 9.207962150925898 ], [ -75.690269044829762, 9.208354801235656 ], [ -75.689547811228493, 9.208136786205634 ], [ -75.689153052278556, 9.207525425233689 ], [ -75.688254946031932, 9.206374028951345 ], [ -75.687825907799763, 9.205296187177069 ] ] ] } },
{ "type": "Feature", "properties": { "OBJECTID": 8714.0, "NOMBRE_GEO": "Pozo La Ojeda", "PROYECTO": null, "SYMBOL": "3", "FECHA": null, "RULEID": 1, "PK_CUE": 707847.0, "GLOBALID": "{0672D66A-1F01-41C8-9FA4-8E0A1442887D}", "SHAPE_Leng": 918.0526381139224, "SHAPE_Area": 50421.500748720908 }, "geometry": { "type": "Polygon", "coordinates": [ [ [ -75.909958166997811, 9.231026666979815 ], [ -75.910311707893129, 9.230946816099669 ], [ -75.910529020350793, 9.230974529085319 ], [ -75.910664270181755, 9.231163966046152 ], [ -75.91071781800332, 9.231407131131842 ], [ -75.910934590661881, 9.231596846207914 ], [ -75.911368325182579, 9.23192225199219 ], [ -75.911530299687115, 9.232246776710022 ], [ -75.911529581263551, 9.232462768379975 ], [ -75.911393082232195, 9.232651333258618 ], [ -75.911175051960655, 9.232839602010106 ], [ -75.910902773416439, 9.233000714590405 ], [ -75.910603041159405, 9.233242729580621 ], [ -75.910385011042621, 9.233431008021087 ], [ -75.910112632112941, 9.233619115022661 ], [ -75.909840344165431, 9.233780228093615 ], [ -75.909703934833288, 9.233941771826085 ], [ -75.909459351144875, 9.233940972877017 ], [ -75.909296476734966, 9.233886444682071 ], [ -75.909215494241778, 9.23372418161591 ], [ -75.909216033039456, 9.233562188913124 ], [ -75.909244007368372, 9.233319284783546 ], [ -75.909271809067576, 9.233130378170593 ], [ -75.909354220531782, 9.232860649979031 ], [ -75.909464004365404, 9.232537022963214 ], [ -75.909573957909444, 9.232159388554045 ], [ -75.909575035559271, 9.23183539328372 ], [ -75.90957574530465, 9.231619403132608 ], [ -75.909685518804054, 9.23129576725464 ], [ -75.909958166997811, 9.231026666979815 ] ] ] } },
{ "type": "Feature", "properties": { "OBJECTID": 8715.0, "NOMBRE_GEO": "Pozo El Naranjo", "PROYECTO": null, "SYMBOL": "3", "FECHA": null, "RULEID": 1, "PK_CUE": 707849.0, "GLOBALID": "{5E145B49-F392-4CC5-B363-26D9496B0F2E}", "SHAPE_Leng": 2329.2648459544616, "SHAPE_Area": 325901.14509385271 }, "geometry": { "type": "Polygon", "coordinates": [ [ [ -75.90002059880473, 9.190392381948547 ], [ -75.900561394158586, 9.190389650565512 ], [ -75.901299584834035, 9.190532473584252 ], [ -75.901842625190682, 9.190969396295239 ], [ -75.902188512873252, 9.191309605723859 ], [ -75.902588074111009, 9.192528872233712 ], [ -75.902002623616738, 9.19341116142631 ], [ -75.901611065789396, 9.193755107778157 ], [ -75.901613070428482, 9.19414591072038 ], [ -75.902010376975142, 9.194925523320494 ], [ -75.901916304866035, 9.195756483370333 ], [ -75.9013820139687, 9.197029322677233 ], [ -75.900942289408434, 9.197568915120314 ], [ -75.899964265989624, 9.198599740253771 ], [ -75.899125230014661, 9.197968906688912 ], [ -75.898976990110654, 9.197823102351606 ], [ -75.89877833723591, 9.197433296286505 ], [ -75.898776333660351, 9.197042493346345 ], [ -75.898774340227689, 9.196651690316997 ], [ -75.898623601536201, 9.196017370741334 ], [ -75.898226546940919, 9.195286601253105 ], [ -75.897780327216182, 9.194556082256367 ], [ -75.897532014410771, 9.194068817569327 ], [ -75.897527522978351, 9.193189511316366 ], [ -75.897917831772631, 9.192601321174278 ], [ -75.89816239826466, 9.192355828849767 ], [ -75.898454135248386, 9.191719282720211 ], [ -75.898794775924642, 9.191033634815193 ], [ -75.899333568220072, 9.190640110244907 ], [ -75.90002059880473, 9.190392381948547 ] ] ] } },
{ "type": "Feature", "properties": { "OBJECTID": 8716.0, "NOMBRE_GEO": "Pozo La Guajira", "PROYECTO": null, "SYMBOL": "3", "FECHA": null, "RULEID": 1, "PK_CUE": 707851.0, "GLOBALID": "{9C4FE738-18AA-49F2-A7E0-7819A082BD3D}", "SHAPE_Leng": 1594.3307099221895, "SHAPE_Area": 45304.911499018308 }, "geometry": { "type": "Polygon", "coordinates": [ [ [ -75.893067036761735, 9.229375222399355 ], [ -75.893230682994968, 9.229107011996314 ], [ -75.89351124519132, 9.22898613505917 ], [ -75.893968263151891, 9.228957227328735 ], [ -75.894382180056709, 9.229030808049345 ], [ -75.894968482913185, 9.229057776058305 ], [ -75.895267603787843, 9.229179282373567 ], [ -75.895936596810074, 9.229211459408944 ], [ -75.896032860574408, 9.229169426940867 ], [ -75.896086301991147, 9.229096393782299 ], [ -75.896103603060638, 9.228819461807165 ], [ -75.896136356135827, 9.228732225706812 ], [ -75.89620563443718, 9.228661779775539 ], [ -75.896300146078943, 9.228643139774656 ], [ -75.896477158953147, 9.22865926457793 ], [ -75.896823333262518, 9.22875795354771 ], [ -75.897392219172758, 9.228787418707466 ], [ -75.897533155291427, 9.228861916432191 ], [ -75.897595839753052, 9.228952062017139 ], [ -75.89754654004102, 9.229081285405737 ], [ -75.897230459206767, 9.229192073741576 ], [ -75.896364554646965, 9.22912930940775 ], [ -75.896346752591128, 9.229125018199149 ], [ -75.896284260204823, 9.229152368085646 ], [ -75.896244916914, 9.229277925975554 ], [ -75.896244562958429, 9.229384277420964 ], [ -75.896258567388912, 9.229417983068467 ], [ -75.896488783139731, 9.2294468718483 ], [ -75.896529522030249, 9.229478376370926 ], [ -75.896541712247853, 9.229536640826849 ], [ -75.896485405359613, 9.229861552219225 ], [ -75.896308410133329, 9.230064383135147 ], [ -75.896245114729822, 9.230249247044892 ], [ -75.896108257242204, 9.23030709912104 ], [ -75.895871729689603, 9.230263718796175 ], [ -75.895805946834159, 9.230183130652074 ], [ -75.895760230765546, 9.230058337058551 ], [ -75.89562799017348, 9.229965209033267 ], [ -75.89531778383342, 9.229902434669954 ], [ -75.895185130137008, 9.229836569775919 ], [ -75.895111513416836, 9.229659683294269 ], [ -75.895134320640096, 9.229423685813098 ], [ -75.895062959245806, 9.229329049203461 ], [ -75.894901306877756, 9.229313363948267 ], [ -75.894727402214585, 9.229203357304838 ], [ -75.894505941273522, 9.22915424568505 ], [ -75.894273322292179, 9.229183988986497 ], [ -75.894293291436242, 9.229343350354402 ], [ -75.894261265787392, 9.229508630887457 ], [ -75.894105786111993, 9.229881036888317 ], [ -75.894011695707249, 9.230024255149811 ], [ -75.893928682830889, 9.230088115568581 ], [ -75.893580280888258, 9.230173428962599 ], [ -75.893210705360758, 9.230346193068014 ], [ -75.892951397183339, 9.230386627107602 ], [ -75.892791075250329, 9.230384695448945 ], [ -75.892633195968727, 9.230345556181412 ], [ -75.892496670093436, 9.230271570372242 ], [ -75.8924263316962, 9.23017518058848 ], [ -75.892398645966082, 9.230069144052926 ], [ -75.892409469908287, 9.229931324033464 ], [ -75.892516845560252, 9.229693217320929 ], [ -75.892653865579618, 9.229598544263471 ], [ -75.892935955150406, 9.229490530251322 ], [ -75.893067036761735, 9.229375222399355 ] ] ] } },
{ "type": "Feature", "properties": { "OBJECTID": 8717.0, "NOMBRE_GEO": "Pozo La Puente", "PROYECTO": null, "SYMBOL": "3", "FECHA": null, "RULEID": 1, "PK_CUE": 707853.0, "GLOBALID": "{3E793D36-C832-404A-983F-751734C0102A}", "SHAPE_Leng": 1176.4503572735659, "SHAPE_Area": 37181.092432692523 }, "geometry": { "type": "Polygon", "coordinates": [ [ [ -75.906743886955653, 9.248018749583732 ], [ -75.906686277642763, 9.247825657423363 ], [ -75.906667243063239, 9.247709854609733 ], [ -75.90660938253788, 9.247593928210708 ], [ -75.906512544374536, 9.247516447756311 ], [ -75.906415534728851, 9.24749683832478 ], [ -75.906240785871688, 9.24749626288237 ], [ -75.906066036995981, 9.247495688258162 ], [ -75.905716600951408, 9.247475251363021 ], [ -75.90556152486613, 9.247397582781147 ], [ -75.905484179845175, 9.247300870397046 ], [ -75.90536832424813, 9.24710758908846 ], [ -75.905349485577688, 9.246933916555195 ], [ -75.90544715115611, 9.246760623161126 ], [ -75.905544753095398, 9.246606625310219 ], [ -75.905778125688698, 9.246491650132684 ], [ -75.90595313576145, 9.246415068153519 ], [ -75.906127885789971, 9.246415624908478 ], [ -75.906516218374335, 9.24641690963975 ], [ -75.906710245233882, 9.246456130340333 ], [ -75.906865707626906, 9.246418059653044 ], [ -75.906943439187756, 9.246399015699206 ], [ -75.906943951166255, 9.246244703028806 ], [ -75.906905376793574, 9.246167420874995 ], [ -75.906828158101462, 9.246032134941093 ], [ -75.906809320778365, 9.245858462663511 ], [ -75.906868078830826, 9.245704339410398 ], [ -75.907120559912883, 9.245685869958157 ], [ -75.907295049056557, 9.245763601129898 ], [ -75.907430452101323, 9.245918371761819 ], [ -75.907546378778619, 9.246092358426878 ], [ -75.9076234643763, 9.246266227050777 ], [ -75.907661973630425, 9.246362804597007 ], [ -75.907661336914757, 9.24655570907381 ], [ -75.907544457397535, 9.246671061161452 ], [ -75.90734989968422, 9.24678616278357 ], [ -75.90727210638309, 9.246824494209797 ], [ -75.907194123348987, 9.246920685048936 ], [ -75.907115879902875, 9.247094041730454 ], [ -75.906979649704851, 9.247190045044402 ], [ -75.906843528250349, 9.247247464666325 ], [ -75.906784895436303, 9.24736301593699 ], [ -75.906784446248395, 9.247498050277578 ], [ -75.90682270507412, 9.247671784683698 ], [ -75.906938686859192, 9.247826492268535 ], [ -75.907152269955048, 9.24782719257804 ], [ -75.907346504374814, 9.247808535043214 ], [ -75.907579508571033, 9.247809299040519 ], [ -75.907812119274226, 9.247925809800874 ], [ -75.907889266344981, 9.248080382709606 ], [ -75.90798563708384, 9.248292888867272 ], [ -75.907868694813033, 9.248427536689402 ], [ -75.907674209963545, 9.24852335219345 ], [ -75.907402505193261, 9.248483871217653 ], [ -75.907247239885294, 9.248464081103998 ], [ -75.906995010835843, 9.24840538545234 ], [ -75.906800974660968, 9.248366164410861 ], [ -75.906762526946608, 9.248250300307584 ], [ -75.906762914330244, 9.248134552437746 ], [ -75.906743886955653, 9.248018749583732 ] ] ] } },
{ "type": "Feature", "properties": { "OBJECTID": 8718.0, "NOMBRE_GEO": "Pozo La Pipona", "PROYECTO": null, "SYMBOL": "3", "FECHA": null, "RULEID": 1, "PK_CUE": 707855.0, "GLOBALID": "{CD5B5183-AC60-4022-93ED-760096245F78}", "SHAPE_Leng": 853.89895301379727, "SHAPE_Area": 44485.263598120699 }, "geometry": { "type": "Polygon", "coordinates": [ [ [ -75.901307255769254, 9.238469640896881 ], [ -75.9018639595689, 9.238464843753103 ], [ -75.901942006349302, 9.238533932609608 ], [ -75.902077013731741, 9.238767772916477 ], [ -75.902075225736624, 9.238975572443545 ], [ -75.902170689856291, 9.239317237219037 ], [ -75.902147701823168, 9.239678512389675 ], [ -75.902088996766338, 9.239789732817531 ], [ -75.901745688181947, 9.240202284402812 ], [ -75.901656969545812, 9.24037068206604 ], [ -75.901460787248837, 9.240601504126177 ], [ -75.901244930565639, 9.240788910838582 ], [ -75.901196224014512, 9.240956420124604 ], [ -75.901128878174674, 9.241064819305786 ], [ -75.901033961667125, 9.241148830430985 ], [ -75.900883359201174, 9.241209304378597 ], [ -75.900518571220061, 9.241271934573195 ], [ -75.900391163322283, 9.241151264300532 ], [ -75.900314904926589, 9.240978823866985 ], [ -75.900240372179312, 9.240529989247717 ], [ -75.900083490270106, 9.240261725621469 ], [ -75.900071470853348, 9.240121400370262 ], [ -75.900104690797136, 9.239968640792119 ], [ -75.90019224907951, 9.239831630087581 ], [ -75.900427958254753, 9.239712181190622 ], [ -75.900603461544179, 9.239579195295891 ], [ -75.900774141748556, 9.238883908384368 ], [ -75.900904452437373, 9.23870455926161 ], [ -75.901307255769254, 9.238469640896881 ] ] ] } },
{ "type": "Feature", "properties": { "OBJECTID": 8719.0, "NOMBRE_GEO": "Charco Puerco", "PROYECTO": null, "SYMBOL": "3", "FECHA": null, "RULEID": 1, "PK_CUE": 707857.0, "GLOBALID": "{3CF584C6-17AE-4A76-814C-E5CCE12618EA}", "SHAPE_Leng": 1625.517557769278, "SHAPE_Area": 190528.64774573792 }, "geometry": { "type": "Polygon", "coordinates": [ [ [ -75.877307559976032, 9.036455134318652 ], [ -75.879067475814637, 9.035888943759865 ], [ -75.880754394670902, 9.036756807323689 ], [ -75.880999518538417, 9.037711392198966 ], [ -75.880847991338541, 9.039464427577107 ], [ -75.880532646295919, 9.04050142469538 ], [ -75.879731816046558, 9.040585012615439 ], [ -75.879009131084601, 9.040269964702089 ], [ -75.878125798641008, 9.039876053988115 ], [ -75.876518595608488, 9.038928151194815 ], [ -75.876511876855631, 9.03757413006624 ], [ -75.876829592711729, 9.037015027329844 ], [ -75.877307559976032, 9.036455134318652 ] ] ] } },
{ "type": "Feature", "properties": { "OBJECTID": 8720.0, "NOMBRE_GEO": "Charco Pescado", "PROYECTO": null, "SYMBOL": "3", "FECHA": null, "RULEID": 1, "PK_CUE": 707859.0, "GLOBALID": "{DDF1639B-CBC1-483B-A157-C3690B510927}", "SHAPE_Leng": 11813.238998594885, "SHAPE_Area": 1557175.2475123564 }, "geometry": { "type": "Polygon", "coordinates": [ [ [ -75.874418217731147, 9.207367413884981 ], [ -75.873855261724344, 9.207171509973454 ], [ -75.874083694734836, 9.207217709696677 ], [ -75.874317724153954, 9.207125606211111 ], [ -75.874318514385436, 9.206893381615979 ], [ -75.874248795545128, 9.206777032281511 ], [ -75.874108650061146, 9.206753344082118 ], [ -75.873968576011364, 9.206706424649852 ], [ -75.873805208158558, 9.206636212807519 ], [ -75.873688669937266, 9.206542930694809 ], [ -75.873572364538148, 9.206379977430974 ], [ -75.873339279357623, 9.206193414786775 ], [ -75.873082746586306, 9.206030002082798 ], [ -75.872872477857001, 9.206006071068888 ], [ -75.872802445972624, 9.205982607394688 ], [ -75.872639239986611, 9.205865952185437 ], [ -75.872639706903371, 9.205726614393889 ], [ -75.872663475857678, 9.20561058797931 ], [ -75.872640902121546, 9.205378283697748 ], [ -75.872454635897071, 9.205168661947276 ], [ -75.872291034805784, 9.205168104922921 ], [ -75.872173938599545, 9.205237383130925 ], [ -75.872032921650074, 9.205469130352624 ], [ -75.8719160602286, 9.205468734600338 ], [ -75.871823210386125, 9.205282649230695 ], [ -75.871824000815181, 9.205050425945908 ], [ -75.871824872076246, 9.204794981310314 ], [ -75.871755307013359, 9.204632187574282 ], [ -75.871452035332993, 9.204468614363641 ], [ -75.871171968348804, 9.204351553952744 ], [ -75.870891675379113, 9.20430416808335 ], [ -75.870564706258435, 9.204233399096008 ], [ -75.870401743382104, 9.204047070133733 ], [ -75.870285437686675, 9.203884125040467 ], [ -75.870052513787186, 9.203651111054409 ], [ -75.869842882797343, 9.203441407653292 ], [ -75.869749799997834, 9.203324977211741 ], [ -75.869516956055747, 9.203068751213168 ], [ -75.869377204882682, 9.202928945590116 ], [ -75.869144120298586, 9.202742384284299 ], [ -75.868934570437148, 9.202509451387202 ], [ -75.868771453562431, 9.202369564844636 ], [ -75.868631774010254, 9.202206539226889 ], [ -75.868585906005521, 9.201950940934903 ], [ -75.86865673917282, 9.201742172708533 ], [ -75.868797279964056, 9.20164976308622 ], [ -75.869031076370717, 9.201627323332442 ], [ -75.869241415660994, 9.20162803341802 ], [ -75.869451675721194, 9.201651963860781 ], [ -75.869708449555858, 9.201745720979824 ], [ -75.869918395772132, 9.20186253840334 ], [ -75.870105127968358, 9.201932839726533 ], [ -75.870291780121818, 9.202026355074706 ], [ -75.870431612003401, 9.202142938064526 ], [ -75.870711670573272, 9.202259997913149 ], [ -75.870875037771668, 9.202330210154363 ], [ -75.871061447669604, 9.202493398111038 ], [ -75.871224491605446, 9.202656504626622 ], [ -75.871434445961754, 9.202773321689669 ], [ -75.871597723541228, 9.202866755816563 ], [ -75.871737797695602, 9.202913674916712 ], [ -75.871948139099018, 9.202914384978442 ], [ -75.872205461400938, 9.20284558334464 ], [ -75.872392589038967, 9.202799768423652 ], [ -75.8726964181852, 9.202800783740575 ], [ -75.872977195136784, 9.202708841424073 ], [ -75.873071159377332, 9.202569827193333 ], [ -75.873025201020226, 9.202337441897674 ], [ -75.872908896080091, 9.202174496020994 ], [ -75.872582017268343, 9.202080505183043 ], [ -75.872371362425298, 9.202172689668666 ], [ -75.87218430589634, 9.202195283215657 ], [ -75.87181044518556, 9.202170804097653 ], [ -75.871553679997859, 9.202077046863991 ], [ -75.871437293944169, 9.201937323451379 ], [ -75.871274563887894, 9.201681329777545 ], [ -75.871205088278728, 9.20149531603292 ], [ -75.871112230356601, 9.201309221056182 ], [ -75.870786221684298, 9.200959794161967 ], [ -75.870389148753276, 9.200888790901681 ], [ -75.870132382854493, 9.20079503407262 ], [ -75.869992389733724, 9.200724894448834 ], [ -75.869922752153826, 9.200585322070715 ], [ -75.869923309124914, 9.200422772416658 ], [ -75.869924018946691, 9.2002137701114 ], [ -75.86994795005559, 9.200051291876415 ], [ -75.870088886551969, 9.199842766136843 ], [ -75.870206296857873, 9.199680610767007 ], [ -75.870253754818691, 9.199471762177842 ], [ -75.870254706773736, 9.19919310390685 ], [ -75.870138796584044, 9.198914043243954 ], [ -75.870022097374203, 9.198867205259244 ], [ -75.869834816181168, 9.198959462050958 ], [ -75.869694274880018, 9.199051879831917 ], [ -75.869506823187294, 9.199190580276985 ], [ -75.869389493712063, 9.199329523105284 ], [ -75.86924879083773, 9.199468374556002 ], [ -75.869061348807421, 9.199607083843729 ], [ -75.868967547075314, 9.199699655355344 ], [ -75.868710063363821, 9.199814899721281 ], [ -75.868429608981714, 9.199813957209782 ], [ -75.86828969573898, 9.199720595290735 ], [ -75.868196927373461, 9.199511279269766 ], [ -75.868127532377258, 9.199302042885241 ], [ -75.867941832187185, 9.198929853444023 ], [ -75.867778869086962, 9.19874352483232 ], [ -75.867662968200705, 9.198464471707704 ], [ -75.867593483607706, 9.198278458370092 ], [ -75.8675706659903, 9.198115817800645 ], [ -75.867571466163483, 9.19788360259609 ], [ -75.867665421267986, 9.197744579634941 ], [ -75.867782678323167, 9.197628867720018 ], [ -75.86787679392728, 9.19744341093134 ], [ -75.867854380532535, 9.19716466414099 ], [ -75.867714549839988, 9.197048080184709 ], [ -75.86762138504146, 9.196954870805763 ], [ -75.867551819846398, 9.196792086924606 ], [ -75.867599519658526, 9.196513574005987 ], [ -75.867833548608189, 9.196421478115079 ], [ -75.868090710413895, 9.196399118900558 ], [ -75.868324181710022, 9.196469573552871 ], [ -75.868440317317663, 9.19667897226633 ], [ -75.868439211980487, 9.197004080987947 ], [ -75.868438412265178, 9.197236304164377 ], [ -75.86843754137341, 9.197491739644672 ], [ -75.868459882367958, 9.197793709413125 ], [ -75.868692402140852, 9.198142830302814 ], [ -75.86880831089951, 9.198421891865069 ], [ -75.868947901029316, 9.198608140239033 ], [ -75.869134390675896, 9.198748096918205 ], [ -75.869391480041372, 9.198748967574154 ], [ -75.869531940303489, 9.1986797713228 ], [ -75.869742594656344, 9.198587595217267 ], [ -75.86990690594223, 9.198379150171485 ], [ -75.869907858365778, 9.198100483671176 ], [ -75.869791958123471, 9.197821421713932 ], [ -75.869605863301885, 9.197565348446856 ], [ -75.869466659761429, 9.197262984399464 ], [ -75.869374133430171, 9.19698401170203 ], [ -75.869375237916628, 9.196658903237992 ], [ -75.869492962354244, 9.196403852823144 ], [ -75.869844086720292, 9.196242480071707 ], [ -75.870124935949548, 9.196127307308124 ], [ -75.870498949923387, 9.19610534289537 ], [ -75.870709290226202, 9.196106053082676 ], [ -75.87098950174682, 9.196176660608902 ], [ -75.871246024625066, 9.196340081873824 ], [ -75.871479182004066, 9.196503423292198 ], [ -75.871641993236935, 9.19673619441898 ], [ -75.871757660397066, 9.197084920365093 ], [ -75.871826901891069, 9.197340599110609 ], [ -75.871966339056712, 9.197573297649033 ], [ -75.872035499980782, 9.197852197625206 ], [ -75.87198820391572, 9.198014596152913 ], [ -75.871801003935389, 9.19808363142641 ], [ -75.871567126850451, 9.198129292698306 ], [ -75.87149646562284, 9.19829160896702 ], [ -75.871519435876579, 9.198407797062105 ], [ -75.871565627429547, 9.198570509086455 ], [ -75.871658719800436, 9.198686931062879 ], [ -75.871774781809819, 9.198919549177004 ], [ -75.871844185876327, 9.199128785075544 ], [ -75.871866608323415, 9.199407523325521 ], [ -75.87186588858674, 9.199616525380703 ], [ -75.871888311272428, 9.199895272645353 ], [ -75.871957714857729, 9.200104508440825 ], [ -75.872214561075026, 9.200175035400058 ], [ -75.872425063351372, 9.200129302083351 ], [ -75.872588817313186, 9.200083407187883 ], [ -75.872752418666238, 9.200083954828642 ], [ -75.872892330921516, 9.200177317334909 ], [ -75.873195522376776, 9.200364111570352 ], [ -75.873499035347919, 9.200458021993073 ], [ -75.873756114958283, 9.200458884710617 ], [ -75.874036650256173, 9.200436606112044 ], [ -75.874294205819737, 9.200298139784341 ], [ -75.874505265101575, 9.200089848131384 ], [ -75.874646282644278, 9.199858091054194 ], [ -75.874646831179163, 9.199695541193984 ], [ -75.874600801256534, 9.199486385628774 ], [ -75.874648250097152, 9.19927753730499 ], [ -75.87476511192898, 9.199277931864899 ], [ -75.874998665035164, 9.199325157200571 ], [ -75.875348917799897, 9.199419228339831 ], [ -75.875559096948905, 9.199466372236285 ], [ -75.875816186304746, 9.199467233612317 ], [ -75.876120013619541, 9.199468257735045 ], [ -75.876307213570527, 9.199399213919325 ], [ -75.876307771413479, 9.199236664205484 ], [ -75.87628518703896, 9.199004358957511 ], [ -75.876098850395664, 9.198817958974598 ], [ -75.875935957548748, 9.198608408707742 ], [ -75.875679588325454, 9.198398544921695 ], [ -75.875423136958247, 9.198211911194477 ], [ -75.875166524356374, 9.198071710742783 ], [ -75.874980266751024, 9.19786208857164 ], [ -75.874888117886812, 9.1974669915784 ], [ -75.874912039616049, 9.197304521932399 ], [ -75.874959416792322, 9.197118903046132 ], [ -75.875123332916019, 9.197026556775755 ], [ -75.87533390690524, 9.196957602101197 ], [ -75.875590987216839, 9.196958464251017 ], [ -75.875777881635656, 9.196982306044902 ], [ -75.875940844928522, 9.197168633645848 ], [ -75.876057231092346, 9.197308358273869 ], [ -75.87626678109325, 9.19754128206605 ], [ -75.87640629769939, 9.197750751311094 ], [ -75.8764993901423, 9.197867181569169 ], [ -75.87673246673782, 9.198053735290475 ], [ -75.876965867773791, 9.198147411887097 ], [ -75.877245844587762, 9.198287683691245 ], [ -75.877455799561574, 9.198404500137952 ], [ -75.877712484215238, 9.198521470209265 ], [ -75.877992704828912, 9.198592078439043 ], [ -75.878226419127927, 9.198592859223247 ], [ -75.878320060111491, 9.198546722217399 ], [ -75.878297314642666, 9.198360868961778 ], [ -75.878134188751758, 9.198220992675177 ], [ -75.877900951346774, 9.198080872645141 ], [ -75.877761271867868, 9.197917846776415 ], [ -75.877644967295623, 9.197754901713896 ], [ -75.877645596203322, 9.197569130100575 ], [ -75.877646304711618, 9.197360128214472 ], [ -75.87771712919249, 9.197151360084284 ], [ -75.877788265820527, 9.196849705279341 ], [ -75.878022447699237, 9.196711158351572 ], [ -75.878349641250765, 9.19671225411623 ], [ -75.878629709302203, 9.196829304618957 ], [ -75.878652525985089, 9.196991935791068 ], [ -75.878605229561202, 9.197154333361611 ], [ -75.878464535705561, 9.197293195172142 ], [ -75.878440533420019, 9.19747889393126 ], [ -75.878509702660082, 9.197757793799656 ], [ -75.878719881603047, 9.197804946863085 ], [ -75.87897705219936, 9.197782578783455 ], [ -75.879257657951825, 9.197737079313571 ], [ -75.879585166437764, 9.197645279874802 ], [ -75.879795667724565, 9.197599538447921 ], [ -75.880029930961555, 9.197437760061229 ], [ -75.880264112747597, 9.197299212723925 ], [ -75.880451474605422, 9.197183725843031 ], [ -75.880639151408786, 9.196975353317749 ], [ -75.880849876600848, 9.196859937186282 ], [ -75.881036852721437, 9.196860565812191 ], [ -75.881434160273457, 9.196861886426609 ], [ -75.881691086812452, 9.196909191916177 ], [ -75.881830838287684, 9.197048996558193 ], [ -75.881830217861094, 9.197234768366501 ], [ -75.881829354883052, 9.197490212700924 ], [ -75.88178197802911, 9.197675841375769 ], [ -75.881711236380184, 9.197861379404278 ], [ -75.881687079923864, 9.19809352196007 ], [ -75.88177947237449, 9.198418945073115 ], [ -75.882106513285123, 9.198466483701504 ], [ -75.882223599294079, 9.198397206266304 ], [ -75.882341323416625, 9.198142156039314 ], [ -75.882342185882408, 9.197886711823918 ], [ -75.882342967246061, 9.197654487857603 ], [ -75.882413942800824, 9.197399277389168 ], [ -75.88243771310627, 9.197283240547291 ], [ -75.882532448891126, 9.196911995153453 ], [ -75.882603109783744, 9.196749678288315 ], [ -75.882836582219937, 9.196820124375554 ], [ -75.88299963557381, 9.196983221959156 ], [ -75.883069200737296, 9.19714601518938 ], [ -75.883162526945441, 9.197192771642221 ], [ -75.883372868347564, 9.197193473298197 ], [ -75.883559915251425, 9.197170871372826 ], [ -75.883746809067915, 9.197194712444983 ], [ -75.883886875392975, 9.197241621642332 ], [ -75.883816213391171, 9.197403947657653 ], [ -75.883652225887047, 9.197519515615673 ], [ -75.88344172401419, 9.197565258243012 ], [ -75.883207936672378, 9.197587698115521 ], [ -75.883020656171652, 9.197679964181706 ], [ -75.882879952667437, 9.197818834574806 ], [ -75.882809291849725, 9.197981150608612 ], [ -75.882808509954529, 9.198213375390134 ], [ -75.882831174812708, 9.198422457839355 ], [ -75.882970701330379, 9.19863191776726 ], [ -75.883133826058867, 9.198771803891677 ], [ -75.883344166575682, 9.19877250438889 ], [ -75.883455727784451, 9.198709648677772 ], [ -75.88349148138586, 9.198957960884355 ], [ -75.883391354641489, 9.199002787176957 ], [ -75.883288911035365, 9.199043104112048 ], [ -75.883135244721018, 9.199103587161988 ], [ -75.883062148749147, 9.199236008065245 ], [ -75.882945053667484, 9.199305285877852 ], [ -75.882874545026354, 9.199421168825056 ], [ -75.882546093747592, 9.19979163408104 ], [ -75.882498726378017, 9.199977252795401 ], [ -75.882497783405128, 9.200255919005972 ], [ -75.882543588329455, 9.200534738148589 ], [ -75.882706560118052, 9.20072106736632 ], [ -75.882963406570667, 9.200791584956947 ], [ -75.883243861082533, 9.200792527617157 ], [ -75.883454048032561, 9.200839670789403 ], [ -75.883687133917633, 9.201026224554075 ], [ -75.884037162575353, 9.201189951937705 ], [ -75.884247269701717, 9.201260316551743 ], [ -75.884620816259471, 9.201377671611061 ], [ -75.88501719796372, 9.201657658548923 ], [ -75.885296636848892, 9.201960481451096 ], [ -75.885505800768016, 9.202309513320641 ], [ -75.885410992350955, 9.202703980846596 ], [ -75.885200490028765, 9.202749731674876 ], [ -75.884989754040006, 9.202865139290811 ], [ -75.884942072015846, 9.20314365321356 ], [ -75.884941910276567, 9.203190095410172 ], [ -75.885105043545963, 9.203329971553851 ], [ -75.885245038107882, 9.203400104068223 ], [ -75.885596000341422, 9.203285163620512 ], [ -75.88599316384375, 9.20333292809042 ], [ -75.886133084957308, 9.203426280317426 ], [ -75.886202570055076, 9.203612294966669 ], [ -75.886201636331464, 9.203890961110817 ], [ -75.88599050463209, 9.204122483769291 ], [ -75.88580274771013, 9.204354086622873 ], [ -75.885638131372318, 9.204655426551593 ], [ -75.885567308271192, 9.20486419613156 ], [ -75.885263398941262, 9.204886410626091 ], [ -75.884936430390766, 9.204815651229074 ], [ -75.884656129401165, 9.204768274124678 ], [ -75.88442241408201, 9.204767492425725 ], [ -75.884305085294429, 9.2049064352909 ], [ -75.884210968873461, 9.205091900700749 ], [ -75.884210025828907, 9.205370576402419 ], [ -75.884139211712551, 9.205579335973852 ], [ -75.88392886183037, 9.205578635413138 ], [ -75.883812475970146, 9.205438910594387 ], [ -75.883929876909875, 9.205276746737333 ], [ -75.883883919213119, 9.205044371399227 ], [ -75.883674359573391, 9.204811446877278 ], [ -75.883370604217291, 9.204787210367599 ], [ -75.883066623306036, 9.204832646792239 ], [ -75.882763099766422, 9.204738737393031 ], [ -75.882670402797018, 9.20450620792279 ], [ -75.882508131350434, 9.204110887343701 ], [ -75.882135205312451, 9.203807749995484 ], [ -75.881714596096344, 9.203783118208101 ], [ -75.881386925935843, 9.203921359806001 ], [ -75.881245746982088, 9.204199559191599 ], [ -75.881127789010947, 9.20452428230773 ], [ -75.881127089309629, 9.204733284366329 ], [ -75.881149752924429, 9.204942358008763 ], [ -75.88124253126891, 9.205151675092649 ], [ -75.881522436768876, 9.20531515884278 ], [ -75.881709178695544, 9.205385451911173 ], [ -75.882013006804556, 9.205386466813192 ], [ -75.882223042083368, 9.205480062997784 ], [ -75.882269152698569, 9.205665995723388 ], [ -75.882245158743473, 9.205851695989612 ], [ -75.882244448952633, 9.206060688886826 ], [ -75.882267032628945, 9.206292993307013 ], [ -75.882383265565608, 9.206479160035236 ], [ -75.882640354857756, 9.206480013197362 ], [ -75.882757450215934, 9.206410743817178 ], [ -75.882851646703458, 9.206202048301174 ], [ -75.88303909022612, 9.206063338727617 ], [ -75.883272571198205, 9.206133785295764 ], [ -75.883412096987115, 9.206343253951689 ], [ -75.88350480258535, 9.206575791893407 ], [ -75.883644320559583, 9.206785261328877 ], [ -75.883643619947705, 9.20699425390238 ], [ -75.883479542558746, 9.207133044268305 ], [ -75.883129128266063, 9.207085432587689 ], [ -75.883012732874491, 9.206945708551594 ], [ -75.882989915859227, 9.206783077607879 ], [ -75.882873368786861, 9.206689796572341 ], [ -75.882686159558517, 9.206758841920671 ], [ -75.88249855455129, 9.206943992834624 ], [ -75.882357932749983, 9.207059633032143 ], [ -75.882170876916575, 9.207082235064933 ], [ -75.881890494586116, 9.207058079191921 ], [ -75.881610274174832, 9.206987471730997 ], [ -75.881400553849531, 9.206800989922261 ], [ -75.881237580682836, 9.2066146707378 ], [ -75.881121510275761, 9.206382061129135 ], [ -75.881075470983859, 9.206172897074936 ], [ -75.881076414560283, 9.205894230594062 ], [ -75.881030537670185, 9.205638633192567 ], [ -75.880797209252037, 9.205521745366527 ], [ -75.880586706609876, 9.205567486929549 ], [ -75.880539339210713, 9.205753105875909 ], [ -75.880538709564746, 9.205938886028706 ], [ -75.880537999693345, 9.206147879221708 ], [ -75.880537290841971, 9.206356881442684 ], [ -75.880536266774243, 9.206658769220263 ], [ -75.880535485115999, 9.206890992552834 ], [ -75.880628497149061, 9.207030636331051 ], [ -75.880791944871348, 9.207077627056846 ], [ -75.881025506694158, 9.207124851137772 ], [ -75.881259068541411, 9.20717207595156 ], [ -75.881609331280956, 9.207266138071262 ], [ -75.881819284983365, 9.2073829553458 ], [ -75.881982257949275, 9.207569274969357 ], [ -75.882121622043215, 9.207825187374114 ], [ -75.882284360829303, 9.208081180058615 ], [ -75.882423735425107, 9.20833709213171 ], [ -75.882515964970452, 9.208708958019098 ], [ -75.882515022300481, 9.208987625033474 ], [ -75.882444117996656, 9.209219615004471 ], [ -75.882210008329807, 9.20933494019107 ], [ -75.88199950491861, 9.209380682297869 ], [ -75.881695587034329, 9.209402897763423 ], [ -75.881368223429348, 9.209448244599432 ], [ -75.881227996209475, 9.20944777810015 ], [ -75.881157487646192, 9.209563650582592 ], [ -75.881040229964484, 9.209679372115597 ], [ -75.880759767053704, 9.209678438023648 ], [ -75.880432869923894, 9.209584456285647 ], [ -75.880199551238775, 9.209467558784059 ], [ -75.879873048781377, 9.209257469653682 ], [ -75.879663257176631, 9.209094209899513 ], [ -75.879197391264995, 9.208628199799357 ], [ -75.879034733240729, 9.208348984828575 ], [ -75.878755213074882, 9.208069384577412 ], [ -75.878475226180299, 9.207929112945841 ], [ -75.878241744769866, 9.207858657908485 ], [ -75.877867947099702, 9.207810965918627 ], [ -75.877634313272807, 9.207786953725655 ], [ -75.877283735744697, 9.207785786922424 ], [ -75.876980060536127, 9.207738319870234 ], [ -75.876676223681699, 9.20773730498418 ], [ -75.876232321325773, 9.207689369622379 ], [ -75.87585845114171, 9.207664891184013 ], [ -75.875531797381129, 9.207501235680299 ], [ -75.875275337080865, 9.207314602113044 ], [ -75.875182163709454, 9.207221392579266 ], [ -75.875135658095886, 9.207151576002202 ], [ -75.874902024367387, 9.207127563651223 ], [ -75.874668066680201, 9.207196447157699 ], [ -75.874504223339969, 9.207265563439483 ], [ -75.874418217731147, 9.207367413884981 ] ] ] } },
{ "type": "Feature", "properties": { "OBJECTID": 8721.0, "NOMBRE_GEO": "Pozo Babillero", "PROYECTO": null, "SYMBOL": "3", "FECHA": null, "RULEID": 1, "PK_CUE": 707861.0, "GLOBALID": "{1A239883-0730-4FE6-866E-167D7D06D86F}", "SHAPE_Leng": 715.18723153500116, "SHAPE_Area": 29148.970465604638 }, "geometry": { "type": "Polygon", "coordinates": [ [ [ -75.856144670961541, 9.046686747862568 ], [ -75.85647655376583, 9.045761886777168 ], [ -75.856804403284784, 9.046035315721278 ], [ -75.857076897810558, 9.046471978875807 ], [ -75.857239267671289, 9.047071676363812 ], [ -75.85734683192922, 9.047671184830442 ], [ -75.857345368414329, 9.04810692986989 ], [ -75.857070295215834, 9.048432829897745 ], [ -75.856686553154887, 9.048486018565153 ], [ -75.8564127641867, 9.048430637859752 ], [ -75.856358703544686, 9.048212581147958 ], [ -75.856250214097088, 9.047885405593522 ], [ -75.856141544793431, 9.047612703865557 ], [ -75.856143566017323, 9.047013554550379 ], [ -75.856143933689765, 9.046904615679292 ], [ -75.856144670961541, 9.046686747862568 ] ] ] } },
{ "type": "Feature", "properties": { "OBJECTID": 8722.0, "NOMBRE_GEO": null, "PROYECTO": "HERNANDEZN", "SYMBOL": "3", "FECHA": null, "RULEID": 1, "PK_CUE": 707863.0, "GLOBALID": "{5D5B980E-A42A-4C8E-BAFA-3E7241CAA3F6}", "SHAPE_Leng": 690.63139957334101, "SHAPE_Area": 28478.736375715773 }, "geometry": { "type": "Polygon", "coordinates": [ [ [ -75.85658984932013, 9.211664928162206 ], [ -75.856805813165664, 9.211546672582429 ], [ -75.857045232222831, 9.211571286564459 ], [ -75.857212479533644, 9.211690843962865 ], [ -75.857331165557312, 9.212000609890319 ], [ -75.857450506639296, 9.212120005147341 ], [ -75.857545485671224, 9.212358300640751 ], [ -75.857544417238245, 9.212667663320774 ], [ -75.857495530924766, 9.212953057694707 ], [ -75.857302940921301, 9.21323796720722 ], [ -75.85715874275013, 9.213380260930656 ], [ -75.85694252814119, 9.213569903665311 ], [ -75.856726482720049, 9.213711955207794 ], [ -75.856606234249455, 9.213854319890173 ], [ -75.85624697088565, 9.213853098383074 ], [ -75.8560316625789, 9.213780971555162 ], [ -75.855960633066502, 9.213542756548122 ], [ -75.855985076383504, 9.21340005882035 ], [ -75.85608120529109, 9.213305197189468 ], [ -75.856273391390971, 9.213139270269973 ], [ -75.856322276892129, 9.212853874869889 ], [ -75.856299559368892, 9.212496838818016 ], [ -75.856300547365421, 9.212211274071656 ], [ -75.856324989708881, 9.212068577291715 ], [ -75.85658984932013, 9.211664928162206 ] ] ] } },
{ "type": "Feature", "properties": { "OBJECTID": 8723.0, "NOMBRE_GEO": null, "PROYECTO": "HERNANDEZN", "SYMBOL": "3", "FECHA": null, "RULEID": 1, "PK_CUE": 707865.0, "GLOBALID": "{7E8E735C-C558-4D69-A1CB-87DD458426F6}", "SHAPE_Leng": 1851.3047887130874, "SHAPE_Area": 48655.39412374769 }, "geometry": { "type": "Polygon", "coordinates": [ [ [ -75.859953590779313, 9.237068277578611 ], [ -75.860072401695064, 9.236951048416453 ], [ -75.86020595390859, 9.236848577148821 ], [ -75.860383803289338, 9.236775659971556 ], [ -75.860576357140928, 9.23673220907525 ], [ -75.860887155965784, 9.23673325975008 ], [ -75.861109157396541, 9.236734023734106 ], [ -75.861479155315735, 9.236735280802616 ], [ -75.861878446872012, 9.236824861012458 ], [ -75.862174288776188, 9.236869984299323 ], [ -75.86241094055103, 9.236914898755348 ], [ -75.862677103420197, 9.236989324750139 ], [ -75.862898887613355, 9.237048901050585 ], [ -75.863165086396862, 9.23710862091718 ], [ -75.863342494245188, 9.23716804473311 ], [ -75.863564333369865, 9.237212905665146 ], [ -75.863726774740414, 9.237316392260162 ], [ -75.863844760233931, 9.237434421888077 ], [ -75.863903411090632, 9.237596369585285 ], [ -75.863873309384019, 9.237743307756597 ], [ -75.863798900982673, 9.23786069063874 ], [ -75.863650751272715, 9.237904295186523 ], [ -75.86347310036237, 9.237918397946256 ], [ -75.863295755264616, 9.23784427833945 ], [ -75.863207099657743, 9.237799857065134 ], [ -75.86310370359837, 9.237740694279699 ], [ -75.86294106423567, 9.237696028860535 ], [ -75.862852354677329, 9.237666313325743 ], [ -75.862660161115059, 9.237606844556161 ], [ -75.862541861581363, 9.237577038650144 ], [ -75.862379213131021, 9.2375323648704 ], [ -75.862231313536711, 9.23750245958413 ], [ -75.862157427769333, 9.237472798263203 ], [ -75.86199477035008, 9.237428134293038 ], [ -75.861861774360165, 9.237368862718631 ], [ -75.86172882338434, 9.237294887094645 ], [ -75.861566282383833, 9.237220811989674 ], [ -75.861448037047097, 9.237176299784903 ], [ -75.86128548703222, 9.237102224590393 ], [ -75.861107890174452, 9.237101622921541 ], [ -75.860989590730782, 9.237071808278117 ], [ -75.860826843407807, 9.237056546250223 ], [ -75.860723293571795, 9.237041490221124 ], [ -75.860501293767669, 9.237040735078956 ], [ -75.860323544374424, 9.237084240643531 ], [ -75.860249333885506, 9.237142802415768 ], [ -75.860130586235357, 9.23724532658205 ], [ -75.860070973774583, 9.237362762850921 ], [ -75.8600264256347, 9.237406718107005 ], [ -75.859907417070673, 9.237582760765063 ], [ -75.859847912789874, 9.23767078706263 ], [ -75.859788355174388, 9.237773509300995 ], [ -75.859699044021369, 9.237920248764738 ], [ -75.859624690827644, 9.238022926199335 ], [ -75.859520782375355, 9.238110790195551 ], [ -75.859387283750152, 9.238198565451651 ], [ -75.859268570552885, 9.238286383765491 ], [ -75.85919411877839, 9.238418462943896 ], [ -75.859164160289211, 9.238521293712807 ], [ -75.859133850736839, 9.238727043854926 ], [ -75.859118642714307, 9.238844624367067 ], [ -75.859118237596888, 9.238962258673466 ], [ -75.859117671775124, 9.239123999813406 ], [ -75.859117267602443, 9.239241635014885 ], [ -75.859102059597163, 9.239359214628029 ], [ -75.85910160220017, 9.239491554816546 ], [ -75.859100999584172, 9.239668001714763 ], [ -75.859115237643337, 9.239829789396465 ], [ -75.859188576435642, 9.240021193151936 ], [ -75.859188064096131, 9.2401682383265 ], [ -75.859172657755408, 9.240344631441475 ], [ -75.859113045557265, 9.24046205874291 ], [ -75.858979546977849, 9.240549833224989 ], [ -75.858875891264674, 9.240564178779707 ], [ -75.858757493159345, 9.240563775413314 ], [ -75.858624291221787, 9.240563326356433 ], [ -75.858520895418209, 9.240504154128148 ], [ -75.858432347681912, 9.240430329828603 ], [ -75.85837349881055, 9.24032720412966 ], [ -75.858374218218785, 9.240121346154153 ], [ -75.858389624010101, 9.239944943924158 ], [ -75.85841994208883, 9.23973919362955 ], [ -75.858479851412014, 9.239533542043629 ], [ -75.858510213647065, 9.239313086842044 ], [ -75.858599829748215, 9.239078123015293 ], [ -75.858644996604511, 9.238857712594747 ], [ -75.85867504640548, 9.238725480992031 ], [ -75.858735007929383, 9.23850512356163 ], [ -75.858795016401089, 9.238270071141772 ], [ -75.858854789279775, 9.238108527173642 ], [ -75.858914338973634, 9.238005795117303 ], [ -75.859033096383811, 9.237903271101558 ], [ -75.859152059537934, 9.237741932598036 ], [ -75.859270916023888, 9.237609997732285 ], [ -75.859360173254231, 9.237477972372403 ], [ -75.859508727189336, 9.237316734326425 ], [ -75.85962738490224, 9.237243611100542 ], [ -75.85977563365249, 9.237170596446253 ], [ -75.859953590779313, 9.237068277578611 ] ] ] } },
{ "type": "Feature", "properties": { "OBJECTID": 8724.0, "NOMBRE_GEO": "Charco La Burra", "PROYECTO": null, "SYMBOL": "3", "FECHA": null, "RULEID": 1, "PK_CUE": 707867.0, "GLOBALID": "{0ABD71CF-EB3C-453F-B82A-BE77B76FBEDB}", "SHAPE_Leng": 1656.5025890628422, "SHAPE_Area": 62574.502951989329 }, "geometry": { "type": "Polygon", "coordinates": [ [ [ -75.855070807315158, 9.200770446979663 ], [ -75.855209713059864, 9.200787758315997 ], [ -75.855230140560977, 9.200845195775445 ], [ -75.855324086636443, 9.201060566958132 ], [ -75.855404648002178, 9.201235577042905 ], [ -75.855471625679726, 9.201423972285943 ], [ -75.855552232168591, 9.201585542605397 ], [ -75.855686952088718, 9.201747293140471 ], [ -75.855781311115521, 9.201841696917983 ], [ -75.855929694709317, 9.201963167444866 ], [ -75.855996726959063, 9.202138131745876 ], [ -75.85592852684681, 9.202299182336995 ], [ -75.855806697764677, 9.202325655665712 ], [ -75.855725579754818, 9.202311938376786 ], [ -75.855563253893791, 9.202311381294006 ], [ -75.855454945302668, 9.202337891049797 ], [ -75.855265516906172, 9.202350692434189 ], [ -75.855170736153468, 9.202377245834343 ], [ -75.855048896833523, 9.202403709973515 ], [ -75.854981082967797, 9.202457241000422 ], [ -75.854899687191008, 9.202524174375936 ], [ -75.854818335346494, 9.202577659925891 ], [ -75.854655875363221, 9.202617427864103 ], [ -75.854507033097732, 9.202630354676218 ], [ -75.854398670255435, 9.202670312067152 ], [ -75.854276507832012, 9.202790856639787 ], [ -75.854261568596954, 9.202933788096411 ], [ -75.854188212436441, 9.203054323762728 ], [ -75.854163320401867, 9.203223333378135 ], [ -75.854162727272154, 9.203392431554528 ], [ -75.854162143204022, 9.203561522427785 ], [ -75.854161396639626, 9.203778932044104 ], [ -75.854209429552725, 9.20394819261948 ], [ -75.854281448234488, 9.204214166438014 ], [ -75.854280532054872, 9.204479887591678 ], [ -75.854255217930998, 9.204769674760529 ], [ -75.854181276900377, 9.205059310433978 ], [ -75.853986117564673, 9.205251890794536 ], [ -75.853815851966687, 9.205275471365812 ], [ -75.853475731112979, 9.205201836687827 ], [ -75.853257513351608, 9.205031991900553 ], [ -75.853112219132939, 9.204862398948684 ], [ -75.852942626107179, 9.204692725417445 ], [ -75.852821740249553, 9.204499058090741 ], [ -75.852725161660857, 9.204305471118436 ], [ -75.852653054059445, 9.204063661987119 ], [ -75.852635923305129, 9.203885723908396 ], [ -75.8525010588192, 9.203767648873395 ], [ -75.852399845729607, 9.203700104824931 ], [ -75.852247896259968, 9.203632381331323 ], [ -75.852079389976353, 9.203463793877628 ], [ -75.851978285031535, 9.203362644064866 ], [ -75.85196201608575, 9.203177779595926 ], [ -75.851979559797201, 9.202993023414228 ], [ -75.852081546298336, 9.202842168713115 ], [ -75.852217219049749, 9.202725019888097 ], [ -75.852386776098214, 9.20259118902591 ], [ -75.852522394231926, 9.202490846552426 ], [ -75.852674802411627, 9.202424164717886 ], [ -75.852877767886696, 9.202408058050178 ], [ -75.853080616292971, 9.202425556909857 ], [ -75.853266559275369, 9.202442994318424 ], [ -75.853401826837569, 9.202443452212368 ], [ -75.853536862270303, 9.202511122191298 ], [ -75.853671959360213, 9.202561983846419 ], [ -75.853834815186104, 9.202624804107584 ], [ -75.854005799536409, 9.202640165186651 ], [ -75.854124836334606, 9.202625791851228 ], [ -75.854251453834266, 9.202567114340759 ], [ -75.854340898575757, 9.202508310148172 ], [ -75.85450465262366, 9.202464534646266 ], [ -75.854653539699214, 9.202420706066309 ], [ -75.854780156991652, 9.202362028417785 ], [ -75.854877066572868, 9.20229584971826 ], [ -75.854973914690902, 9.202244456563125 ], [ -75.855085512394055, 9.202230065991349 ], [ -75.855182243102405, 9.20221561245026 ], [ -75.855286429826521, 9.202193800802396 ], [ -75.855420412712718, 9.202157320387567 ], [ -75.855524671546021, 9.202113339094874 ], [ -75.855569622536919, 9.202017435269184 ], [ -75.855569982696849, 9.201913984854444 ], [ -75.855510766026654, 9.201832506832419 ], [ -75.855421994381089, 9.201699196700639 ], [ -75.855400120258565, 9.201573513960058 ], [ -75.855363370201047, 9.201447777382405 ], [ -75.855296975759856, 9.201292376593189 ], [ -75.855201116824333, 9.201055599892547 ], [ -75.855119909115459, 9.200885377687946 ], [ -75.855070807315158, 9.200770446979663 ] ] ] } },
{ "type": "Feature", "properties": { "OBJECTID": 8725.0, "NOMBRE_GEO": "Charco Angarilla", "PROYECTO": null, "SYMBOL": "3", "FECHA": null, "RULEID": 1, "PK_CUE": 707869.0, "GLOBALID": "{D112C875-9678-4BF2-8048-31DED67A8508}", "SHAPE_Leng": 1875.4698460535844, "SHAPE_Area": 133372.59557843892 }, "geometry": { "type": "Polygon", "coordinates": [ [ [ -75.831824893996895, 9.197257523754001 ], [ -75.831923747930844, 9.197041259976993 ], [ -75.831902729380133, 9.19689134634155 ], [ -75.831821928410491, 9.196797017307512 ], [ -75.83148704829992, 9.19681803122749 ], [ -75.831344324137433, 9.196703765112348 ], [ -75.831345025173505, 9.196504661944884 ], [ -75.831517178321704, 9.196391492738817 ], [ -75.831775102436382, 9.196307059607681 ], [ -75.831861631229614, 9.196293037932614 ], [ -75.832118798380449, 9.196251364167399 ], [ -75.832377027298392, 9.196081600911452 ], [ -75.832521054063392, 9.195826120436834 ], [ -75.832665378440112, 9.195485299427466 ], [ -75.832838025188096, 9.195229916753174 ], [ -75.833125171120727, 9.194974921408505 ], [ -75.833384199973352, 9.194577623217876 ], [ -75.833528820185848, 9.19415148074979 ], [ -75.833673144192218, 9.193810659797299 ], [ -75.833960091867851, 9.19361255399834 ], [ -75.834303788008981, 9.193556859131141 ], [ -75.834618656353868, 9.193557955136715 ], [ -75.834762180242279, 9.193444676621757 ], [ -75.835134207694665, 9.193474410887712 ], [ -75.835419855413306, 9.193646061286236 ], [ -75.835418956105769, 9.193902045328382 ], [ -75.835418156811727, 9.194129579566491 ], [ -75.835445986946397, 9.194357222177405 ], [ -75.835731533764871, 9.194557312832121 ], [ -75.836045909223884, 9.194700620952597 ], [ -75.836216957362495, 9.194900307444801 ], [ -75.836359186566426, 9.195156784990244 ], [ -75.83635838819653, 9.195384328977243 ], [ -75.836185947105577, 9.195582838319986 ], [ -75.835985272435948, 9.195667469146779 ], [ -75.835555598685687, 9.195751308037623 ], [ -75.835297872096348, 9.195778860187401 ], [ -75.834982797420494, 9.195834654179187 ], [ -75.834839075545531, 9.196004812760034 ], [ -75.834609178698372, 9.196260006336022 ], [ -75.83437947975537, 9.196458309267257 ], [ -75.834263381875232, 9.196912992227421 ], [ -75.834205529846997, 9.197083456237459 ], [ -75.83403308118173, 9.197281957052288 ], [ -75.833718203005517, 9.197280860674191 ], [ -75.833374804370735, 9.19725122461457 ], [ -75.833285516168004, 9.197223590342002 ], [ -75.83315095492614, 9.197259555614993 ], [ -75.833021022938766, 9.197451762276769 ], [ -75.832889652631209, 9.19756842394345 ], [ -75.832804918114476, 9.197643670964389 ], [ -75.832660890130327, 9.19771800112326 ], [ -75.832351689719474, 9.197877572813558 ], [ -75.832338313706018, 9.197883365568028 ], [ -75.832232560355195, 9.197964505992029 ], [ -75.83204004198852, 9.198116447184534 ], [ -75.83184772200012, 9.198211155973551 ], [ -75.831598080149135, 9.19822936498384 ], [ -75.831367697959081, 9.198228564620212 ], [ -75.831176115055925, 9.198113445991925 ], [ -75.831042202925275, 9.197979444746817 ], [ -75.831042866608499, 9.197788686677955 ], [ -75.83106260310548, 9.197636143582077 ], [ -75.831255058074888, 9.197503283615918 ], [ -75.83135124989235, 9.197446383622101 ], [ -75.83156270456486, 9.19737081841806 ], [ -75.831735756412911, 9.197295117356587 ], [ -75.831824893996895, 9.197257523754001 ] ] ] } },
{ "type": "Feature", "properties": { "OBJECTID": 8726.0, "NOMBRE_GEO": null, "PROYECTO": "HERNANDEZN", "SYMBOL": "3", "FECHA": null, "RULEID": 1, "PK_CUE": 707871.0, "GLOBALID": "{9F3524B9-C790-49C3-BCA3-38FF4BD05219}", "SHAPE_Leng": 1278.4275501878251, "SHAPE_Area": 51990.893685088777 }, "geometry": { "type": "Polygon", "coordinates": [ [ [ -75.831826441872877, 9.192934363928339 ], [ -75.831692063245981, 9.192933897082504 ], [ -75.831480815395949, 9.192952240901839 ], [ -75.83140382114081, 9.193009203152585 ], [ -75.831384282415215, 9.193104513802711 ], [ -75.831383752352252, 9.193257129274381 ], [ -75.831287426352645, 9.193352170635468 ], [ -75.831133903893885, 9.193332561275259 ], [ -75.831000055328701, 9.193179487733268 ], [ -75.830750476051492, 9.193178616186707 ], [ -75.830634953285525, 9.193273594805401 ], [ -75.830461497437696, 9.193463759746797 ], [ -75.830307911804425, 9.193463220860011 ], [ -75.830173731033668, 9.193405531013754 ], [ -75.830135866644298, 9.193252790114219 ], [ -75.830213202736417, 9.193100444798787 ], [ -75.830328788675928, 9.192986394569107 ], [ -75.830406124656776, 9.192834050156346 ], [ -75.830464587406212, 9.19258626724034 ], [ -75.830580720921759, 9.192319602190045 ], [ -75.83069630736756, 9.192205542905294 ], [ -75.830869566369529, 9.192072611355988 ], [ -75.831081281297955, 9.191920741412293 ], [ -75.831388585113658, 9.191883659104048 ], [ -75.831714952029742, 9.191884790742817 ], [ -75.83206044422711, 9.191905066357895 ], [ -75.832329219704661, 9.191905999808258 ], [ -75.832559665034964, 9.19188771911878 ], [ -75.832790307270017, 9.191812215924035 ], [ -75.832983095156294, 9.191583972227292 ], [ -75.833233338141483, 9.191394076639224 ], [ -75.833483312919284, 9.191280484974483 ], [ -75.833771285911837, 9.191281490818575 ], [ -75.833943734938572, 9.191377466653122 ], [ -75.834057982720992, 9.191644932013693 ], [ -75.834057112053458, 9.191892921081681 ], [ -75.833960587812385, 9.192045194204978 ], [ -75.833825534806792, 9.192235484014811 ], [ -75.833536959866606, 9.192406172628761 ], [ -75.833402230917343, 9.192501089448346 ], [ -75.833209918643945, 9.192595797931187 ], [ -75.832864220996044, 9.192632755102721 ], [ -75.832671838293791, 9.192746545051932 ], [ -75.832536911032804, 9.192898683132421 ], [ -75.832555371007743, 9.193108584333517 ], [ -75.832650754024286, 9.193280602046633 ], [ -75.832669286176866, 9.193471431449625 ], [ -75.832534224747107, 9.193661721190491 ], [ -75.832265520931728, 9.193641715613701 ], [ -75.832151003341565, 9.193450553607716 ], [ -75.832171205599721, 9.193164476911127 ], [ -75.832171476413478, 9.193088173697705 ], [ -75.83205655430298, 9.193011476350289 ], [ -75.831826441872877, 9.192934363928339 ] ] ] } },
{ "type": "Feature", "properties": { "OBJECTID": 8727.0, "NOMBRE_GEO": null, "PROYECTO": "HERNANDEZN", "SYMBOL": "3", "FECHA": null, "RULEID": 1, "PK_CUE": 707873.0, "GLOBALID": "{CB029F8F-61DC-4047-B962-55217797AFAC}", "SHAPE_Leng": 8122.152174551492, "SHAPE_Area": 1331992.1139770264 }, "geometry": { "type": "Polygon", "coordinates": [ [ [ -75.807655749553192, 9.19857898009036 ], [ -75.806656167837204, 9.196501743416498 ], [ -75.804877745571616, 9.195157188643529 ], [ -75.803676841540423, 9.194260473231157 ], [ -75.802567619566332, 9.193571771289097 ], [ -75.802363591260828, 9.193524880959238 ], [ -75.801489225627577, 9.193590963034971 ], [ -75.799973382184788, 9.193442101864584 ], [ -75.798711423972151, 9.192971263407756 ], [ -75.797773759180586, 9.192680944290041 ], [ -75.796729976732138, 9.19178037881179 ], [ -75.796264628653901, 9.190666618576229 ], [ -75.795872910125183, 9.189158500771308 ], [ -75.795661062897111, 9.187830392653876 ], [ -75.795305450240292, 9.186322403048175 ], [ -75.795237759600553, 9.185066557400889 ], [ -75.79574603610159, 9.184279122281664 ], [ -75.796830922635266, 9.183780727136869 ], [ -75.797587148937424, 9.184321524617316 ], [ -75.797621064246357, 9.184931511715998 ], [ -75.797474849176169, 9.185433235793619 ], [ -75.797291501060059, 9.186221825689431 ], [ -75.797035300583914, 9.187189528772322 ], [ -75.797032982178408, 9.187835260567768 ], [ -75.797319231441193, 9.188553766033214 ], [ -75.797646390903409, 9.1888640048341 ], [ -75.79805145879206, 9.189248122779924 ], [ -75.798300056802532, 9.18971723522337 ], [ -75.799001146570347, 9.190369268012622 ], [ -75.800126925087994, 9.190840227932782 ], [ -75.801095460549845, 9.190425987098719 ], [ -75.802262041435753, 9.190565836946165 ], [ -75.802497937997501, 9.191200892041152 ], [ -75.803606314621035, 9.191716102593439 ], [ -75.804303624324064, 9.191481427069403 ], [ -75.805290836128236, 9.19101402488092 ], [ -75.807735070834781, 9.190944485632352 ], [ -75.811638035630224, 9.191619759119742 ], [ -75.812634519304169, 9.19306082738952 ], [ -75.812638184396519, 9.193812645270212 ], [ -75.812408188336434, 9.194392094210061 ], [ -75.81188745290244, 9.195030779420536 ], [ -75.811191833325623, 9.19561245567817 ], [ -75.810148386368965, 9.196484980188586 ], [ -75.81009328389986, 9.197121428331229 ], [ -75.810911227228246, 9.197753670570208 ], [ -75.812189178602267, 9.197227015569448 ], [ -75.812830262076218, 9.197397435204506 ], [ -75.813007130942694, 9.197859259035651 ], [ -75.812952887084208, 9.198515907958473 ], [ -75.813165107747793, 9.199766632882067 ], [ -75.813197517391743, 9.200807112729789 ], [ -75.812906513063652, 9.201415961421226 ], [ -75.812254588035103, 9.201987668682456 ], [ -75.811639146924918, 9.202451879430139 ], [ -75.811167997424647, 9.202952470443501 ], [ -75.810948815329184, 9.203669191754319 ], [ -75.810815022356763, 9.204622659882556 ], [ -75.810946440720855, 9.204982764158924 ], [ -75.811127819249165, 9.206369906680184 ], [ -75.810197092571329, 9.206490057005208 ], [ -75.809613359040753, 9.20614585835613 ], [ -75.809145174851224, 9.205627601983636 ], [ -75.808793700120887, 9.205166614437161 ], [ -75.808264789927946, 9.204128142675808 ], [ -75.808145844435884, 9.203608206625081 ], [ -75.807905714548852, 9.202105667155093 ], [ -75.807841324393848, 9.200833626203991 ], [ -75.807655749553192, 9.19857898009036 ] ] ] } },
{ "type": "Feature", "properties": { "OBJECTID": 8728.0, "NOMBRE_GEO": "Charco El Higo", "PROYECTO": null, "SYMBOL": "3", "FECHA": null, "RULEID": 1, "PK_CUE": 707875.0, "GLOBALID": "{6D4E3024-A92E-4E50-9AB8-88843F5FAC19}", "SHAPE_Leng": 9438.458384449732, "SHAPE_Area": 1231736.3218312524 }, "geometry": { "type": "Polygon", "coordinates": [ [ [ -75.762876874643879, 9.149219649936287 ], [ -75.762481106394688, 9.148859472889887 ], [ -75.761939361945892, 9.148929255622511 ], [ -75.761650703776013, 9.148892334167044 ], [ -75.761327002194705, 9.148568291961656 ], [ -75.761158846959887, 9.148483974285151 ], [ -75.760966674583599, 9.14838761390441 ], [ -75.760892630853718, 9.148889581710128 ], [ -75.76110724492743, 9.149428473389255 ], [ -75.761245910993807, 9.149595068086871 ], [ -75.761646352786443, 9.150076162712743 ], [ -75.762077824738199, 9.150544092089952 ], [ -75.762328672188289, 9.151047239411389 ], [ -75.762326563044695, 9.151621216643024 ], [ -75.762036452906628, 9.151978904906001 ], [ -75.761603264692596, 9.151977333449096 ], [ -75.761170471618243, 9.151868138612437 ], [ -75.760593548341134, 9.151686672659107 ], [ -75.760242790931414, 9.151383034731001 ], [ -75.760035487707071, 9.151203579247758 ], [ -75.760017813438353, 9.151182343943137 ], [ -75.759874605710337, 9.150858956364765 ], [ -75.759731663439482, 9.150463821784536 ], [ -75.759408490769729, 9.149996284936124 ], [ -75.758976229900455, 9.149743593647761 ], [ -75.758470847820647, 9.149741755753336 ], [ -75.758075082761621, 9.149381574556937 ], [ -75.757860078041787, 9.148950303775839 ], [ -75.757644940224168, 9.148554907111706 ], [ -75.757248914381492, 9.148266473161241 ], [ -75.75667213055641, 9.148049127806225 ], [ -75.756166750843988, 9.148047286880072 ], [ -75.755553472549721, 9.147937428825573 ], [ -75.754688169169242, 9.147647281884371 ], [ -75.754327184413313, 9.147645964772172 ], [ -75.7542535275864, 9.148040308654926 ], [ -75.754577486660125, 9.148292610277146 ], [ -75.754901843651027, 9.148437288949124 ], [ -75.755406296691078, 9.148690247287107 ], [ -75.756127210141415, 9.148979866643833 ], [ -75.75677566311397, 9.149340969824094 ], [ -75.757496048922746, 9.149774082420524 ], [ -75.75818060294371, 9.150135314204899 ], [ -75.758649094571112, 9.150352263050728 ], [ -75.758737624838361, 9.150474168763116 ], [ -75.758936695972565, 9.150676176069005 ], [ -75.75893062714411, 9.150739930044319 ], [ -75.758928415172534, 9.15076316708584 ], [ -75.758919150737995, 9.150860481363022 ], [ -75.758790978155645, 9.151034386068634 ], [ -75.758646417642765, 9.151078702414305 ], [ -75.758212735802275, 9.151211652071341 ], [ -75.757707085824606, 9.151281558893132 ], [ -75.757128710158867, 9.151494696032769 ], [ -75.756551657554695, 9.151349098156187 ], [ -75.75633599078958, 9.151097193948166 ], [ -75.756178892388732, 9.151040790610578 ], [ -75.755831268584274, 9.150915984310332 ], [ -75.755325753270256, 9.150950014237278 ], [ -75.754821878260941, 9.151114884334314 ], [ -75.754675178607215, 9.151162885196856 ], [ -75.754313527568144, 9.151340934329468 ], [ -75.75369944861302, 9.151446314444868 ], [ -75.75326652810152, 9.151372983727555 ], [ -75.752984565362965, 9.15116962933123 ], [ -75.752798173028239, 9.151120154595427 ], [ -75.752546278040541, 9.150903991223977 ], [ -75.75236870596288, 9.150114115139449 ], [ -75.752368244293777, 9.150112627267987 ], [ -75.752190336856557, 9.149539479711425 ], [ -75.752193657330906, 9.148642642977148 ], [ -75.752629227716184, 9.147998504178311 ], [ -75.752883377680007, 9.147604819077502 ], [ -75.752848473735767, 9.14728182567751 ], [ -75.752523853261863, 9.147208891884967 ], [ -75.752018343235591, 9.14724291844329 ], [ -75.751771737061503, 9.147084096287722 ], [ -75.751514160544971, 9.146918209413348 ], [ -75.751298368358064, 9.146702176697696 ], [ -75.750902852341142, 9.146277930111257 ], [ -75.750794983920628, 9.146162225883714 ], [ -75.750507925576457, 9.145694814585395 ], [ -75.750545618618389, 9.145264465666338 ], [ -75.750907264659162, 9.145086418813563 ], [ -75.751017951251924, 9.144441093427824 ], [ -75.750983447368981, 9.144010479049687 ], [ -75.750732487837652, 9.143543200274024 ], [ -75.750155052901249, 9.143505214144799 ], [ -75.749687640116321, 9.143001268335357 ], [ -75.749328523280113, 9.142497718771265 ], [ -75.749367013561525, 9.141852128969862 ], [ -75.749693887880781, 9.141315215596126 ], [ -75.749731448281167, 9.140920741167944 ], [ -75.749481688587224, 9.140130601201138 ], [ -75.749557206725513, 9.13923402928428 ], [ -75.74970412163627, 9.138552960637462 ], [ -75.749814408381724, 9.138015255706128 ], [ -75.750068683935481, 9.137585698989808 ], [ -75.750647304805824, 9.137300822878684 ], [ -75.750862960030545, 9.137552727928254 ], [ -75.751329969634568, 9.138164292294091 ], [ -75.751689883064486, 9.138452599231179 ], [ -75.751976673926251, 9.138991755600452 ], [ -75.751974683327958, 9.139529857928251 ], [ -75.751755443714544, 9.140246536127878 ], [ -75.751753186938203, 9.140856384972148 ], [ -75.752258025681456, 9.14100172519162 ], [ -75.75287168810047, 9.141003966337875 ], [ -75.753630668854484, 9.140755618043807 ], [ -75.754136965001251, 9.140506346719414 ], [ -75.754316526824596, 9.140758120312601 ], [ -75.754062120921844, 9.141223553637543 ], [ -75.75388083618796, 9.141438136882531 ], [ -75.75326611206188, 9.141722884893634 ], [ -75.752615156960232, 9.142043374894618 ], [ -75.752289613000812, 9.142221555955679 ], [ -75.751709788611763, 9.142829294239661 ], [ -75.751600432563819, 9.143115886226706 ], [ -75.751634937674595, 9.143546500364636 ], [ -75.751652544538601, 9.143556004658489 ], [ -75.751816092129317, 9.143367792126297 ], [ -75.752322791330229, 9.143010903660898 ], [ -75.752684965285781, 9.142689361363871 ], [ -75.753481638845528, 9.142010664245047 ], [ -75.754599615049543, 9.142301734232955 ], [ -75.755175460010747, 9.142770195642148 ], [ -75.755317601905375, 9.143380572312685 ], [ -75.755316277956936, 9.143739307068014 ], [ -75.755431692000712, 9.144467398908009 ], [ -75.755492663939805, 9.144852042948049 ], [ -75.755707136151699, 9.145426809165221 ], [ -75.756067457401912, 9.145607492356318 ], [ -75.756500371934806, 9.145680817097036 ], [ -75.756609724686953, 9.145394223680317 ], [ -75.756250594877841, 9.144890679210979 ], [ -75.75621900175085, 9.144564651857101 ], [ -75.756181044890809, 9.144172945719532 ], [ -75.756686947696991, 9.144031292335297 ], [ -75.757408911108129, 9.144033920001533 ], [ -75.757951571885769, 9.143713028864456 ], [ -75.758458532211691, 9.143284383776523 ], [ -75.759109486324277, 9.142963884124137 ], [ -75.759976235264801, 9.142859411444858 ], [ -75.760769338727414, 9.14314928329917 ], [ -75.761706309010279, 9.143583170855225 ], [ -75.762605865750629, 9.144375664419305 ], [ -75.763036675691339, 9.145022959293888 ], [ -75.763393052537197, 9.146279843944132 ], [ -75.763676181299786, 9.147823457445719 ], [ -75.763998174061626, 9.148613853711948 ], [ -75.764321351561392, 9.149081387785561 ], [ -75.764247048653928, 9.149655105129407 ], [ -75.764172613647133, 9.150264694910941 ], [ -75.764459562811027, 9.150767972128023 ], [ -75.764673789324618, 9.151414482275021 ], [ -75.764419647947108, 9.151808177116026 ], [ -75.764021899950819, 9.151986106238994 ], [ -75.763660909900082, 9.151984797964074 ], [ -75.763337334636091, 9.151624883846459 ], [ -75.763340363804176, 9.150799790222278 ], [ -75.763343657052886, 9.149902949922019 ], [ -75.762876874643879, 9.149219649936287 ] ] ] } },
{ "type": "Feature", "properties": { "OBJECTID": 8729.0, "NOMBRE_GEO": "Charco Los Monolidos", "PROYECTO": null, "SYMBOL": "3", "FECHA": null, "RULEID": 1, "PK_CUE": 707877.0, "GLOBALID": "{D0C365AA-8C2D-4CF4-BB71-E43F0418CBB7}", "SHAPE_Leng": 3795.1688612221669, "SHAPE_Area": 595651.94762884546 }, "geometry": { "type": "Polygon", "coordinates": [ [ [ -75.734597053748161, 9.114461969377768 ], [ -75.734128892593574, 9.114173249614794 ], [ -75.733803638250549, 9.114279670953078 ], [ -75.733334136657859, 9.114349685105116 ], [ -75.732662105662868, 9.114239962564184 ], [ -75.732468533249104, 9.114167117093148 ], [ -75.731604139316019, 9.113661688957984 ], [ -75.731281031847459, 9.113194134642079 ], [ -75.730993888116828, 9.112762587998931 ], [ -75.731287187255859, 9.112444325875789 ], [ -75.731356311707145, 9.112369317838114 ], [ -75.731717258365308, 9.112370653002191 ], [ -75.731934764982242, 9.112120340621722 ], [ -75.731972068120825, 9.111797614932795 ], [ -75.731684520271884, 9.111473688007717 ], [ -75.73139724065777, 9.111078014809552 ], [ -75.731073868962511, 9.110682208109711 ], [ -75.730677367671973, 9.110537245913305 ], [ -75.730208276368174, 9.110499637156204 ], [ -75.72970349155942, 9.110354273318709 ], [ -75.729344699867028, 9.10977896560461 ], [ -75.72949095981086, 9.109277274779988 ], [ -75.729744963835628, 9.108919477603454 ], [ -75.729782402716879, 9.108560879977128 ], [ -75.729712634026214, 9.107914894926878 ], [ -75.729425629363561, 9.107447474415512 ], [ -75.729101455002365, 9.107266905135228 ], [ -75.728632233415311, 9.107265168326359 ], [ -75.728344017662494, 9.107120605124575 ], [ -75.728020922040699, 9.10665305021311 ], [ -75.728203005984327, 9.106223240186504 ], [ -75.72842131901433, 9.1057576910727 ], [ -75.72867532105856, 9.105399895013774 ], [ -75.728749121662645, 9.10496968375476 ], [ -75.728895111239098, 9.104539740361892 ], [ -75.728949040143135, 9.104484121395084 ], [ -75.730941125435734, 9.104144834943183 ], [ -75.731980760722422, 9.104457610973018 ], [ -75.732519266254045, 9.104798828734632 ], [ -75.732755673160952, 9.104948624241139 ], [ -75.73311580698568, 9.105165195834278 ], [ -75.733656277354982, 9.105418306977407 ], [ -75.73412322120933, 9.1060298836355 ], [ -75.734157439668422, 9.106532243099014 ], [ -75.73429940525115, 9.107178495287798 ], [ -75.734333891837423, 9.107609107065157 ], [ -75.734187772911156, 9.108074927990106 ], [ -75.734085115441118, 9.108550797145702 ], [ -75.734040850020833, 9.10875598710375 ], [ -75.734075068844518, 9.109258345569149 ], [ -75.734289356545943, 9.109868990593732 ], [ -75.734640027343474, 9.110315970421194 ], [ -75.734684519151614, 9.110372681684145 ], [ -75.735116848961312, 9.110589519235379 ], [ -75.735549982555597, 9.110591116437593 ], [ -75.735910660281831, 9.11066419267229 ], [ -75.73612562101539, 9.111095470908301 ], [ -75.736304622098331, 9.111490742170291 ], [ -75.73670045762357, 9.111815064358524 ], [ -75.737024907844685, 9.111923880718773 ], [ -75.737493335868052, 9.112140848694025 ], [ -75.737672606389609, 9.112464373139298 ], [ -75.737455101938579, 9.112714688762455 ], [ -75.737430532680079, 9.112724080581259 ], [ -75.736804460415271, 9.112963410002621 ], [ -75.736225472990824, 9.113355887423529 ], [ -75.735789791207509, 9.114035883218488 ], [ -75.735499425388355, 9.114465297894693 ], [ -75.735101712353767, 9.11464320009615 ], [ -75.734597053748161, 9.114461969377768 ] ] ] } },
{ "type": "Feature", "properties": { "OBJECTID": 8730.0, "NOMBRE_GEO": "Charco El Cigarrillo", "PROYECTO": null, "SYMBOL": "3", "FECHA": null, "RULEID": 1, "PK_CUE": 707879.0, "GLOBALID": "{1DD4C18B-58DC-43E6-A41F-35E6F23B5FF3}", "SHAPE_Leng": 1826.1273687227902, "SHAPE_Area": 201232.66591558565 }, "geometry": { "type": "Polygon", "coordinates": [ [ [ -75.675045595068696, 9.018159703952332 ], [ -75.673876985382307, 9.01800739544751 ], [ -75.673547913582283, 9.018008822892726 ], [ -75.673438220845355, 9.018009299260386 ], [ -75.67288977337131, 9.018011679585133 ], [ -75.673158252260961, 9.016701927344045 ], [ -75.673696235059836, 9.015575106897055 ], [ -75.673810402409785, 9.015335993827867 ], [ -75.674245329789755, 9.014461716703458 ], [ -75.674903462789047, 9.014458852221281 ], [ -75.676058794897074, 9.015271700686752 ], [ -75.67682758262157, 9.015486452010146 ], [ -75.677430872618999, 9.015483829146595 ], [ -75.67792543219926, 9.01569977466157 ], [ -75.678203262937913, 9.016516425227831 ], [ -75.678261464582306, 9.017279507811518 ], [ -75.678267473842496, 9.018642593312812 ], [ -75.677940082841417, 9.019025689224771 ], [ -75.677336783552107, 9.019028311951168 ], [ -75.67651291171461, 9.018759275053078 ], [ -75.675707509421869, 9.01849885415667 ], [ -75.675045595068696, 9.018159703952332 ] ] ] } },
{ "type": "Feature", "properties": { "OBJECTID": 8731.0, "NOMBRE_GEO": "Charco Largo", "PROYECTO": null, "SYMBOL": "3", "FECHA": null, "RULEID": 1, "PK_CUE": 707881.0, "GLOBALID": "{CAF793E8-5310-484C-A5C8-8CA1A6391CD6}", "SHAPE_Leng": 1535.9795368127006, "SHAPE_Area": 126744.69584049794 }, "geometry": { "type": "Polygon", "coordinates": [ [ [ -75.66354988055437, 9.043301456385352 ], [ -75.663915881615694, 9.043173112891123 ], [ -75.664281361269119, 9.043174533378258 ], [ -75.664646849898432, 9.043175951625635 ], [ -75.665116362852103, 9.043281575763613 ], [ -75.665272688157728, 9.0433600354084 ], [ -75.6654283120358, 9.043620150662345 ], [ -75.665374673740857, 9.043983268039938 ], [ -75.665190913691845, 9.044242072690247 ], [ -75.664955044199203, 9.04447472683715 ], [ -75.664667565042762, 9.044551469937458 ], [ -75.664406298935631, 9.044602359563884 ], [ -75.664118721186838, 9.044705045888236 ], [ -75.663961471430923, 9.044860149009061 ], [ -75.663908138184965, 9.045145408635241 ], [ -75.663907024333596, 9.045430876118008 ], [ -75.663984117781155, 9.045742590963229 ], [ -75.664061723271928, 9.045924554190751 ], [ -75.664217239074489, 9.046210631606538 ], [ -75.664215820283502, 9.046573946121557 ], [ -75.6641625855396, 9.046833254051725 ], [ -75.663926606739977, 9.047091860883404 ], [ -75.663586711847401, 9.047220293142978 ], [ -75.663299538306916, 9.047219178739129 ], [ -75.662856040434349, 9.04713960564068 ], [ -75.6626217951911, 9.04695703344774 ], [ -75.662492276095833, 9.046697016383517 ], [ -75.662258337152352, 9.046436593871043 ], [ -75.661763032948755, 9.046253004729101 ], [ -75.661372346832124, 9.046017924992849 ], [ -75.661190320706979, 9.045835557835703 ], [ -75.661061009020955, 9.045523636193773 ], [ -75.661035721106828, 9.045315928347641 ], [ -75.661036942946595, 9.045004509279769 ], [ -75.661090078128254, 9.044771153029238 ], [ -75.661195521924625, 9.044512043392412 ], [ -75.661326765558343, 9.044330897876392 ], [ -75.661588543558508, 9.044150246821649 ], [ -75.661850223876897, 9.043995557364465 ], [ -75.66216390640075, 9.043892968778916 ], [ -75.66281737665804, 9.043687893207206 ], [ -75.6631575784088, 9.043481595415804 ], [ -75.66354988055437, 9.043301456385352 ] ] ] } },
{ "type": "Feature", "properties": { "OBJECTID": 8732.0, "NOMBRE_GEO": null, "PROYECTO": null, "SYMBOL": "3", "FECHA": null, "RULEID": 1, "PK_CUE": 708020.0, "GLOBALID": "{DE8B7D6D-2E82-4EE2-8618-168ED6088CC7}", "SHAPE_Leng": 1757.6650644395097, "SHAPE_Area": 134590.55200302324 }, "geometry": { "type": "Polygon", "coordinates": [ [ [ -75.685400442681782, 9.104914203289081 ], [ -75.685798578332097, 9.104628739169792 ], [ -75.686411883812582, 9.104702828236773 ], [ -75.687026021081451, 9.104561680763418 ], [ -75.687459831732525, 9.10438397063737 ], [ -75.688651736240317, 9.10417327903018 ], [ -75.689626111669867, 9.104212866452951 ], [ -75.689876966389392, 9.10468017170923 ], [ -75.689475276942062, 9.104923749418363 ], [ -75.689346694370741, 9.105156663316301 ], [ -75.689333630339206, 9.105180325745875 ], [ -75.689283511015816, 9.105259350908856 ], [ -75.689152057139438, 9.105466619405723 ], [ -75.688933836219476, 9.105896264197906 ], [ -75.688715891441348, 9.10625416516573 ], [ -75.68867785938896, 9.106756242750306 ], [ -75.688676196688803, 9.107186713922973 ], [ -75.68867384206311, 9.107796549196127 ], [ -75.688816139220748, 9.10833518916462 ], [ -75.688813783570211, 9.108945023447683 ], [ -75.68863234611706, 9.109195441940944 ], [ -75.688344150878095, 9.10905085081148 ], [ -75.688278350390661, 9.108947204307455 ], [ -75.688093021125255, 9.108655287828 ], [ -75.687877568178024, 9.108367481405175 ], [ -75.687807043923243, 9.10793673415376 ], [ -75.687627824731337, 9.107613191997894 ], [ -75.687268554411204, 9.107181343410442 ], [ -75.686728124426452, 9.106928167888769 ], [ -75.686296252139201, 9.10660366125453 ], [ -75.68579149955427, 9.106458239368573 ], [ -75.685395723025763, 9.106133868960008 ], [ -75.685288831990405, 9.105774730062279 ], [ -75.68528588967601, 9.105764844851597 ], [ -75.685181941257838, 9.105415590161277 ], [ -75.685400442681782, 9.104914203289081 ] ] ] } },
{ "type": "Feature", "properties": { "OBJECTID": 8733.0, "NOMBRE_GEO": null, "PROYECTO": null, "SYMBOL": "3", "FECHA": null, "RULEID": 1, "PK_CUE": 708022.0, "GLOBALID": "{C1AC5839-E94A-4B19-A037-E0B4070C751F}", "SHAPE_Leng": 3464.1723213217037, "SHAPE_Area": 580583.05922135583 }, "geometry": { "type": "Polygon", "coordinates": [ [ [ -75.693858504591432, 9.103603860042131 ], [ -75.693851359363904, 9.103619095882953 ], [ -75.693849565799496, 9.104085439820876 ], [ -75.694505753940817, 9.104874435789299 ], [ -75.694710011856017, 9.105595383135432 ], [ -75.695031406034232, 9.106493434314793 ], [ -75.695027683077129, 9.107461995658035 ], [ -75.694844456983347, 9.108178764734324 ], [ -75.694840733933319, 9.10914732705783 ], [ -75.694873654679967, 9.109972537298686 ], [ -75.694869560135245, 9.110078776911772 ], [ -75.694689874614724, 9.110832794560288 ], [ -75.694723209755338, 9.111550385967558 ], [ -75.695032780593706, 9.112171655791078 ], [ -75.695009339912033, 9.112233063849992 ], [ -75.694575384302809, 9.112446654555395 ], [ -75.693926520052102, 9.112228949020638 ], [ -75.693312369360797, 9.11237010664416 ], [ -75.693021407232706, 9.112942970758183 ], [ -75.692296484360767, 9.113729421900588 ], [ -75.692184744801793, 9.114625825564337 ], [ -75.692146437651331, 9.11519965034568 ], [ -75.691820898032461, 9.115377776065788 ], [ -75.691532421069724, 9.115304931152179 ], [ -75.691209232902239, 9.114873221659529 ], [ -75.690346432175488, 9.113973105278138 ], [ -75.689914964939902, 9.113540981767578 ], [ -75.689700478040848, 9.113002068246249 ], [ -75.689703523811176, 9.112212869657016 ], [ -75.689669231109121, 9.111746388954257 ], [ -75.689610878360568, 9.11150059012914 ], [ -75.689348124779855, 9.11077658960984 ], [ -75.68934467500263, 9.110733434298071 ], [ -75.689313694203747, 9.110345980568583 ], [ -75.689280784960332, 9.109520774295531 ], [ -75.689283138624916, 9.108910940261278 ], [ -75.689249260668277, 9.10833683989601 ], [ -75.689208982840711, 9.107984941450882 ], [ -75.689208848596422, 9.107983773683529 ], [ -75.689179427589025, 9.107726731149061 ], [ -75.689564282051577, 9.106983305995849 ], [ -75.689724982623488, 9.106652616041684 ], [ -75.689943895226619, 9.106043606983818 ], [ -75.690523323644015, 9.105543590102169 ], [ -75.691391913208832, 9.104937053065134 ], [ -75.691788525048878, 9.105046181132831 ], [ -75.692221367406688, 9.105119573994559 ], [ -75.692546759128859, 9.104977318782048 ], [ -75.692548278179828, 9.104582719810242 ], [ -75.692115849585434, 9.104401708991992 ], [ -75.692117784198715, 9.103899492586732 ], [ -75.692625297396944, 9.103327450773591 ], [ -75.693275110911728, 9.103294048394254 ], [ -75.693858504591432, 9.103603860042131 ] ] ] } },
{ "type": "Feature", "properties": { "OBJECTID": 8734.0, "NOMBRE_GEO": null, "PROYECTO": null, "SYMBOL": "3", "FECHA": null, "RULEID": 1, "PK_CUE": 708024.0, "GLOBALID": "{DA8CFB45-B26B-44DB-A80B-074024AB8691}", "SHAPE_Leng": 3492.9481318180497, "SHAPE_Area": 378322.07732384879 }, "geometry": { "type": "Polygon", "coordinates": [ [ [ -75.74918190055169, 9.16255069183649 ], [ -75.749401431874645, 9.161762271897619 ], [ -75.749730193933885, 9.160723135243874 ], [ -75.750202020253241, 9.160043260932762 ], [ -75.750781744966233, 9.159471402856566 ], [ -75.751432202799094, 9.159294414760289 ], [ -75.752044699531837, 9.159619522590875 ], [ -75.752476832642714, 9.159908096358441 ], [ -75.753198028577401, 9.1601259782258 ], [ -75.754027924073625, 9.160236633695366 ], [ -75.754605122409188, 9.160346365299533 ], [ -75.754928428048885, 9.160778033614717 ], [ -75.754853440736682, 9.161531112672977 ], [ -75.754311279032677, 9.161708500774175 ], [ -75.753553182437614, 9.161705730017188 ], [ -75.752939217895133, 9.161775232356314 ], [ -75.752467127041072, 9.162526858409683 ], [ -75.752443297377809, 9.162526770343096 ], [ -75.752428898970507, 9.162560199976751 ], [ -75.752313640039006, 9.162654934193087 ], [ -75.751640788556983, 9.163252255221304 ], [ -75.750967934739379, 9.163849574736506 ], [ -75.750360410101422, 9.16491363103205 ], [ -75.750088691610728, 9.165845631600057 ], [ -75.750018659142754, 9.166645086807248 ], [ -75.749478932008273, 9.167509461769479 ], [ -75.749140145979936, 9.168441216183826 ], [ -75.749136675986364, 9.169374200284578 ], [ -75.749134693577076, 9.169907333651416 ], [ -75.748394262910352, 9.170637682980821 ], [ -75.747924070116454, 9.170835882929889 ], [ -75.747454620900299, 9.170834157256239 ], [ -75.747121535385574, 9.17023314910143 ], [ -75.747193314388326, 9.168967203289 ], [ -75.747399715967035, 9.16756846692088 ], [ -75.74747174032899, 9.166235879934966 ], [ -75.747475709026659, 9.165169611605847 ], [ -75.747948125232583, 9.164371636216151 ], [ -75.748756100028828, 9.163508249096351 ], [ -75.749500280344861, 9.162570475089836 ], [ -75.74918190055169, 9.16255069183649 ] ] ] } },
{ "type": "Feature", "properties": { "OBJECTID": 8735.0, "NOMBRE_GEO": null, "PROYECTO": null, "SYMBOL": "3", "FECHA": null, "RULEID": 1, "PK_CUE": 708026.0, "GLOBALID": "{DBA263A1-2618-4A53-AD11-5BC59BF8E506}", "SHAPE_Leng": 2134.9036727924799, "SHAPE_Area": 225616.10867088012 }, "geometry": { "type": "Polygon", "coordinates": [ [ [ -75.753582904990481, 9.16342778811862 ], [ -75.753981465700178, 9.163034631982047 ], [ -75.754450633863698, 9.163072221348449 ], [ -75.75484667293955, 9.163360660357096 ], [ -75.755061017053464, 9.163971299843377 ], [ -75.755095258704685, 9.164473661284843 ], [ -75.755129368057098, 9.165011895321177 ], [ -75.754874940921582, 9.165477327224906 ], [ -75.754621574251786, 9.165655770685289 ], [ -75.754439612297716, 9.166049719032763 ], [ -75.754437222273665, 9.166695441334452 ], [ -75.754221392682609, 9.167227158883527 ], [ -75.754085891661546, 9.167560980974825 ], [ -75.753769517942402, 9.167925040950786 ], [ -75.753097151831184, 9.168389080016569 ], [ -75.752559406062787, 9.168720324411968 ], [ -75.751818490075536, 9.169583965836964 ], [ -75.751347063190764, 9.170115379879366 ], [ -75.750205736321135, 9.170444407269677 ], [ -75.749805333248815, 9.169909795964305 ], [ -75.749942186367932, 9.169177229213467 ], [ -75.750347787186797, 9.168312362189209 ], [ -75.750821192439901, 9.167247815191228 ], [ -75.751362152333627, 9.166050228661515 ], [ -75.751428446973719, 9.165989506962349 ], [ -75.75202448333998, 9.165072284727433 ], [ -75.752387213912328, 9.16460725180532 ], [ -75.752785513384808, 9.164285845254664 ], [ -75.753256410156155, 9.163857080749972 ], [ -75.753582904990481, 9.16342778811862 ] ] ] } },
{ "type": "Feature", "properties": { "OBJECTID": 8736.0, "NOMBRE_GEO": "Charco Las Lomas", "PROYECTO": null, "SYMBOL": "3", "FECHA": null, "RULEID": 1, "PK_CUE": 708028.0, "GLOBALID": "{EDBBAE72-520F-44A9-83F7-1FADC1668C02}", "SHAPE_Leng": 4395.7651096573809, "SHAPE_Area": 386626.97163243347 }, "geometry": { "type": "Polygon", "coordinates": [ [ [ -75.657323920429889, 9.085542177049627 ], [ -75.657221390760611, 9.084986665923491 ], [ -75.657217908554614, 9.084967800826181 ], [ -75.656894930227452, 9.08450019931451 ], [ -75.65693186771837, 9.084285106172734 ], [ -75.657328723947941, 9.084322523242966 ], [ -75.65774310422492, 9.084419270394266 ], [ -75.65779747878409, 9.084431965076844 ], [ -75.658051242933865, 9.084145970417097 ], [ -75.658057203873184, 9.084078082992733 ], [ -75.658089027997406, 9.083715644981071 ], [ -75.658299925594207, 9.083611857075335 ], [ -75.658305994987856, 9.08360886964044 ], [ -75.658559476154181, 9.083394618693253 ], [ -75.658560323326924, 9.083179386392747 ], [ -75.65848693461767, 9.082994937034336 ], [ -75.658417371981372, 9.082820102948459 ], [ -75.658485389082671, 9.08264194339371 ], [ -75.658526773012767, 9.082533545662464 ], [ -75.658707507041115, 9.08246250290245 ], [ -75.659032463396329, 9.082427892649696 ], [ -75.659199498653592, 9.08220831908435 ], [ -75.659250134303292, 9.082141756735879 ], [ -75.659360097665868, 9.081711711028905 ], [ -75.65936136677729, 9.081388861409598 ], [ -75.65929017383769, 9.081137476093812 ], [ -75.659039091550326, 9.080741900375214 ], [ -75.659257185889118, 9.080348147262754 ], [ -75.659907093442598, 9.080278924820329 ], [ -75.66041066580388, 9.080711353185887 ], [ -75.66040812920572, 9.081357052812018 ], [ -75.659973775610965, 9.081678221286868 ], [ -75.659683360579095, 9.082107566454727 ], [ -75.659542096240514, 9.082523375548547 ], [ -75.65953730565856, 9.082537472977755 ], [ -75.659608218319249, 9.082860601831902 ], [ -75.659931904661747, 9.083148841068846 ], [ -75.660170180182988, 9.083292202613059 ], [ -75.660363300639602, 9.083580989090082 ], [ -75.660829800593092, 9.084264382701816 ], [ -75.661332113275165, 9.085019659582169 ], [ -75.661077223428208, 9.0855926350754 ], [ -75.660534873072322, 9.085841638564347 ], [ -75.659452429924883, 9.085765689290231 ], [ -75.659020327574211, 9.08551290097971 ], [ -75.658516044777173, 9.085259831708381 ], [ -75.658119046703689, 9.085258288171927 ], [ -75.6578655651047, 9.085472539237339 ], [ -75.657863869844689, 9.085903004936489 ], [ -75.658006256041531, 9.086405776911114 ], [ -75.658113116108666, 9.086764919145576 ], [ -75.658147230330357, 9.087267269568667 ], [ -75.658109019676161, 9.0878052116646 ], [ -75.657746273832629, 9.088270146238123 ], [ -75.657671830143656, 9.088843819365351 ], [ -75.657778548568189, 9.089238834371338 ], [ -75.65799354198009, 9.089634271278577 ], [ -75.658028088216085, 9.089660233579288 ], [ -75.658892997784832, 9.090355223823321 ], [ -75.659071901323628, 9.090750518687688 ], [ -75.658853800086192, 9.091144270667399 ], [ -75.658960661899656, 9.091503413746388 ], [ -75.659211889442858, 9.09186311807886 ], [ -75.659607766249863, 9.092151638615908 ], [ -75.659732355174725, 9.092401745814502 ], [ -75.659751001851177, 9.092439178169499 ], [ -75.659718689015904, 9.092521718063809 ], [ -75.659568709042318, 9.092904815048691 ], [ -75.659205394037855, 9.093513237578771 ], [ -75.658915529785872, 9.093799092015869 ], [ -75.658517815924142, 9.093976909235353 ], [ -75.657940632924621, 9.093902916835978 ], [ -75.657508240686312, 9.093721870414397 ], [ -75.657073903716693, 9.093720177549915 ], [ -75.657039050163007, 9.093720042043755 ], [ -75.656281976022782, 9.093501856029352 ], [ -75.656169800691018, 9.093299302235296 ], [ -75.656102791806646, 9.093178304161297 ], [ -75.655707484114004, 9.092746290556981 ], [ -75.655529009084503, 9.092243378275104 ], [ -75.655820429568138, 9.091562932704052 ], [ -75.655894452369964, 9.091096876715964 ], [ -75.656004566240455, 9.090630960993137 ], [ -75.655789574685159, 9.090235524276979 ], [ -75.655411065394077, 9.089848392170479 ], [ -75.655322654216462, 9.089659740679068 ], [ -75.655252454447563, 9.089157250425565 ], [ -75.655291375141431, 9.0884399493017 ], [ -75.65554698401958, 9.087687619350818 ], [ -75.656054521340863, 9.087115632650274 ], [ -75.656923246852983, 9.086473307297711 ], [ -75.657321943272407, 9.086044386781087 ], [ -75.657323920429889, 9.085542177049627 ] ] ] } },
{ "type": "Feature", "properties": { "OBJECTID": 8737.0, "NOMBRE_GEO": "Charco Miel", "PROYECTO": null, "SYMBOL": "3", "FECHA": null, "RULEID": 1, "PK_CUE": 708030.0, "GLOBALID": "{0423F3DC-5039-48D5-910D-F7DC376F5832}", "SHAPE_Leng": 8460.4211928826189, "SHAPE_Area": 1791394.4573021412 }, "geometry": { "type": "Polygon", "coordinates": [ [ [ -75.664120477858262, 9.174281806821368 ], [ -75.66376246297726, 9.173527080633059 ], [ -75.663368492435509, 9.172736343041521 ], [ -75.663141012167571, 9.172580547619745 ], [ -75.662425747885777, 9.172090680761414 ], [ -75.662144659172966, 9.171834739776397 ], [ -75.661641541697975, 9.171258807887389 ], [ -75.661463320092849, 9.170684149435356 ], [ -75.661465737056247, 9.170074324172045 ], [ -75.661831422109145, 9.168891959289626 ], [ -75.661004553750544, 9.16802778009705 ], [ -75.660247326160757, 9.167809578860238 ], [ -75.659381801815925, 9.167590951879715 ], [ -75.658264726802599, 9.167084355562521 ], [ -75.657220139311164, 9.166506297024656 ], [ -75.656210653570326, 9.166179480063425 ], [ -75.65484046794451, 9.165779498048472 ], [ -75.653577153642274, 9.165738657816451 ], [ -75.652783553180257, 9.165592043768095 ], [ -75.652172019691903, 9.16505154931753 ], [ -75.651490010378254, 9.164080305028708 ], [ -75.651204370975549, 9.163289985165363 ], [ -75.651242615886375, 9.162752049230518 ], [ -75.651461066950191, 9.162286567696141 ], [ -75.65182405254852, 9.161785782237743 ], [ -75.652364957242682, 9.161931402206889 ], [ -75.652870190971342, 9.161969263274713 ], [ -75.653232174883982, 9.161719579749242 ], [ -75.653558774721631, 9.161290395158133 ], [ -75.654209687383201, 9.161005972822439 ], [ -75.654857743793045, 9.161438991231224 ], [ -75.65561355631236, 9.162193487036586 ], [ -75.656439275447028, 9.162531160362278 ], [ -75.657893440837981, 9.16407370179815 ], [ -75.659122013316789, 9.164953421953991 ], [ -75.661128938584028, 9.165608455914743 ], [ -75.662576260223204, 9.165602122941124 ], [ -75.663244256033153, 9.165599193754931 ], [ -75.664113053061442, 9.164790402048586 ], [ -75.664063676791528, 9.16457390602781 ], [ -75.663716135829489, 9.163993146570816 ], [ -75.663387011697367, 9.163745838619844 ], [ -75.661786632302551, 9.163282241072366 ], [ -75.659779714831984, 9.162627208269784 ], [ -75.65932215837681, 9.159863325057483 ], [ -75.660765050123487, 9.158861299639486 ], [ -75.662657664968123, 9.158853017356332 ], [ -75.663113452428263, 9.159279520590109 ], [ -75.663498497723808, 9.160052365092891 ], [ -75.663611212955729, 9.161037787987997 ], [ -75.664074445148103, 9.161850759347933 ], [ -75.665062884126797, 9.162549899426619 ], [ -75.665993706811079, 9.163074992387182 ], [ -75.666137471148502, 9.163171044603763 ], [ -75.666311348218883, 9.163287215888674 ], [ -75.667375560426521, 9.163604451279264 ], [ -75.668384204779414, 9.164146470659908 ], [ -75.668848966028136, 9.16529620656938 ], [ -75.669349687447394, 9.166481956411294 ], [ -75.670104660337856, 9.167274092890652 ], [ -75.67154467519866, 9.168284129027095 ], [ -75.672949022078569, 9.169186403010288 ], [ -75.672909679378449, 9.170011323839971 ], [ -75.672184019380524, 9.170941198291887 ], [ -75.671819070251431, 9.171944217334016 ], [ -75.671994202321798, 9.173308062766894 ], [ -75.671304915865548, 9.174166328581318 ], [ -75.670257170098338, 9.174377488250972 ], [ -75.669752053533983, 9.174303776628351 ], [ -75.668706573122051, 9.173940977403223 ], [ -75.667984434752029, 9.17397403638811 ], [ -75.667043147444232, 9.174651945976363 ], [ -75.666643354143375, 9.175331967013225 ], [ -75.665991001948811, 9.175975129238777 ], [ -75.665269853598247, 9.175757076567573 ], [ -75.664550695230815, 9.175036814239753 ], [ -75.664120477858262, 9.174281806821368 ] ] ] } },
{ "type": "Feature", "properties": { "OBJECTID": 8738.0, "NOMBRE_GEO": null, "PROYECTO": "HERNANDEZN", "SYMBOL": "3", "FECHA": null, "RULEID": 1, "PK_CUE": 708032.0, "GLOBALID": "{1258033F-0135-4FD4-8673-F42ED916C339}", "SHAPE_Leng": 887.71016291513934, "SHAPE_Area": 41951.115952817694 }, "geometry": { "type": "Polygon", "coordinates": [ [ [ -75.620859909274287, 8.961614906601637 ], [ -75.621032528566275, 8.961596528156962 ], [ -75.621212237058231, 8.961597237236255 ], [ -75.621302364807136, 8.961530582412646 ], [ -75.621459964725872, 8.961441865120124 ], [ -75.621685236217161, 8.96128640175181 ], [ -75.621708412328218, 8.961107808095752 ], [ -75.621664286907404, 8.960906611658487 ], [ -75.621665095116256, 8.960705587419628 ], [ -75.621733466038137, 8.960460158568775 ], [ -75.621868967806222, 8.960282005008009 ], [ -75.622071322840029, 8.960238139611139 ], [ -75.622205747003349, 8.960328016702288 ], [ -75.622294707208212, 8.960551723755348 ], [ -75.62233883194601, 8.960752920039889 ], [ -75.622382687542697, 8.961021130069895 ], [ -75.622449369955959, 8.961200083322685 ], [ -75.622537969919023, 8.961513137072091 ], [ -75.622537080748245, 8.961736494207637 ], [ -75.622536183433994, 8.961959851399149 ], [ -75.622467901887234, 8.962182939079295 ], [ -75.622421989311249, 8.96242845725755 ], [ -75.622331151081539, 8.962673796091991 ], [ -75.622195738733922, 8.962829608753662 ], [ -75.621813237374226, 8.962984452347959 ], [ -75.62149845817305, 8.963050207666544 ], [ -75.621184496988391, 8.962914949231475 ], [ -75.621094989415553, 8.96282526058145 ], [ -75.620847988333608, 8.962801940566175 ], [ -75.620758318434952, 8.962756917031303 ], [ -75.620743198812235, 8.9627501622259 ], [ -75.620556494407936, 8.962666770751794 ], [ -75.620422329869498, 8.962509881209289 ], [ -75.62042304869135, 8.962331197156987 ], [ -75.620423766628733, 8.9621525131098 ], [ -75.620537162115667, 8.961884932410836 ], [ -75.620695121798434, 8.961706868367806 ], [ -75.620830264213652, 8.961618060092674 ], [ -75.620859909274287, 8.961614906601637 ] ] ] } },
{ "type": "Feature", "properties": { "OBJECTID": 8739.0, "NOMBRE_GEO": null, "PROYECTO": "HERNANDEZN", "SYMBOL": "3", "FECHA": null, "RULEID": 1, "PK_CUE": 708034.0, "GLOBALID": "{E0EDAC6F-2D44-4585-9CFB-0EF00D917C1C}", "SHAPE_Leng": 1591.6643808601978, "SHAPE_Area": 85880.490689226965 }, "geometry": { "type": "Polygon", "coordinates": [ [ [ -75.589536426867355, 8.975148539307563 ], [ -75.589219376137123, 8.975084165664851 ], [ -75.588838103875119, 8.97520880676317 ], [ -75.588615600195482, 8.975302545943164 ], [ -75.588456687730925, 8.975364996828693 ], [ -75.588203354327504, 8.97523777770213 ], [ -75.58810882456325, 8.975079655840915 ], [ -75.588109470549185, 8.974921911664911 ], [ -75.588110370117192, 8.974701079071396 ], [ -75.588206210912503, 8.974543729670655 ], [ -75.588397624221543, 8.974292121174784 ], [ -75.588493464750286, 8.974134762722219 ], [ -75.588620774233107, 8.974040638153081 ], [ -75.588875132220124, 8.973915474658565 ], [ -75.589034170246663, 8.973821476439163 ], [ -75.589320643429986, 8.973601792552122 ], [ -75.589416484375008, 8.973444443955175 ], [ -75.589417382422567, 8.973223601630377 ], [ -75.589418415890421, 8.972971220035426 ], [ -75.589451050901118, 8.972750513111752 ], [ -75.589547017881131, 8.972561615408379 ], [ -75.589801627812761, 8.972373356074247 ], [ -75.589960539632472, 8.972310905027181 ], [ -75.5901826479937, 8.972311803185212 ], [ -75.590500472070943, 8.972186882675903 ], [ -75.590659635960051, 8.972061343993134 ], [ -75.590787456802417, 8.971841023410924 ], [ -75.591042200656432, 8.971621214362845 ], [ -75.591296819912671, 8.97143295431518 ], [ -75.591487064720098, 8.971465266562907 ], [ -75.59164520377989, 8.971592099722061 ], [ -75.591643911293616, 8.971907579151807 ], [ -75.591547556537776, 8.972191122612321 ], [ -75.591451851159647, 8.972316932205874 ], [ -75.591292686652011, 8.972442472093761 ], [ -75.591165251702151, 8.972568164431397 ], [ -75.591005694147924, 8.972788349876442 ], [ -75.590973317825899, 8.972945969260818 ], [ -75.590972160252988, 8.973229898755712 ], [ -75.5910344582541, 8.973514080799276 ], [ -75.591192723389369, 8.973609356700079 ], [ -75.591446173876619, 8.973705035614472 ], [ -75.591730975064763, 8.973895478750382 ], [ -75.591729808296904, 8.974179409042719 ], [ -75.591570384070963, 8.974368055616399 ], [ -75.591347503103009, 8.974556449736575 ], [ -75.591125259282677, 8.97458709188613 ], [ -75.590839820046682, 8.974554393055495 ], [ -75.590713543570544, 8.974396145987903 ], [ -75.590523550149655, 8.97430072737866 ], [ -75.590301307234739, 8.974331377136496 ], [ -75.590236817040051, 8.974583498700921 ], [ -75.590267772796494, 8.974772917160601 ], [ -75.590330322235928, 8.974994011086791 ], [ -75.590360631280319, 8.975341165291315 ], [ -75.590232810417817, 8.975561485197742 ], [ -75.590042170372712, 8.975623811331703 ], [ -75.58975737718329, 8.975433367879544 ], [ -75.58966269413942, 8.975306776963793 ], [ -75.589536426867355, 8.975148539307563 ] ] ] } },
{ "type": "Feature", "properties": { "OBJECTID": 8740.0, "NOMBRE_GEO": null, "PROYECTO": "HERNANDEZN", "SYMBOL": "3", "FECHA": null, "RULEID": 1, "PK_CUE": 708036.0, "GLOBALID": "{C03353C9-3574-4668-8F3D-9599A970EC88}", "SHAPE_Leng": 678.15660199589217, "SHAPE_Area": 20149.952862598693 }, "geometry": { "type": "Polygon", "coordinates": [ [ [ -75.980665075097676, 9.225440367879301 ], [ -75.98068677792682, 9.225303078079014 ], [ -75.980814510408166, 9.225261207970856 ], [ -75.98095271586466, 9.225272202715523 ], [ -75.981080196212659, 9.225314854994199 ], [ -75.981228938986405, 9.225357570313859 ], [ -75.981388354297863, 9.225389756686443 ], [ -75.981548028841999, 9.225337421389407 ], [ -75.98160153300833, 9.22523193163933 ], [ -75.981718970313651, 9.225084374250287 ], [ -75.981814999155432, 9.224979010639803 ], [ -75.981953250162533, 9.224979433279382 ], [ -75.982102127816404, 9.224979890591571 ], [ -75.98220827317688, 9.225043609180696 ], [ -75.98233554598275, 9.225149654735176 ], [ -75.982462927168527, 9.225224008736008 ], [ -75.982622244079593, 9.225287887747601 ], [ -75.982771120797423, 9.225288336615849 ], [ -75.982994245045859, 9.225352423251854 ], [ -75.983046985177808, 9.225489937235437 ], [ -75.982993526359266, 9.225584861674273 ], [ -75.982865614537985, 9.225679561869249 ], [ -75.982652508067929, 9.225816267756 ], [ -75.982407825411869, 9.225847205730954 ], [ -75.982237513376106, 9.22589951495214 ], [ -75.982035068866182, 9.226025682736541 ], [ -75.981917569030315, 9.226194369068878 ], [ -75.981842739031507, 9.226320922827979 ], [ -75.981725500020588, 9.226405095700093 ], [ -75.981566049331221, 9.226383473157366 ], [ -75.98144940274706, 9.2262774540038 ], [ -75.981354056398985, 9.226160942446361 ], [ -75.981280016581323, 9.226033930320355 ], [ -75.981248504352877, 9.22590703436923 ], [ -75.981206363858533, 9.225780128979466 ], [ -75.981079055144107, 9.225684647432908 ], [ -75.980983473784462, 9.225642093875942 ], [ -75.98079218684947, 9.22559924427822 ], [ -75.980717877884189, 9.225556744629838 ], [ -75.980686014676778, 9.225546091420021 ], [ -75.980665075097676, 9.225440367879301 ] ] ] } },
{ "type": "Feature", "properties": { "OBJECTID": 8741.0, "NOMBRE_GEO": "Charco Bonito", "PROYECTO": null, "SYMBOL": "3", "FECHA": null, "RULEID": 1, "PK_CUE": 708038.0, "GLOBALID": "{33697E78-B02C-407E-A490-2192ECC08BAF}", "SHAPE_Leng": 3537.6508446990151, "SHAPE_Area": 499117.57407229295 }, "geometry": { "type": "Polygon", "coordinates": [ [ [ -75.895981477050526, 9.179281542354362 ], [ -75.895974336138423, 9.177879398039513 ], [ -75.896336859980366, 9.178034833199755 ], [ -75.897119399797376, 9.178194428280026 ], [ -75.897696028928522, 9.178314173014918 ], [ -75.898231308071232, 9.178393243288822 ], [ -75.898269738401467, 9.177861556847928 ], [ -75.898554603069599, 9.17724686672328 ], [ -75.898212327266634, 9.174672905598934 ], [ -75.899160687230975, 9.175076967974983 ], [ -75.899658155855292, 9.175810370663008 ], [ -75.899866367600211, 9.17629992567641 ], [ -75.900196139215183, 9.176420920170637 ], [ -75.900853580318326, 9.176254067287891 ], [ -75.901470928969729, 9.176291831711721 ], [ -75.902174112857125, 9.177024191960125 ], [ -75.902179762633608, 9.178128023585925 ], [ -75.901606475874402, 9.178662413776411 ], [ -75.900786753956169, 9.179279808288346 ], [ -75.900668554183099, 9.180302494674891 ], [ -75.901292173880861, 9.181566748433125 ], [ -75.901747260005436, 9.182055054020493 ], [ -75.901503745105899, 9.182710428775641 ], [ -75.900598800203227, 9.18275587460437 ], [ -75.90014664179904, 9.182839930651912 ], [ -75.89978241060372, 9.184027395686655 ], [ -75.899579409609586, 9.184559916664444 ], [ -75.898552285401877, 9.184851276278057 ], [ -75.897604723691884, 9.184610752059303 ], [ -75.896945594046471, 9.184450537922475 ], [ -75.895996370640944, 9.183882945823333 ], [ -75.895498066917369, 9.182986005636037 ], [ -75.894793212573944, 9.181926576767578 ], [ -75.894696150043401, 9.18174468722713 ], [ -75.895087510307405, 9.181742718726488 ], [ -75.895580289684773, 9.181412678303847 ], [ -75.895824172587353, 9.180756341772438 ], [ -75.895986067961829, 9.180182301132978 ], [ -75.895981477050526, 9.179281542354362 ] ] ] } },
{ "type": "Feature", "properties": { "OBJECTID": 8742.0, "NOMBRE_GEO": null, "PROYECTO": "HERNANDEZN", "SYMBOL": "3", "FECHA": null, "RULEID": 1, "PK_CUE": 708040.0, "GLOBALID": "{646B75F8-38A9-459E-8547-9AB7F833A865}", "SHAPE_Leng": 722.52782240905026, "SHAPE_Area": 35192.91640877226 }, "geometry": { "type": "Polygon", "coordinates": [ [ [ -75.894704280020093, 9.233610544626162 ], [ -75.894562849275204, 9.233509467060879 ], [ -75.894421013627749, 9.233529122002162 ], [ -75.894177704540795, 9.23360879358408 ], [ -75.893914553079341, 9.233567686803738 ], [ -75.893813698840233, 9.233446620612908 ], [ -75.893732957682346, 9.233365861667259 ], [ -75.89359159036843, 9.233244661826939 ], [ -75.893490664998282, 9.233143718228609 ], [ -75.893491140829937, 9.233002870936005 ], [ -75.893511928203594, 9.232841964657618 ], [ -75.893674630585082, 9.232641281070361 ], [ -75.89373585968103, 9.232500632033533 ], [ -75.89381774971551, 9.232239321202517 ], [ -75.893980309040984, 9.232078882184494 ], [ -75.894122619923252, 9.231918380363235 ], [ -75.894285053596533, 9.231798184814956 ], [ -75.894467797727756, 9.231657940171321 ], [ -75.894731147959916, 9.231638688833428 ], [ -75.894893168066332, 9.231639228436713 ], [ -75.895156257567493, 9.231700458442559 ], [ -75.895297689345114, 9.231801535937452 ], [ -75.895358244096812, 9.231862100152645 ], [ -75.895377881086247, 9.2320432643468 ], [ -75.89537762062794, 9.232123753204379 ], [ -75.89537708153631, 9.232284731065366 ], [ -75.895376606368302, 9.232425578135208 ], [ -75.895437026058914, 9.232526386764718 ], [ -75.895537888545434, 9.232647453252202 ], [ -75.895537619979464, 9.232727942162541 ], [ -75.895516957820107, 9.232848602996594 ], [ -75.89543567942286, 9.232928823246686 ], [ -75.895354399154769, 9.233009041696604 ], [ -75.895232614820316, 9.233089126685316 ], [ -75.895090572903484, 9.23316913998883 ], [ -75.895029272299851, 9.233329920887941 ], [ -75.895008610896213, 9.233450581745696 ], [ -75.894967638897015, 9.233591294424031 ], [ -75.894805475385908, 9.233630999672922 ], [ -75.894704280020093, 9.233610544626162 ] ] ] } },
{ "type": "Feature", "properties": { "OBJECTID": 8743.0, "NOMBRE_GEO": "Pozo Resquiñal", "PROYECTO": null, "SYMBOL": "3", "FECHA": null, "RULEID": 1, "PK_CUE": 708042.0, "GLOBALID": "{BB8AAFD4-F90A-4D80-B0AF-6C643FD1C6EE}", "SHAPE_Leng": 724.89427340766633, "SHAPE_Area": 37632.051029066468 }, "geometry": { "type": "Polygon", "coordinates": [ [ [ -75.887234176865306, 9.050743170863196 ], [ -75.886592779758416, 9.050666688833092 ], [ -75.886432529788436, 9.050667478765428 ], [ -75.886025144124858, 9.049315452339602 ], [ -75.886663351827451, 9.04875475912584 ], [ -75.887464595209721, 9.048750806885565 ], [ -75.887626435801195, 9.049068603682311 ], [ -75.888030649834036, 9.0497834466008 ], [ -75.888033435029513, 9.050340977774148 ], [ -75.887794654171756, 9.050660751259912 ], [ -75.887234176865306, 9.050743170863196 ] ] ] } },
{ "type": "Feature", "properties": { "OBJECTID": 8744.0, "NOMBRE_GEO": "Charco de La Peña", "PROYECTO": null, "SYMBOL": "3", "FECHA": null, "RULEID": 1, "PK_CUE": 708044.0, "GLOBALID": "{0E03AA0E-5433-4367-A6E1-6F2701FFA7E3}", "SHAPE_Leng": 1814.8412282128572, "SHAPE_Area": 134862.78591936649 }, "geometry": { "type": "Polygon", "coordinates": [ [ [ -75.88793580566518, 9.240835631985407 ], [ -75.887561962661209, 9.240652276743955 ], [ -75.887065393416052, 9.240778274959037 ], [ -75.88644831294036, 9.241645849677354 ], [ -75.88607667077855, 9.24189470996806 ], [ -75.885207209962005, 9.242022585051147 ], [ -75.884085986348211, 9.241534251884307 ], [ -75.883834556765578, 9.240979784950868 ], [ -75.884015656652082, 9.23992916943339 ], [ -75.885629346085295, 9.239488815223371 ], [ -75.886312981857259, 9.239485375396896 ], [ -75.887680263000433, 9.239478483621534 ], [ -75.88917532041684, 9.240150163677466 ], [ -75.889737817945019, 9.240764799860225 ], [ -75.889929958166206, 9.241875279920349 ], [ -75.889621099578676, 9.242247317146495 ], [ -75.88850114286339, 9.242005984059823 ], [ -75.88793580566518, 9.240835631985407 ] ] ] } },
{ "type": "Feature", "properties": { "OBJECTID": 8745.0, "NOMBRE_GEO": null, "PROYECTO": "HERNANDEZN", "SYMBOL": "3", "FECHA": null, "RULEID": 1, "PK_CUE": 708046.0, "GLOBALID": "{A7FBAD4D-E1E7-4284-9108-B1ABBA096E7E}", "SHAPE_Leng": 1707.4860625894642, "SHAPE_Area": 130714.41823548407 }, "geometry": { "type": "Polygon", "coordinates": [ [ [ -75.885727990420847, 9.291751298219129 ], [ -75.88549425715766, 9.291198870033003 ], [ -75.88484827020028, 9.290390171243738 ], [ -75.884798117321537, 9.29019776062775 ], [ -75.884820736178142, 9.290081365735578 ], [ -75.884918436915214, 9.289908817051641 ], [ -75.885051109014896, 9.289773988955744 ], [ -75.885584709077719, 9.289660576851757 ], [ -75.885860841613336, 9.289665229654808 ], [ -75.886123060203161, 9.289552131573995 ], [ -75.886619316130862, 9.289423251188859 ], [ -75.887091874991356, 9.289192914068822 ], [ -75.887360479967342, 9.289098869148571 ], [ -75.887763203662132, 9.28881516427372 ], [ -75.88827457876944, 9.288626320020834 ], [ -75.888559317839352, 9.288286236304076 ], [ -75.888723475807708, 9.288208791776219 ], [ -75.888905106208099, 9.288181491905815 ], [ -75.88908296385523, 9.288241759701414 ], [ -75.88942075664734, 9.288506663687134 ], [ -75.889521692020537, 9.288641115151467 ], [ -75.889596440775961, 9.288837010880076 ], [ -75.88963428662278, 9.289014840870291 ], [ -75.889644115183174, 9.289341944619048 ], [ -75.88972323759306, 9.289632216914308 ], [ -75.889720596546482, 9.290078410439698 ], [ -75.889661631617514, 9.290220262735851 ], [ -75.889499405400926, 9.290322194982281 ], [ -75.889169084771453, 9.290276524698978 ], [ -75.889079361940048, 9.29029690761911 ], [ -75.889028643053578, 9.290350007260589 ], [ -75.88897799553709, 9.290565225377726 ], [ -75.889112312055602, 9.290962317437275 ], [ -75.889061791286338, 9.291123654228725 ], [ -75.888955789153854, 9.29111819219151 ], [ -75.888891235939568, 9.290988070814329 ], [ -75.888884031706112, 9.29070847976311 ], [ -75.888825712624552, 9.290615414443677 ], [ -75.888734642224051, 9.290575888055679 ], [ -75.888521795223724, 9.29059385463051 ], [ -75.888424606600353, 9.290622582598091 ], [ -75.888336751081496, 9.290689858103978 ], [ -75.888306827866231, 9.290752119838682 ], [ -75.888314014536235, 9.290852326607967 ], [ -75.888453847292951, 9.291149641872007 ], [ -75.888480410005073, 9.291351566324542 ], [ -75.888439275622844, 9.291554315158821 ], [ -75.888299462307373, 9.291680986935823 ], [ -75.888089562058042, 9.291710793266175 ], [ -75.887465862302776, 9.291647667919552 ], [ -75.887165257893002, 9.291654378938132 ], [ -75.886957378615477, 9.291706454113463 ], [ -75.886398070158805, 9.291932766944065 ], [ -75.886085978002939, 9.291979668117888 ], [ -75.885963043051802, 9.291943348574927 ], [ -75.885727990420847, 9.291751298219129 ] ] ] } },
{ "type": "Feature", "properties": { "OBJECTID": 8746.0, "NOMBRE_GEO": null, "PROYECTO": "HERNANDEZN", "SYMBOL": "3", "FECHA": null, "RULEID": 1, "PK_CUE": 708048.0, "GLOBALID": "{5B53439B-D15A-4002-BD6D-45539D9A6689}", "SHAPE_Leng": 615.00503541441788, "SHAPE_Area": 20642.435704278614 }, "geometry": { "type": "Polygon", "coordinates": [ [ [ -75.862622557340728, 9.188318404909104 ], [ -75.862756396859368, 9.188107210740538 ], [ -75.86275730523478, 9.187842657214061 ], [ -75.862758391616325, 9.187525202045927 ], [ -75.862945852433583, 9.187208365904375 ], [ -75.863371922776494, 9.187183356782507 ], [ -75.863691138535245, 9.18726380076478 ], [ -75.863983460372168, 9.187423520735923 ], [ -75.864169473945111, 9.187529972115959 ], [ -75.864328304971295, 9.187795064870237 ], [ -75.864167291211231, 9.188164900768472 ], [ -75.863847804818562, 9.188163814417381 ], [ -75.863608278871794, 9.188136549571865 ], [ -75.863368023724945, 9.188320929095701 ], [ -75.863234183616143, 9.188532114373206 ], [ -75.862993839556353, 9.188742949112093 ], [ -75.862674076030345, 9.188821227968189 ], [ -75.862514785663933, 9.188688411995177 ], [ -75.862542139678681, 9.188476858837655 ], [ -75.862622557340728, 9.188318404909104 ] ] ] } },
{ "type": "Feature", "properties": { "OBJECTID": 8747.0, "NOMBRE_GEO": null, "PROYECTO": "HERNANDEZN", "SYMBOL": "3", "FECHA": null, "RULEID": 1, "PK_CUE": 708050.0, "GLOBALID": "{AF6CD786-C9F1-4CC2-967D-0AD96488E659}", "SHAPE_Leng": 1128.5389007079332, "SHAPE_Area": 61541.553648537229 }, "geometry": { "type": "Polygon", "coordinates": [ [ [ -75.863640599825132, 9.225123415107401 ], [ -75.863869060259759, 9.224865786849625 ], [ -75.86409706971105, 9.224737363899036 ], [ -75.864389427352847, 9.224802949608762 ], [ -75.864649281571161, 9.224868437112974 ], [ -75.86494208789469, 9.224804827906208 ], [ -75.865039842839479, 9.224740561774672 ], [ -75.865138253222085, 9.224482493798153 ], [ -75.865300695968685, 9.22451534640812 ], [ -75.865592719824477, 9.224677833405515 ], [ -75.865754489343956, 9.224904486736408 ], [ -75.865656186017659, 9.225130251042472 ], [ -75.865558216081354, 9.225259114885114 ], [ -75.865395001179124, 9.225452369007472 ], [ -75.865198503164379, 9.225871594787607 ], [ -75.865067466132174, 9.226161858943586 ], [ -75.864969495754977, 9.226290721866903 ], [ -75.864740487911035, 9.226709848955933 ], [ -75.864674794137102, 9.226903427314012 ], [ -75.864479078804678, 9.227096556359617 ], [ -75.864218558165192, 9.22722487125526 ], [ -75.863957920615945, 9.227385489874658 ], [ -75.86382766463781, 9.227449648077272 ], [ -75.863696950749087, 9.227643000841763 ], [ -75.863631051060622, 9.227901176789116 ], [ -75.863467835808947, 9.228094421646508 ], [ -75.863110333289114, 9.228060906059671 ], [ -75.863013144685652, 9.227963681682285 ], [ -75.862916503642907, 9.227704948974866 ], [ -75.862917061250769, 9.227543449644184 ], [ -75.863016369773376, 9.227026989683962 ], [ -75.863049436738265, 9.226865608227081 ], [ -75.863115229171015, 9.226639727074359 ], [ -75.863311178825057, 9.226381990868424 ], [ -75.863409373545267, 9.226188529578518 ], [ -75.863410478747539, 9.225865531108218 ], [ -75.863411484550696, 9.225574837273562 ], [ -75.863477169966899, 9.225381259072135 ], [ -75.863640599825132, 9.225123415107401 ] ] ] } },
{ "type": "Feature", "properties": { "OBJECTID": 8748.0, "NOMBRE_GEO": "Pozo El Guamito", "PROYECTO": null, "SYMBOL": "3", "FECHA": null, "RULEID": 1, "PK_CUE": 708052.0, "GLOBALID": "{199005EF-0C4E-4252-8918-281074A8004D}", "SHAPE_Leng": 1086.5604661615503, "SHAPE_Area": 68765.964537686465 }, "geometry": { "type": "Polygon", "coordinates": [ [ [ -75.827951844708835, 9.192361714920253 ], [ -75.827798466093242, 9.192303953952147 ], [ -75.827683544741404, 9.192227246712239 ], [ -75.8276840838829, 9.192074640645307 ], [ -75.82772321480941, 9.191864937556387 ], [ -75.827666369357019, 9.191654903251091 ], [ -75.827532790063827, 9.191425517962871 ], [ -75.82757192029193, 9.191215823923104 ], [ -75.827764509787997, 9.191044802938563 ], [ -75.827937759018255, 9.190911879044595 ], [ -75.828034427101983, 9.190721455061469 ], [ -75.828035505420232, 9.190416233957702 ], [ -75.828113163766687, 9.190168514749194 ], [ -75.828305888950823, 9.189959351013812 ], [ -75.828517532130192, 9.18982655263483 ], [ -75.828863302030953, 9.189770524867876 ], [ -75.829151473375617, 9.189714298670189 ], [ -75.829401106369048, 9.189696091331315 ], [ -75.829766001779234, 9.189659206355136 ], [ -75.8299007944089, 9.189545219176457 ], [ -75.830188829882815, 9.189527143925073 ], [ -75.830380538835399, 9.189604121111158 ], [ -75.830437599739014, 9.189756924776715 ], [ -75.830417791980281, 9.189928538728774 ], [ -75.830340528404022, 9.190061803941584 ], [ -75.830263272965809, 9.190195069090144 ], [ -75.830301064543264, 9.190366890016811 ], [ -75.830415978212713, 9.190443597400197 ], [ -75.830549898211089, 9.190577588914605 ], [ -75.830626146870046, 9.190730465150539 ], [ -75.830644607958121, 9.19094036501621 ], [ -75.830624737399347, 9.191131058818764 ], [ -75.830470549972759, 9.191302215233263 ], [ -75.830182316649484, 9.191377511813272 ], [ -75.829893939774465, 9.191490968979467 ], [ -75.829682358684636, 9.191604686625791 ], [ -75.829374857033969, 9.19169900083344 ], [ -75.829163339649213, 9.191793648313025 ], [ -75.829028278131915, 9.191983938016644 ], [ -75.828797303217343, 9.192154824173906 ], [ -75.828527924826602, 9.192325566761385 ], [ -75.828431931049423, 9.192325235027987 ], [ -75.828239881182753, 9.192343641432036 ], [ -75.827951844708835, 9.192361714920253 ] ] ] } },
{ "type": "Feature", "properties": { "OBJECTID": 8749.0, "NOMBRE_GEO": "Pozo El Hielo", "PROYECTO": null, "SYMBOL": "3", "FECHA": null, "RULEID": 1, "PK_CUE": 708054.0, "GLOBALID": "{85B6D65F-5B26-43FF-83EF-5339162C95DB}", "SHAPE_Leng": 853.19168999872352, "SHAPE_Area": 40664.280502146859 }, "geometry": { "type": "Polygon", "coordinates": [ [ [ -75.821100835410277, 9.182103931571412 ], [ -75.821672604412313, 9.182044329046244 ], [ -75.821677329044476, 9.183010646360698 ], [ -75.821051139975552, 9.18363894607846 ], [ -75.820538795189279, 9.184153006576777 ], [ -75.820254442171318, 9.184495445063547 ], [ -75.82002618020374, 9.184610230658988 ], [ -75.819854566406519, 9.184611058026199 ], [ -75.819567706682605, 9.184441913842704 ], [ -75.819222808199882, 9.184102512654787 ], [ -75.8191642203562, 9.183818581892437 ], [ -75.819391645533756, 9.183533267903146 ], [ -75.819790138907436, 9.183133437433161 ], [ -75.820075327045203, 9.182961534734348 ], [ -75.820758721081475, 9.182332956815939 ], [ -75.821100835410277, 9.182103931571412 ] ] ] } },
{ "type": "Feature", "properties": { "OBJECTID": 8750.0, "NOMBRE_GEO": "Pozo de La Orilla", "PROYECTO": null, "SYMBOL": "3", "FECHA": null, "RULEID": 1, "PK_CUE": 708056.0, "GLOBALID": "{B522E11B-1792-4A45-9DF1-B1691BF15BDF}", "SHAPE_Leng": 1577.7938303398053, "SHAPE_Area": 151586.05571260955 }, "geometry": { "type": "Polygon", "coordinates": [ [ [ -75.821702130559189, 9.202444017761001 ], [ -75.822050507276543, 9.202268828031286 ], [ -75.823040828068457, 9.202437531712206 ], [ -75.824323595367275, 9.202893992776369 ], [ -75.825081953241565, 9.203237310736057 ], [ -75.825317608353132, 9.203814505050559 ], [ -75.825322152788246, 9.204739823935126 ], [ -75.824919267883317, 9.205667118592292 ], [ -75.824631366734451, 9.206304688814436 ], [ -75.824459877869131, 9.206941684969069 ], [ -75.824228481002734, 9.207231974648833 ], [ -75.823763127264897, 9.207292064433414 ], [ -75.822887215735861, 9.206717977000318 ], [ -75.821949976255198, 9.205507999750358 ], [ -75.821946005880321, 9.204698349189812 ], [ -75.822350319958872, 9.204060222250158 ], [ -75.822231077359518, 9.203482460600267 ], [ -75.821938351976527, 9.203136878907003 ], [ -75.821703838168787, 9.202791009888905 ], [ -75.821702130559189, 9.202444017761001 ] ] ] } },
{ "type": "Feature", "properties": { "OBJECTID": 8751.0, "NOMBRE_GEO": "Poza Charco Salado", "PROYECTO": null, "SYMBOL": "3", "FECHA": null, "RULEID": 1, "PK_CUE": 708058.0, "GLOBALID": "{6862DA55-E695-4692-940C-688EA5FE9E71}", "SHAPE_Leng": 3752.1971153368258, "SHAPE_Area": 468695.79451948218 }, "geometry": { "type": "Polygon", "coordinates": [ [ [ -75.696468725928753, 9.089351470558972 ], [ -75.696219383349316, 9.088489569094753 ], [ -75.696438682129369, 9.087772933341407 ], [ -75.697018483035961, 9.087165280948435 ], [ -75.697885503611161, 9.086953319825586 ], [ -75.698464066973585, 9.086668521132793 ], [ -75.69861090173363, 9.086023355774278 ], [ -75.698613233759261, 9.085413519413894 ], [ -75.698580434851294, 9.084552436175574 ], [ -75.698690628783496, 9.084050626020343 ], [ -75.698693508814969, 9.083297296669173 ], [ -75.698625166948247, 9.082292585946519 ], [ -75.698881780118654, 9.081253228771493 ], [ -75.698909367781539, 9.081243747952032 ], [ -75.699675370735505, 9.081363843652079 ], [ -75.700252553016881, 9.081437767627794 ], [ -75.700793919206532, 9.081439809552315 ], [ -75.701623055007161, 9.081694047677807 ], [ -75.702164420997534, 9.081696088355699 ], [ -75.702425173652756, 9.081589249402191 ], [ -75.702705514315426, 9.081769872227689 ], [ -75.703316739118975, 9.082382020597976 ], [ -75.703494461545276, 9.083100157948785 ], [ -75.703165266011979, 9.08424686701731 ], [ -75.70293512811655, 9.084998186099794 ], [ -75.702956708414703, 9.085027161739902 ], [ -75.702581102192752, 9.086002462437053 ], [ -75.7021104068168, 9.08639529477573 ], [ -75.701386660009106, 9.086894793549954 ], [ -75.700844463797083, 9.087107988100138 ], [ -75.700159271876686, 9.086961908580653 ], [ -75.699617761164845, 9.086995738848342 ], [ -75.699832665554936, 9.087427029651128 ], [ -75.699939569994157, 9.087786167310897 ], [ -75.699865603763584, 9.088252241011508 ], [ -75.69972027700237, 9.088502804970402 ], [ -75.699538309659204, 9.08889672493271 ], [ -75.699862450269336, 9.089077316386955 ], [ -75.700331644277384, 9.089079087445342 ], [ -75.700765155677928, 9.088973102777631 ], [ -75.701233527777148, 9.089190110349179 ], [ -75.701340980858177, 9.089405755273164 ], [ -75.701339611438613, 9.089764483732104 ], [ -75.701085873397986, 9.090050513356895 ], [ -75.700796588907806, 9.09019291535037 ], [ -75.700470528401695, 9.090514543897489 ], [ -75.700721937592718, 9.09083835331362 ], [ -75.701118538796536, 9.090947470406521 ], [ -75.701152849833164, 9.091413952995854 ], [ -75.700899247378558, 9.091664108550381 ], [ -75.700248492087809, 9.091948638564048 ], [ -75.699563978276643, 9.091623193368433 ], [ -75.699131970937017, 9.091334575118424 ], [ -75.698448557143237, 9.09072214575156 ], [ -75.697620778021744, 9.090109169115694 ], [ -75.696468725928753, 9.089351470558972 ] ] ] } },
{ "type": "Feature", "properties": { "OBJECTID": 8752.0, "NOMBRE_GEO": null, "PROYECTO": "HERNANDEZN", "SYMBOL": "3", "FECHA": null, "RULEID": 1, "PK_CUE": 708060.0, "GLOBALID": "{4C134851-6121-45A0-B5B8-A10B1C77AC33}", "SHAPE_Leng": 6813.1658623307731, "SHAPE_Area": 997477.39281480783 }, "geometry": { "type": "Polygon", "coordinates": [ [ [ -75.686379244225492, 9.070893422576251 ], [ -75.685839004420785, 9.070604381779381 ], [ -75.685119007118587, 9.070135289117401 ], [ -75.684688283021416, 9.069523804714876 ], [ -75.684654545086488, 9.068913834077149 ], [ -75.684800977279181, 9.068376294048374 ], [ -75.685200865281757, 9.06762448132179 ], [ -75.685239443120608, 9.066978911221645 ], [ -75.685242760157948, 9.066117967986132 ], [ -75.685679146565036, 9.065258673024362 ], [ -75.686079638656182, 9.064671381799869 ], [ -75.685971174580573, 9.064398828809665 ], [ -75.685466204951368, 9.064325161210258 ], [ -75.684995387823207, 9.064753847322386 ], [ -75.684489587227858, 9.064895412834968 ], [ -75.684237102355468, 9.06485857815982 ], [ -75.683806244794795, 9.064282966973167 ], [ -75.68362759921132, 9.063815936420086 ], [ -75.683629812110468, 9.063241974372509 ], [ -75.683198404968493, 9.062809852824554 ], [ -75.682803503094604, 9.062270249696281 ], [ -75.682877618046717, 9.061768309228668 ], [ -75.683456422099866, 9.061411783717212 ], [ -75.684107540422119, 9.061019659385241 ], [ -75.683785368739493, 9.060336841629539 ], [ -75.682886750178554, 9.059400716938509 ], [ -75.68278042081306, 9.058898088737081 ], [ -75.682891314731521, 9.058216921631661 ], [ -75.683254134640791, 9.057716080210316 ], [ -75.683688301880295, 9.057430748355372 ], [ -75.68404863273345, 9.057575611989169 ], [ -75.684334577352928, 9.058294163908553 ], [ -75.684658405687983, 9.058546508173334 ], [ -75.68520028496728, 9.058405077832298 ], [ -75.685487475098881, 9.058800774793575 ], [ -75.686350840404316, 9.059521521167683 ], [ -75.687647825328057, 9.060100419611132 ], [ -75.688802388033594, 9.060176548705162 ], [ -75.689631878389321, 9.060323188079842 ], [ -75.690821844204052, 9.06057881231219 ], [ -75.691216619999679, 9.061154280264494 ], [ -75.691321722945858, 9.061979763046205 ], [ -75.691862782431883, 9.062053558808454 ], [ -75.69229406299192, 9.062521543746263 ], [ -75.69225563715186, 9.063131243547888 ], [ -75.692108118118526, 9.063955769627221 ], [ -75.692034015232011, 9.064457714660204 ], [ -75.691923960360569, 9.064923650444896 ], [ -75.691560591343844, 9.065567991971511 ], [ -75.691414638390654, 9.066453077186948 ], [ -75.691519272675322, 9.066931018971969 ], [ -75.691661566912202, 9.067469656720345 ], [ -75.691911854344866, 9.068080450001235 ], [ -75.692054011975543, 9.068654960949383 ], [ -75.691907864983534, 9.069120758844823 ], [ -75.692266422272922, 9.069731963172799 ], [ -75.692084873337947, 9.070018260978502 ], [ -75.691650833339452, 9.070267728767702 ], [ -75.691613227984817, 9.070662192160967 ], [ -75.691720259432358, 9.070985456285181 ], [ -75.692223729340384, 9.071453717067536 ], [ -75.691933770097521, 9.071775478093283 ], [ -75.691572183446297, 9.071953473417357 ], [ -75.69138952958771, 9.072526751868409 ], [ -75.69120618778814, 9.073279394349679 ], [ -75.691109914024977, 9.073625066671374 ], [ -75.690664148306226, 9.073456704029157 ], [ -75.69008808499035, 9.073095785132063 ], [ -75.689547976400235, 9.07277087523007 ], [ -75.689224683316311, 9.072375042423369 ], [ -75.689226613995373, 9.071872825191136 ], [ -75.688976053003245, 9.071333775326508 ], [ -75.688831693785133, 9.071333227062457 ], [ -75.688002180132756, 9.071186581423882 ], [ -75.687208895207746, 9.071004199385539 ], [ -75.686379244225492, 9.070893422576251 ] ], [ [ -75.688054412913118, 9.066989617038899 ], [ -75.687405908625522, 9.06670016670482 ], [ -75.686934537601971, 9.067272346312974 ], [ -75.68696758973195, 9.068061682124904 ], [ -75.687073510665542, 9.068671927923884 ], [ -75.68783014982958, 9.068997662957505 ], [ -75.688189389909269, 9.069429507107914 ], [ -75.688403858714423, 9.069968419773396 ], [ -75.688943273578516, 9.07047269362265 ], [ -75.689483792751389, 9.070689986156596 ], [ -75.690241954320982, 9.070621116821107 ], [ -75.69071125868706, 9.070587024557287 ], [ -75.691182354212131, 9.070086586211183 ], [ -75.691184419431664, 9.069548496012953 ], [ -75.690933581208569, 9.069081193444188 ], [ -75.690394027875968, 9.068612793734388 ], [ -75.689889186751032, 9.068503258721442 ], [ -75.689492200689202, 9.068501752315353 ], [ -75.688878953808398, 9.068427676895611 ], [ -75.688375218036541, 9.068031159215236 ], [ -75.688052206081878, 9.067563579706373 ], [ -75.688054412913118, 9.066989617038899 ] ] ] } },
{ "type": "Feature", "properties": { "OBJECTID": 8753.0, "NOMBRE_GEO": "Charco Palo Alto", "PROYECTO": null, "SYMBOL": "3", "FECHA": null, "RULEID": 1, "PK_CUE": 708062.0, "GLOBALID": "{09059686-04E9-4966-A577-0BA3C5BD7ED5}", "SHAPE_Leng": 5534.2237210603998, "SHAPE_Area": 870913.89562452503 }, "geometry": { "type": "Polygon", "coordinates": [ [ [ -75.677043316660686, 9.183766644186644 ], [ -75.678090526703642, 9.183698957423188 ], [ -75.679245758314508, 9.183703431155839 ], [ -75.680220344632488, 9.183743075033174 ], [ -75.680723511010541, 9.184318986956551 ], [ -75.680828021374012, 9.185287958891378 ], [ -75.681080945178451, 9.186487231439063 ], [ -75.681325289743555, 9.187370507578239 ], [ -75.681501302365461, 9.18851912096752 ], [ -75.681496243286333, 9.189810524374456 ], [ -75.681563668829014, 9.1910304623022 ], [ -75.681521103083796, 9.192680449060502 ], [ -75.681549895802334, 9.194545949900386 ], [ -75.681724783608161, 9.195981541254117 ], [ -75.682297592418365, 9.197094901721963 ], [ -75.682319294563015, 9.19713039966989 ], [ -75.682583955680542, 9.197563291714868 ], [ -75.682979653729291, 9.198210512237313 ], [ -75.684201524549124, 9.199650150334893 ], [ -75.684882143815926, 9.201015949697265 ], [ -75.685273100724558, 9.20259586707617 ], [ -75.68508823490717, 9.203707212753281 ], [ -75.684434869014609, 9.2046015101231 ], [ -75.683639894734782, 9.204777801239558 ], [ -75.68270261854498, 9.204415446344639 ], [ -75.682454257121009, 9.203302426450129 ], [ -75.681916790656544, 9.202260033934248 ], [ -75.681269752992719, 9.201540070626265 ], [ -75.680841303703204, 9.200318735349741 ], [ -75.680736374235238, 9.199457381330543 ], [ -75.680740173698496, 9.19848882855076 ], [ -75.680670828854005, 9.197405477330197 ], [ -75.680495196157935, 9.196514874401348 ], [ -75.679815306313827, 9.194969707960494 ], [ -75.679458086403756, 9.193999758418183 ], [ -75.67888467812044, 9.1929213510544 ], [ -75.678401077786489, 9.192323005237307 ], [ -75.678133271283286, 9.191848912234283 ], [ -75.677987343048301, 9.191590577655754 ], [ -75.677520133631518, 9.191050673765558 ], [ -75.676764818729708, 9.190330287116055 ], [ -75.676226820440519, 9.189431380126777 ], [ -75.676190919115399, 9.1892063699358 ], [ -75.675991875542749, 9.187958889441486 ], [ -75.675980598367218, 9.187780274580952 ], [ -75.676056044231672, 9.186955493629366 ], [ -75.676097361692442, 9.185628361424046 ], [ -75.676317915742686, 9.184624777994935 ], [ -75.677043316660686, 9.183766644186644 ] ] ] } },
{ "type": "Feature", "properties": { "OBJECTID": 8754.0, "NOMBRE_GEO": "Charco Mangüey", "PROYECTO": null, "SYMBOL": "3", "FECHA": null, "RULEID": 1, "PK_CUE": 708174.0, "GLOBALID": "{581919AC-8ABD-43A0-84BD-F76534AAC832}", "SHAPE_Leng": 1550.5622184442902, "SHAPE_Area": 113891.71034618129 }, "geometry": { "type": "Polygon", "coordinates": [ [ [ -75.65926578788536, 9.050322938921759 ], [ -75.659851086316351, 9.049474687257767 ], [ -75.660638127431284, 9.049861619266139 ], [ -75.661294562047189, 9.050314172212783 ], [ -75.661690933944143, 9.051158183721245 ], [ -75.661955559825003, 9.05180759419285 ], [ -75.662221327423225, 9.052717227657096 ], [ -75.662026410361221, 9.053043343746857 ], [ -75.66091413423969, 9.053113213937264 ], [ -75.66045858006521, 9.053700686170286 ], [ -75.660023167207541, 9.054339378893824 ], [ -75.659219390321255, 9.054681870852779 ], [ -75.658890742420027, 9.054358018969001 ], [ -75.658889034789738, 9.053967682732692 ], [ -75.658952778540282, 9.053577078036035 ], [ -75.659343456538309, 9.053119996577374 ], [ -75.659733567957389, 9.052532812890897 ], [ -75.659797016288408, 9.052077152429051 ], [ -75.659598695182041, 9.051622612729274 ], [ -75.659268060884713, 9.050843369117338 ], [ -75.65926578788536, 9.050322938921759 ] ] ] } },
{ "type": "Feature", "properties": { "OBJECTID": 8755.0, "NOMBRE_GEO": "Charco del Otro Lado", "PROYECTO": null, "SYMBOL": "3", "FECHA": null, "RULEID": 1, "PK_CUE": 708175.0, "GLOBALID": "{2E88D0A4-EC33-4E79-B007-DE74C58996C6}", "SHAPE_Leng": 10127.377767238859, "SHAPE_Area": 2890418.4231922701 }, "geometry": { "type": "Polygon", "coordinates": [ [ [ -75.63400137665306, 9.141375603157663 ], [ -75.633932942855978, 9.14044265212719 ], [ -75.633864074318566, 9.139617315793943 ], [ -75.633730878415946, 9.139275155112729 ], [ -75.633481753962073, 9.138635185109973 ], [ -75.633369307787376, 9.138196248326851 ], [ -75.632490004938816, 9.136352773107598 ], [ -75.632180733117011, 9.136346242213682 ], [ -75.632001556550648, 9.136022678877744 ], [ -75.631499114838533, 9.135303232745761 ], [ -75.631214258247368, 9.134333549438779 ], [ -75.631001930684221, 9.133756726341691 ], [ -75.630995362595073, 9.133738885635909 ], [ -75.630857212548449, 9.133363576068563 ], [ -75.630679052682609, 9.132788911109312 ], [ -75.630645417387456, 9.132178948651942 ], [ -75.630829653958813, 9.131247005667042 ], [ -75.631395398121313, 9.130630559739947 ], [ -75.631493024430128, 9.12972171162529 ], [ -75.631416909701798, 9.12913703532916 ], [ -75.631413125054394, 9.128262803185601 ], [ -75.631130995295891, 9.128127320980393 ], [ -75.630625958610182, 9.128053566159808 ], [ -75.630048878839375, 9.127943650807445 ], [ -75.629472669031514, 9.127618504829043 ], [ -75.629185069959206, 9.127330380689365 ], [ -75.629223481303427, 9.126756578934632 ], [ -75.629658206148747, 9.126363717260798 ], [ -75.630057269977243, 9.125863095592429 ], [ -75.63005958507685, 9.12528914870347 ], [ -75.63009799297933, 9.124715347274778 ], [ -75.630137412925251, 9.123890442803216 ], [ -75.63039123002072, 9.123604474569262 ], [ -75.630750869950035, 9.123928757321121 ], [ -75.630821469101591, 9.124323633418156 ], [ -75.631072538354132, 9.124719227280014 ], [ -75.631722379537663, 9.124685938991469 ], [ -75.632408605019094, 9.124581052352461 ], [ -75.632578238631226, 9.124438908759169 ], [ -75.633132944416886, 9.123974102937092 ], [ -75.634106344421909, 9.123438898020192 ], [ -75.634977786930506, 9.12297700433502 ], [ -75.636207292997995, 9.122407923703433 ], [ -75.636858138117091, 9.122123524835047 ], [ -75.637726410940573, 9.121624751995695 ], [ -75.638125746107917, 9.121052374830269 ], [ -75.638597698944224, 9.120372668005713 ], [ -75.638959491677824, 9.120169096350226 ], [ -75.639104164074041, 9.120087693072357 ], [ -75.639753854762759, 9.120090261692813 ], [ -75.640041026936444, 9.120485993868177 ], [ -75.639894784613574, 9.120951757240581 ], [ -75.639894106756842, 9.121121034378984 ], [ -75.639893348917155, 9.121310474635319 ], [ -75.640039011923236, 9.121327142866781 ], [ -75.640218051597216, 9.121347630885788 ], [ -75.64068713187396, 9.121385356698752 ], [ -75.64068569619117, 9.121744074775515 ], [ -75.640485786889712, 9.121965807451282 ], [ -75.640395651097379, 9.122065780829242 ], [ -75.640358265054459, 9.122388483925365 ], [ -75.640537731122436, 9.122640300199262 ], [ -75.640970000777699, 9.122857243286502 ], [ -75.64127289874915, 9.12310554578513 ], [ -75.641365745696518, 9.1231816583183 ], [ -75.641834398831278, 9.123326998869143 ], [ -75.642302621232901, 9.123579954713536 ], [ -75.642336850821764, 9.124046431665432 ], [ -75.642009707040586, 9.124619098288822 ], [ -75.641986062211245, 9.124632681183305 ], [ -75.64114143068042, 9.125117880813642 ], [ -75.640850378335983, 9.125690688797391 ], [ -75.64103013201391, 9.125870762279506 ], [ -75.641968735079885, 9.125838598057138 ], [ -75.642332679649655, 9.126177148430251 ], [ -75.642472195014662, 9.126306927075898 ], [ -75.6422527583007, 9.127023508829364 ], [ -75.642239277114697, 9.12704059384456 ], [ -75.641744849386669, 9.127667206048732 ], [ -75.641489458100679, 9.128347772344558 ], [ -75.641163456385598, 9.128633461890011 ], [ -75.640655830316561, 9.129205413152535 ], [ -75.640113113692308, 9.129526117868281 ], [ -75.639823348644185, 9.129776076945964 ], [ -75.639749864990364, 9.130098637726137 ], [ -75.640254763214728, 9.130208252616223 ], [ -75.640374045650219, 9.130202139558929 ], [ -75.640904615968381, 9.130174950682802 ], [ -75.641300369045524, 9.130499367931305 ], [ -75.64126168867692, 9.131144918308953 ], [ -75.641185764294136, 9.132077298609172 ], [ -75.640786993422637, 9.132506190760116 ], [ -75.64042460396, 9.132863480439953 ], [ -75.640458974198793, 9.133294083686142 ], [ -75.640818203054422, 9.133725975188407 ], [ -75.640888813250641, 9.134120850008577 ], [ -75.640525558892094, 9.134693369707364 ], [ -75.639730022375119, 9.13504894407092 ], [ -75.639223822290461, 9.135262173575361 ], [ -75.6389327546121, 9.135834977569633 ], [ -75.638909609728586, 9.13595868111859 ], [ -75.638849815604075, 9.136278262664776 ], [ -75.638785205538454, 9.136623583894332 ], [ -75.638458186360566, 9.137160373147811 ], [ -75.638419787421782, 9.137734178102015 ], [ -75.638705527970416, 9.138488630407885 ], [ -75.639244661558749, 9.13906472387208 ], [ -75.639676373663278, 9.139425157813571 ], [ -75.640433811806588, 9.139571647702846 ], [ -75.640939155124897, 9.139573648934846 ], [ -75.64155278576321, 9.139576076633748 ], [ -75.642275135930248, 9.13947131791269 ], [ -75.643033295085218, 9.13943844342308 ], [ -75.643847811747563, 9.139702183397741 ], [ -75.64512456835314, 9.140446294339442 ], [ -75.645194895166568, 9.140487282314878 ], [ -75.645951337184243, 9.140884863675042 ], [ -75.646457828840724, 9.140599882063828 ], [ -75.647034936869503, 9.140709774811782 ], [ -75.647068027071143, 9.141463226836875 ], [ -75.646306567001005, 9.142321162580442 ], [ -75.646015608098509, 9.142867884716079 ], [ -75.645906497638848, 9.143072904957851 ], [ -75.645531493912912, 9.143681255572304 ], [ -75.645288843547576, 9.14407489508713 ], [ -75.645033444192478, 9.144755462120479 ], [ -75.644958667747844, 9.145400870394008 ], [ -75.6449201317199, 9.146010548071111 ], [ -75.645025983224471, 9.146620798255093 ], [ -75.645096023953812, 9.147159160598031 ], [ -75.644984862759998, 9.147876170009658 ], [ -75.644694509541708, 9.148269619438619 ], [ -75.643790795760026, 9.148588896879248 ], [ -75.643284289555027, 9.148873873038987 ], [ -75.642056276114644, 9.149048374808549 ], [ -75.641153853700999, 9.149044799769639 ], [ -75.640359865821907, 9.149005781388368 ], [ -75.639964240856813, 9.148645490224544 ], [ -75.63949699908396, 9.148141424028832 ], [ -75.639175298268569, 9.147350957228999 ], [ -75.63907060991167, 9.14645373273035 ], [ -75.639074932104833, 9.145377580837399 ], [ -75.638860658865042, 9.144802774377732 ], [ -75.638391405279691, 9.144800911858482 ], [ -75.637705861842676, 9.144726447355454 ], [ -75.637166001599127, 9.144329709203513 ], [ -75.636717261732429, 9.143494629887833 ], [ -75.636484645361392, 9.143214961230617 ], [ -75.635980596951441, 9.142890107653965 ], [ -75.635332598572603, 9.142457065237384 ], [ -75.634755926571657, 9.142239537920785 ], [ -75.634359736824251, 9.142022728614672 ], [ -75.63400137665306, 9.141375603157663 ] ] ] } },
{ "type": "Feature", "properties": { "OBJECTID": 8756.0, "NOMBRE_GEO": "Charco Catabre", "PROYECTO": null, "SYMBOL": "3", "FECHA": null, "RULEID": 1, "PK_CUE": 708176.0, "GLOBALID": "{E7DFD024-DE4D-4B8A-8394-DB6B9A2087E5}", "SHAPE_Leng": 1012.4938690524567, "SHAPE_Area": 73644.131632494871 }, "geometry": { "type": "Polygon", "coordinates": [ [ [ -75.637260548804022, 8.984662263670087 ], [ -75.637793043822072, 8.984588772719047 ], [ -75.638324793086312, 8.984704233442844 ], [ -75.638703737940133, 8.985008078658309 ], [ -75.638892464951709, 8.985348980919781 ], [ -75.639081183217996, 8.98568987309938 ], [ -75.639231290670267, 8.986181809030825 ], [ -75.639457883184107, 8.986560646061793 ], [ -75.639494102652421, 8.987014331808146 ], [ -75.639302374870923, 8.987429326097415 ], [ -75.639073394946337, 8.987655199059077 ], [ -75.638616916057714, 8.987729004064226 ], [ -75.638237071969087, 8.987651919988375 ], [ -75.638047294146446, 8.987575589690923 ], [ -75.637781644113204, 8.987461153650397 ], [ -75.637478732444336, 8.987157603818853 ], [ -75.637099787305118, 8.986853757710414 ], [ -75.636872449998762, 8.986663890149314 ], [ -75.636835484538992, 8.98639917388024 ], [ -75.636875602926423, 8.985870201110499 ], [ -75.63695328113316, 8.985454756745668 ], [ -75.637030958399535, 8.985039314221366 ], [ -75.637260548804022, 8.984662263670087 ] ] ] } },
{ "type": "Feature", "properties": { "OBJECTID": 8757.0, "NOMBRE_GEO": "Charco Aji", "PROYECTO": null, "SYMBOL": "3", "FECHA": null, "RULEID": 1, "PK_CUE": 708177.0, "GLOBALID": "{2FF3098D-007D-427E-87B9-D0FE04AC2999}", "SHAPE_Leng": 2986.541996696863, "SHAPE_Area": 516813.64627944643 }, "geometry": { "type": "Polygon", "coordinates": [ [ [ -75.611675901376344, 8.996943536269018 ], [ -75.611323958598689, 8.996872092569337 ], [ -75.611159306687981, 8.996941470142714 ], [ -75.61092448789843, 8.996940545156287 ], [ -75.610807553603735, 8.99682333261352 ], [ -75.610714381317351, 8.996636195655611 ], [ -75.610597725224352, 8.99644896928841 ], [ -75.610527943571043, 8.996285269134908 ], [ -75.610481833943652, 8.996074973149893 ], [ -75.610365843098862, 8.995724325405646 ], [ -75.61029652876843, 8.995443907237389 ], [ -75.610250418539152, 8.995233602113643 ], [ -75.610087087188646, 8.994976144759386 ], [ -75.609994201342673, 8.994718974581517 ], [ -75.609877268261059, 8.994601772289322 ], [ -75.609784192779344, 8.99439129714008 ], [ -75.609714682047823, 8.994157554872151 ], [ -75.60962141769788, 8.993993764830885 ], [ -75.609505059682363, 8.993736496669362 ], [ -75.609341917122478, 8.993432354317582 ], [ -75.609201976644172, 8.993198334122738 ], [ -75.609132384920741, 8.992987949001069 ], [ -75.608992444801075, 8.992753927730698 ], [ -75.608970184758647, 8.992450352104218 ], [ -75.609017526081701, 8.992357151688504 ], [ -75.608948221379649, 8.992076732691306 ], [ -75.608807904234141, 8.991936093444563 ], [ -75.608691060002826, 8.991795551890593 ], [ -75.608692192216196, 8.991515412388654 ], [ -75.608740107907479, 8.991282147184798 ], [ -75.608811308804263, 8.991095665008626 ], [ -75.608953233575988, 8.990839429625151 ], [ -75.609095158183919, 8.990583194240575 ], [ -75.609283104364323, 8.990560602085322 ], [ -75.609470671997713, 8.990631389330437 ], [ -75.609634569584358, 8.990748772134971 ], [ -75.609775074632765, 8.990842717771283 ], [ -75.609986026916772, 8.990936941801877 ], [ -75.610173504793394, 8.991031076132357 ], [ -75.610360973596357, 8.991125202268382 ], [ -75.610513208922697, 8.99114745445047 ], [ -75.610525248961295, 8.991149214163073 ], [ -75.610713294186439, 8.991103273626686 ], [ -75.610949048178767, 8.990870763161285 ], [ -75.611278540747819, 8.990685315414044 ], [ -75.611584363112101, 8.990546462288846 ], [ -75.611749114076275, 8.99045373775491 ], [ -75.611961852958558, 8.990104400766574 ], [ -75.612033053798925, 8.989917920286375 ], [ -75.612127736298191, 8.989731538247447 ], [ -75.61222231965057, 8.989568492930992 ], [ -75.612340664325558, 8.989335506177349 ], [ -75.612435444656057, 8.989125776583789 ], [ -75.612553412204051, 8.988986170008808 ], [ -75.612718064140893, 8.988916792858685 ], [ -75.612858952891997, 8.98891735529125 ], [ -75.613093766235735, 8.988918293169926 ], [ -75.613305194149589, 8.988895790417947 ], [ -75.613657126834838, 8.988967241578838 ], [ -75.613820646808279, 8.989177996116855 ], [ -75.613866379682776, 8.989481670625157 ], [ -75.613865535931041, 8.989691778255802 ], [ -75.613911645586768, 8.98990208259476 ], [ -75.614098657949626, 8.990112935080699 ], [ -75.614309609279587, 8.990207160060296 ], [ -75.614591096315124, 8.990278315055203 ], [ -75.614896074205816, 8.99034956979432 ], [ -75.615059882103438, 8.990490299892064 ], [ -75.615223114581028, 8.990771094947833 ], [ -75.615363817958141, 8.990818336689586 ], [ -75.615692367684218, 8.990866343169614 ], [ -75.615973764767261, 8.990960855170362 ], [ -75.616208206672553, 8.991055168750481 ], [ -75.616372481593658, 8.991079171606735 ], [ -75.616536569084943, 8.991149861154538 ], [ -75.616653790083703, 8.991197013230197 ], [ -75.61670845589029, 8.991242676796896 ], [ -75.616794205005988, 8.991314305763387 ], [ -75.616910861341736, 8.991501533388908 ], [ -75.616910196140466, 8.991664954731492 ], [ -75.616908974389546, 8.991968441725847 ], [ -75.616931422691522, 8.99222533280637 ], [ -75.61695396160124, 8.992458886394802 ], [ -75.616953117389471, 8.992668992611769 ], [ -75.616952084139157, 8.992925793727467 ], [ -75.616951239944484, 8.993135891805016 ], [ -75.616668612201678, 8.993344885371386 ], [ -75.616456241347635, 8.993600841779813 ], [ -75.616290833965451, 8.993856988009973 ], [ -75.616196251189209, 8.994020023296038 ], [ -75.616007550749842, 8.994229383707074 ], [ -75.615700507262389, 8.994671732638185 ], [ -75.615488225633669, 8.994904351383626 ], [ -75.615346211207765, 8.995183925005819 ], [ -75.615134028638494, 8.995393188039413 ], [ -75.614874783992263, 8.995625608552325 ], [ -75.614686074762574, 8.995834969678505 ], [ -75.614497195077931, 8.996091016575168 ], [ -75.614261342833274, 8.996346875289113 ], [ -75.61409612411731, 8.996556335324422 ], [ -75.613790383107556, 8.996671840617035 ], [ -75.613531902406379, 8.996717493206699 ], [ -75.613179770566632, 8.996692743640615 ], [ -75.613014920784622, 8.99680881611655 ], [ -75.613014175638625, 8.996995576275959 ], [ -75.612802172823905, 8.997158152678193 ], [ -75.612520487743396, 8.997133682881174 ], [ -75.612281465388122, 8.997132729861484 ], [ -75.612238704629732, 8.997132551371648 ], [ -75.611933825800079, 8.997037949216562 ], [ -75.611675901376344, 8.996943536269018 ] ] ] } },
{ "type": "Feature", "properties": { "OBJECTID": 8758.0, "NOMBRE_GEO": null, "PROYECTO": "HERNANDEZN", "SYMBOL": "3", "FECHA": null, "RULEID": 1, "PK_CUE": 708178.0, "GLOBALID": "{FC803514-39F1-4CB1-A76B-FC31B5B05620}", "SHAPE_Leng": 672.67220325514734, "SHAPE_Area": 24271.797821063326 }, "geometry": { "type": "Polygon", "coordinates": [ [ [ -75.88871102463952, 9.205240779149417 ], [ -75.888914700244072, 9.205196518604957 ], [ -75.889140617932455, 9.205264673870412 ], [ -75.889298533191123, 9.205377546801714 ], [ -75.889433765433978, 9.205512806149976 ], [ -75.889591607890011, 9.205648146998159 ], [ -75.889704373558857, 9.205738400152264 ], [ -75.889794528261945, 9.20582857259852 ], [ -75.889816689643453, 9.205963463784215 ], [ -75.889815926428881, 9.206188159559943 ], [ -75.889815323682313, 9.206367912682129 ], [ -75.889792408073021, 9.206457708174048 ], [ -75.889701508069365, 9.206592222389443 ], [ -75.889610670059767, 9.206704268581733 ], [ -75.889587753563276, 9.206794073126021 ], [ -75.889519463531599, 9.206928658959718 ], [ -75.889496315416352, 9.207085873362503 ], [ -75.889495793732422, 9.20724315021786 ], [ -75.889404884381747, 9.207377663618598 ], [ -75.889268968998167, 9.207444624041109 ], [ -75.88911067685909, 9.207444102903473 ], [ -75.88904335719532, 9.207286593084769 ], [ -75.88908896515656, 9.207174392889776 ], [ -75.88908926983477, 9.207084516702658 ], [ -75.889089646614096, 9.206972173308525 ], [ -75.889044794905132, 9.206859676736521 ], [ -75.888909562099826, 9.206724418266338 ], [ -75.888751422595533, 9.206678954245868 ], [ -75.88859320188449, 9.206655957432824 ], [ -75.888435134561192, 9.206588026935338 ], [ -75.888344979771347, 9.206497845067728 ], [ -75.888345806015806, 9.206250682775014 ], [ -75.888368875357045, 9.206115943713536 ], [ -75.888459785014376, 9.205981431449011 ], [ -75.888550541260329, 9.20589185911324 ], [ -75.888641226158441, 9.205824745844076 ], [ -75.888641676266587, 9.205689936080338 ], [ -75.888642430398193, 9.205465250095081 ], [ -75.88871102463952, 9.205240779149417 ] ] ] } },
{ "type": "Feature", "properties": { "OBJECTID": 8759.0, "NOMBRE_GEO": null, "PROYECTO": null, "SYMBOL": "3", "FECHA": null, "RULEID": 1, "PK_CUE": 708179.0, "GLOBALID": "{36CEDF80-9649-4BE1-8FC2-1DE4ABA7FFC8}", "SHAPE_Leng": 3918.1382867027714, "SHAPE_Area": 461553.90449609596 }, "geometry": { "type": "Polygon", "coordinates": [ [ [ -75.743082665148918, 9.15241184790341 ], [ -75.74344472308394, 9.152126190896912 ], [ -75.743446326686581, 9.151695711324173 ], [ -75.74247045770143, 9.152014981714419 ], [ -75.741891539189822, 9.152371585974697 ], [ -75.741024901406249, 9.152440138669267 ], [ -75.740519518129602, 9.15243827490238 ], [ -75.739906376064638, 9.152292517944282 ], [ -75.739764259794541, 9.151682138668733 ], [ -75.74016415979689, 9.150930265176179 ], [ -75.74056231633034, 9.150644743592739 ], [ -75.741322126627239, 9.150181186157139 ], [ -75.741720549993289, 9.149823916792517 ], [ -75.742197929146414, 9.149507084572715 ], [ -75.7423362307659, 9.14928807776592 ], [ -75.743022637688, 9.149147109182895 ], [ -75.743707171962456, 9.149508366783721 ], [ -75.744354140154485, 9.150264098406824 ], [ -75.74543335984707, 9.151272533114408 ], [ -75.746189699413478, 9.151741671779119 ], [ -75.746766745210707, 9.151887287302699 ], [ -75.747452622990536, 9.151889803584545 ], [ -75.747994371076388, 9.151820044095583 ], [ -75.748644282539061, 9.151786554239873 ], [ -75.749185897928513, 9.151752664995993 ], [ -75.749728046228626, 9.151575282801813 ], [ -75.750522353383573, 9.151542316917757 ], [ -75.751208231151239, 9.151544828051223 ], [ -75.751495692743816, 9.151904618746164 ], [ -75.751385934008496, 9.15229883063334 ], [ -75.750808218022499, 9.152332590795131 ], [ -75.750122339426994, 9.152330079339919 ], [ -75.74936399677469, 9.152399047697498 ], [ -75.748783883765853, 9.153078525793452 ], [ -75.748817984817492, 9.153616759265175 ], [ -75.748743389162073, 9.154262215753945 ], [ -75.748345099629816, 9.154583620261677 ], [ -75.747656123343546, 9.154666636700687 ], [ -75.746863703897404, 9.154936921248797 ], [ -75.745996390896991, 9.155184852036072 ], [ -75.745453836174022, 9.15546984773008 ], [ -75.744767552234308, 9.155574945799271 ], [ -75.743972167185433, 9.155894882887646 ], [ -75.743538575736011, 9.156000909156317 ], [ -75.742780493771988, 9.155998115766279 ], [ -75.742239273804117, 9.155924373848721 ], [ -75.741734823809992, 9.155671398316695 ], [ -75.741446969177929, 9.155419219754837 ], [ -75.741232919595959, 9.154736829264987 ], [ -75.741127571195278, 9.153947216981324 ], [ -75.741526801970323, 9.153374709204956 ], [ -75.742033658575664, 9.152981965063629 ], [ -75.74261231014674, 9.152697107282044 ], [ -75.743082665148918, 9.15241184790341 ] ] ] } },
{ "type": "Feature", "properties": { "OBJECTID": 8760.0, "NOMBRE_GEO": null, "PROYECTO": null, "SYMBOL": "3", "FECHA": null, "RULEID": 1, "PK_CUE": 708180.0, "GLOBALID": "{62AE4399-F169-41C8-81F8-3F4547C92EB2}", "SHAPE_Leng": 5911.0559991748396, "SHAPE_Area": 1007432.6194879756 }, "geometry": { "type": "Polygon", "coordinates": [ [ [ -75.736348394729561, 9.162492855555852 ], [ -75.736006682763161, 9.162179247164124 ], [ -75.735716808225021, 9.162465161658064 ], [ -75.73572118458921, 9.162488847219105 ], [ -75.735822952619444, 9.163039535182065 ], [ -75.735966274977784, 9.163327055791489 ], [ -75.736252785095942, 9.163937969821774 ], [ -75.736178565542545, 9.164475800312594 ], [ -75.735672763073651, 9.164581547101946 ], [ -75.735060007544973, 9.16432815877592 ], [ -75.734592326707372, 9.163895940211411 ], [ -75.734088816658186, 9.163391840274874 ], [ -75.733838140634603, 9.162852804698637 ], [ -75.733558842539651, 9.162245504368091 ], [ -75.73340845131753, 9.161918494412021 ], [ -75.733086388136172, 9.161163951655707 ], [ -75.732224453403234, 9.159976920375435 ], [ -75.731721491602755, 9.159329324770475 ], [ -75.731253821006078, 9.158897104118724 ], [ -75.730751538085272, 9.158070143002453 ], [ -75.730211401881405, 9.157709398031288 ], [ -75.729635302664903, 9.15731264399008 ], [ -75.729167907180369, 9.156808674092105 ], [ -75.728664955872674, 9.156161076639272 ], [ -75.728739724103306, 9.155479757374568 ], [ -75.728996066028088, 9.154512122558961 ], [ -75.729178858351275, 9.153902951688266 ], [ -75.729396396666829, 9.15365264599744 ], [ -75.729648817725788, 9.153725331862804 ], [ -75.729646926249728, 9.154227555764958 ], [ -75.729644764035953, 9.154801526448038 ], [ -75.729786726950493, 9.155447778683687 ], [ -75.730074571546353, 9.155699965347159 ], [ -75.730436102124443, 9.155557815422409 ], [ -75.730943242270698, 9.155093343866854 ], [ -75.731270965640078, 9.154341213824232 ], [ -75.731489852678834, 9.153732175619167 ], [ -75.731492551947966, 9.153014713298772 ], [ -75.731530944361708, 9.152405002790148 ], [ -75.731930051922404, 9.151868380371274 ], [ -75.732291576862082, 9.151726228111061 ], [ -75.732940543223208, 9.151943878386538 ], [ -75.733480675064328, 9.152304618376164 ], [ -75.733911972984089, 9.1528084493705 ], [ -75.733945916735379, 9.153382554153167 ], [ -75.734196991665428, 9.153813969254443 ], [ -75.734630178116802, 9.153815574833557 ], [ -75.73531713217632, 9.153531130021229 ], [ -75.735750316989765, 9.153532735267936 ], [ -75.736145924993906, 9.153928810344066 ], [ -75.736540995643367, 9.154468378407447 ], [ -75.737078448111447, 9.15554657794838 ], [ -75.737436480877975, 9.156337125098101 ], [ -75.737433660034327, 9.157090463366556 ], [ -75.737359982792768, 9.157484800644585 ], [ -75.737069710306116, 9.157878337988318 ], [ -75.736995628862658, 9.15838029577742 ], [ -75.737355009157341, 9.158812111390462 ], [ -75.737968027152974, 9.158993747340279 ], [ -75.738365120224501, 9.158995215638635 ], [ -75.738869839811485, 9.159176449845509 ], [ -75.739048457548066, 9.159679343063472 ], [ -75.739010344413344, 9.160217308962316 ], [ -75.738792134564761, 9.160646987014713 ], [ -75.738429929548062, 9.160968510576355 ], [ -75.738754289174096, 9.161113204960403 ], [ -75.739152727683745, 9.160755940600612 ], [ -75.739623230759037, 9.160434816045159 ], [ -75.740164589999154, 9.160472689671192 ], [ -75.740740975956228, 9.16079768211692 ], [ -75.740883631340537, 9.161264567004354 ], [ -75.740953549992923, 9.161874680100992 ], [ -75.740952880302316, 9.162054046279996 ], [ -75.741094329265337, 9.162843791005606 ], [ -75.741416678866969, 9.163526583218879 ], [ -75.741630999741105, 9.164137228362636 ], [ -75.741845051904562, 9.164819619212031 ], [ -75.741625904415017, 9.165500411752342 ], [ -75.74101072734878, 9.165892751968125 ], [ -75.740469225012788, 9.165890752410498 ], [ -75.739566723019792, 9.165887417385278 ], [ -75.73906172442031, 9.165777927876515 ], [ -75.738665563683895, 9.165525346214434 ], [ -75.738198144634296, 9.165021385117141 ], [ -75.73773180374927, 9.16423043693154 ], [ -75.737372688201489, 9.163726876288566 ], [ -75.736869577336208, 9.16311515998774 ], [ -75.736438398579494, 9.162575457179569 ], [ -75.736348394729561, 9.162492855555852 ] ] ] } },
{ "type": "Feature", "properties": { "OBJECTID": 8761.0, "NOMBRE_GEO": null, "PROYECTO": "HERNANDEZN", "SYMBOL": "3", "FECHA": null, "RULEID": 1, "PK_CUE": 708181.0, "GLOBALID": "{38E7A695-A41F-4C56-9E20-97231294E849}", "SHAPE_Leng": 1062.2658393107599, "SHAPE_Area": 59769.307737486954 }, "geometry": { "type": "Polygon", "coordinates": [ [ [ -75.833065513703872, 9.07228302024545 ], [ -75.833218299725715, 9.072207740870855 ], [ -75.833497918127549, 9.072208692734993 ], [ -75.833802958901586, 9.072209734564495 ], [ -75.834133412943359, 9.07221086726973 ], [ -75.834438372884719, 9.072237178776039 ], [ -75.834641122791297, 9.072414749254477 ], [ -75.834818360640611, 9.072617489788589 ], [ -75.835046442696623, 9.072820410342969 ], [ -75.835249012840663, 9.073048509972464 ], [ -75.835426341121078, 9.073225990592164 ], [ -75.835501727003091, 9.073478919778792 ], [ -75.835551781175724, 9.07370649857028 ], [ -75.835703776214729, 9.073858620446089 ], [ -75.835957721219643, 9.073935290622011 ], [ -75.836160730756788, 9.074037052695582 ], [ -75.836337977594297, 9.074239792817224 ], [ -75.836260749797091, 9.074517471867013 ], [ -75.836056868221348, 9.074668379648401 ], [ -75.835904253372391, 9.074693128046148 ], [ -75.835497531699005, 9.07469173574848 ], [ -75.835192751938621, 9.074614894283345 ], [ -75.834990181535076, 9.07438679398717 ], [ -75.834939337383773, 9.074386622915064 ], [ -75.83468531134065, 9.074335212323104 ], [ -75.834482382419395, 9.074208181858397 ], [ -75.834228707411384, 9.074055710609588 ], [ -75.833974510224337, 9.074054839027843 ], [ -75.833644047171504, 9.074053706751696 ], [ -75.833313673917615, 9.074027314718638 ], [ -75.833186831555537, 9.073951074594302 ], [ -75.833085672275203, 9.073799124598489 ], [ -75.833086641563384, 9.073521185711439 ], [ -75.833087783403187, 9.073192717107547 ], [ -75.833063061690197, 9.072990497109087 ], [ -75.832987584919138, 9.072762828151888 ], [ -75.832963133040892, 9.07248480893219 ], [ -75.833065513703872, 9.07228302024545 ] ] ] } },
{ "type": "Feature", "properties": { "OBJECTID": 8762.0, "NOMBRE_GEO": null, "PROYECTO": "HERNANDEZN", "SYMBOL": "3", "FECHA": null, "RULEID": 1, "PK_CUE": 708182.0, "GLOBALID": "{8311FA98-26E4-4AA2-AD5A-4A0A959CBE02}", "SHAPE_Leng": 654.38044449965605, "SHAPE_Area": 20763.290796223399 }, "geometry": { "type": "Polygon", "coordinates": [ [ [ -75.835060968906106, 9.231237798059929 ], [ -75.834951544993615, 9.231237420799596 ], [ -75.834842049363786, 9.231255153558216 ], [ -75.834787144383597, 9.231309330584891 ], [ -75.834695767930015, 9.231363365233765 ], [ -75.834568135429592, 9.231353861267483 ], [ -75.834504400111769, 9.231326462047656 ], [ -75.834440789918787, 9.231262824765221 ], [ -75.834441040994989, 9.231190339623838 ], [ -75.834450356705645, 9.231136009938856 ], [ -75.834523300307524, 9.231136271243194 ], [ -75.834605370026509, 9.231136549085846 ], [ -75.834687511536544, 9.23111872679601 ], [ -75.834733326092675, 9.231055457876773 ], [ -75.834770147725507, 9.230955925265709 ], [ -75.834779589313229, 9.230865347601506 ], [ -75.834789057820856, 9.230765734413618 ], [ -75.834853153360697, 9.230693473002916 ], [ -75.834907895637059, 9.230684606694652 ], [ -75.834962738048333, 9.230648556832913 ], [ -75.835054051693476, 9.230612633967155 ], [ -75.835145302773427, 9.230594829193915 ], [ -75.835254798093473, 9.230577087370527 ], [ -75.835327875603994, 9.230541101413852 ], [ -75.835391997730795, 9.230459785452586 ], [ -75.835447190244281, 9.230324076871671 ], [ -75.83548407506477, 9.230206424346704 ], [ -75.83551184189119, 9.230088745280888 ], [ -75.835621598068016, 9.229998536319926 ], [ -75.835840481672264, 9.229990227015795 ], [ -75.836004298964752, 9.2300813971996 ], [ -75.836113344749435, 9.230190488265329 ], [ -75.836176793335241, 9.230299435865952 ], [ -75.836240141847114, 9.230435557922751 ], [ -75.836257937820463, 9.230562453910697 ], [ -75.836211548598399, 9.230788793101606 ], [ -75.836211072866064, 9.230924698745405 ], [ -75.836219705995077, 9.231060623748762 ], [ -75.836218941879721, 9.231278060867838 ], [ -75.836200032704127, 9.231468260605716 ], [ -75.836144912032481, 9.231585850192015 ], [ -75.836017054577255, 9.231639767394254 ], [ -75.835916650341062, 9.231666590552409 ], [ -75.83573433711399, 9.231647842680982 ], [ -75.835661537092591, 9.231602299153883 ], [ -75.835570510819323, 9.231556672642125 ], [ -75.835488576077623, 9.231520156954787 ], [ -75.835388575322554, 9.231429202359358 ], [ -75.835334244721707, 9.231320291093443 ], [ -75.835197755112262, 9.231238264793378 ], [ -75.835060968906106, 9.231237798059929 ] ] ] } },
{ "type": "Feature", "properties": { "OBJECTID": 8763.0, "NOMBRE_GEO": "Charco El Baradero", "PROYECTO": null, "SYMBOL": "3", "FECHA": null, "RULEID": 1, "PK_CUE": 708183.0, "GLOBALID": "{87767A67-B3B8-4CB5-B9E2-52061631F071}", "SHAPE_Leng": 4427.7736450488101, "SHAPE_Area": 613439.08343867189 }, "geometry": { "type": "Polygon", "coordinates": [ [ [ -75.762533343605668, 9.172875337949327 ], [ -75.762242914291093, 9.17192503157499 ], [ -75.762540335351432, 9.170976863158005 ], [ -75.763794617333815, 9.169594052793208 ], [ -75.764973530833501, 9.168722099949198 ], [ -75.765564325551878, 9.167921029754085 ], [ -75.766080298962322, 9.167484783557907 ], [ -75.765972424704188, 9.166938455263988 ], [ -75.765936017956989, 9.166754066997873 ], [ -75.765718996680491, 9.16675328093709 ], [ -75.765054254044486, 9.166750870187663 ], [ -75.76424570179006, 9.166820955815822 ], [ -75.763803209178377, 9.167257466109007 ], [ -75.763067867901341, 9.167400834207374 ], [ -75.762333064049031, 9.167398164126885 ], [ -75.762190135131931, 9.166302355226437 ], [ -75.762560759577269, 9.165427470413846 ], [ -75.76263746320295, 9.164551517970605 ], [ -75.762714166165466, 9.163675563784107 ], [ -75.763523247571769, 9.163459444164914 ], [ -75.764329646126953, 9.163973506161053 ], [ -75.764474191047469, 9.164631203736811 ], [ -75.765294760624499, 9.165247429012842 ], [ -75.765353536795047, 9.165291567768353 ], [ -75.765492103234749, 9.16531503356085 ], [ -75.766234761591846, 9.165440800397002 ], [ -75.767189735594158, 9.165517279167927 ], [ -75.768068555404128, 9.166323674189663 ], [ -75.768727203238541, 9.167056250979677 ], [ -75.768725332355345, 9.167567379981344 ], [ -75.769089524898135, 9.168444931647251 ], [ -75.769675234321483, 9.169031204640184 ], [ -75.769966485057068, 9.169762453317434 ], [ -75.769669618927267, 9.170564593976385 ], [ -75.768786773803043, 9.170853479422654 ], [ -75.768124372179457, 9.171143158842368 ], [ -75.767910898103452, 9.171172674718115 ], [ -75.767684789313918, 9.171295027165906 ], [ -75.767317027913137, 9.171960174648161 ], [ -75.767393304364717, 9.172402109555666 ], [ -75.768431478302531, 9.172323543551762 ], [ -75.768802383063957, 9.172321809572596 ], [ -75.769026665989216, 9.172689328870076 ], [ -75.768942902081861, 9.172971607639324 ], [ -75.768807620838444, 9.173427500973057 ], [ -75.767995472280589, 9.174242166280669 ], [ -75.765770740016876, 9.174399981805518 ], [ -75.764584190584472, 9.174479239782791 ], [ -75.763395549328322, 9.17411620391657 ], [ -75.763334151624477, 9.173944475989634 ], [ -75.762533343605668, 9.172875337949327 ] ] ] } },
{ "type": "Feature", "properties": { "OBJECTID": 8764.0, "NOMBRE_GEO": null, "PROYECTO": "HERNANDEZN", "SYMBOL": "3", "FECHA": null, "RULEID": 1, "PK_CUE": 708184.0, "GLOBALID": "{B695B3E2-2287-4EC7-BECA-DB68FF12464A}", "SHAPE_Leng": 1013.2527572023429, "SHAPE_Area": 40381.758917893472 }, "geometry": { "type": "Polygon", "coordinates": [ [ [ -75.666758824819055, 9.04385886909083 ], [ -75.666863955402292, 9.043677615989104 ], [ -75.667021205007913, 9.043522513009991 ], [ -75.667230764171904, 9.04334166403552 ], [ -75.667413714596577, 9.043290468757469 ], [ -75.667674782778292, 9.043291475266299 ], [ -75.66788342612854, 9.043344187551501 ], [ -75.668065362348216, 9.043552498769024 ], [ -75.668247693235074, 9.04365700865841 ], [ -75.668665301348085, 9.043684578063948 ], [ -75.668822640565665, 9.04350352295282 ], [ -75.668693022604913, 9.043269457887446 ], [ -75.668563208118243, 9.04308729691339 ], [ -75.668564528288186, 9.042749926164948 ], [ -75.668669657654675, 9.042568672889033 ], [ -75.669009346861699, 9.042492127383222 ], [ -75.669218196350556, 9.042492935654732 ], [ -75.669504758572245, 9.042649755447304 ], [ -75.669738796895786, 9.042884223665185 ], [ -75.669841906345596, 9.04322199117559 ], [ -75.669814687334167, 9.043507358331647 ], [ -75.669604517387285, 9.043843911998099 ], [ -75.669342441718499, 9.044102419798293 ], [ -75.669028956760272, 9.044153111663114 ], [ -75.668715580425811, 9.044177851570652 ], [ -75.668454215418137, 9.044254702737087 ], [ -75.668245061004299, 9.04433174209665 ], [ -75.667957482744896, 9.044434438314038 ], [ -75.667852954863179, 9.044459986131814 ], [ -75.667565682944868, 9.044484833363635 ], [ -75.667330727959808, 9.04448392616931 ], [ -75.667200193797257, 9.044483413897503 ], [ -75.666991947209141, 9.044326900092139 ], [ -75.666835721088319, 9.044222488823804 ], [ -75.66678411194269, 9.044066578375928 ], [ -75.666758824819055, 9.04385886909083 ] ] ] } },
{ "type": "Feature", "properties": { "OBJECTID": 8765.0, "NOMBRE_GEO": null, "PROYECTO": "HERNANDEZN", "SYMBOL": "3", "FECHA": null, "RULEID": 1, "PK_CUE": 708185.0, "GLOBALID": "{24716D24-5F2E-4E0B-9B68-3D5C2838EC0D}", "SHAPE_Leng": 730.23832603942651, "SHAPE_Area": 24180.942879460632 }, "geometry": { "type": "Polygon", "coordinates": [ [ [ -75.922095368094205, 9.229497941055516 ], [ -75.922087426846687, 9.229407830844389 ], [ -75.922087714299096, 9.229317756725148 ], [ -75.922145682204601, 9.229236054683172 ], [ -75.922211798269529, 9.229178949321636 ], [ -75.922327294596656, 9.229146565233034 ], [ -75.92241795299708, 9.22914686163106 ], [ -75.92256631890055, 9.229147338334213 ], [ -75.922714595357618, 9.22917239189519 ], [ -75.922805063914325, 9.229230001043476 ], [ -75.922911944794635, 9.22931223175194 ], [ -75.923027117653277, 9.22937811505145 ], [ -75.923224739221524, 9.229436074020185 ], [ -75.923488429736935, 9.229453304279895 ], [ -75.923686328619311, 9.229429382305089 ], [ -75.923876188163959, 9.229339919025668 ], [ -75.924098987616546, 9.229258746830659 ], [ -75.92432990019131, 9.229218547072323 ], [ -75.924478148570316, 9.229251785207174 ], [ -75.924593295341239, 9.22932585144774 ], [ -75.924650509328856, 9.229473435419212 ], [ -75.924633646879826, 9.229588024327246 ], [ -75.924575741965597, 9.229653350436076 ], [ -75.924460110595419, 9.229726679122834 ], [ -75.924360909538223, 9.229816438581526 ], [ -75.924302924188282, 9.229906324313665 ], [ -75.92421175416959, 9.230061615956808 ], [ -75.924112525922126, 9.230159567969078 ], [ -75.924029809123738, 9.230249373050878 ], [ -75.923897747961945, 9.230306271737144 ], [ -75.923732717672323, 9.230363063690914 ], [ -75.923551257764657, 9.230403415707562 ], [ -75.923501697677835, 9.230436016447571 ], [ -75.923435554665076, 9.230501313727896 ], [ -75.92334483453871, 9.230517393878184 ], [ -75.923278889047651, 9.230517178664739 ], [ -75.923105999101836, 9.230459299713818 ], [ -75.922990799675873, 9.230401610035759 ], [ -75.922900275562981, 9.230360369044552 ], [ -75.922851138041239, 9.230261949001363 ], [ -75.922851408102233, 9.230180059314748 ], [ -75.922851704394688, 9.230089985184176 ], [ -75.922852054831935, 9.229983525884904 ], [ -75.922786496113147, 9.229868666718541 ], [ -75.922663183820106, 9.229770005128954 ], [ -75.922539683631868, 9.229728663552022 ], [ -75.922457317050501, 9.229712018968687 ], [ -75.922366794135684, 9.229670785893349 ], [ -75.922243265926184, 9.229637628655684 ], [ -75.922152770062041, 9.229588194790201 ], [ -75.922095368094205, 9.229497941055516 ] ] ] } },
{ "type": "Feature", "properties": { "OBJECTID": 8766.0, "NOMBRE_GEO": null, "PROYECTO": "HERNANDEZN", "SYMBOL": "3", "FECHA": null, "RULEID": 1, "PK_CUE": 708186.0, "GLOBALID": "{05870786-AEDE-4FAD-BEEA-0D36DF208E43}", "SHAPE_Leng": 923.7118441409076, "SHAPE_Area": 20736.687894820458 }, "geometry": { "type": "Polygon", "coordinates": [ [ [ -75.903341051156843, 9.244176287444247 ], [ -75.903145756882168, 9.24414577056692 ], [ -75.902837221778185, 9.244156560447223 ], [ -75.902623980430619, 9.244073430258906 ], [ -75.902578408034501, 9.243881945417604 ], [ -75.902590365413261, 9.243625933575682 ], [ -75.902637966746724, 9.243534970888732 ], [ -75.902936530683704, 9.243408371403413 ], [ -75.903201623610968, 9.243424721284784 ], [ -75.903375951142863, 9.243466627104755 ], [ -75.903486272998137, 9.243527541629089 ], [ -75.903661022015768, 9.243719000017901 ], [ -75.903903539950136, 9.243842724885059 ], [ -75.904197074277818, 9.244095340438395 ], [ -75.904242617782288, 9.244188827871467 ], [ -75.904228756955746, 9.244443185598048 ], [ -75.904290309842878, 9.244640132033929 ], [ -75.904327850401003, 9.244940878702838 ], [ -75.904436367149003, 9.245284071743125 ], [ -75.904641192407212, 9.245587171594165 ], [ -75.905014953871415, 9.245869718929731 ], [ -75.905062797989231, 9.245933661107834 ], [ -75.905039918071353, 9.246201467234657 ], [ -75.904966884629744, 9.246223152349751 ], [ -75.904933233742113, 9.246217358073668 ], [ -75.904827681576933, 9.246199175609704 ], [ -75.904642511692558, 9.246090713610828 ], [ -75.904519686337224, 9.245842122732039 ], [ -75.904223232820272, 9.245518783391244 ], [ -75.904117383601871, 9.245297491683061 ], [ -75.904101914705578, 9.24505166784463 ], [ -75.904050262067429, 9.24481107325127 ], [ -75.903777569130426, 9.244594245590795 ], [ -75.903620553067682, 9.244347722077311 ], [ -75.903480981635013, 9.244239142085357 ], [ -75.903341051156843, 9.244176287444247 ] ] ] } },
{ "type": "Feature", "properties": { "OBJECTID": 8767.0, "NOMBRE_GEO": null, "PROYECTO": "HERNANDEZN", "SYMBOL": "3", "FECHA": null, "RULEID": 1, "PK_CUE": 708187.0, "GLOBALID": "{D24BDFE2-808A-46DF-8182-B123E0EBF268}", "SHAPE_Leng": 930.39536151771119, "SHAPE_Area": 37197.06080107126 }, "geometry": { "type": "Polygon", "coordinates": [ [ [ -75.88578591298338, 9.207590330661379 ], [ -75.885628223191006, 9.207410056978878 ], [ -75.885493142865386, 9.207229855053519 ], [ -75.885403446850091, 9.207004862988745 ], [ -75.885404200893106, 9.206780168276822 ], [ -75.885495263008607, 9.20660071995942 ], [ -75.885721702377992, 9.206511598144113 ], [ -75.885947844182809, 9.206512343548873 ], [ -75.886196442573322, 9.206558113322796 ], [ -75.886490039983713, 9.206671434677858 ], [ -75.886647883273099, 9.206806776085969 ], [ -75.886783114678209, 9.206942043801579 ], [ -75.886963873587405, 9.206987580437502 ], [ -75.887054325298024, 9.206987884633252 ], [ -75.887145234753319, 9.20685337068554 ], [ -75.887236368927674, 9.206651447712128 ], [ -75.887462582821243, 9.206629735742036 ], [ -75.887643198052146, 9.206720204713807 ], [ -75.887710580995886, 9.206855248758485 ], [ -75.887822968755742, 9.207057846049526 ], [ -75.888071272393617, 9.207193482386019 ], [ -75.888206270732198, 9.207396160197677 ], [ -75.88818320230321, 9.207530899277526 ], [ -75.888001993897277, 9.207620173207726 ], [ -75.887775851701761, 9.207619419372016 ], [ -75.887617632374898, 9.207596431262223 ], [ -75.887391642605934, 9.207550732696079 ], [ -75.887188120619228, 9.20755006007964 ], [ -75.887006984019976, 9.207616867245537 ], [ -75.886938765921215, 9.207728985677615 ], [ -75.886870386143272, 9.207886047781718 ], [ -75.886733644560934, 9.208200161012641 ], [ -75.886642510853591, 9.208402084949379 ], [ -75.886483760886833, 9.208536364698125 ], [ -75.886167086187427, 9.208557781262435 ], [ -75.885963869675052, 9.208467230796531 ], [ -75.885896701806502, 9.208264786347208 ], [ -75.885874621893635, 9.208107428093157 ], [ -75.885875152269264, 9.207950141662105 ], [ -75.885853142907791, 9.207770317949423 ], [ -75.88578591298338, 9.207590330661379 ] ] ] } },
{ "type": "Feature", "properties": { "OBJECTID": 8768.0, "NOMBRE_GEO": "Charco La Rasquiña", "PROYECTO": null, "SYMBOL": "3", "FECHA": null, "RULEID": 1, "PK_CUE": 708188.0, "GLOBALID": "{C2FB2A56-FC20-4FE5-BAF0-3323E776DC02}", "SHAPE_Leng": 2785.7726192193722, "SHAPE_Area": 250889.04112327812 }, "geometry": { "type": "Polygon", "coordinates": [ [ [ -75.879402439598124, 9.22672699758378 ], [ -75.879239890185161, 9.226726450011412 ], [ -75.879077123766891, 9.226790509141862 ], [ -75.878817044243718, 9.226789636567304 ], [ -75.878687444158956, 9.226660002384069 ], [ -75.878493156416539, 9.226433249339179 ], [ -75.878461085585656, 9.226303936381028 ], [ -75.878364543567102, 9.226012917642478 ], [ -75.878170031916639, 9.225850762998528 ], [ -75.877975636788449, 9.225656304711483 ], [ -75.877911388638609, 9.225429991876302 ], [ -75.877911936973916, 9.225268492798365 ], [ -75.878107652833663, 9.225075346203093 ], [ -75.878208480001774, 9.225047091289289 ], [ -75.877980237389139, 9.224795954654123 ], [ -75.877620491358925, 9.224400124989559 ], [ -75.877298187077855, 9.223609790129267 ], [ -75.877120314895095, 9.222819937174336 ], [ -75.877340720303991, 9.221708533445684 ], [ -75.877847439587228, 9.221351467896293 ], [ -75.878389659840366, 9.221173898365432 ], [ -75.87889528902987, 9.221139706846278 ], [ -75.879436418711322, 9.22128501081821 ], [ -75.879795922752223, 9.22175258938586 ], [ -75.879758243243174, 9.222218844593334 ], [ -75.879540144335166, 9.22264862464948 ], [ -75.879430610834021, 9.223007014949141 ], [ -75.879429037395582, 9.223473391373538 ], [ -75.879467404266038, 9.223488787937063 ], [ -75.879789631830519, 9.223618093635682 ], [ -75.879898924014284, 9.223331453611124 ], [ -75.879988147065376, 9.223046744866908 ], [ -75.880044927664485, 9.222865558842519 ], [ -75.880299254683862, 9.222400023599496 ], [ -75.880517110679008, 9.222041992795431 ], [ -75.880771074086695, 9.22168408298945 ], [ -75.881097494203701, 9.221254663049786 ], [ -75.881460141180256, 9.220789487084792 ], [ -75.882039071410986, 9.220432654662039 ], [ -75.882435772052233, 9.220577474893171 ], [ -75.882361505192236, 9.22118711333566 ], [ -75.882034966257933, 9.221652409944769 ], [ -75.881527886685646, 9.222117105622489 ], [ -75.881129492674646, 9.222474536606855 ], [ -75.881272473610238, 9.222905518205989 ], [ -75.881921208183044, 9.223266429692858 ], [ -75.882389403328375, 9.223626741187717 ], [ -75.882530816717221, 9.22452409863544 ], [ -75.882312960557798, 9.224882129574539 ], [ -75.881951035397236, 9.225132055760374 ], [ -75.881217634845726, 9.225267768399581 ], [ -75.881162562532282, 9.22537629056478 ], [ -75.88096641609161, 9.225698632732987 ], [ -75.880770583138897, 9.225924074901172 ], [ -75.880542248597351, 9.226149416949168 ], [ -75.880346426050139, 9.226374858048102 ], [ -75.880117983851193, 9.226632495207731 ], [ -75.879954777593696, 9.226825750108709 ], [ -75.879629569899393, 9.22685695698808 ], [ -75.879402439598124, 9.22672699758378 ] ] ] } },
{ "type": "Feature", "properties": { "OBJECTID": 8769.0, "NOMBRE_GEO": null, "PROYECTO": "HERNANDEZN", "SYMBOL": "3", "FECHA": null, "RULEID": 1, "PK_CUE": 708189.0, "GLOBALID": "{C9C3FF82-54C6-464F-955A-8D5AFE8952BB}", "SHAPE_Leng": 481.82812351754245, "SHAPE_Area": 10482.198740653344 }, "geometry": { "type": "Polygon", "coordinates": [ [ [ -75.889719797560232, 9.286769170221739 ], [ -75.889837665537115, 9.286725699979208 ], [ -75.889992166799075, 9.28672623910969 ], [ -75.89009508734884, 9.286748499020856 ], [ -75.890146389988104, 9.286807131789535 ], [ -75.890194565886361, 9.286869780849418 ], [ -75.890219646949603, 9.286902389711789 ], [ -75.890197171081908, 9.287019252267919 ], [ -75.89013065961494, 9.287106730345403 ], [ -75.890042130801689, 9.287179519784601 ], [ -75.889975692350234, 9.287245070269048 ], [ -75.889776822938515, 9.287310188638395 ], [ -75.889666293977413, 9.287360970587292 ], [ -75.889526308741708, 9.287418975123735 ], [ -75.88939365460898, 9.28748430943177 ], [ -75.889275643559245, 9.2875716167107 ], [ -75.889128202570575, 9.287658824988345 ], [ -75.8889883706982, 9.287672983148877 ], [ -75.888863146118837, 9.287716397973906 ], [ -75.888774787871512, 9.287738030336026 ], [ -75.888576053990818, 9.287766605367567 ], [ -75.888502597681281, 9.287729810152909 ], [ -75.888458697564516, 9.28765657934685 ], [ -75.888437012228536, 9.287546876548472 ], [ -75.888437011579654, 9.287546464439249 ], [ -75.888437245643217, 9.287473799351687 ], [ -75.888466898733199, 9.287408122755989 ], [ -75.888518551646044, 9.287364438332384 ], [ -75.888584866078261, 9.287335431657562 ], [ -75.888687966172441, 9.287306542219394 ], [ -75.888820637909561, 9.287233903828094 ], [ -75.888894336391516, 9.28719760277899 ], [ -75.88900483712338, 9.28715412456012 ], [ -75.889108026610131, 9.287103307293602 ], [ -75.889196421316939, 9.287067059915138 ], [ -75.889351120108657, 9.287009110004432 ], [ -75.889461783286791, 9.286921774550203 ], [ -75.889594527856474, 9.286827219214636 ], [ -75.889719797560232, 9.286769170221739 ] ] ] } },
{ "type": "Feature", "properties": { "OBJECTID": 8770.0, "NOMBRE_GEO": "Charco La Maminga", "PROYECTO": null, "SYMBOL": "3", "FECHA": null, "RULEID": 1, "PK_CUE": 708190.0, "GLOBALID": "{649335CA-9579-466B-A2AA-5B984CE53DA7}", "SHAPE_Leng": 4731.7026583537781, "SHAPE_Area": 204356.78736840043 }, "geometry": { "type": "Polygon", "coordinates": [ [ [ -75.860139406698622, 9.187056640069178 ], [ -75.859898792866517, 9.186870689042292 ], [ -75.859875167844407, 9.186630766756624 ], [ -75.859973820947602, 9.186496046669559 ], [ -75.860177180975484, 9.186367569745297 ], [ -75.860403008629547, 9.186350016936455 ], [ -75.860751663394936, 9.186422214040263 ], [ -75.860871085074265, 9.186382913430684 ], [ -75.860935342336219, 9.186311668429164 ], [ -75.860966764848911, 9.186188670033424 ], [ -75.860958249204927, 9.186069446133859 ], [ -75.860772934535433, 9.18577911025651 ], [ -75.860655912381105, 9.185526773888089 ], [ -75.860624137569232, 9.185142374975378 ], [ -75.860765451720155, 9.184931755834407 ], [ -75.860953532366963, 9.184825530886066 ], [ -75.861042887722263, 9.184636031075392 ], [ -75.861271580692701, 9.184388463947673 ], [ -75.861576217716205, 9.184248164953736 ], [ -75.861669228844221, 9.184133746915874 ], [ -75.861671852271897, 9.183836764399839 ], [ -75.861588128781577, 9.183381488960247 ], [ -75.861662895728074, 9.183080320308914 ], [ -75.861655162069397, 9.182793146402446 ], [ -75.861544498355727, 9.182526149211965 ], [ -75.861331138741562, 9.182359016999012 ], [ -75.861074786686757, 9.181968582928231 ], [ -75.861062154375489, 9.181957289021174 ], [ -75.861066467088207, 9.181670861807055 ], [ -75.860525772687367, 9.18141791432061 ], [ -75.859768092264119, 9.181271860650757 ], [ -75.85919092800475, 9.181126412955026 ], [ -75.858722566148117, 9.180837832384722 ], [ -75.858690819614267, 9.180339159322731 ], [ -75.858688301248876, 9.180299586187287 ], [ -75.858834306037352, 9.179833699817951 ], [ -75.859087764146494, 9.179619301703905 ], [ -75.859121676379516, 9.17959141442179 ], [ -75.859304995290756, 9.179440657596114 ], [ -75.859342201350699, 9.179117905769139 ], [ -75.859343238420649, 9.178814155000968 ], [ -75.859343303381081, 9.178795032184501 ], [ -75.85948869536638, 9.178508518852107 ], [ -75.859742396398488, 9.178222371716508 ], [ -75.859928761782669, 9.178038435360056 ], [ -75.85995974805418, 9.178007851738517 ], [ -75.86014148737047, 9.177649711189105 ], [ -75.860243628785824, 9.177515332869218 ], [ -75.860368539891354, 9.177541730244393 ], [ -75.860480551100721, 9.177614053438901 ], [ -75.86056047525426, 9.177861610710194 ], [ -75.860556557729055, 9.178118887873859 ], [ -75.860430945860415, 9.178460670213312 ], [ -75.860381710209083, 9.178778080854253 ], [ -75.860408245749269, 9.179098851780214 ], [ -75.860492480614809, 9.179312030993959 ], [ -75.8606134302009, 9.179447693625066 ], [ -75.860740641405471, 9.179499382934438 ], [ -75.860918614629227, 9.179496418570219 ], [ -75.861163225922837, 9.179380563165967 ], [ -75.861279593538114, 9.179362301211016 ], [ -75.861505932774719, 9.179396606837397 ], [ -75.861686270035051, 9.179491037750015 ], [ -75.861758339841131, 9.179565506941682 ], [ -75.861976630637258, 9.17944965355824 ], [ -75.862338273941717, 9.179271494049773 ], [ -75.86273577454422, 9.179165203599325 ], [ -75.863133275700648, 9.179058913678981 ], [ -75.863206582148749, 9.17873628210053 ], [ -75.862991184117988, 9.178376804449655 ], [ -75.862812133099112, 9.177945698314579 ], [ -75.863029971983465, 9.177587676850957 ], [ -75.863426984438078, 9.177624886436389 ], [ -75.86385936604843, 9.177877465781512 ], [ -75.864652536904728, 9.178203005901675 ], [ -75.864831955211059, 9.17852648697588 ], [ -75.864866352049944, 9.179028857778116 ], [ -75.864648635101801, 9.179351005264309 ], [ -75.864178318297363, 9.179636430064409 ], [ -75.863635913721524, 9.179885736163554 ], [ -75.863167059764237, 9.179740658575414 ], [ -75.862733821327069, 9.179739202835258 ], [ -75.862300338283575, 9.179809496279105 ], [ -75.862082373799524, 9.180203391870982 ], [ -75.862081678705721, 9.180407547677031 ], [ -75.862386695927484, 9.180662738132272 ], [ -75.862456764045078, 9.180770940384589 ], [ -75.862472744704505, 9.180871209584105 ], [ -75.862421864713781, 9.18104788144009 ], [ -75.862123678413582, 9.181308285362533 ], [ -75.862030181260792, 9.18155355241842 ], [ -75.861843106586321, 9.181724915010872 ], [ -75.861754927804441, 9.181935803363553 ], [ -75.861830279020268, 9.182372708003959 ], [ -75.862230235590147, 9.182673346935402 ], [ -75.862298525540908, 9.182781253206361 ], [ -75.862326059091203, 9.182898016122985 ], [ -75.862290441206468, 9.183027911928601 ], [ -75.861979416662493, 9.183207260954443 ], [ -75.861887680710481, 9.18330306628375 ], [ -75.861843080387786, 9.183397101579898 ], [ -75.861871934412974, 9.183708906906652 ], [ -75.861991077766646, 9.184109330846535 ], [ -75.861965088624672, 9.184602056559177 ], [ -75.861786521717775, 9.18481013431952 ], [ -75.861584724565191, 9.184956119187985 ], [ -75.861480143416628, 9.184978396933696 ], [ -75.861217350182898, 9.184959487186259 ], [ -75.861024669751927, 9.185013566027729 ], [ -75.860963333036025, 9.185084560070123 ], [ -75.860922450933472, 9.185223502074265 ], [ -75.860936041941201, 9.18550362355888 ], [ -75.860984399438422, 9.185657281240648 ], [ -75.861608259841887, 9.186425771779971 ], [ -75.86169167802953, 9.186602147088315 ], [ -75.861681481846787, 9.186770419407262 ], [ -75.861640627341203, 9.186854663335058 ], [ -75.861581678818467, 9.186889840619328 ], [ -75.861143140384058, 9.186883310345197 ], [ -75.860996714436695, 9.186930148550749 ], [ -75.860829529352714, 9.187051143217472 ], [ -75.860644736637013, 9.187282431598309 ], [ -75.860319177633713, 9.187467448585435 ], [ -75.860234593349745, 9.187551954158423 ], [ -75.860187098631329, 9.187741784745642 ], [ -75.860216222010664, 9.187982220061166 ], [ -75.860453593091165, 9.188253430432303 ], [ -75.86050409582964, 9.188392696409279 ], [ -75.860466348733226, 9.188925468559439 ], [ -75.86052870076432, 9.189390733271919 ], [ -75.860527299754523, 9.18961970465568 ], [ -75.860353988204466, 9.190045335291769 ], [ -75.860260212878458, 9.190156520439398 ], [ -75.860150448029458, 9.19021783859378 ], [ -75.860049772737028, 9.190235590008466 ], [ -75.859914459934615, 9.190205604237491 ], [ -75.859834644647563, 9.19014192185622 ], [ -75.859814388252232, 9.190001290797465 ], [ -75.859916319744684, 9.189675212269986 ], [ -75.859942874378078, 9.189327661792507 ], [ -75.859870434011981, 9.189119532185357 ], [ -75.859714666395675, 9.188981783742262 ], [ -75.859692396880618, 9.188824660051361 ], [ -75.859732174403774, 9.188699317820596 ], [ -75.859880216113112, 9.18856097689182 ], [ -75.860012116357808, 9.188348957185536 ], [ -75.860014046743984, 9.187883125645408 ], [ -75.860202532245779, 9.18726982882905 ], [ -75.860185015171439, 9.18714146843552 ], [ -75.860139406698622, 9.187056640069178 ] ] ] } },
{ "type": "Feature", "properties": { "OBJECTID": 8771.0, "NOMBRE_GEO": null, "PROYECTO": "HERNANDEZN", "SYMBOL": "3", "FECHA": null, "RULEID": 1, "PK_CUE": 708191.0, "GLOBALID": "{6AE50292-A45B-4E8D-A86C-ED52C9351C54}", "SHAPE_Leng": 1607.1569220127192, "SHAPE_Area": 77376.910234914249 }, "geometry": { "type": "Polygon", "coordinates": [ [ [ -75.863362352128533, 9.2124775576976 ], [ -75.863798080176764, 9.211761520579213 ], [ -75.864231848000259, 9.211619481306647 ], [ -75.864989473365029, 9.211801408777731 ], [ -75.865349682016628, 9.212053747988492 ], [ -75.865747098141682, 9.211983335324598 ], [ -75.866506192021959, 9.21173476110139 ], [ -75.867156718719954, 9.211557571397762 ], [ -75.867915322592225, 9.211452493327844 ], [ -75.868926549992949, 9.211384137073347 ], [ -75.869466806777098, 9.211780577778512 ], [ -75.869393105918945, 9.212139031263668 ], [ -75.869268801318171, 9.212359951945929 ], [ -75.869211745161607, 9.212461355125029 ], [ -75.868597931945601, 9.212459294564955 ], [ -75.868201857358457, 9.212135086725965 ], [ -75.867717003651251, 9.212108099025224 ], [ -75.867515953215275, 9.212096907964153 ], [ -75.867414798575737, 9.212130033019335 ], [ -75.866648418384358, 9.212380995397444 ], [ -75.86596092566883, 9.212809186648037 ], [ -75.865454332412128, 9.213130360696349 ], [ -75.865056180341313, 9.213416022703615 ], [ -75.864773449759738, 9.213455509375525 ], [ -75.864333678979392, 9.21352121463754 ], [ -75.86364826537428, 9.213339529162822 ], [ -75.863360758681651, 9.21294393072354 ], [ -75.863362352128533, 9.2124775576976 ] ] ] } },
{ "type": "Feature", "properties": { "OBJECTID": 8772.0, "NOMBRE_GEO": null, "PROYECTO": "HERNANDEZN", "SYMBOL": "3", "FECHA": null, "RULEID": 1, "PK_CUE": 708269.0, "GLOBALID": "{459F7BD9-3BA6-4671-A555-9795A59A900F}", "SHAPE_Leng": 1861.0509680799425, "SHAPE_Area": 56635.712453895918 }, "geometry": { "type": "Polygon", "coordinates": [ [ [ -75.862614850044764, 9.197320080644348 ], [ -75.862683929541916, 9.197238281072773 ], [ -75.862807807734541, 9.197225030212897 ], [ -75.862917841606318, 9.197239079565936 ], [ -75.863082818115871, 9.197280653709889 ], [ -75.86327555237709, 9.197253956089234 ], [ -75.863344443161495, 9.197226844895521 ], [ -75.863399860307425, 9.197117655290249 ], [ -75.863400282919486, 9.196994612836672 ], [ -75.863373224632923, 9.196857799026953 ], [ -75.86337383573364, 9.196680058173566 ], [ -75.863388163662464, 9.196516044368257 ], [ -75.863471097079739, 9.196406944414903 ], [ -75.863581545016316, 9.196297942223987 ], [ -75.863678195043519, 9.19620255935634 ], [ -75.863747274989976, 9.196120757902142 ], [ -75.863926246325306, 9.196094024854622 ], [ -75.864050079281029, 9.196094438332484 ], [ -75.864201391253118, 9.196108622181743 ], [ -75.864325088634729, 9.196150061090304 ], [ -75.864476303247926, 9.196191591300414 ], [ -75.864641376555014, 9.196205820148835 ], [ -75.864806442575983, 9.19622004897535 ], [ -75.86499898674586, 9.196248049877221 ], [ -75.865150345096964, 9.196248562337727 ], [ -75.865343168355153, 9.196194519224509 ], [ -75.865467476845879, 9.196058218044104 ], [ -75.865605539269112, 9.195921961165656 ], [ -75.865688660042466, 9.195758179827719 ], [ -75.865771646133808, 9.195635407696063 ], [ -75.865840861782928, 9.195512589572663 ], [ -75.865869131776407, 9.195293931080808 ], [ -75.865883262187793, 9.195184596902822 ], [ -75.865924917036352, 9.195075362070428 ], [ -75.865898057344523, 9.194883859356583 ], [ -75.865733172119917, 9.194814939858027 ], [ -75.865499583356652, 9.19471844334227 ], [ -75.865403732039681, 9.194581395703791 ], [ -75.865445477101943, 9.194444816298876 ], [ -75.865555744625766, 9.194390503956306 ], [ -75.865762187117468, 9.194377524416085 ], [ -75.865899782411446, 9.194377990732418 ], [ -75.866092327190557, 9.194405982277912 ], [ -75.866257257670981, 9.194461228903116 ], [ -75.866408380583465, 9.194530103041249 ], [ -75.866573212973719, 9.194612694128997 ], [ -75.866724147877662, 9.1947362573038 ], [ -75.866929987974672, 9.194901017321277 ], [ -75.867176863194956, 9.195134281775484 ], [ -75.867231346049564, 9.195298529752751 ], [ -75.867093274605921, 9.195434787074856 ], [ -75.866969532042347, 9.19540702006919 ], [ -75.866873591897331, 9.195297317608773 ], [ -75.866667285403224, 9.195269280615358 ], [ -75.866501563925596, 9.195446464770496 ], [ -75.866514715423605, 9.195624242160735 ], [ -75.866513870401349, 9.195870343618466 ], [ -75.86649955117116, 9.196034357952074 ], [ -75.866444233330711, 9.19611620396137 ], [ -75.866306493912475, 9.196156762677848 ], [ -75.866182472982487, 9.196211030176036 ], [ -75.866127055969756, 9.19632021991848 ], [ -75.866044401675438, 9.196347287313049 ], [ -75.865948085101493, 9.196346963081588 ], [ -75.86574168782046, 9.196346262181219 ], [ -75.865631239823628, 9.196455263941163 ], [ -75.865630674359409, 9.196619331711037 ], [ -75.865657721599931, 9.1967561460913 ], [ -75.865740007916514, 9.196838458083874 ], [ -75.865904795136757, 9.19693472194629 ], [ -75.865945514826649, 9.197098925076096 ], [ -75.865876336320582, 9.197208069705148 ], [ -75.865765932718602, 9.197303398827369 ], [ -75.865669571338913, 9.19731674824857 ], [ -75.86553229854654, 9.197220583717806 ], [ -75.86547753758316, 9.197138361073016 ], [ -75.865395305767194, 9.197042376196777 ], [ -75.865230474002175, 9.196959784824672 ], [ -75.86501031489118, 9.196959039351791 ], [ -75.864790111163529, 9.196971965595244 ], [ -75.864625036596621, 9.196957736932941 ], [ -75.864363931792127, 9.196861149583611 ], [ -75.864116302653173, 9.196846642125449 ], [ -75.863937188089778, 9.196914392840856 ], [ -75.863798659373359, 9.197187372682032 ], [ -75.863811522236205, 9.197447183688659 ], [ -75.863852053658405, 9.197666075750773 ], [ -75.863920057093807, 9.197898740051645 ], [ -75.863919211589675, 9.198144832980494 ], [ -75.863794903683186, 9.198281134904555 ], [ -75.863602269132699, 9.198280488240796 ], [ -75.863423764675076, 9.198170507148786 ], [ -75.863369290673319, 9.198006250017611 ], [ -75.863369523758337, 9.197937888795078 ], [ -75.863342376972255, 9.197828419639093 ], [ -75.863232585217304, 9.197746017307104 ], [ -75.863026187572032, 9.197745316895324 ], [ -75.862847539606136, 9.197676352885678 ], [ -75.862737694168985, 9.197607614166273 ], [ -75.862641663979275, 9.19752525593896 ], [ -75.862614661440404, 9.197374770939975 ], [ -75.862614850044764, 9.197320080644348 ] ] ] } },
{ "type": "Feature", "properties": { "OBJECTID": 8773.0, "NOMBRE_GEO": "Charco Los Tigres", "PROYECTO": null, "SYMBOL": "3", "FECHA": null, "RULEID": 1, "PK_CUE": 708270.0, "GLOBALID": "{E6886B27-41D9-4046-99A5-54E64C22C09E}", "SHAPE_Leng": 1731.7672960615312, "SHAPE_Area": 95951.405686072452 }, "geometry": { "type": "Polygon", "coordinates": [ [ [ -75.855070807315158, 9.200770446979663 ], [ -75.855031379970896, 9.200678180723893 ], [ -75.854950298033927, 9.200471012370185 ], [ -75.854839599107805, 9.200226796427373 ], [ -75.854743560189604, 9.200041742857152 ], [ -75.854677218885598, 9.199871566229163 ], [ -75.854625755385442, 9.199701443437478 ], [ -75.854604050828371, 9.199524035348434 ], [ -75.854574874114675, 9.199361376618292 ], [ -75.854567795046776, 9.199257900076768 ], [ -75.854553503270836, 9.199087912102781 ], [ -75.85452417296257, 9.198969586307863 ], [ -75.854494987311654, 9.198806927614017 ], [ -75.85445087976619, 9.198658993221072 ], [ -75.854443773699344, 9.198562908962094 ], [ -75.854421746686498, 9.19848155804117 ], [ -75.854392281764959, 9.198400180160835 ], [ -75.854340405426157, 9.198348275173183 ], [ -75.854244706965446, 9.198296486740734 ], [ -75.854143539040081, 9.198212134683121 ], [ -75.853974807681539, 9.198110750617795 ], [ -75.853839827721742, 9.198026282958358 ], [ -75.853620422810579, 9.197907929955429 ], [ -75.853485559243779, 9.197789863718475 ], [ -75.85340159283335, 9.197621564955099 ], [ -75.853368589049936, 9.197386241683704 ], [ -75.853386196253908, 9.197184687351204 ], [ -75.853403802555974, 9.196983132125416 ], [ -75.85345528634376, 9.196764895019077 ], [ -75.853557496293419, 9.196546829394419 ], [ -75.853676433267054, 9.196379230926686 ], [ -75.853795252943002, 9.196245229040509 ], [ -75.853947661047371, 9.19617853756851 ], [ -75.854150914236655, 9.196078429900977 ], [ -75.854303384836996, 9.195994940000299 ], [ -75.854523481109467, 9.19591169277302 ], [ -75.8546928593384, 9.195828266811473 ], [ -75.855014176823616, 9.195812555094026 ], [ -75.855250838391669, 9.195830162015247 ], [ -75.855521258324373, 9.195864685112877 ], [ -75.855656473318774, 9.195881950154794 ], [ -75.855910156845439, 9.19586601417288 ], [ -75.856112888770497, 9.19591542966401 ], [ -75.856315468064778, 9.196010202810841 ], [ -75.856572295640248, 9.196064838069836 ], [ -75.856720715875497, 9.196172870229297 ], [ -75.856828324926568, 9.196347968586931 ], [ -75.856908886064502, 9.196522979370743 ], [ -75.857030166841639, 9.196657797732314 ], [ -75.857124392379092, 9.196792527692608 ], [ -75.857137220025592, 9.196994181080802 ], [ -75.857082422021705, 9.19719561129212 ], [ -75.857041422879277, 9.197316433645501 ], [ -75.856945896019539, 9.197558044597709 ], [ -75.856904807060971, 9.197705755335864 ], [ -75.856822673930253, 9.197987727215073 ], [ -75.856713852775982, 9.198162089734884 ], [ -75.856591600863254, 9.198309521904159 ], [ -75.856361272534045, 9.198416268004438 ], [ -75.856185517058847, 9.198388789341118 ], [ -75.856037097604784, 9.198280757189625 ], [ -75.855888758993203, 9.198145840237798 ], [ -75.855821312793708, 9.198091850930684 ], [ -75.855740338806442, 9.198037807911668 ], [ -75.855496941077973, 9.198010094736908 ], [ -75.855266990292648, 9.19800931440094 ], [ -75.855009883067211, 9.198035320403877 ], [ -75.85480670227021, 9.198115270134553 ], [ -75.854657302944915, 9.198289489189083 ], [ -75.854589067424754, 9.198463987265688 ], [ -75.854588457144089, 9.198638717961282 ], [ -75.854614956551103, 9.198800100979776 ], [ -75.854654797435032, 9.199015282981518 ], [ -75.85469458439313, 9.199243912860901 ], [ -75.854707277224676, 9.199485892101379 ], [ -75.854747161609296, 9.199687645212201 ], [ -75.85478718176789, 9.199849062952904 ], [ -75.854868066287679, 9.199929991808434 ], [ -75.854921624399793, 9.200091455900253 ], [ -75.854988692355406, 9.200252981941899 ], [ -75.855055777599361, 9.20041449877705 ], [ -75.855163154113058, 9.20065680138603 ], [ -75.855209713059864, 9.200787758315997 ], [ -75.855070807315158, 9.200770446979663 ] ] ] } },
{ "type": "Feature", "properties": { "OBJECTID": 8774.0, "NOMBRE_GEO": null, "PROYECTO": "HERNANDEZN", "SYMBOL": "3", "FECHA": null, "RULEID": 1, "PK_CUE": 708272.0, "GLOBALID": "{03CB485B-6348-46E7-A523-AA2E9B9BA683}", "SHAPE_Leng": 719.57823699230119, "SHAPE_Area": 32514.931078256588 }, "geometry": { "type": "Polygon", "coordinates": [ [ [ -75.870615766708823, 9.229346035553933 ], [ -75.870648941347298, 9.229152349862016 ], [ -75.870746686661491, 9.229088084922918 ], [ -75.871039170187828, 9.229121376291456 ], [ -75.871233789767601, 9.229251228019312 ], [ -75.871461252112468, 9.229284294838012 ], [ -75.871753941154694, 9.229252980291603 ], [ -75.871949225629891, 9.229189037982016 ], [ -75.872177451942918, 9.228996008233532 ], [ -75.872502552004676, 9.228997102773024 ], [ -75.872762299758207, 9.229094884751635 ], [ -75.872793930362761, 9.229353393127237 ], [ -75.872760423110392, 9.229643980355078 ], [ -75.872661571620043, 9.230031243551222 ], [ -75.872530866730486, 9.230224606439814 ], [ -75.872302640995969, 9.230417635672913 ], [ -75.872107023889043, 9.230578480083201 ], [ -75.871846943641103, 9.230577598748814 ], [ -75.871489450322073, 9.230544092439711 ], [ -75.871424537540605, 9.230511572950007 ], [ -75.871067259785889, 9.230413468040551 ], [ -75.870905041864162, 9.230316018977344 ], [ -75.870710647250931, 9.230121560838457 ], [ -75.870614222260414, 9.229798239315834 ], [ -75.870615102328898, 9.229539839252624 ], [ -75.870615766708823, 9.229346035553933 ] ] ] } },
{ "type": "Feature", "properties": { "OBJECTID": 8775.0, "NOMBRE_GEO": null, "PROYECTO": "HERNANDEZN", "SYMBOL": "3", "FECHA": null, "RULEID": 1, "PK_CUE": 708274.0, "GLOBALID": "{BD00E582-FC77-4936-A24D-AEC355113FD5}", "SHAPE_Leng": 514.51841854409111, "SHAPE_Area": 15377.040958820227 }, "geometry": { "type": "Polygon", "coordinates": [ [ [ -75.844312888596903, 8.971469336031578 ], [ -75.844486263183711, 8.971369559805431 ], [ -75.844803197581911, 8.971456642615221 ], [ -75.844990253999356, 8.971571968352446 ], [ -75.845119404964478, 8.971758781897721 ], [ -75.845219602797897, 8.971974161777712 ], [ -75.845233239628584, 8.972203601257341 ], [ -75.845102641536499, 8.972446883271852 ], [ -75.844871496673989, 8.972575134747959 ], [ -75.844655056772694, 8.972617418614766 ], [ -75.844481493343096, 8.972774542945402 ], [ -75.844440969861481, 8.973034264308257 ], [ -75.844293062605303, 8.97306065712616 ], [ -75.844120370915761, 8.972959704013107 ], [ -75.844048568375996, 8.972873447613249 ], [ -75.844005799346263, 8.972729932905713 ], [ -75.844006427728942, 8.97254355893898 ], [ -75.844078913232721, 8.972429113876741 ], [ -75.84418028824922, 8.97230042101112 ], [ -75.844238552804754, 8.972128573682044 ], [ -75.844225005939606, 8.971870470011501 ], [ -75.844225788231867, 8.97164108461676 ], [ -75.844312888596903, 8.971469336031578 ] ] ] } },
{ "type": "Feature", "properties": { "OBJECTID": 8776.0, "NOMBRE_GEO": null, "PROYECTO": "HERNANDEZN", "SYMBOL": "3", "FECHA": null, "RULEID": 1, "PK_CUE": 708276.0, "GLOBALID": "{298D55B7-440B-4A66-9FBE-8386CED8D2B5}", "SHAPE_Leng": 599.40798016701251, "SHAPE_Area": 22022.946616671255 }, "geometry": { "type": "Polygon", "coordinates": [ [ [ -75.843459139400224, 9.23520105673966 ], [ -75.843590382785251, 9.235108584832396 ], [ -75.843758717669303, 9.23510916944613 ], [ -75.843851908651658, 9.235202405259473 ], [ -75.843926325756328, 9.235314154864145 ], [ -75.843981724924674, 9.23551874742849 ], [ -75.844056077542447, 9.235649083129351 ], [ -75.84411186378675, 9.235742175873014 ], [ -75.844167721250855, 9.235816708601408 ], [ -75.844242136811602, 9.235928458986454 ], [ -75.844335462894691, 9.235984532159993 ], [ -75.844409952236589, 9.236077696259374 ], [ -75.844446962151508, 9.236189320857044 ], [ -75.844446512558036, 9.23631939677732 ], [ -75.844408523307024, 9.236486502172005 ], [ -75.844352154258928, 9.236560639723711 ], [ -75.844239604418959, 9.236653157307671 ], [ -75.844145765707751, 9.236745747154387 ], [ -75.844051982441783, 9.236819750002978 ], [ -75.843995613277286, 9.236893888439591 ], [ -75.84393911753736, 9.237005189227206 ], [ -75.843882676366363, 9.237097903936604 ], [ -75.843807604099837, 9.237171970014019 ], [ -75.843676485706069, 9.237227260872611 ], [ -75.843527051328422, 9.237171000306402 ], [ -75.843471274811151, 9.237077899286758 ], [ -75.84343425498173, 9.236966273704047 ], [ -75.843359703606609, 9.236891687396657 ], [ -75.843285081322364, 9.236835695416342 ], [ -75.843210727560674, 9.236705348714986 ], [ -75.843211310650204, 9.236538119272367 ], [ -75.84321176977042, 9.236408043146321 ], [ -75.84321229082704, 9.236259380871312 ], [ -75.843212677137913, 9.236147890978494 ], [ -75.84321345790525, 9.235924902089058 ], [ -75.843139231280361, 9.235757410996273 ], [ -75.843120788032792, 9.235683012866657 ], [ -75.84312111157972, 9.235590109119784 ], [ -75.843158975679998, 9.23546015884323 ], [ -75.843233984952676, 9.235404670082367 ], [ -75.843365030927202, 9.235367963981483 ], [ -75.843402635256581, 9.235312341218888 ], [ -75.843459139400224, 9.23520105673966 ] ] ] } },
{ "type": "Feature", "properties": { "OBJECTID": 8777.0, "NOMBRE_GEO": "Pozo Abrojales", "PROYECTO": null, "SYMBOL": "3", "FECHA": null, "RULEID": 1, "PK_CUE": 708278.0, "GLOBALID": "{94AB21F7-FC93-492D-ADC0-3A5C18BDA565}", "SHAPE_Leng": 1633.3942186864028, "SHAPE_Area": 132606.82555770411 }, "geometry": { "type": "Polygon", "coordinates": [ [ [ -75.811491281611609, 9.203419975091206 ], [ -75.811925944969701, 9.203026881382652 ], [ -75.812647533139398, 9.203172912099253 ], [ -75.812970948405464, 9.203604542969572 ], [ -75.813510994437948, 9.204036933427583 ], [ -75.813834919895285, 9.204325065981292 ], [ -75.814014426386976, 9.204612693180415 ], [ -75.814123680839927, 9.20476763898167 ], [ -75.814445522087226, 9.205224073394939 ], [ -75.81473270910449, 9.205691450390916 ], [ -75.81519978602735, 9.206338830568674 ], [ -75.81527364695296, 9.206617988394827 ], [ -75.815324311071279, 9.206809469208087 ], [ -75.815342297221306, 9.206877451142246 ], [ -75.815340133585849, 9.207487312722554 ], [ -75.81512082817531, 9.20823991282335 ], [ -75.814866051795434, 9.208813014641269 ], [ -75.814504869154646, 9.20884762375961 ], [ -75.814413432252181, 9.208786592379655 ], [ -75.81403689934794, 9.208451361857453 ], [ -75.813677118586639, 9.208091352679874 ], [ -75.813317593973139, 9.207659595756194 ], [ -75.813282890889766, 9.207264852703716 ], [ -75.813122774007283, 9.206829999915078 ], [ -75.812985803259849, 9.206458010257677 ], [ -75.812853198428698, 9.206258853603005 ], [ -75.812421592601908, 9.20579096911799 ], [ -75.811883204858759, 9.204892213086357 ], [ -75.81177629376657, 9.204497215925612 ], [ -75.811453518055785, 9.20388621288833 ], [ -75.811491281611609, 9.203419975091206 ] ] ] } },
{ "type": "Feature", "properties": { "OBJECTID": 8778.0, "NOMBRE_GEO": "Charco La Peinada", "PROYECTO": null, "SYMBOL": "3", "FECHA": null, "RULEID": 1, "PK_CUE": 708280.0, "GLOBALID": "{98CCB739-6BC4-4F02-B85B-1C46F74B16CB}", "SHAPE_Leng": 2349.6266458923874, "SHAPE_Area": 238979.35938424314 }, "geometry": { "type": "Polygon", "coordinates": [ [ [ -75.789319261659287, 9.174390799428039 ], [ -75.789717157367747, 9.174176969944581 ], [ -75.789970903904432, 9.173890877768233 ], [ -75.790000236131462, 9.173636849169435 ], [ -75.790008169777153, 9.173568141447227 ], [ -75.789895663025447, 9.173545364736405 ], [ -75.789647413187438, 9.173495108036073 ], [ -75.789141731269481, 9.173565054717628 ], [ -75.788781492204691, 9.173348524788695 ], [ -75.788741890031403, 9.173127586971342 ], [ -75.788710714092502, 9.172953655126186 ], [ -75.788639674648778, 9.172630532322827 ], [ -75.788206975886311, 9.172485492001545 ], [ -75.78811100627415, 9.172580174680572 ], [ -75.787953359079495, 9.172735707789217 ], [ -75.787482742750328, 9.17309277257028 ], [ -75.786831748850176, 9.173413320091221 ], [ -75.78629204233286, 9.172909151875599 ], [ -75.786475142871453, 9.172192318962312 ], [ -75.786548643423814, 9.171833836977163 ], [ -75.786659035735056, 9.171163667821705 ], [ -75.786696289638812, 9.17093750463032 ], [ -75.786805759879925, 9.170615025568052 ], [ -75.787782437876814, 9.170080393765595 ], [ -75.788613284348216, 9.169939856979786 ], [ -75.789119218771489, 9.169798162036646 ], [ -75.789624634889122, 9.169799962025138 ], [ -75.790202255784124, 9.169802018394465 ], [ -75.79028040523643, 9.169808270840194 ], [ -75.79067144192696, 9.169839561298748 ], [ -75.791247124077458, 9.170379724802668 ], [ -75.791288421102095, 9.170652962997499 ], [ -75.791317647782719, 9.170846343681072 ], [ -75.791389204582472, 9.171025970975387 ], [ -75.792075001078388, 9.17106428273115 ], [ -75.792289688110941, 9.171065045764919 ], [ -75.792378569257181, 9.171102398914208 ], [ -75.792427734303416, 9.171870432425351 ], [ -75.792353539357066, 9.17256413576165 ], [ -75.792247890829813, 9.173181490202614 ], [ -75.792029730748425, 9.173611208135236 ], [ -75.791450425532204, 9.174075515739618 ], [ -75.790673336847476, 9.174305468788836 ], [ -75.790638525007424, 9.174269573303354 ], [ -75.79058320982702, 9.174287676831284 ], [ -75.790040649004681, 9.174572741201626 ], [ -75.789533930679468, 9.174929679868855 ], [ -75.789065255551336, 9.174748638274538 ], [ -75.789319261659287, 9.174390799428039 ] ] ] } },
{ "type": "Feature", "properties": { "OBJECTID": 8779.0, "NOMBRE_GEO": "Charco Los Palitos", "PROYECTO": null, "SYMBOL": "3", "FECHA": null, "RULEID": 1, "PK_CUE": 708282.0, "GLOBALID": "{23993687-6972-4DCD-9CBA-BDC76B320001}", "SHAPE_Leng": 10637.371286424968, "SHAPE_Area": 2027477.376210534 }, "geometry": { "type": "Polygon", "coordinates": [ [ [ -75.653649262077195, 9.147623319340711 ], [ -75.652927465942312, 9.147584611198974 ], [ -75.652024899568559, 9.147616936152698 ], [ -75.651266864854819, 9.147613954938013 ], [ -75.650327916339634, 9.147717878012282 ], [ -75.649389396981817, 9.147714182581243 ], [ -75.648305344903818, 9.147996891423357 ], [ -75.647366826051652, 9.147993190024598 ], [ -75.646536598007074, 9.147989913845235 ], [ -75.645887140845701, 9.147915605740792 ], [ -75.645780859042006, 9.147412971969677 ], [ -75.64635926830681, 9.147200021435351 ], [ -75.647261830919874, 9.147167709913322 ], [ -75.647623514891777, 9.146989773828256 ], [ -75.648165109566492, 9.146956037453576 ], [ -75.648995622709634, 9.14688756458006 ], [ -75.650151720639698, 9.146641009772479 ], [ -75.650623266754508, 9.146068906379767 ], [ -75.651094525022884, 9.145568545034978 ], [ -75.65189079330915, 9.145033587750364 ], [ -75.652613297741411, 9.14489293682454 ], [ -75.652794921910782, 9.144606669584503 ], [ -75.652471480367893, 9.144246674070587 ], [ -75.651643113626747, 9.143777077352867 ], [ -75.650670936584234, 9.143163421180912 ], [ -75.650606735017547, 9.14296945785093 ], [ -75.65055928169653, 9.14282609205763 ], [ -75.650492598013159, 9.142624632372558 ], [ -75.650711747974441, 9.141979789395627 ], [ -75.651399292111947, 9.141552021597345 ], [ -75.652013213985654, 9.141482690140828 ], [ -75.652734569895316, 9.141629013271343 ], [ -75.653022200188033, 9.141917123449018 ], [ -75.653418119171349, 9.14220565755598 ], [ -75.653997514389445, 9.141741589337428 ], [ -75.654540526689019, 9.141349120131057 ], [ -75.655083680173419, 9.14092077942372 ], [ -75.655698314225077, 9.140672079968548 ], [ -75.656203377428483, 9.140745804055477 ], [ -75.656417678666344, 9.141320604857498 ], [ -75.656630701108682, 9.142218254006879 ], [ -75.656916769583901, 9.142900954208059 ], [ -75.657456795664245, 9.143261794437159 ], [ -75.657742151313414, 9.143404982982284 ], [ -75.657889102013868, 9.143478721589814 ], [ -75.658004383777893, 9.143536568838284 ], [ -75.658393460411929, 9.143731804077923 ], [ -75.658696998261775, 9.143732990566551 ], [ -75.658712497249894, 9.143733051363901 ], [ -75.658790521581523, 9.143733356881807 ], [ -75.658827471025461, 9.143518265339617 ], [ -75.65874201636079, 9.143260113184649 ], [ -75.658684790177645, 9.143087236213995 ], [ -75.658758930274672, 9.142595793646569 ], [ -75.658815035763553, 9.14222389380156 ], [ -75.658869959545584, 9.141904164090601 ], [ -75.659307518942285, 9.140793823186613 ], [ -75.659561328601214, 9.140507833350735 ], [ -75.66024573975605, 9.140869234276249 ], [ -75.660278998670165, 9.14158681716669 ], [ -75.660023484900734, 9.142303270726986 ], [ -75.659983414590656, 9.143307548556404 ], [ -75.660306724251924, 9.143703410813959 ], [ -75.660633408615723, 9.143639807374768 ], [ -75.660667973971186, 9.143633077036517 ], [ -75.661030641555769, 9.143204021821413 ], [ -75.661048118929841, 9.14317533112178 ], [ -75.66135763929914, 9.142667207616206 ], [ -75.661829161617405, 9.142095086140747 ], [ -75.66208410522583, 9.14152211835505 ], [ -75.662338904660317, 9.140985022337043 ], [ -75.662916023693612, 9.141094889927455 ], [ -75.662986234104821, 9.141597381629358 ], [ -75.662839439688398, 9.142206644622954 ], [ -75.662801218702626, 9.142744585690171 ], [ -75.662799094063885, 9.143282668435198 ], [ -75.662880430544021, 9.143829518231625 ], [ -75.662892277620969, 9.143864330145407 ], [ -75.663081320072692, 9.144541398804531 ], [ -75.663145791627954, 9.145095759127043 ], [ -75.663150313713416, 9.146118564975751 ], [ -75.663183409316645, 9.146512708164689 ], [ -75.663107247931848, 9.147516845899947 ], [ -75.662922937247188, 9.148484689338275 ], [ -75.662522322691018, 9.149379943270587 ], [ -75.661977885813371, 9.150131143390352 ], [ -75.661072187837817, 9.15095267537272 ], [ -75.660852480282912, 9.15174101487181 ], [ -75.660885453658921, 9.152530342056281 ], [ -75.661279404212294, 9.153321080047036 ], [ -75.661890224737391, 9.154040918753772 ], [ -75.662465520394733, 9.154617129350019 ], [ -75.662823802198218, 9.155300109362166 ], [ -75.663001597215768, 9.15598238318201 ], [ -75.663106345356368, 9.15687960879119 ], [ -75.663103366387617, 9.157632922977207 ], [ -75.662993227777051, 9.158098838333446 ], [ -75.662595155076488, 9.158348391096125 ], [ -75.661692558590246, 9.158380735960504 ], [ -75.660501034580165, 9.158447821555553 ], [ -75.659560493056276, 9.158946357290842 ], [ -75.658943835627909, 9.15969726729606 ], [ -75.658941700563929, 9.160235346818821 ], [ -75.658975095029746, 9.160917056816697 ], [ -75.659044729686897, 9.161563037392398 ], [ -75.659257763206966, 9.162460686192276 ], [ -75.659796822722072, 9.163072632148952 ], [ -75.660662193959681, 9.16332712843046 ], [ -75.66163543732327, 9.163689661887485 ], [ -75.662536483536527, 9.164051911801769 ], [ -75.662967398156852, 9.164627559407178 ], [ -75.662604847347296, 9.165020741021992 ], [ -75.661521882921207, 9.165016505087241 ], [ -75.660368143273104, 9.164653264129131 ], [ -75.659430570710143, 9.164398483436694 ], [ -75.658493998291945, 9.163892596444022 ], [ -75.657954939726437, 9.163280649182862 ], [ -75.657308015694454, 9.162560660141066 ], [ -75.656659954221482, 9.162127645769473 ], [ -75.655579425706719, 9.161513571120606 ], [ -75.65500384987655, 9.161009094372176 ], [ -75.654788402317479, 9.160721268400838 ], [ -75.655188337370518, 9.160005388288251 ], [ -75.655407637090519, 9.159324671305704 ], [ -75.655591836366369, 9.158392708380957 ], [ -75.655631926904249, 9.157388434892702 ], [ -75.655672729753036, 9.156204800195253 ], [ -75.655570089936759, 9.15532547312818 ], [ -75.65556800133534, 9.155307576074598 ], [ -75.655420394785352, 9.154702921863416 ], [ -75.655308826102029, 9.153881012709439 ], [ -75.655611828328674, 9.15227738460254 ], [ -75.655606662717901, 9.15110648514049 ], [ -75.655602314682113, 9.150120466852108 ], [ -75.655475032622334, 9.149381494618277 ], [ -75.654912830704149, 9.148459536268106 ], [ -75.654898819812217, 9.148426525052477 ], [ -75.654801513271451, 9.148345292592662 ], [ -75.654333962701301, 9.147912987151216 ], [ -75.653649262077195, 9.147623319340711 ] ] ] } },
{ "type": "Feature", "properties": { "OBJECTID": 8780.0, "NOMBRE_GEO": "Charco Boca Vieja", "PROYECTO": null, "SYMBOL": "3", "FECHA": null, "RULEID": 1, "PK_CUE": 708284.0, "GLOBALID": "{04A62293-3E88-4E37-963B-4E468E8E5590}", "SHAPE_Leng": 2101.9373862819871, "SHAPE_Area": 195282.76427570323 }, "geometry": { "type": "Polygon", "coordinates": [ [ [ -75.632216118047921, 9.10962154865882 ], [ -75.632686620933768, 9.109300567169935 ], [ -75.63315568339614, 9.109338300209863 ], [ -75.633626184774926, 9.109017315130739 ], [ -75.633809096679926, 9.108408212070035 ], [ -75.634029253248741, 9.107512276901057 ], [ -75.634406111820013, 9.107140698150037 ], [ -75.634535412099254, 9.107299049276683 ], [ -75.634787052898162, 9.107551152906719 ], [ -75.634748945755888, 9.108053213855465 ], [ -75.634819117392638, 9.108555704847026 ], [ -75.635034090701268, 9.108951151738294 ], [ -75.635045056370743, 9.109023921730749 ], [ -75.635104405910567, 9.109417770881452 ], [ -75.635027903017132, 9.110493637694084 ], [ -75.63491631418006, 9.111318258782251 ], [ -75.634625410720602, 9.1118551910001 ], [ -75.63460745356852, 9.111884666921418 ], [ -75.634298412644625, 9.11239197873781 ], [ -75.634080269893175, 9.112785708850236 ], [ -75.634006499075156, 9.11318001244573 ], [ -75.633896778645607, 9.113538299026217 ], [ -75.63346221873762, 9.113895297683413 ], [ -75.633136082999926, 9.11421685443513 ], [ -75.632990126153729, 9.114504100584846 ], [ -75.632917792775558, 9.114646455265294 ], [ -75.632208095392315, 9.114783746100795 ], [ -75.632043161222327, 9.114833691852072 ], [ -75.631869645101673, 9.115001014648552 ], [ -75.631757810691099, 9.114963471101294 ], [ -75.631437102089095, 9.114855807048194 ], [ -75.631294893979316, 9.114317157880562 ], [ -75.631333151683776, 9.113779225962602 ], [ -75.631624928976251, 9.113027067944838 ], [ -75.631771609616408, 9.112453694138969 ], [ -75.631955536269317, 9.111593489706094 ], [ -75.6319479885547, 9.111515321652751 ], [ -75.631993792931141, 9.111055558015144 ], [ -75.632067276833936, 9.110732998598387 ], [ -75.632121263324464, 9.11023337024395 ], [ -75.632216118047921, 9.10962154865882 ] ] ] } },
{ "type": "Feature", "properties": { "OBJECTID": 8781.0, "NOMBRE_GEO": null, "PROYECTO": "HERNANDEZN", "SYMBOL": "3", "FECHA": null, "RULEID": 1, "PK_CUE": 708286.0, "GLOBALID": "{F9505BEF-517F-45F1-AEF7-D567D4C58F16}", "SHAPE_Leng": 1605.0155800337918, "SHAPE_Area": 75273.188444056112 }, "geometry": { "type": "Polygon", "coordinates": [ [ [ -75.936043833243886, 9.274657256674461 ], [ -75.935867995755544, 9.274621737334654 ], [ -75.935762660248102, 9.274551480062721 ], [ -75.935675019634175, 9.274446322943964 ], [ -75.935640282076832, 9.274306383598301 ], [ -75.935605724141283, 9.274113999649204 ], [ -75.935518318122149, 9.273938928406116 ], [ -75.935413377009837, 9.273746319695098 ], [ -75.935396173894972, 9.273623906851997 ], [ -75.93539657805178, 9.273501556421481 ], [ -75.935414741822328, 9.273326824935669 ], [ -75.935520761959239, 9.273187334160337 ], [ -75.93550368479616, 9.273029966942605 ], [ -75.935380803787695, 9.272942165718774 ], [ -75.935292651965938, 9.272994331094344 ], [ -75.935186632661271, 9.273133821805738 ], [ -75.935080721939073, 9.273238359164075 ], [ -75.934975206383371, 9.273220545204056 ], [ -75.93485238838295, 9.27311527064586 ], [ -75.934799890749431, 9.273027703991852 ], [ -75.934800349109395, 9.272887881338905 ], [ -75.93481833339888, 9.272765583582402 ], [ -75.934871352222316, 9.272695839104571 ], [ -75.935029868188863, 9.272643906998479 ], [ -75.935188222571895, 9.272644419300171 ], [ -75.93534657777542, 9.272644923391079 ], [ -75.935522531047724, 9.272645488103754 ], [ -75.935663288170431, 9.272645937687352 ], [ -75.935856884221664, 9.272629085432053 ], [ -75.935945198309284, 9.272524493606554 ], [ -75.936016030138163, 9.27238488682152 ], [ -75.936104406123505, 9.272262814652315 ], [ -75.936157586056765, 9.272140634699708 ], [ -75.936193689647936, 9.271861089433866 ], [ -75.936299483864886, 9.271791514376744 ], [ -75.936405225081771, 9.271739412329504 ], [ -75.936528492319852, 9.271704854041634 ], [ -75.936581681084022, 9.271582664982775 ], [ -75.936652458761969, 9.271460539367075 ], [ -75.936670569222912, 9.271303289183049 ], [ -75.936706267612863, 9.271146091608033 ], [ -75.936864848057979, 9.27107668043398 ], [ -75.937093406430407, 9.271129851275873 ], [ -75.937198635060938, 9.271235061664155 ], [ -75.937198006162731, 9.271427327590107 ], [ -75.937197673525731, 9.27153220557836 ], [ -75.93714443117176, 9.271671866782022 ], [ -75.936897708335508, 9.271793427411977 ], [ -75.936704103026543, 9.271810289193741 ], [ -75.936492685290389, 9.271897003135217 ], [ -75.936456985902694, 9.272054198936322 ], [ -75.936509313145578, 9.272194201614768 ], [ -75.936561989571302, 9.272229326094887 ], [ -75.936631968747349, 9.27235191001982 ], [ -75.936789918915025, 9.272474763806663 ], [ -75.936895435144152, 9.272492586300798 ], [ -75.936983632145896, 9.272422948584637 ], [ -75.937054355983435, 9.272318304043733 ], [ -75.937212980567509, 9.272231418732227 ], [ -75.937336040884162, 9.272266768422073 ], [ -75.937494001226099, 9.272389629884563 ], [ -75.93754626520068, 9.272547114402713 ], [ -75.937545707795849, 9.272721908002929 ], [ -75.937545250438433, 9.272861722190614 ], [ -75.937527310008335, 9.272966545960776 ], [ -75.937508985143481, 9.273193711651379 ], [ -75.937526062300989, 9.273351079403627 ], [ -75.937578676182738, 9.273403684871433 ], [ -75.937772110141623, 9.273439266792664 ], [ -75.937912812711133, 9.273457197446115 ], [ -75.938123837433594, 9.273492832547902 ], [ -75.938317153996579, 9.273563369271239 ], [ -75.938422373835394, 9.273668579934416 ], [ -75.938544921608752, 9.273861241398752 ], [ -75.938614783571325, 9.274018778835496 ], [ -75.938614217759465, 9.274193564203458 ], [ -75.93849065459996, 9.274315528410233 ], [ -75.938314657194823, 9.274332434728064 ], [ -75.938156301640333, 9.274331932189742 ], [ -75.938033080363596, 9.274349018320843 ], [ -75.937786689593665, 9.274365708431912 ], [ -75.93754008472591, 9.274452305801367 ], [ -75.937328548551932, 9.274573983041124 ], [ -75.937222862366923, 9.274608604406419 ], [ -75.937134774257814, 9.274643279099239 ], [ -75.936958821120172, 9.274642712772149 ], [ -75.936747689919798, 9.274642038564508 ], [ -75.936606923944353, 9.274641589722791 ], [ -75.936395729765522, 9.274658388415103 ], [ -75.936237374634771, 9.274657876025838 ], [ -75.936043833243886, 9.274657256674461 ] ] ] } },
{ "type": "Feature", "properties": { "OBJECTID": 8782.0, "NOMBRE_GEO": null, "PROYECTO": "HERNANDEZN", "SYMBOL": "3", "FECHA": null, "RULEID": 1, "PK_CUE": 708288.0, "GLOBALID": "{589E9C5A-4FC1-4FCE-AA3D-77425C79A2FF}", "SHAPE_Leng": 564.47725771569674, "SHAPE_Area": 16696.416257184079 }, "geometry": { "type": "Polygon", "coordinates": [ [ [ -75.921552057701831, 9.274607516729128 ], [ -75.921730974892654, 9.274578491738351 ], [ -75.921864851024395, 9.274652944550242 ], [ -75.921983680016822, 9.274771756270429 ], [ -75.922147307890583, 9.274861110575889 ], [ -75.922191622405961, 9.27497968889478 ], [ -75.922206084809901, 9.275112971844974 ], [ -75.922205645336547, 9.275246201265281 ], [ -75.922145602087198, 9.275379241858341 ], [ -75.922145305211686, 9.2754680669298 ], [ -75.922144918718402, 9.275586491846747 ], [ -75.922174383593585, 9.275690220246307 ], [ -75.922278301259041, 9.275808987321524 ], [ -75.922367520740792, 9.275868491014229 ], [ -75.922501531781506, 9.275898530984678 ], [ -75.922635372005388, 9.27598778676243 ], [ -75.922664926583224, 9.27606190709982 ], [ -75.922560174166847, 9.276194803558358 ], [ -75.922440760795268, 9.276253625989439 ], [ -75.9223063550604, 9.276342010999933 ], [ -75.922120521342919, 9.276409698799473 ], [ -75.921963612058533, 9.276340896742866 ], [ -75.921799875631365, 9.276281149788552 ], [ -75.92166605357292, 9.276191892615522 ], [ -75.921562038147627, 9.276102736106543 ], [ -75.921487765336167, 9.276028472248735 ], [ -75.921398796274175, 9.275894945834741 ], [ -75.92133957901909, 9.275776323769479 ], [ -75.921339920956214, 9.275672703222654 ], [ -75.921370068429326, 9.275569171700461 ], [ -75.921430111120088, 9.275436132050135 ], [ -75.921460304289752, 9.275317796979532 ], [ -75.921416375790841, 9.275080794426593 ], [ -75.921416915223816, 9.274917956834241 ], [ -75.921447161409517, 9.274784817256435 ], [ -75.921552057701831, 9.274607516729128 ] ] ] } },
{ "type": "Feature", "properties": { "OBJECTID": 8783.0, "NOMBRE_GEO": null, "PROYECTO": "HERNANDEZN", "SYMBOL": "3", "FECHA": null, "RULEID": 1, "PK_CUE": 708290.0, "GLOBALID": "{5D5069F9-149C-4501-82AA-8E85DAACD7F7}", "SHAPE_Leng": 491.30439772093763, "SHAPE_Area": 11725.219356388785 }, "geometry": { "type": "Polygon", "coordinates": [ [ [ -75.919210814885417, 9.27396518538642 ], [ -75.919397404097424, 9.273873261257227 ], [ -75.919564867744143, 9.273929324636425 ], [ -75.919564435623911, 9.274058852593569 ], [ -75.919507949561648, 9.274243716732999 ], [ -75.919507150670682, 9.274484277152927 ], [ -75.919506602779293, 9.274650824917119 ], [ -75.919506054829668, 9.274817362739684 ], [ -75.91948700178223, 9.274946827659587 ], [ -75.919393369596946, 9.27509456508899 ], [ -75.919337001151561, 9.275242419388061 ], [ -75.919262125779426, 9.27535320802285 ], [ -75.919131304745633, 9.275482314005501 ], [ -75.918945093322279, 9.275463198439091 ], [ -75.918908135673931, 9.275370555341871 ], [ -75.918908513553134, 9.275259531778287 ], [ -75.918908756339405, 9.275185511022391 ], [ -75.918815987365505, 9.275074183295587 ], [ -75.918611080739211, 9.275073509037657 ], [ -75.918462185898903, 9.275036012870794 ], [ -75.918425237538571, 9.274943369594595 ], [ -75.918462859397735, 9.274832464025458 ], [ -75.918518986257524, 9.27475863144762 ], [ -75.918649673296088, 9.274666544774579 ], [ -75.918798883262696, 9.274611504686822 ], [ -75.918929705141949, 9.274482398875087 ], [ -75.918986199722497, 9.274297534657423 ], [ -75.919080010558119, 9.274094291072618 ], [ -75.919210814885417, 9.27396518538642 ] ] ] } },
{ "type": "Feature", "properties": { "OBJECTID": 8784.0, "NOMBRE_GEO": "Charco Sapote", "PROYECTO": null, "SYMBOL": "3", "FECHA": null, "RULEID": 1, "PK_CUE": 708292.0, "GLOBALID": "{1A4547C6-CC55-40E1-9A7E-CE2830F8A3A1}", "SHAPE_Leng": 2185.3946841699567, "SHAPE_Area": 271474.00251657877 }, "geometry": { "type": "Polygon", "coordinates": [ [ [ -75.88837987871112, 9.174844942341586 ], [ -75.889283566891123, 9.174554229841398 ], [ -75.890472755532116, 9.175137640973631 ], [ -75.890768436683317, 9.175282699731978 ], [ -75.891964067715534, 9.175767306139162 ], [ -75.893157416903421, 9.175802195704941 ], [ -75.893353330301366, 9.175912140797546 ], [ -75.894023905433272, 9.176288453544229 ], [ -75.894891443701383, 9.176979115097769 ], [ -75.89522974894183, 9.177311905204153 ], [ -75.895230207227726, 9.177401861679487 ], [ -75.89523479836987, 9.178302621113389 ], [ -75.894744524163755, 9.17912398563031 ], [ -75.89425382796874, 9.179863453025696 ], [ -75.894125449762697, 9.180069876636384 ], [ -75.894125341611542, 9.180049269074864 ], [ -75.893093222905563, 9.179359426287988 ], [ -75.890169368037121, 9.178842616387211 ], [ -75.889836902132657, 9.178190142742443 ], [ -75.888761367223864, 9.177050774195274 ], [ -75.888097692244642, 9.175991112424079 ], [ -75.888011462398822, 9.175214752423683 ], [ -75.88837987871112, 9.174844942341586 ] ] ] } },
{ "type": "Feature", "properties": { "OBJECTID": 8785.0, "NOMBRE_GEO": "Charco Galápago", "PROYECTO": null, "SYMBOL": "3", "FECHA": null, "RULEID": 1, "PK_CUE": 708294.0, "GLOBALID": "{86B448B1-859F-4887-8153-8F96EBAE5051}", "SHAPE_Leng": 1288.2941687470395, "SHAPE_Area": 104701.1402102658 }, "geometry": { "type": "Polygon", "coordinates": [ [ [ -75.878320096232912, 9.046724971247139 ], [ -75.877838949295722, 9.046647688848903 ], [ -75.877117836312863, 9.046651227696298 ], [ -75.876556567695559, 9.04657434241968 ], [ -75.876393156109373, 9.045937939072264 ], [ -75.876708508604011, 9.044900950598796 ], [ -75.878629897935681, 9.044572912711223 ], [ -75.879992399584268, 9.04464586532144 ], [ -75.880555248441439, 9.045041340416052 ], [ -75.880559605205718, 9.045917467026198 ], [ -75.880244268542384, 9.046954463711394 ], [ -75.879364090920461, 9.047197735557186 ], [ -75.878642967860856, 9.047201285057762 ], [ -75.878320096232912, 9.046724971247139 ] ] ] } },
{ "type": "Feature", "properties": { "OBJECTID": 8786.0, "NOMBRE_GEO": "Charco Los Urullos", "PROYECTO": null, "SYMBOL": "3", "FECHA": null, "RULEID": 1, "PK_CUE": 708296.0, "GLOBALID": "{C3EAC7EC-397B-4D3F-9EE9-59F8913BDC3B}", "SHAPE_Leng": 6573.8891721504906, "SHAPE_Area": 643308.34402656008 }, "geometry": { "type": "Polygon", "coordinates": [ [ [ -75.86733222668623, 9.217217180909607 ], [ -75.86725451810365, 9.21733760430954 ], [ -75.867163067964754, 9.217296960083104 ], [ -75.86702981746933, 9.217315995622839 ], [ -75.867029817336373, 9.217392138072963 ], [ -75.86688089219993, 9.217507969394598 ], [ -75.866820425275151, 9.217487316456928 ], [ -75.86661103275091, 9.217373102722114 ], [ -75.866411153539545, 9.217282704417258 ], [ -75.866443411300025, 9.217105288579873 ], [ -75.866548204277322, 9.217001872774693 ], [ -75.866762650391948, 9.216878561270477 ], [ -75.866852310918105, 9.216737094014805 ], [ -75.867085018821882, 9.216489787550708 ], [ -75.867210477971113, 9.216313008117357 ], [ -75.867317916716843, 9.216189328301471 ], [ -75.867478974977203, 9.216030381341724 ], [ -75.867604371319118, 9.215871324562457 ], [ -75.867747535904257, 9.215730038118719 ], [ -75.86791115468921, 9.215591634332858 ], [ -75.86808094576692, 9.215486989830158 ], [ -75.868271630682301, 9.215466588839906 ], [ -75.868568201169836, 9.215446547354672 ], [ -75.868865138789971, 9.215321294887913 ], [ -75.868865856862826, 9.215110865389892 ], [ -75.868887614797629, 9.214942592924096 ], [ -75.868951655659345, 9.214795511288205 ], [ -75.86929102119295, 9.214649355816752 ], [ -75.869418168589419, 9.214628738928351 ], [ -75.869630026547867, 9.214608409829477 ], [ -75.869820712570601, 9.214588019016947 ], [ -75.87013839277391, 9.214589088423933 ], [ -75.870562191094947, 9.214527391441038 ], [ -75.870710871423483, 9.214401626949172 ], [ -75.870796156996548, 9.214233569912746 ], [ -75.870797019726652, 9.213981054356521 ], [ -75.870797594975912, 9.213812718784339 ], [ -75.87077714028166, 9.213602216311047 ], [ -75.870777642750966, 9.213454920315408 ], [ -75.870820645430328, 9.213265671807784 ], [ -75.87107507533635, 9.213182361793997 ], [ -75.871265400777929, 9.213267171919329 ], [ -75.871434472591162, 9.213372957324504 ], [ -75.871582290736313, 9.213499709902406 ], [ -75.871772544602905, 9.213605567359528 ], [ -75.871962862242668, 9.213690386096205 ], [ -75.872217013662208, 9.213691238810371 ], [ -75.872428944015709, 9.213649863297141 ], [ -75.872598806917082, 9.21352417958108 ], [ -75.872747558695451, 9.213377376848458 ], [ -75.872896383087507, 9.213209536353476 ], [ -75.872897029201539, 9.213020153404445 ], [ -75.872770599981365, 9.212830338844103 ], [ -75.87264431454048, 9.212598438785303 ], [ -75.872644961725314, 9.212409046746044 ], [ -75.872666790787378, 9.212219735979666 ], [ -75.872667581733381, 9.211988266662878 ], [ -75.872626008337775, 9.211756654666106 ], [ -75.872499516211917, 9.211587879298145 ], [ -75.872330299727608, 9.211524179661463 ], [ -75.872097258814108, 9.211544436591089 ], [ -75.871843331860276, 9.211480459169559 ], [ -75.871822437642251, 9.211396215081283 ], [ -75.871822797012868, 9.211290994696389 ], [ -75.871886621534685, 9.211207038073512 ], [ -75.872056484714136, 9.211081354889549 ], [ -75.872204948605031, 9.211018724371177 ], [ -75.872459235396278, 9.210977492127263 ], [ -75.872607556344747, 9.210956946885357 ], [ -75.872861985785718, 9.210873638022097 ], [ -75.872989062177638, 9.210874059857744 ], [ -75.873179738166499, 9.21085365894986 ], [ -75.873370566796339, 9.210791171582652 ], [ -75.873518960180249, 9.210749580142354 ], [ -75.873730962121357, 9.210687164897664 ], [ -75.873921782304606, 9.210624678263219 ], [ -75.874091500727701, 9.210541080685404 ], [ -75.874346002692292, 9.210436715171388 ], [ -75.874452326760675, 9.210310815551413 ], [ -75.874452830840781, 9.210163519068084 ], [ -75.874432150535128, 9.210016142300232 ], [ -75.874326761210455, 9.209868485708196 ], [ -75.874242400040373, 9.209762987590164 ], [ -75.874208344571926, 9.209660309749037 ], [ -75.874584443333219, 9.20955863911723 ], [ -75.874603010986391, 9.209595855550514 ], [ -75.874666117987871, 9.20972232995385 ], [ -75.874771651737177, 9.209827900166392 ], [ -75.874940867401762, 9.209891598771739 ], [ -75.875131328195124, 9.209934322746792 ], [ -75.875258475759452, 9.209913707094605 ], [ -75.875364513363522, 9.209871970749111 ], [ -75.87553407937466, 9.209830459886213 ], [ -75.875725051900005, 9.20972588714292 ], [ -75.87606433581152, 9.209600760731631 ], [ -75.87627633896021, 9.209538346113492 ], [ -75.876573124285969, 9.209455171238412 ], [ -75.876806156286605, 9.209434904721839 ], [ -75.877102878728934, 9.209372767962606 ], [ -75.87729348330457, 9.209373414577589 ], [ -75.877632202433375, 9.209416633259995 ], [ -75.877865017689302, 9.209459500720689 ], [ -75.878118873207427, 9.20954452608853 ], [ -75.878309127244918, 9.209650374720226 ], [ -75.878372233570261, 9.209776848984619 ], [ -75.878647056337954, 9.209925071356549 ], [ -75.878815848647093, 9.210115018933294 ], [ -75.879006021693542, 9.210241914680562 ], [ -75.879153849063684, 9.210368668181452 ], [ -75.879344175253138, 9.210453478414523 ], [ -75.879407497397892, 9.210516826828609 ], [ -75.879555387301096, 9.2106225316988 ], [ -75.879724602671018, 9.210686231293527 ], [ -75.879872430426047, 9.210812982553719 ], [ -75.879978035247944, 9.210897505839316 ], [ -75.880147179348114, 9.210982243677018 ], [ -75.880337432823723, 9.211088100762622 ], [ -75.880443038725858, 9.211172623844295 ], [ -75.880654611201592, 9.211236467413999 ], [ -75.880760296698782, 9.211299941864162 ], [ -75.880993123046238, 9.211342810336291 ], [ -75.881162266576709, 9.211427547562682 ], [ -75.881310156421321, 9.211533262282087 ], [ -75.881415555953097, 9.211680909391715 ], [ -75.881520882569049, 9.211849612108233 ], [ -75.881604884148985, 9.212060320918573 ], [ -75.881731313125201, 9.212250134662423 ], [ -75.881857957835408, 9.212376814807792 ], [ -75.882027029902758, 9.212482600731757 ], [ -75.882174713031731, 9.212651439267241 ], [ -75.88228004031231, 9.212820134325199 ], [ -75.882406469063469, 9.213009947638573 ], [ -75.882575118799053, 9.213241982863092 ], [ -75.882637875050349, 9.213473666940638 ], [ -75.882615911065159, 9.213705064449131 ], [ -75.882509667653153, 9.213809933704082 ], [ -75.882340163841647, 9.213830406176445 ], [ -75.882234478132972, 9.213766921663769 ], [ -75.882129015284221, 9.213640314401779 ], [ -75.882002361715323, 9.213513632785309 ], [ -75.881875860752231, 9.213344866840339 ], [ -75.881749504177165, 9.213134004869616 ], [ -75.881601820931763, 9.212965167066539 ], [ -75.881475526999552, 9.212733276437499 ], [ -75.881412636420691, 9.212543677819221 ], [ -75.881328912587023, 9.212248787981302 ], [ -75.881308305934226, 9.212080371294142 ], [ -75.881181660589434, 9.211953690868162 ], [ -75.881012301917622, 9.211932087281697 ], [ -75.880779404696327, 9.211910257428697 ], [ -75.880546578928303, 9.211867398858702 ], [ -75.880271614029624, 9.211761262869461 ], [ -75.88010254173831, 9.211655476761756 ], [ -75.880018109138192, 9.211571027289276 ], [ -75.879891536625152, 9.211423298654513 ], [ -75.879764748208871, 9.211338703568513 ], [ -75.879637959860105, 9.211254110226378 ], [ -75.879574709870028, 9.211169721577063 ], [ -75.879384527927357, 9.211042826415955 ], [ -75.879300032334655, 9.210979414227578 ], [ -75.879194425697236, 9.210894882582322 ], [ -75.879088954823686, 9.210768273898067 ], [ -75.879004603193621, 9.210662776408915 ], [ -75.878814349335727, 9.210556928372444 ], [ -75.878687704339029, 9.210430237590144 ], [ -75.878603199911879, 9.210366826129899 ], [ -75.878433983921028, 9.210303135846255 ], [ -75.878264768806162, 9.210239436419775 ], [ -75.878032023694558, 9.210175529949488 ], [ -75.877841697780781, 9.210090719782757 ], [ -75.877651092974162, 9.21009008170989 ], [ -75.877439234977246, 9.210110411001663 ], [ -75.877184877054773, 9.210172691305546 ], [ -75.877141945780167, 9.210340891885293 ], [ -75.877183727126905, 9.210509370654119 ], [ -75.877246904888096, 9.210614796687523 ], [ -75.877415833925923, 9.210762668888478 ], [ -75.877627341812754, 9.210847550264832 ], [ -75.877860087410824, 9.210911456882821 ], [ -75.878177631901892, 9.210954611618275 ], [ -75.878346775865623, 9.211039350426191 ], [ -75.878452309986756, 9.211144920008387 ], [ -75.878557771741683, 9.211271528081411 ], [ -75.878557133905687, 9.211460920031044 ], [ -75.878514131850068, 9.211650159147938 ], [ -75.878302129324226, 9.211712582567309 ], [ -75.878196308113857, 9.211691185224867 ], [ -75.87806951981598, 9.211606591255014 ], [ -75.878027451667577, 9.21152227507365 ], [ -75.877964272562295, 9.211416849309501 ], [ -75.877901238348173, 9.211269335571146 ], [ -75.87777445020447, 9.211184733294537 ], [ -75.877605019145008, 9.211184167388287 ], [ -75.877414404616474, 9.211183529441826 ], [ -75.877329263324896, 9.211309499863265 ], [ -75.877265231195082, 9.211456589864039 ], [ -75.877137301688023, 9.211708675653147 ], [ -75.877073261261216, 9.21185576572859 ], [ -75.876924508617122, 9.212002567744191 ], [ -75.876860118390724, 9.212254868650401 ], [ -75.876986761887196, 9.212381550139764 ], [ -75.877071186118428, 9.212466008681544 ], [ -75.877176297657741, 9.212697837024109 ], [ -75.877302870849618, 9.212845564997972 ], [ -75.877387294309642, 9.212930016184476 ], [ -75.877493125033055, 9.212951413593279 ], [ -75.877641374397143, 9.21295191731369 ], [ -75.87787434327555, 9.21295269786023 ], [ -75.878043845685951, 9.212932216713453 ], [ -75.878234666418777, 9.212869730362618 ], [ -75.87846763514014, 9.212870512347946 ], [ -75.878742599964454, 9.212976647814168 ], [ -75.878869245175096, 9.213103328344406 ], [ -75.878805212758039, 9.21325041761434 ], [ -75.878720134169399, 9.213355349896844 ], [ -75.878613890172687, 9.213460211084332 ], [ -75.878528809663194, 9.213565143367656 ], [ -75.878401456106431, 9.213648884179928 ], [ -75.878273805823341, 9.213816806311593 ], [ -75.878124774699074, 9.214047781083378 ], [ -75.878060374556782, 9.21430008211984 ], [ -75.87808098198434, 9.214468497584846 ], [ -75.878080272929424, 9.214678928123405 ], [ -75.878100591864609, 9.214931506789538 ], [ -75.878142238419272, 9.215142081108583 ], [ -75.878247629434625, 9.215289738306975 ], [ -75.878331702195297, 9.215479407850999 ], [ -75.878394386205599, 9.215732130992569 ], [ -75.878414635272449, 9.216005767044363 ], [ -75.87841406039577, 9.216174110576121 ], [ -75.87830724074, 9.216447307355757 ], [ -75.878200772643225, 9.216615300671785 ], [ -75.87820005404383, 9.216825731248406 ], [ -75.878220733422708, 9.216973099951556 ], [ -75.878410771664676, 9.217142081888571 ], [ -75.878558455234398, 9.217310920005897 ], [ -75.878706281674269, 9.217437671929673 ], [ -75.878620779700213, 9.217668862713239 ], [ -75.878366628578277, 9.217668009063745 ], [ -75.878218450574678, 9.217646467695911 ], [ -75.878049227073618, 9.217582777417865 ], [ -75.877795074987588, 9.217581924255608 ], [ -75.877583144909607, 9.217623299830583 ], [ -75.877392243889958, 9.217706834273509 ], [ -75.87707456369931, 9.217705764903485 ], [ -75.876905123053149, 9.217705199668407 ], [ -75.876566189187812, 9.21772509742809 ], [ -75.876375504053172, 9.217745506666713 ], [ -75.876078708640691, 9.217828681697 ], [ -75.875993639280495, 9.217933613804384 ], [ -75.875960221750688, 9.218007644159114 ], [ -75.875296915229796, 9.217919771077362 ], [ -75.875266686146162, 9.21789960373877 ], [ -75.875148351091582, 9.21774172702299 ], [ -75.875106893795831, 9.217686415842488 ], [ -75.874875820165897, 9.217455270194982 ], [ -75.874733985188954, 9.217206696759963 ], [ -75.874449398577198, 9.216975371889339 ], [ -75.874253692298183, 9.216832943835247 ], [ -75.873915251584805, 9.216707763934544 ], [ -75.873630063992877, 9.216653641325273 ], [ -75.873344883682563, 9.216599516597311 ], [ -75.87307735679434, 9.21659861939083 ], [ -75.872809883842933, 9.216579996731218 ], [ -75.872560313994427, 9.216543713945441 ], [ -75.872257356894124, 9.216471812893065 ], [ -75.872114973731769, 9.216382726758734 ], [ -75.871901434851395, 9.216240245099877 ], [ -75.871741409608489, 9.21609793438804 ], [ -75.871563354960458, 9.216008731420178 ], [ -75.87142079157978, 9.215972807313094 ], [ -75.871153327017836, 9.215954184991105 ], [ -75.870921471879996, 9.215953404420866 ], [ -75.870707206391742, 9.216023561705535 ], [ -75.870457268115231, 9.216093604053086 ], [ -75.87024294824181, 9.216181486406526 ], [ -75.869993072008882, 9.216233804034502 ], [ -75.869671978557278, 9.216250440938815 ], [ -75.869350884987327, 9.216267077565238 ], [ -75.868994118559954, 9.216283598035488 ], [ -75.868690856536645, 9.216300287999463 ], [ -75.868280470281505, 9.216352066948337 ], [ -75.867959071109553, 9.216457304879457 ], [ -75.867780287805687, 9.216580742014264 ], [ -75.867547643015897, 9.2168103342454 ], [ -75.867475633575012, 9.217005017256495 ], [ -75.86733222668623, 9.217217180909607 ] ] ] } },
{ "type": "Feature", "properties": { "OBJECTID": 8787.0, "NOMBRE_GEO": null, "PROYECTO": null, "SYMBOL": "3", "FECHA": null, "RULEID": 1, "PK_CUE": 708298.0, "GLOBALID": "{1E7D9FF1-5A4D-4B2A-9324-D2AAF199C399}", "SHAPE_Leng": 4997.4121726637604, "SHAPE_Area": 820062.73045140819 }, "geometry": { "type": "Polygon", "coordinates": [ [ [ -75.739397527243909, 9.191197004209659 ], [ -75.738527649960176, 9.190660640105177 ], [ -75.737588955408214, 9.190590514321114 ], [ -75.736717076547549, 9.190587275696904 ], [ -75.735777882153215, 9.190650429016817 ], [ -75.734769860698492, 9.191179818145924 ], [ -75.734030610033557, 9.191576920295736 ], [ -75.73262193993672, 9.191638315952689 ], [ -75.731480533020218, 9.191967270811778 ], [ -75.731078378585266, 9.191899129202611 ], [ -75.730744552111659, 9.191498030871161 ], [ -75.730830030611727, 9.191163630582677 ], [ -75.730880701588418, 9.190965402116026 ], [ -75.731553137618221, 9.190501415758492 ], [ -75.732089928386785, 9.190436774644191 ], [ -75.732359958383654, 9.189971286373948 ], [ -75.731759371603303, 9.189169341862854 ], [ -75.731829207202068, 9.188436538848547 ], [ -75.731834490286957, 9.187037072990758 ], [ -75.73204147278166, 9.185505074810372 ], [ -75.732784732604614, 9.18404171477861 ], [ -75.733661363784933, 9.182778776139431 ], [ -75.734533221017301, 9.182782017827567 ], [ -75.735202376409518, 9.183184358958206 ], [ -75.735402319639064, 9.183518312611122 ], [ -75.736137039842717, 9.184320748928265 ], [ -75.736535928727022, 9.185255221941935 ], [ -75.736800686665802, 9.186189197038878 ], [ -75.736797178687581, 9.187122176293599 ], [ -75.737735363841978, 9.187325585246374 ], [ -75.738741366912478, 9.187329316147739 ], [ -75.739747122060265, 9.18739968600797 ], [ -75.740751877295153, 9.187736619005632 ], [ -75.741957587315653, 9.18814093559414 ], [ -75.743097729356407, 9.188145151899525 ], [ -75.74443732880799, 9.188616597443252 ], [ -75.745173077402839, 9.189152452764768 ], [ -75.74570612958712, 9.19008741464738 ], [ -75.746441386239738, 9.19075655235363 ], [ -75.746436507801704, 9.190803267989601 ], [ -75.746371829194018, 9.19142272072259 ], [ -75.745298741980434, 9.191418761291615 ], [ -75.744024452964211, 9.191414056071903 ], [ -75.743219888062214, 9.191344440376854 ], [ -75.742215369547026, 9.19094087000517 ], [ -75.741409558246261, 9.19120445831946 ], [ -75.741271923551935, 9.192136942147204 ], [ -75.740132769610469, 9.191866153100559 ], [ -75.739650530820526, 9.191427265283847 ], [ -75.739397527243909, 9.191197004209659 ] ] ] } },
{ "type": "Feature", "properties": { "OBJECTID": 8788.0, "NOMBRE_GEO": null, "PROYECTO": "HERNANDEZN", "SYMBOL": "3", "FECHA": null, "RULEID": 1, "PK_CUE": 708399.0, "GLOBALID": "{766D2FBB-9F6A-4A88-9EDE-13B64E254720}", "SHAPE_Leng": 3109.1958173609669, "SHAPE_Area": 126383.62300220085 }, "geometry": { "type": "Polygon", "coordinates": [ [ [ -75.862421658391227, 9.222655348203125 ], [ -75.862178942235005, 9.222509614400135 ], [ -75.862081815694566, 9.222408310862951 ], [ -75.862068737168542, 9.222295105995595 ], [ -75.862112637794411, 9.222137676451837 ], [ -75.862171046325344, 9.222087405841338 ], [ -75.862293702228754, 9.222054751804654 ], [ -75.862413500762543, 9.222063134107604 ], [ -75.862517238831614, 9.222126015759201 ], [ -75.862537900003844, 9.222393920189006 ], [ -75.862600503850857, 9.222469855451063 ], [ -75.862718686016166, 9.22251724956363 ], [ -75.863096904070758, 9.222489932292259 ], [ -75.863244712109164, 9.222381576617925 ], [ -75.863344794156149, 9.222261427988697 ], [ -75.863400813434978, 9.222022493845635 ], [ -75.863355232228741, 9.221824738973417 ], [ -75.863267403588793, 9.221728789861663 ], [ -75.862950962623145, 9.221554660224532 ], [ -75.862771299670243, 9.221407310226317 ], [ -75.862706388056068, 9.221271457223827 ], [ -75.862684424017871, 9.221023459034948 ], [ -75.862761769140093, 9.220772532755277 ], [ -75.863059075727989, 9.220241664914965 ], [ -75.863231579382017, 9.220028044681504 ], [ -75.863500210994644, 9.21986522604198 ], [ -75.863742666551758, 9.219787872100442 ], [ -75.864104993041664, 9.219784044832084 ], [ -75.864326482006831, 9.21981986987811 ], [ -75.864569826262255, 9.219936678355708 ], [ -75.864960441225662, 9.219893603226849 ], [ -75.86529109298769, 9.219973958403735 ], [ -75.86546356931791, 9.219986273647695 ], [ -75.865758818219064, 9.219879931104348 ], [ -75.866084054415666, 9.219878771614058 ], [ -75.866404923336148, 9.219793342130616 ], [ -75.867012174672197, 9.219729176403805 ], [ -75.867321140760538, 9.219564613176068 ], [ -75.867519668973983, 9.219372130571514 ], [ -75.867742658111212, 9.219358387367096 ], [ -75.867824090100385, 9.2192905818775 ], [ -75.867969285060681, 9.21898851477966 ], [ -75.868031250708171, 9.218545833754934 ], [ -75.868127361414452, 9.218258588743128 ], [ -75.868300654852916, 9.21803889659328 ], [ -75.868568110947564, 9.217848138944326 ], [ -75.86876612673278, 9.21775669076491 ], [ -75.869216101600927, 9.21761781976466 ], [ -75.869786891218098, 9.217585598008652 ], [ -75.870071638567822, 9.217510839592489 ], [ -75.870212988948708, 9.217519499610622 ], [ -75.870442418649773, 9.217584116224836 ], [ -75.870752966137161, 9.217548264126149 ], [ -75.870857080932581, 9.217585274257869 ], [ -75.870933859942738, 9.217652243988546 ], [ -75.870951277624172, 9.217759816953896 ], [ -75.870907736812271, 9.217914202210837 ], [ -75.87072784040457, 9.217974334686243 ], [ -75.870632044233744, 9.218092391293764 ], [ -75.870616493922029, 9.218164481272906 ], [ -75.870647199034693, 9.218243316600391 ], [ -75.870729116064055, 9.218317859645547 ], [ -75.870988827756548, 9.218431964279082 ], [ -75.871106974186489, 9.218532233179104 ], [ -75.871153057872178, 9.218664078616166 ], [ -75.871092107371709, 9.2187775814132 ], [ -75.870974238764873, 9.218822370823407 ], [ -75.870750899688403, 9.218814529299948 ], [ -75.870631900173677, 9.218845574883124 ], [ -75.870548806230715, 9.218926773587336 ], [ -75.870463008268374, 9.219140546174176 ], [ -75.87035842599569, 9.219179775105163 ], [ -75.870259091130634, 9.219164746408104 ], [ -75.870211542956142, 9.218993275554293 ], [ -75.870331719048096, 9.218684022136964 ], [ -75.870331091254542, 9.218271739838844 ], [ -75.870243881637236, 9.21808878034212 ], [ -75.870113177263988, 9.218061659871946 ], [ -75.87002177379766, 9.21810414098935 ], [ -75.869939478757161, 9.218190892298617 ], [ -75.869694903577937, 9.21872616233895 ], [ -75.869434337941115, 9.218915078192872 ], [ -75.86932592121093, 9.219351802228854 ], [ -75.869176539701741, 9.219557993260729 ], [ -75.868994244835065, 9.219619330086781 ], [ -75.868798699089595, 9.219598811698832 ], [ -75.868641224947524, 9.219508593866022 ], [ -75.868464975194584, 9.219317396610787 ], [ -75.86837436182374, 9.219270288724193 ], [ -75.868207752419295, 9.219281509385491 ], [ -75.8680729244129, 9.219420613229643 ], [ -75.867979247302216, 9.219472581013042 ], [ -75.867677843819948, 9.219482229242459 ], [ -75.867530494435698, 9.219522913758414 ], [ -75.867382586174827, 9.219668521400934 ], [ -75.867218733838911, 9.219756817406719 ], [ -75.867016549835682, 9.219914884290478 ], [ -75.866859398063255, 9.219984198029017 ], [ -75.866654734967497, 9.220018693703189 ], [ -75.866311407923988, 9.219967912252981 ], [ -75.866061560380587, 9.220005677016644 ], [ -75.865708333169366, 9.220481038638351 ], [ -75.865428885033722, 9.221022551855089 ], [ -75.864875550267797, 9.221781835246622 ], [ -75.864110482319646, 9.222362614066073 ], [ -75.863718007709679, 9.222554261101056 ], [ -75.863447174726005, 9.222722111266481 ], [ -75.863123313720067, 9.222797398987538 ], [ -75.862693945882341, 9.222766514350411 ], [ -75.862421658391227, 9.222655348203125 ] ] ] } },
{ "type": "Feature", "properties": { "OBJECTID": 8789.0, "NOMBRE_GEO": "Charca Paja Roja", "PROYECTO": null, "SYMBOL": "3", "FECHA": null, "RULEID": 1, "PK_CUE": 708401.0, "GLOBALID": "{0F78CE12-1552-4E9C-9C4E-6A9C9E8B9214}", "SHAPE_Leng": 3629.1273966962635, "SHAPE_Area": 178239.04559352811 }, "geometry": { "type": "Polygon", "coordinates": [ [ [ -75.86570550078244, 9.218339872698184 ], [ -75.865830568953243, 9.218496207926036 ], [ -75.865911436876502, 9.218738809467615 ], [ -75.865925748121512, 9.218781743346321 ], [ -75.865921709429884, 9.218784570015201 ], [ -75.86573539059701, 9.218914993289914 ], [ -75.865671540294514, 9.21893240725497 ], [ -75.865596430152777, 9.218894775847369 ], [ -75.865364933642383, 9.218787659687639 ], [ -75.865151036306202, 9.21875149356878 ], [ -75.864848195579214, 9.218644146411796 ], [ -75.864705758877832, 9.218572783318622 ], [ -75.864545608075531, 9.218465910711378 ], [ -75.864332194574033, 9.218287982170123 ], [ -75.864189875101729, 9.218181171582046 ], [ -75.864047742793161, 9.218021208970805 ], [ -75.863990663077047, 9.217964107093513 ], [ -75.863905548830658, 9.217878960862786 ], [ -75.863727620132622, 9.217754310004118 ], [ -75.863567288314343, 9.217700600422239 ], [ -75.863353265318764, 9.217699882095685 ], [ -75.863085737959125, 9.217698965016863 ], [ -75.862889545913262, 9.217698299697988 ], [ -75.862675468236333, 9.217715297334426 ], [ -75.862443297586495, 9.217803116402939 ], [ -75.862193422884147, 9.217855424734772 ], [ -75.861961388300685, 9.217907797025481 ], [ -75.861818457435774, 9.217978198366971 ], [ -75.861621905681716, 9.21808384812584 ], [ -75.861407513615802, 9.218189445427667 ], [ -75.861282486392753, 9.218242185256591 ], [ -75.8611930677353, 9.218312766251783 ], [ -75.86104995806943, 9.218436320287308 ], [ -75.860871417198354, 9.218488881069376 ], [ -75.860728621328136, 9.218523833745969 ], [ -75.860514535388759, 9.218540830333966 ], [ -75.860335995145434, 9.218593381845096 ], [ -75.860193009757211, 9.21868149821224 ], [ -75.860050088065478, 9.218751898968703 ], [ -75.859818224337957, 9.218751108199518 ], [ -75.859693438797009, 9.21873296188876 ], [ -75.859479478167017, 9.218714511396868 ], [ -75.859336797658983, 9.218714026185376 ], [ -75.859140175199911, 9.218837399599133 ], [ -75.859121796331834, 9.218996824179811 ], [ -75.859067734964697, 9.219156122117116 ], [ -75.858960296563311, 9.219279802364493 ], [ -75.858906245197446, 9.219439110171825 ], [ -75.858887981950346, 9.219563085613393 ], [ -75.858887362363262, 9.219740297415786 ], [ -75.858851088412337, 9.219917382348155 ], [ -75.858707978076907, 9.220040935877156 ], [ -75.858529617067745, 9.220040324729807 ], [ -75.858333740224197, 9.219951060349938 ], [ -75.858191544970367, 9.219808802316479 ], [ -75.858067129225248, 9.219684341221519 ], [ -75.857960480893908, 9.219577648269903 ], [ -75.857800086261747, 9.219541660733526 ], [ -75.857639935194854, 9.219434789078411 ], [ -75.857497739576345, 9.219292540567785 ], [ -75.857444731269865, 9.2191505983075 ], [ -75.8574452157373, 9.219008825710388 ], [ -75.857534885587555, 9.218867367601776 ], [ -75.857642323626777, 9.218743687672895 ], [ -75.857785067333552, 9.218726457953196 ], [ -75.857927809124661, 9.218709220061845 ], [ -75.858070739734274, 9.218638828095955 ], [ -75.858213849939062, 9.218515273109297 ], [ -75.858339003883387, 9.218427094861317 ], [ -75.858517777153835, 9.218303656761975 ], [ -75.858696129103748, 9.218304268245069 ], [ -75.858856891361739, 9.218233929547957 ], [ -75.858964519196903, 9.218057088190076 ], [ -75.859000612689783, 9.21793316535566 ], [ -75.859090400188435, 9.21775626878407 ], [ -75.859233205215475, 9.217721314922638 ], [ -75.85941143918356, 9.217757365363408 ], [ -75.859500246759723, 9.21786398556084 ], [ -75.859571033801387, 9.218023715265126 ], [ -75.859713228425136, 9.218165962872821 ], [ -75.859891336894748, 9.218237451362802 ], [ -75.860087582591959, 9.21822040093552 ], [ -75.860319933066833, 9.21807942928924 ], [ -75.860409908209192, 9.217849360583994 ], [ -75.86049969489531, 9.217672464782632 ], [ -75.860589354866491, 9.217530998305463 ], [ -75.860714625160568, 9.217407381227432 ], [ -75.860840083799459, 9.217230602096944 ], [ -75.860965668796354, 9.217018374670323 ], [ -75.861108832673878, 9.216877097202831 ], [ -75.861287857904102, 9.216682781560163 ], [ -75.86150236666893, 9.216541746327529 ], [ -75.861681266765629, 9.216382860781708 ], [ -75.861789072879304, 9.216152866266961 ], [ -75.861950743038051, 9.21581671607057 ], [ -75.86198702555923, 9.215639631306967 ], [ -75.862041203659501, 9.215444886173199 ], [ -75.862059646122859, 9.215267747218446 ], [ -75.861988974626499, 9.215072579019349 ], [ -75.86182943510542, 9.2147885048819 ], [ -75.861830234264033, 9.214558140586314 ], [ -75.861848551221613, 9.214416430897851 ], [ -75.861938158265062, 9.214292688064338 ], [ -75.862134583410565, 9.214222476178275 ], [ -75.862455551011251, 9.214241286575787 ], [ -75.862633722878925, 9.214295051365655 ], [ -75.863008014966297, 9.214367203885429 ], [ -75.863293374320236, 9.214368174178734 ], [ -75.86350721813875, 9.214422064023459 ], [ -75.863810165672405, 9.214493973600486 ], [ -75.864006357609583, 9.214494638939797 ], [ -75.864238266751315, 9.214477705217469 ], [ -75.864434333238293, 9.214513808566062 ], [ -75.864612200191829, 9.214656183126911 ], [ -75.864683176044608, 9.214762741342955 ], [ -75.864825001815092, 9.215011314002222 ], [ -75.865002868267382, 9.215153688250005 ], [ -75.86523430116435, 9.215278518183014 ], [ -75.865465968213002, 9.215332460785879 ], [ -75.865662096862835, 9.215350849609734 ], [ -75.865911908694812, 9.215316246876901 ], [ -75.866090386784407, 9.215281409691848 ], [ -75.866375682629837, 9.215300094600805 ], [ -75.866571631697028, 9.215371646442527 ], [ -75.866749678176674, 9.215460848810087 ], [ -75.866749372793137, 9.215549457731642 ], [ -75.866695501061969, 9.21565559388384 ], [ -75.866516844392578, 9.215743593118431 ], [ -75.86635609020432, 9.215813930798001 ], [ -75.866159719324159, 9.215866428691305 ], [ -75.865981124971739, 9.215936713153873 ], [ -75.865837960251795, 9.216077990990643 ], [ -75.865694787231433, 9.216219268869247 ], [ -75.865534032660463, 9.216289616235279 ], [ -75.865391344750165, 9.216289131400671 ], [ -75.865230833999377, 9.216288583303566 ], [ -75.865070439383871, 9.216252596988358 ], [ -75.864892268255431, 9.216198832904873 ], [ -75.864731936345294, 9.216145130915917 ], [ -75.864625405112079, 9.21600300023611 ], [ -75.864429652861119, 9.215878296217427 ], [ -75.864233523767979, 9.21585990679027 ], [ -75.863965997168151, 9.215858999894531 ], [ -75.863805422857027, 9.215876175658828 ], [ -75.863555600837117, 9.21591076995051 ], [ -75.863305672378573, 9.215980802203234 ], [ -75.863108995049473, 9.216121900549011 ], [ -75.863037229284416, 9.216245706851371 ], [ -75.862947442382819, 9.216422602820172 ], [ -75.862839887200138, 9.216581730854669 ], [ -75.86283927633464, 9.21675893209002 ], [ -75.862874400346982, 9.21691853608217 ], [ -75.862927410060649, 9.217060487843089 ], [ -75.863105276331282, 9.217202853002002 ], [ -75.863283321767952, 9.217292064309888 ], [ -75.863479388143247, 9.217328167746382 ], [ -75.863711064057725, 9.21738212012958 ], [ -75.86388929937803, 9.217418161017838 ], [ -75.864049809906248, 9.217418708663354 ], [ -75.864281673764921, 9.217419498754738 ], [ -75.86444194188239, 9.217490924437996 ], [ -75.864584199294413, 9.217615448676803 ], [ -75.864726582045279, 9.217704534601511 ], [ -75.864940238390005, 9.217811586577831 ], [ -75.865135999295447, 9.21793629077361 ], [ -75.865278130177856, 9.218096262771429 ], [ -75.865331149186545, 9.218238205625058 ], [ -75.865526917802541, 9.21836291937481 ], [ -75.86570550078244, 9.218339872698184 ] ] ] } },
{ "type": "Feature", "properties": { "OBJECTID": 8790.0, "NOMBRE_GEO": null, "PROYECTO": "HERNANDEZN", "SYMBOL": "3", "FECHA": null, "RULEID": 1, "PK_CUE": 708403.0, "GLOBALID": "{1E9A34E5-BEE5-4C04-864B-9B3F2106E5B1}", "SHAPE_Leng": 1039.5386612002626, "SHAPE_Area": 61517.312901958634 }, "geometry": { "type": "Polygon", "coordinates": [ [ [ -75.871095134695182, 9.231770166830053 ], [ -75.871420665793352, 9.231642067159198 ], [ -75.871713265362658, 9.231643045556659 ], [ -75.872038689241364, 9.231547249887504 ], [ -75.872299102172207, 9.231451229160671 ], [ -75.872689446684902, 9.231387943148729 ], [ -75.872917241266819, 9.231324107837967 ], [ -75.873080007003566, 9.231260057809314 ], [ -75.873275623874079, 9.231099223738056 ], [ -75.873406427799992, 9.230873558053805 ], [ -75.873796557063713, 9.230874879017991 ], [ -75.873860472334627, 9.231198092808683 ], [ -75.873762169792755, 9.2314238573606 ], [ -75.873566444759106, 9.23161700424818 ], [ -75.873565565416513, 9.231875394616759 ], [ -75.873597077255084, 9.232166207158398 ], [ -75.873595864669738, 9.232521500026422 ], [ -75.873594652257765, 9.232876801022515 ], [ -75.873528419013866, 9.233231879407882 ], [ -75.873300184383822, 9.233424907929964 ], [ -75.873039995722593, 9.233456331623954 ], [ -75.872714896308693, 9.233455245107073 ], [ -75.872357392804105, 9.233421727982481 ], [ -75.872032732765547, 9.233291437363402 ], [ -75.871805379023328, 9.23322606630825 ], [ -75.871578141233158, 9.233128402288354 ], [ -75.871383080886005, 9.233127736914902 ], [ -75.871090804933459, 9.233029855977312 ], [ -75.870928713299151, 9.232900103551282 ], [ -75.870864124155503, 9.232770683230928 ], [ -75.870865012550169, 9.232512292221948 ], [ -75.870898520050005, 9.232221704663479 ], [ -75.870964421067185, 9.231963519703879 ], [ -75.871095134695182, 9.231770166830053 ] ] ] } },
{ "type": "Feature", "properties": { "OBJECTID": 8791.0, "NOMBRE_GEO": null, "PROYECTO": "HERNANDEZN", "SYMBOL": "3", "FECHA": null, "RULEID": 1, "PK_CUE": 708405.0, "GLOBALID": "{555AD56E-0CD0-4C0A-90D5-EA4E49C91F48}", "SHAPE_Leng": 976.49771331489183, "SHAPE_Area": 37688.685873682756 }, "geometry": { "type": "Polygon", "coordinates": [ [ [ -75.836975872333241, 9.209519481283136 ], [ -75.837258436932501, 9.209418493383062 ], [ -75.837361589726967, 9.209265905073623 ], [ -75.83759276278947, 9.209190230777704 ], [ -75.837823836362503, 9.209140050657616 ], [ -75.837978221175348, 9.209013127665651 ], [ -75.838132776342746, 9.20883521628447 ], [ -75.838389594689261, 9.20875963227412 ], [ -75.838800079918698, 9.208761052293365 ], [ -75.839030983313137, 9.208761850804271 ], [ -75.839338395987227, 9.208890372714734 ], [ -75.839517447646116, 9.209043939639503 ], [ -75.839823890107994, 9.209452861578969 ], [ -75.83969472216809, 9.20970732843187 ], [ -75.839514501815529, 9.209885149067336 ], [ -75.83920673017397, 9.209858586268327 ], [ -75.838976544838729, 9.20965385982745 ], [ -75.838720614594152, 9.209474537727809 ], [ -75.838489711584927, 9.209473739149846 ], [ -75.838258369131239, 9.209600392419587 ], [ -75.838078157896831, 9.209778214264798 ], [ -75.83792324401918, 9.210058074589737 ], [ -75.837794336157444, 9.210236075803683 ], [ -75.837639869638679, 9.210388484005893 ], [ -75.837459569217344, 9.210591790925747 ], [ -75.837253693739953, 9.210769513951803 ], [ -75.836997054214365, 9.210794119116876 ], [ -75.83676633067445, 9.21074234023822 ], [ -75.836562071684625, 9.210461229855955 ], [ -75.836562700427592, 9.210282789120766 ], [ -75.836563320087123, 9.210104346648391 ], [ -75.836589784745286, 9.209875025264491 ], [ -75.836769996077962, 9.20969720393421 ], [ -75.836975872333241, 9.209519481283136 ] ] ] } },
{ "type": "Feature", "properties": { "OBJECTID": 8792.0, "NOMBRE_GEO": "Pozo El Robalo", "PROYECTO": null, "SYMBOL": "3", "FECHA": null, "RULEID": 1, "PK_CUE": 708407.0, "GLOBALID": "{76E300BE-785A-406E-97D1-2E388F6B9DAA}", "SHAPE_Leng": 2093.2818323242277, "SHAPE_Area": 287009.12946038268 }, "geometry": { "type": "Polygon", "coordinates": [ [ [ -75.800948137690824, 9.198887533578185 ], [ -75.801990542609957, 9.198614356435593 ], [ -75.80336413922349, 9.199020420846127 ], [ -75.803784280886745, 9.199856483005249 ], [ -75.803694313796655, 9.200649237807564 ], [ -75.80365169761015, 9.201534985005148 ], [ -75.803700413788178, 9.201907616040605 ], [ -75.804170834593265, 9.202185006194936 ], [ -75.804267359277077, 9.202743838945308 ], [ -75.80435367837687, 9.203530512445909 ], [ -75.803806064744165, 9.203783593915835 ], [ -75.80308373023486, 9.203968755186891 ], [ -75.801899471169307, 9.20406057211517 ], [ -75.801128933049242, 9.203644400120991 ], [ -75.800470440769459, 9.203274690277135 ], [ -75.800000926970213, 9.203183717047438 ], [ -75.799390917296776, 9.203140023296358 ], [ -75.798920729855737, 9.202909227641365 ], [ -75.798403174907151, 9.202585447902445 ], [ -75.798073259000788, 9.202260770320443 ], [ -75.798722956731623, 9.200812829653126 ], [ -75.799235543876819, 9.200111264097353 ], [ -75.799748571601398, 9.199502915024524 ], [ -75.800210908342834, 9.198936158800151 ], [ -75.800948137690824, 9.198887533578185 ] ] ] } },
{ "type": "Feature", "properties": { "OBJECTID": 8793.0, "NOMBRE_GEO": "Poza Marotas", "PROYECTO": null, "SYMBOL": "3", "FECHA": null, "RULEID": 1, "PK_CUE": 708409.0, "GLOBALID": "{56ABB18D-6D4B-4AE9-A402-4D0627D18E8A}", "SHAPE_Leng": 5251.1240684488548, "SHAPE_Area": 581407.5145702085 }, "geometry": { "type": "Polygon", "coordinates": [ [ [ -75.747150756869658, 9.233830884440621 ], [ -75.746189936979675, 9.233661928578098 ], [ -75.745404485692617, 9.233665575926519 ], [ -75.744095388724503, 9.23367164869628 ], [ -75.74277013175076, 9.233449693443168 ], [ -75.740774532781913, 9.232733232607885 ], [ -75.740164028851268, 9.232822768145411 ], [ -75.739117977131713, 9.233087734766478 ], [ -75.738594331322474, 9.233090150913526 ], [ -75.736132740919388, 9.232596005922757 ], [ -75.736060973950828, 9.232581597138884 ], [ -75.735018505599811, 9.232456721657835 ], [ -75.733523987827908, 9.231292649445082 ], [ -75.733085592037298, 9.230861116607649 ], [ -75.732472258758847, 9.230343677673963 ], [ -75.731771654287314, 9.229826644075516 ], [ -75.731194288342593, 9.229686534392398 ], [ -75.731190479392268, 9.229222535754593 ], [ -75.731186463780375, 9.228728839946902 ], [ -75.733073052306395, 9.228173159857105 ], [ -75.735871034094359, 9.229287483878348 ], [ -75.737532854746547, 9.23006021499614 ], [ -75.740243584409441, 9.231174906621602 ], [ -75.74190338329467, 9.231514066266401 ], [ -75.743823387686874, 9.231505172569442 ], [ -75.745395916063728, 9.231844709188566 ], [ -75.746618550062735, 9.232012451273777 ], [ -75.74784036672564, 9.232006773922812 ], [ -75.748625818233961, 9.232003126793401 ], [ -75.749410865161096, 9.231912765135355 ], [ -75.75019631629884, 9.231909109201961 ], [ -75.751156309181383, 9.231904636216564 ], [ -75.752203574193032, 9.231899757692572 ], [ -75.752379346910629, 9.232159064970034 ], [ -75.752342192980279, 9.232201879143823 ], [ -75.751664046361384, 9.232983278689266 ], [ -75.750884550993618, 9.233497869757693 ], [ -75.750818254729452, 9.234247378887543 ], [ -75.750472035269055, 9.234855942575903 ], [ -75.749808800163606, 9.235268216040017 ], [ -75.749051286843823, 9.235306403007225 ], [ -75.748287755371578, 9.234345852014386 ], [ -75.747150756869658, 9.233830884440621 ] ] ] } },
{ "type": "Feature", "properties": { "OBJECTID": 8794.0, "NOMBRE_GEO": "Charco Icotea", "PROYECTO": null, "SYMBOL": "3", "FECHA": null, "RULEID": 1, "PK_CUE": 708411.0, "GLOBALID": "{D3D222EA-5891-4BDD-895B-18DC9FF8429B}", "SHAPE_Leng": 2804.4368779554875, "SHAPE_Area": 312482.94514446979 }, "geometry": { "type": "Polygon", "coordinates": [ [ [ -75.690468389887442, 9.091696337902878 ], [ -75.689999195130639, 9.091694553254436 ], [ -75.689313310988354, 9.091727816861411 ], [ -75.688772761891357, 9.091510519817719 ], [ -75.688810928020587, 9.090972567771134 ], [ -75.688523990948866, 9.0905051249681 ], [ -75.688164040839794, 9.090252642076358 ], [ -75.687876138065022, 9.090036306601315 ], [ -75.687769798728354, 9.089533676965827 ], [ -75.688132237368862, 9.089140452646033 ], [ -75.688350859661426, 9.088603187634329 ], [ -75.688203721035364, 9.087963084294676 ], [ -75.688424563841622, 9.088208863979885 ], [ -75.688893776977494, 9.088246057214381 ], [ -75.688929557819449, 9.088248892906099 ], [ -75.689355653320604, 9.088276990086207 ], [ -75.689473732722746, 9.088623931609702 ], [ -75.689525050995911, 9.088702507243891 ], [ -75.689575902250212, 9.089145948231726 ], [ -75.689646842403249, 9.089469076555748 ], [ -75.690115480831778, 9.089614351920693 ], [ -75.690127722143259, 9.089604292349909 ], [ -75.690332722070693, 9.089435811764636 ], [ -75.690479296727602, 9.088862398032079 ], [ -75.690915431542805, 9.088074845987709 ], [ -75.691458874250287, 9.087538811935737 ], [ -75.691858086848399, 9.086966356823437 ], [ -75.692473847003825, 9.086394722942366 ], [ -75.693232867944531, 9.086110617037484 ], [ -75.693882512898298, 9.0861130808144 ], [ -75.694638918985632, 9.086510553380577 ], [ -75.694817588148084, 9.086977583345252 ], [ -75.694778881620095, 9.087659027699297 ], [ -75.694523351252499, 9.088411396894289 ], [ -75.693797937123037, 9.089341350832076 ], [ -75.69339927618104, 9.089770317945534 ], [ -75.693323785025655, 9.090630989077363 ], [ -75.693321719410847, 9.09116907884264 ], [ -75.693320477980649, 9.091491934158212 ], [ -75.693292972354627, 9.091634726563953 ], [ -75.693209996715396, 9.092065486282877 ], [ -75.692955286263953, 9.092602617066063 ], [ -75.69259284919589, 9.092995845625127 ], [ -75.692086869836643, 9.093173289567069 ], [ -75.69172622508728, 9.093100173693875 ], [ -75.691652652862274, 9.093010098057338 ], [ -75.691402915295285, 9.092704340082914 ], [ -75.691259927329085, 9.092345064872088 ], [ -75.691081262116981, 9.091878033587697 ], [ -75.690468389887442, 9.091696337902878 ] ] ] } },
{ "type": "Feature", "properties": { "OBJECTID": 8795.0, "NOMBRE_GEO": "Pozo La Barranca", "PROYECTO": null, "SYMBOL": "3", "FECHA": null, "RULEID": 1, "PK_CUE": 708413.0, "GLOBALID": "{A53F4B73-D747-44F7-A178-D97352BC8B9A}", "SHAPE_Leng": 8924.1125873303954, "SHAPE_Area": 1778727.8930772382 }, "geometry": { "type": "Polygon", "coordinates": [ [ [ -75.677235480069399, 9.134693313411541 ], [ -75.67756356474689, 9.13386950056266 ], [ -75.677853452112856, 9.133583635682841 ], [ -75.677855551812797, 9.133045550088685 ], [ -75.677497253784651, 9.132362582618734 ], [ -75.676560024555116, 9.132036112615179 ], [ -75.676232639758155, 9.132680561797892 ], [ -75.676410877360809, 9.133255216062585 ], [ -75.676445292051852, 9.13368582432977 ], [ -75.676514679590341, 9.134403549152427 ], [ -75.676565387408317, 9.135178036860198 ], [ -75.676582808090203, 9.135444125683863 ], [ -75.676580705687911, 9.13598221177338 ], [ -75.676217781571026, 9.136483032449318 ], [ -75.67549515738844, 9.13665960627511 ], [ -75.674809049159691, 9.136728700877619 ], [ -75.674086845053779, 9.136797655343869 ], [ -75.673472366739333, 9.137010516421441 ], [ -75.67336182991005, 9.137584053833892 ], [ -75.673611552648765, 9.138338350306224 ], [ -75.673823214254838, 9.139594717777463 ], [ -75.673603402655687, 9.140418943068081 ], [ -75.672991027669212, 9.140093717622365 ], [ -75.672308008289164, 9.139373617069547 ], [ -75.671553923281934, 9.138366258213418 ], [ -75.670871893599397, 9.137395049155938 ], [ -75.670803642949153, 9.136390345687602 ], [ -75.671746360552831, 9.135317813032295 ], [ -75.67177074311175, 9.135279618972842 ], [ -75.672137247683025, 9.134705483918841 ], [ -75.672326988584985, 9.134530857838234 ], [ -75.672835141654744, 9.133815367942775 ], [ -75.67291154869983, 9.13273947800576 ], [ -75.672554947322013, 9.131626040125159 ], [ -75.672450875207232, 9.130549452937151 ], [ -75.672490341991718, 9.129688656731293 ], [ -75.673069133030936, 9.129368039052588 ], [ -75.673287671191375, 9.128866663555664 ], [ -75.672820536934864, 9.128326764713602 ], [ -75.67289511462937, 9.127717215295592 ], [ -75.673799460657875, 9.127218490302139 ], [ -75.674486671994842, 9.126862415348917 ], [ -75.675209696858118, 9.126578223122777 ], [ -75.676510942595783, 9.126116894347501 ], [ -75.677198150665774, 9.125760813788053 ], [ -75.677668785895548, 9.125403897304032 ], [ -75.677959365021195, 9.124938667805528 ], [ -75.67857479836772, 9.124474688664145 ], [ -75.679369167910238, 9.124406000104969 ], [ -75.680162280991681, 9.124660160035695 ], [ -75.680575047331018, 9.125113247935809 ], [ -75.681205129965178, 9.125668611972928 ], [ -75.682060245071924, 9.12621715043718 ], [ -75.68210527816953, 9.126246037019595 ], [ -75.68214711919066, 9.126256603974969 ], [ -75.683259210789075, 9.12653744973635 ], [ -75.684741762793507, 9.125861547437598 ], [ -75.685898202191012, 9.125507246906231 ], [ -75.686185017136111, 9.126010567773884 ], [ -75.685821421855337, 9.126690764063969 ], [ -75.685060775395016, 9.127369437159624 ], [ -75.684443532998586, 9.128299769693173 ], [ -75.68436953176257, 9.128765835954248 ], [ -75.684512381676058, 9.129160986799171 ], [ -75.685089633296982, 9.129234946010191 ], [ -75.686136127018429, 9.129310701104052 ], [ -75.687109597301841, 9.129601412623982 ], [ -75.687685737418647, 9.12996234810384 ], [ -75.68818927090777, 9.130430623573762 ], [ -75.688006708956351, 9.130968021862701 ], [ -75.687391967643293, 9.131252654310298 ], [ -75.686813460831814, 9.131501550930858 ], [ -75.686631035181918, 9.132003076404894 ], [ -75.686313124648336, 9.132394897796514 ], [ -75.686195796542975, 9.132539503816714 ], [ -75.685399181424344, 9.133182165621459 ], [ -75.684854815784703, 9.133933411585804 ], [ -75.684347241382582, 9.134505432559369 ], [ -75.683768727329777, 9.134754323682293 ], [ -75.683082901215826, 9.134751691128759 ], [ -75.682181615351539, 9.134461243716343 ], [ -75.681171484063057, 9.134313869023256 ], [ -75.680448446236554, 9.134598071689391 ], [ -75.680366721286092, 9.134822734040592 ], [ -75.680119667310919, 9.135601248763745 ], [ -75.680045796976543, 9.136031440315433 ], [ -75.679826282691394, 9.136783925934855 ], [ -75.679859303045589, 9.137573259261892 ], [ -75.680182213411584, 9.138076722598171 ], [ -75.680613552345946, 9.13854473242243 ], [ -75.680573679835746, 9.139513148361779 ], [ -75.680498411197348, 9.140302062897877 ], [ -75.680748291051728, 9.14102048281832 ], [ -75.680817688175992, 9.141738210037898 ], [ -75.680202503566491, 9.142130442578239 ], [ -75.679587459222745, 9.142486803212023 ], [ -75.679154156610082, 9.142521005944147 ], [ -75.678577167680132, 9.1423752897188 ], [ -75.678290215405383, 9.141907835993958 ], [ -75.678436562190143, 9.141406179926058 ], [ -75.678294836984264, 9.140724047181456 ], [ -75.678188648353057, 9.140185544020394 ], [ -75.678121777744167, 9.13882211636732 ], [ -75.678161654721222, 9.137853700612318 ], [ -75.678164036278758, 9.13724387086747 ], [ -75.678130320280104, 9.136633900805192 ], [ -75.677879886772473, 9.136058968935496 ], [ -75.677520885769852, 9.135555363447484 ], [ -75.677390174264545, 9.135160557343983 ], [ -75.677235480069399, 9.134693313411541 ] ] ] } },
{ "type": "Feature", "properties": { "OBJECTID": 8796.0, "NOMBRE_GEO": "Charco Cruzado", "PROYECTO": null, "SYMBOL": "3", "FECHA": null, "RULEID": 1, "PK_CUE": 708415.0, "GLOBALID": "{3236EE63-0626-4A44-B417-72235186C4E7}", "SHAPE_Leng": 9479.6928569268257, "SHAPE_Area": 2509140.971493274 }, "geometry": { "type": "Polygon", "coordinates": [ [ [ -75.670123802554755, 9.165524567342805 ], [ -75.670652661080169, 9.164483696925528 ], [ -75.671471674843616, 9.163791595274018 ], [ -75.672580847041772, 9.163448260220548 ], [ -75.672758268098619, 9.162811604188647 ], [ -75.672351724167939, 9.162404443207334 ], [ -75.671360305927848, 9.162458534089579 ], [ -75.671245890920915, 9.162467561115051 ], [ -75.67066041377231, 9.162513754611894 ], [ -75.669900619912752, 9.162974324277839 ], [ -75.669522750955963, 9.163240322725523 ], [ -75.669393224973035, 9.163219322083101 ], [ -75.668929645975851, 9.163144156711269 ], [ -75.667703987229459, 9.162708912888862 ], [ -75.666659673081256, 9.162059135604729 ], [ -75.666084078228963, 9.161554674039262 ], [ -75.665040622429103, 9.160689661435375 ], [ -75.664033836185354, 9.159681297025168 ], [ -75.663531863623888, 9.15881839383764 ], [ -75.663499310588676, 9.157921451231241 ], [ -75.663539379786428, 9.156917172320927 ], [ -75.663901635851417, 9.156595731964517 ], [ -75.664264457539133, 9.156130803052601 ], [ -75.664701599673137, 9.155128072755794 ], [ -75.665103066944653, 9.154017584794186 ], [ -75.665142421422203, 9.153192665970666 ], [ -75.665757638321452, 9.152800462694351 ], [ -75.666188830214907, 9.153304361393362 ], [ -75.666728739552852, 9.15370106288389 ], [ -75.667146360181846, 9.15358113331556 ], [ -75.667665538950459, 9.153115778238559 ], [ -75.667882407711801, 9.152233039868136 ], [ -75.668110627162264, 9.151123603752341 ], [ -75.668113027661022, 9.150513776715 ], [ -75.668223862304643, 9.149868498197332 ], [ -75.66861308161657, 9.149388865828032 ], [ -75.668659147857909, 9.149332098063159 ], [ -75.668733884200293, 9.148686678821711 ], [ -75.668717863111993, 9.148468552070412 ], [ -75.66866535902868, 9.147753720983252 ], [ -75.668957240851555, 9.146965655042671 ], [ -75.669392662728967, 9.146393381058253 ], [ -75.670153662122942, 9.145643007318219 ], [ -75.670840773075597, 9.145322817957629 ], [ -75.67156257166549, 9.145361489205381 ], [ -75.672391537309736, 9.145687557718119 ], [ -75.672966698141337, 9.14629962399389 ], [ -75.672964447148118, 9.146873580101106 ], [ -75.673359265366074, 9.14744907356933 ], [ -75.673899740419188, 9.147702277325028 ], [ -75.674041315785985, 9.148420280984956 ], [ -75.674038644673857, 9.14910185520365 ], [ -75.674252979626999, 9.149676650079867 ], [ -75.674322644008086, 9.150322630684789 ], [ -75.674644568647011, 9.151077207104791 ], [ -75.675110746386011, 9.151868213090554 ], [ -75.675865567308279, 9.152696209025736 ], [ -75.676106992018077, 9.152920733557641 ], [ -75.676691884968847, 9.15370384420134 ], [ -75.676787641835645, 9.153881166191947 ], [ -75.677157789161328, 9.154566594070388 ], [ -75.677370304962679, 9.155607728328755 ], [ -75.677619624275607, 9.156469640993185 ], [ -75.677580155726744, 9.157330436876169 ], [ -75.677469334086481, 9.157975721138222 ], [ -75.677033625121553, 9.158619748415331 ], [ -75.676815066709338, 9.159121122963811 ], [ -75.677065088307089, 9.159803673770782 ], [ -75.677496445131553, 9.160271688709448 ], [ -75.677514431276506, 9.1603150612705 ], [ -75.678687838971783, 9.160240420034786 ], [ -75.67980591382981, 9.160495848080828 ], [ -75.680525644719211, 9.161072591592434 ], [ -75.681714382179905, 9.161722889212522 ], [ -75.682795807591631, 9.162121659355744 ], [ -75.68362538184391, 9.162304218790194 ], [ -75.684453979601514, 9.162737884347196 ], [ -75.684487561856912, 9.163383725873537 ], [ -75.684159315026264, 9.164243413792946 ], [ -75.683290698260933, 9.164814036235112 ], [ -75.682242702083187, 9.165096981336573 ], [ -75.681194987171239, 9.165308177925143 ], [ -75.680472021893479, 9.165556498162692 ], [ -75.679895557365469, 9.165267289443083 ], [ -75.679826023553858, 9.164585435598552 ], [ -75.67953905632929, 9.164117979814431 ], [ -75.678999816174908, 9.163541931192821 ], [ -75.677845353142942, 9.163358104358293 ], [ -75.677159613732954, 9.163319578780092 ], [ -75.67668948456965, 9.163532997157128 ], [ -75.676171467110834, 9.163671481831495 ], [ -75.676147225109844, 9.163766271747514 ], [ -75.676136121713753, 9.163809684190488 ], [ -75.67578560734998, 9.163982147893247 ], [ -75.675320298093482, 9.163690643572997 ], [ -75.67462267721659, 9.163166476440397 ], [ -75.67403962172834, 9.163164215662196 ], [ -75.673687285758945, 9.163800194835146 ], [ -75.673684328061498, 9.164553409442911 ], [ -75.673915958305443, 9.16495989024369 ], [ -75.674090192684346, 9.165134386939206 ], [ -75.674731557046229, 9.165136872734397 ], [ -75.675433045436222, 9.164676068369282 ], [ -75.675722755812785, 9.165140713570352 ], [ -75.675720255909809, 9.165778049139854 ], [ -75.675716164934443, 9.166820961037473 ], [ -75.675422360304381, 9.167399228374926 ], [ -75.67489623955673, 9.167744831244633 ], [ -75.673846726733515, 9.167740760557674 ], [ -75.672273598639322, 9.167444953059398 ], [ -75.67122682505736, 9.166745601635848 ], [ -75.670354516974911, 9.166162807056548 ], [ -75.670123802554755, 9.165524567342805 ] ] ] } },
{ "type": "Feature", "properties": { "OBJECTID": 8797.0, "NOMBRE_GEO": "Charco El Guamal", "PROYECTO": null, "SYMBOL": "3", "FECHA": null, "RULEID": 1, "PK_CUE": 708417.0, "GLOBALID": "{DCFCFE64-6C0A-4C48-B206-7DB057482D69}", "SHAPE_Leng": 5551.3726507189112, "SHAPE_Area": 1253486.5707643644 }, "geometry": { "type": "Polygon", "coordinates": [ [ [ -75.66562270704523, 9.074776649966385 ], [ -75.66545052770779, 9.074775984913762 ], [ -75.664800490353699, 9.074881090377664 ], [ -75.664544018005884, 9.07493063056593 ], [ -75.663936023820938, 9.075048072076193 ], [ -75.663462987438677, 9.075057413323757 ], [ -75.662932656705095, 9.074757950834432 ], [ -75.662212622166649, 9.074285310755926 ], [ -75.661652127024965, 9.073811988821275 ], [ -75.660528855650611, 9.071718168111863 ], [ -75.660279663118047, 9.070091158430428 ], [ -75.660122385970041, 9.068580523899834 ], [ -75.659818899321991, 9.067184855920258 ], [ -75.659936191658701, 9.065959059946332 ], [ -75.660125251649248, 9.06544031876947 ], [ -75.660242921837721, 9.064740494773849 ], [ -75.660969802925052, 9.063744731317488 ], [ -75.661922529225961, 9.062709791267308 ], [ -75.662395582322674, 9.061439061393683 ], [ -75.662872111305504, 9.06096123766776 ], [ -75.663890611644092, 9.060529822153827 ], [ -75.664548303720977, 9.061191844987617 ], [ -75.665191687289521, 9.062378446709877 ], [ -75.665550749136656, 9.063433808922625 ], [ -75.665564632890877, 9.064050441953171 ], [ -75.665634568800883, 9.064624676856488 ], [ -75.665127362922561, 9.065124938594524 ], [ -75.664693034251968, 9.065446117842839 ], [ -75.664294934964644, 9.065731562436955 ], [ -75.664220090785477, 9.066412857416154 ], [ -75.664217987439969, 9.066950941961395 ], [ -75.664289042391076, 9.067238198933792 ], [ -75.664612440892739, 9.067598177013153 ], [ -75.664899891440385, 9.067922142873639 ], [ -75.665548934882878, 9.068068141966933 ], [ -75.666054742872817, 9.067926602994506 ], [ -75.666055725282504, 9.067675495604686 ], [ -75.665949418559862, 9.067172865630699 ], [ -75.666276182180383, 9.066671907346295 ], [ -75.666800090331762, 9.066535200313961 ], [ -75.666998293716588, 9.066574725733501 ], [ -75.66714259912581, 9.066603504289144 ], [ -75.667538878823791, 9.066784395866422 ], [ -75.667754013106915, 9.067143953757498 ], [ -75.667923022569596, 9.067654531333806 ], [ -75.667968028961141, 9.067790490947866 ], [ -75.66836305131028, 9.068294234942282 ], [ -75.668650085587686, 9.068725816127511 ], [ -75.669046089234755, 9.068978452014386 ], [ -75.66958742817593, 9.068980535955875 ], [ -75.670273124579666, 9.068983175960804 ], [ -75.670484707916486, 9.068944585036382 ], [ -75.670850973086701, 9.068877780925581 ], [ -75.671500440894661, 9.068916151741574 ], [ -75.672039967427835, 9.069384574678777 ], [ -75.672578516987087, 9.07010410429201 ], [ -75.672720084072211, 9.070822106655463 ], [ -75.67286207107513, 9.071432493337333 ], [ -75.672967410424889, 9.072186231280671 ], [ -75.672929367397671, 9.072688305962862 ], [ -75.672495172973981, 9.072973619924117 ], [ -75.672025866981301, 9.073007689168218 ], [ -75.671303513794726, 9.073148400768883 ], [ -75.670617668051491, 9.073181634765563 ], [ -75.670325073951446, 9.073271284988115 ], [ -75.67003953336193, 9.073358772783113 ], [ -75.669605896767465, 9.073500595057775 ], [ -75.669208770364534, 9.073534936962025 ], [ -75.669063292243479, 9.073821360343761 ], [ -75.668947137657995, 9.074140715598693 ], [ -75.668880883246487, 9.074322876743251 ], [ -75.668806743168929, 9.0748248123501 ], [ -75.668589504202515, 9.075003339358615 ], [ -75.668083546026978, 9.07518075241437 ], [ -75.667505827115761, 9.075250269085979 ], [ -75.667072748240827, 9.075248597168002 ], [ -75.666676320318913, 9.075103575815733 ], [ -75.666316123238332, 9.074922820096035 ], [ -75.665992341942157, 9.074822425073501 ], [ -75.665847516438561, 9.074777519218303 ], [ -75.66562270704523, 9.074776649966385 ] ] ] } },
{ "type": "Feature", "properties": { "OBJECTID": 8798.0, "NOMBRE_GEO": "Charco Pacho", "PROYECTO": null, "SYMBOL": "3", "FECHA": null, "RULEID": 1, "PK_CUE": 708419.0, "GLOBALID": "{A2CFB220-3585-443D-BE51-283CC7C7EB81}", "SHAPE_Leng": 3681.5615781829324, "SHAPE_Area": 375554.21293186402 }, "geometry": { "type": "Polygon", "coordinates": [ [ [ -75.633506148945955, 9.102954419347126 ], [ -75.633832273242007, 9.102632860580043 ], [ -75.634376244269433, 9.10198931376107 ], [ -75.634558429946821, 9.101559567935741 ], [ -75.63513906529208, 9.100772675428454 ], [ -75.635393433217246, 9.100343212751625 ], [ -75.635575329694134, 9.099985210198449 ], [ -75.635901880032037, 9.09955603418814 ], [ -75.636227999335091, 9.099234471988389 ], [ -75.636553543207057, 9.09905639692842 ], [ -75.636660096363883, 9.099487287172021 ], [ -75.636585902413316, 9.09998920740653 ], [ -75.63654780017238, 9.100491269565183 ], [ -75.636727685095835, 9.100635469826457 ], [ -75.637126562934242, 9.100170706928864 ], [ -75.637437513960748, 9.099660226920946 ], [ -75.637889227261113, 9.098989930775975 ], [ -75.638143017362324, 9.09870395542174 ], [ -75.638433328232168, 9.098310504438892 ], [ -75.638758441018567, 9.098240043430456 ], [ -75.639104845595526, 9.098419717689183 ], [ -75.639406658670424, 9.0986013263496 ], [ -75.639623210102869, 9.098602179846131 ], [ -75.640057601433313, 9.098281041201345 ], [ -75.640600409337253, 9.097924458182142 ], [ -75.64117902074905, 9.097639759098895 ], [ -75.641613982239377, 9.097175129876577 ], [ -75.64194095190517, 9.096638332301689 ], [ -75.642412431140471, 9.096066229006791 ], [ -75.642917713006526, 9.096068216829567 ], [ -75.643278343186182, 9.096141381407802 ], [ -75.643494035738357, 9.096357464132179 ], [ -75.643327728220044, 9.096733629993006 ], [ -75.643312006939894, 9.09675134567623 ], [ -75.642985609375486, 9.097144658286618 ], [ -75.642804149580684, 9.097395052365252 ], [ -75.642657210909789, 9.098040177932436 ], [ -75.642365044982427, 9.098899966739843 ], [ -75.642001693565959, 9.099508366568079 ], [ -75.641999835417991, 9.099974700673634 ], [ -75.641999327867566, 9.100101772096535 ], [ -75.641999262882365, 9.100118189137904 ], [ -75.641997403143364, 9.100584524148433 ], [ -75.641997116897628, 9.100656267022972 ], [ -75.641742470010669, 9.10115747774806 ], [ -75.6411993706934, 9.101585807319708 ], [ -75.640620606968682, 9.101906376968012 ], [ -75.640078938539219, 9.101975985235681 ], [ -75.639249536938394, 9.101793349729881 ], [ -75.638923991179055, 9.101971426612666 ], [ -75.638417123429974, 9.102364020654006 ], [ -75.638090572433072, 9.102793199659288 ], [ -75.637763732866347, 9.103294121692493 ], [ -75.637473415894135, 9.103687569798764 ], [ -75.637040453267829, 9.103649985735602 ], [ -75.636499643414837, 9.103504358269815 ], [ -75.636464259378513, 9.103468909368663 ], [ -75.636140157540225, 9.103144212288401 ], [ -75.636032743414319, 9.102928552585512 ], [ -75.635600211574328, 9.102783351673368 ], [ -75.635093915658771, 9.103032454088678 ], [ -75.634767504111949, 9.103425757039725 ], [ -75.63465920904703, 9.103493650041282 ], [ -75.634369482829442, 9.103675286582053 ], [ -75.632564440602209, 9.10377574755284 ], [ -75.632746341977835, 9.103417746082123 ], [ -75.632917200963405, 9.103268008353572 ], [ -75.633257448118329, 9.10308684093639 ], [ -75.633339231347207, 9.103043294561164 ], [ -75.633506148945955, 9.102954419347126 ] ] ] } },
{ "type": "Feature", "properties": { "OBJECTID": 8799.0, "NOMBRE_GEO": "Charco Rabón", "PROYECTO": null, "SYMBOL": "3", "FECHA": null, "RULEID": 1, "PK_CUE": 708421.0, "GLOBALID": "{6409B3BA-DDEB-4ADF-9AA7-C0233E37AFE3}", "SHAPE_Leng": 4484.1893485417677, "SHAPE_Area": 856547.51542468648 }, "geometry": { "type": "Polygon", "coordinates": [ [ [ -75.652063509692567, 9.149211453297506 ], [ -75.652931686582662, 9.149207689328831 ], [ -75.653491974749898, 9.149698258570172 ], [ -75.653806115846749, 9.150621304571009 ], [ -75.653809906136885, 9.151484073911558 ], [ -75.653503105251957, 9.15222493228551 ], [ -75.653135362059757, 9.153212567086078 ], [ -75.653141605348793, 9.154629965191562 ], [ -75.653457102383328, 9.1558611423266 ], [ -75.653710858055419, 9.157154213426743 ], [ -75.653653195256013, 9.158140500328733 ], [ -75.653470136788712, 9.158819194982639 ], [ -75.653037651626249, 9.159190836723029 ], [ -75.652480885259052, 9.159501403352941 ], [ -75.651861828912175, 9.159750604624477 ], [ -75.651304505212309, 9.159937912210086 ], [ -75.650810287600478, 9.160371447864049 ], [ -75.650320669548393, 9.161852627386683 ], [ -75.650323661884471, 9.162530512976051 ], [ -75.650201526574378, 9.162962449607996 ], [ -75.649895784937385, 9.163949805568155 ], [ -75.649154855171275, 9.16469255138097 ], [ -75.648598060980774, 9.16500310821027 ], [ -75.64710859970404, 9.164763068995432 ], [ -75.646484657377798, 9.163902976983588 ], [ -75.646481953408298, 9.163286715259348 ], [ -75.646788781686652, 9.162545856374546 ], [ -75.647093445939674, 9.161311975354616 ], [ -75.647518896624462, 9.159338061848175 ], [ -75.647761540763412, 9.158104459766037 ], [ -75.64824872364612, 9.156068653154561 ], [ -75.64874186254049, 9.155388600894474 ], [ -75.648984507207544, 9.154155016853224 ], [ -75.648857234250428, 9.153416027214956 ], [ -75.648543918792782, 9.152677853642418 ], [ -75.648107662139012, 9.152186727418737 ], [ -75.647733684072136, 9.151756954751406 ], [ -75.647730710856095, 9.151079077248424 ], [ -75.648225196979226, 9.150707156936054 ], [ -75.648966917848711, 9.15014929431001 ], [ -75.64970836998387, 9.149529806704866 ], [ -75.650638027307764, 9.149402525388878 ], [ -75.651505394982863, 9.149213869252018 ], [ -75.652063509692567, 9.149211453297506 ] ] ] } },
{ "type": "Feature", "properties": { "OBJECTID": 8800.0, "NOMBRE_GEO": null, "PROYECTO": null, "SYMBOL": "3", "FECHA": null, "RULEID": 1, "PK_CUE": 708423.0, "GLOBALID": "{38789D72-6CDF-45EE-99F1-9460D372CD6F}", "SHAPE_Leng": 1474.0949631832582, "SHAPE_Area": 49555.242653258952 }, "geometry": { "type": "Polygon", "coordinates": [ [ [ -75.865087746395872, 8.637797663308929 ], [ -75.86488785368158, 8.637768600075651 ], [ -75.864658755600985, 8.637938463157498 ], [ -75.864315110330907, 8.63819325808071 ], [ -75.863971007620492, 8.638590207148033 ], [ -75.863655385207238, 8.639015676849228 ], [ -75.863340943282182, 8.639071543016792 ], [ -75.863312919420295, 8.638900866081237 ], [ -75.863400082117195, 8.638446240744127 ], [ -75.863715159771715, 8.638191358109983 ], [ -75.864059170294055, 8.637822839982229 ], [ -75.864431928808074, 8.637397549567549 ], [ -75.864433019949658, 8.637056377944258 ], [ -75.86437679125352, 8.636771885745334 ], [ -75.864377880811944, 8.636430714110483 ], [ -75.864892938604683, 8.636176460753619 ], [ -75.865293176261076, 8.636092432608013 ], [ -75.865492613194689, 8.636263651838911 ], [ -75.865491434194126, 8.636633255599122 ], [ -75.865633279781974, 8.636946448784842 ], [ -75.86574710208923, 8.637088966276195 ], [ -75.865917516728089, 8.63740224916174 ], [ -75.86597383891575, 8.63765830917534 ], [ -75.865972659012073, 8.638027912775728 ], [ -75.865942548340556, 8.638511149887835 ], [ -75.865827454319827, 8.638766667800697 ], [ -75.865654495555688, 8.639249453723918 ], [ -75.865624020876339, 8.639846415303838 ], [ -75.865537496203743, 8.640102024091968 ], [ -75.865280373414791, 8.640101211438202 ], [ -75.8651666412228, 8.639930263415255 ], [ -75.8651672773331, 8.639731245271875 ], [ -75.865197208776124, 8.639304870076932 ], [ -75.865369712753733, 8.638964240098506 ], [ -75.865371074597235, 8.638537774133429 ], [ -75.865314754277989, 8.63828171393761 ], [ -75.865087746395872, 8.637797663308929 ] ] ] } },
{ "type": "Feature", "properties": { "OBJECTID": 8801.0, "NOMBRE_GEO": null, "PROYECTO": null, "SYMBOL": "3", "FECHA": null, "RULEID": 1, "PK_CUE": 708425.0, "GLOBALID": "{A2CB5231-A54B-489A-AEC0-7C0FE65E17B6}", "SHAPE_Leng": 543.67831581455755, "SHAPE_Area": 12266.546518916644 }, "geometry": { "type": "Polygon", "coordinates": [ [ [ -75.871996418398794, 8.648395932033694 ], [ -75.871939548766179, 8.648310457706359 ], [ -75.871768039017752, 8.648338350229681 ], [ -75.871567870271903, 8.648394582123245 ], [ -75.871425381679117, 8.648280407695772 ], [ -75.871569134697367, 8.647996547232385 ], [ -75.871826716123905, 8.647855200592446 ], [ -75.871969475333543, 8.64788408165882 ], [ -75.872226152047986, 8.648027047638958 ], [ -75.872454350181272, 8.648141491038565 ], [ -75.872510765538493, 8.648369120293239 ], [ -75.872424152752373, 8.648653161048911 ], [ -75.872279946980854, 8.649079177651457 ], [ -75.87205012167243, 8.649476492730221 ], [ -75.871850042095531, 8.649504295385697 ], [ -75.871622386326905, 8.649219264429954 ], [ -75.871623200356439, 8.6489633837708 ], [ -75.871709453403753, 8.648793066697619 ], [ -75.871881415166541, 8.648623020853607 ], [ -75.871996418398794, 8.648395932033694 ] ] ] } },
{ "type": "Feature", "properties": { "OBJECTID": 8802.0, "NOMBRE_GEO": null, "PROYECTO": null, "SYMBOL": "3", "FECHA": null, "RULEID": 1, "PK_CUE": 708427.0, "GLOBALID": "{DB30C875-D7D4-4951-ACD0-02B2AF024CBF}", "SHAPE_Leng": 475.8492379520701, "SHAPE_Area": 12297.729145446503 }, "geometry": { "type": "Polygon", "coordinates": [ [ [ -75.874724793346473, 8.653575980130313 ], [ -75.874793832964272, 8.653598004102399 ], [ -75.87486082942614, 8.653630408799511 ], [ -75.874929172735975, 8.653658080421581 ], [ -75.87505728076772, 8.65367665345962 ], [ -75.875174611389625, 8.653699579813651 ], [ -75.875208593152635, 8.653719201453008 ], [ -75.875236655625073, 8.653744902420646 ], [ -75.875259216381863, 8.653776149977427 ], [ -75.875276692997261, 8.653812411384004 ], [ -75.875289503045153, 8.653853153900886 ], [ -75.875298064099056, 8.653897844788391 ], [ -75.875302793732203, 8.653945951306714 ], [ -75.875304109517714, 8.653996940715938 ], [ -75.875302429028665, 8.654050280276003 ], [ -75.875298169838118, 8.654105437246745 ], [ -75.875291749519207, 8.654161878887933 ], [ -75.875283585645221, 8.654219072459224 ], [ -75.875274095789621, 8.654276485220214 ], [ -75.875263697526009, 8.654333584430425 ], [ -75.875252808428286, 8.654389837349324 ], [ -75.875241846070509, 8.654444711236328 ], [ -75.875231228027005, 8.654497673350795 ], [ -75.875221371872314, 8.654548190952045 ], [ -75.875212695181133, 8.654595731299374 ], [ -75.875201224392342, 8.654664134602452 ], [ -75.875189377046155, 8.654734045505878 ], [ -75.875176026673259, 8.654804383902865 ], [ -75.875160046803316, 8.654874069686732 ], [ -75.875140310965008, 8.654942022750765 ], [ -75.87511569268618, 8.65500716298811 ], [ -75.875085065493934, 8.655068410291575 ], [ -75.875047302914979, 8.655124684553398 ], [ -75.875036068418652, 8.655139458735464 ], [ -75.875024445806361, 8.655155202168586 ], [ -75.875012442510155, 8.655171468033132 ], [ -75.875000065962098, 8.655187809509448 ], [ -75.874987323594326, 8.655203779777866 ], [ -75.874974222838958, 8.655218932018704 ], [ -75.874960771128244, 8.655232819412248 ], [ -75.87494697589436, 8.655244995138782 ], [ -75.874932844569656, 8.655255012378545 ], [ -75.874918384586508, 8.655262424311756 ], [ -75.874903603377376, 8.655266784118618 ], [ -75.874892964043752, 8.655267992643379 ], [ -75.874881573847063, 8.655267996881584 ], [ -75.874869569243145, 8.6552668738739 ], [ -75.874857086687854, 8.655264700661014 ], [ -75.874844262637041, 8.655261554283632 ], [ -75.874831233546544, 8.655257511782468 ], [ -75.874818135872232, 8.655252650198273 ], [ -75.8748051060699, 8.655247046571809 ], [ -75.874792280595415, 8.655240777943865 ], [ -75.874779795904544, 8.65523392135527 ], [ -75.874767788453084, 8.655226553846846 ], [ -75.874756394696831, 8.655218752459481 ], [ -75.874745751091481, 8.655210594234044 ], [ -75.874735994092788, 8.655202156211452 ], [ -75.874727260156476, 8.655193515432622 ], [ -75.874719685738171, 8.655184748938494 ], [ -75.874708427190299, 8.655166770655244 ], [ -75.874700239704111, 8.655146195265145 ], [ -75.874694475657677, 8.655123614521964 ], [ -75.874690487428964, 8.655099620179342 ], [ -75.874687627395986, 8.655074803990871 ], [ -75.874685247936867, 8.655049757710042 ], [ -75.874682701429776, 8.655025073090281 ], [ -75.87467934025301, 8.655001341884974 ], [ -75.874673146500626, 8.654885830323407 ], [ -75.874683262714953, 8.654766530316561 ], [ -75.874694610328447, 8.654647960005908 ], [ -75.874692110791273, 8.65453463752783 ], [ -75.874660685568585, 8.654431081011813 ], [ -75.874616393901803, 8.654369064705758 ], [ -75.874563419893377, 8.654310155088677 ], [ -75.874518020552102, 8.654247353266909 ], [ -75.874497969739934, 8.654206209724551 ], [ -75.874480840311719, 8.654163153302465 ], [ -75.874466405803901, 8.654118712198075 ], [ -75.874454439752782, 8.654073414608751 ], [ -75.874444715694551, 8.654027788731758 ], [ -75.874437007165355, 8.6539823627643 ], [ -75.874432500639315, 8.653953888532225 ], [ -75.874427684262542, 8.653924468011477 ], [ -75.874423057309983, 8.653894453091743 ], [ -75.874419119056213, 8.653864195662852 ], [ -75.874416368775712, 8.653834047614652 ], [ -75.874415305742787, 8.653804360837082 ], [ -75.874416429231488, 8.653775487220107 ], [ -75.874420238515668, 8.65374777865372 ], [ -75.87442723286911, 8.653721587027837 ], [ -75.874437911565451, 8.653697264232319 ], [ -75.874446246736042, 8.653682958797905 ], [ -75.874455791526131, 8.653668426041165 ], [ -75.874466424160318, 8.653653928332744 ], [ -75.874478022863173, 8.653639728043318 ], [ -75.874490465859381, 8.653626087543513 ], [ -75.874503631373628, 8.653613269203966 ], [ -75.874517397630726, 8.653601535395287 ], [ -75.874531642855459, 8.653591148488113 ], [ -75.874546245272711, 8.653582370853034 ], [ -75.874561083107466, 8.653575464860683 ], [ -75.874579406302274, 8.65356981991078 ], [ -75.874599001179419, 8.653566514086 ], [ -75.874619537695608, 8.653565193446326 ], [ -75.87464068580762, 8.65356550405183 ], [ -75.874662115472077, 8.653567091962678 ], [ -75.874683496645673, 8.653569603239118 ], [ -75.87470449928496, 8.65357268394151 ], [ -75.874724793346473, 8.653575980130313 ] ] ] } },
{ "type": "Feature", "properties": { "OBJECTID": 8803.0, "NOMBRE_GEO": null, "PROYECTO": null, "SYMBOL": "3", "FECHA": null, "RULEID": 1, "PK_CUE": 706134.0, "GLOBALID": "{817D68E7-9D5A-4926-987D-1B74D472328D}", "SHAPE_Leng": 712.11085671043168, "SHAPE_Area": 18837.194014481363 }, "geometry": { "type": "Polygon", "coordinates": [ [ [ -75.877349365315368, 8.645479196897671 ], [ -75.877478578740821, 8.645530523948651 ], [ -75.87759699537412, 8.645617184279125 ], [ -75.877714136053982, 8.645711601089243 ], [ -75.877839521580498, 8.645786197576303 ], [ -75.877889667631521, 8.645802288286381 ], [ -75.877942843695052, 8.645813948027087 ], [ -75.877995477183575, 8.645825785081872 ], [ -75.878043995512598, 8.645842407735422 ], [ -75.878084826099894, 8.645868424273671 ], [ -75.878099160725398, 8.6458824253278 ], [ -75.878112937394306, 8.645898022308415 ], [ -75.878126018593008, 8.645914979981345 ], [ -75.878138266807753, 8.645933063112482 ], [ -75.878149544524831, 8.645952036467735 ], [ -75.87815971423035, 8.645971664813045 ], [ -75.878168638410401, 8.645991712914386 ], [ -75.878176179550934, 8.646011945537767 ], [ -75.878182200137942, 8.646032127449194 ], [ -75.87818656265722, 8.646052023414688 ], [ -75.87818930395629, 8.646071747167428 ], [ -75.878190724689375, 8.646092278970483 ], [ -75.878190846593412, 8.646113340364513 ], [ -75.87818969140524, 8.646134652890174 ], [ -75.878187280861695, 8.646155938088118 ], [ -75.878183636699617, 8.646176917498975 ], [ -75.878178780655801, 8.646197312663356 ], [ -75.878172734467057, 8.646216845121861 ], [ -75.878165519870265, 8.646235236415068 ], [ -75.878142212920025, 8.646272223550405 ], [ -75.878110056258251, 8.646304852758611 ], [ -75.878073130768939, 8.646335228319341 ], [ -75.878035517337707, 8.646365454513184 ], [ -75.878001296851338, 8.646397635622113 ], [ -75.877885256915818, 8.646539448075655 ], [ -75.877781733237995, 8.646691718135845 ], [ -75.877685190473287, 8.64684935797318 ], [ -75.877590093269504, 8.647007279752996 ], [ -75.877544611120271, 8.647092810035465 ], [ -75.877505835643376, 8.647185945295845 ], [ -75.877471268349709, 8.647283652145198 ], [ -75.877438410747757, 8.647382897193904 ], [ -75.877404764343353, 8.64748064705188 ], [ -75.877367830639486, 8.647573868328731 ], [ -75.877325111136741, 8.647659527633426 ], [ -75.877274107334131, 8.647734591573785 ], [ -75.877212320730365, 8.647796026755604 ], [ -75.877137252825463, 8.647840799781498 ], [ -75.87712094146346, 8.647847961451147 ], [ -75.877103509015001, 8.647855804124591 ], [ -75.877085187958599, 8.647864047825593 ], [ -75.877066210772909, 8.647872412577946 ], [ -75.877046809936601, 8.647880618405472 ], [ -75.877027217928472, 8.647888385332005 ], [ -75.877007667227417, 8.647895433381384 ], [ -75.876988390312377, 8.647901482577499 ], [ -75.876969619662376, 8.647906252944239 ], [ -75.876951587756565, 8.647909464505531 ], [ -75.876934527074084, 8.647910837285332 ], [ -75.876918670094142, 8.647910091307619 ], [ -75.876904249296032, 8.647906946596382 ], [ -75.876891497158979, 8.647901123175657 ], [ -75.876881649562151, 8.647893745317422 ], [ -75.876872410846403, 8.647884238570242 ], [ -75.876863778394622, 8.64787287716465 ], [ -75.876855749589694, 8.647859935331175 ], [ -75.876848321814478, 8.647845687300341 ], [ -75.87684149245176, 8.64783040730269 ], [ -75.876835258884313, 8.647814369568785 ], [ -75.87682961849481, 8.647797848329175 ], [ -75.876824568665981, 8.647781117814423 ], [ -75.876820106780428, 8.647764452255098 ], [ -75.876816230220783, 8.647748125881771 ], [ -75.876812936369603, 8.647732412925006 ], [ -75.876810222609507, 8.647717587615368 ], [ -75.876807177492822, 8.647681389130698 ], [ -75.876809661084252, 8.647644514809048 ], [ -75.876816886728008, 8.647607183216326 ], [ -75.876828067768457, 8.647569612918263 ], [ -75.876842417550293, 8.647532022480368 ], [ -75.87685914941855, 8.647494630468115 ], [ -75.876877476718562, 8.647457655446914 ], [ -75.876896612796045, 8.647421315982211 ], [ -75.876915770997115, 8.647385830639459 ], [ -75.876934164668242, 8.647351417984176 ], [ -75.877010314867931, 8.64724014827897 ], [ -75.877099687307606, 8.647135825830578 ], [ -75.877180758821609, 8.647026362362469 ], [ -75.877201813142506, 8.646992838019019 ], [ -75.877223975130107, 8.646958963716406 ], [ -75.877245899443778, 8.646924683250528 ], [ -75.877266240743523, 8.646889940417417 ], [ -75.877283653689972, 8.646854679013202 ], [ -75.877296792944279, 8.646818842834067 ], [ -75.877304313168167, 8.646782375676063 ], [ -75.877298948466475, 8.646709204608314 ], [ -75.877279121237294, 8.64663393121053 ], [ -75.877264096363405, 8.646558242226977 ], [ -75.87726446312098, 8.646506854017149 ], [ -75.877269289195922, 8.646454773299803 ], [ -75.877271679710759, 8.646403516382675 ], [ -75.877264739791499, 8.646354599572419 ], [ -75.877253482731689, 8.646324572541653 ], [ -75.877238472712619, 8.646295369059269 ], [ -75.877220950960279, 8.646266898571865 ], [ -75.877202158700413, 8.64623907052624 ], [ -75.877183337158399, 8.646211794369597 ], [ -75.877121326601952, 8.646142988001028 ], [ -75.877052689423564, 8.646078917856025 ], [ -75.876999810096535, 8.646007576071479 ], [ -75.876987525274501, 8.645978900501047 ], [ -75.876977026677366, 8.645948500052452 ], [ -75.876968388529434, 8.645916790773439 ], [ -75.876961685054866, 8.645884188711785 ], [ -75.876956990477666, 8.645851109915272 ], [ -75.876954379021754, 8.645817970431663 ], [ -75.876953924910893, 8.645785186308739 ], [ -75.876955702368832, 8.645753173594223 ], [ -75.876959785619192, 8.645722348335816 ], [ -75.876963716940338, 8.645702052109476 ], [ -75.876968596596711, 8.645680895055893 ], [ -75.876974419263334, 8.645659181405298 ], [ -75.876981179615143, 8.645637215387893 ], [ -75.876988872327132, 8.645615301233896 ], [ -75.876997492074267, 8.645593743173471 ], [ -75.877007033531541, 8.645572845436812 ], [ -75.877017491373948, 8.645552912254047 ], [ -75.877028860276482, 8.645534247855331 ], [ -75.877041134914236, 8.64551715647076 ], [ -75.87705430996229, 8.645501942330423 ], [ -75.877068380095821, 8.645488909664376 ], [ -75.877083339990065, 8.645478362702644 ], [ -75.877102211366847, 8.645469335300781 ], [ -75.877123292995591, 8.645463110757538 ], [ -75.877146202308538, 8.645459361669069 ], [ -75.87717055673798, 8.645457760631549 ], [ -75.87719597371624, 8.645457980241254 ], [ -75.877222070675572, 8.645459693094574 ], [ -75.877248465048254, 8.645462571787998 ], [ -75.87727477426651, 8.645466288918174 ], [ -75.877300615762422, 8.645470517081877 ], [ -75.877325606968043, 8.645474928876025 ], [ -75.877349365315368, 8.645479196897671 ] ] ] } },
{ "type": "Feature", "properties": { "OBJECTID": 8804.0, "NOMBRE_GEO": null, "PROYECTO": null, "SYMBOL": "3", "FECHA": null, "RULEID": 1, "PK_CUE": 706135.0, "GLOBALID": "{3486A407-AB70-4293-AE89-3E00E70802AB}", "SHAPE_Leng": 1652.4417555821358, "SHAPE_Area": 95517.402830858191 }, "geometry": { "type": "Polygon", "coordinates": [ [ [ -75.977073437233514, 8.836799457858545 ], [ -75.977148616935054, 8.836794339184296 ], [ -75.977544222694419, 8.837190150349915 ], [ -75.977686378269794, 8.837908114707041 ], [ -75.977936746673777, 8.83862639782747 ], [ -75.978474513627688, 8.839740174082442 ], [ -75.978869169140395, 8.840458878665428 ], [ -75.978939822300859, 8.840961370054675 ], [ -75.978902688395493, 8.841320033721832 ], [ -75.979226158670741, 8.841715634852672 ], [ -75.979658057419954, 8.842039795923498 ], [ -75.979728712621636, 8.842542286673522 ], [ -75.979476213053132, 8.84254154706651 ], [ -75.979260317963437, 8.842361528051688 ], [ -75.978756701566098, 8.841893645042335 ], [ -75.978396840884571, 8.841605571180331 ], [ -75.978145301009874, 8.841281935666915 ], [ -75.978110079793836, 8.840994813559625 ], [ -75.977714042541109, 8.840742510341133 ], [ -75.977353970855688, 8.840526189069562 ], [ -75.976922716302781, 8.839986762126058 ], [ -75.976564029610984, 8.839304038555907 ], [ -75.976240776726058, 8.838836682741116 ], [ -75.975989879964175, 8.838297785093406 ], [ -75.975810910732221, 8.837830853627155 ], [ -75.975848474404827, 8.837328682445941 ], [ -75.976102139692529, 8.836934775962691 ], [ -75.976643520094328, 8.8368287326612 ], [ -75.977073437233514, 8.836799457858545 ] ] ] } },
{ "type": "Feature", "properties": { "OBJECTID": 8806.0, "NOMBRE_GEO": null, "PROYECTO": null, "SYMBOL": "3", "FECHA": null, "RULEID": 1, "PK_CUE": 706137.0, "GLOBALID": "{BD48D5C5-782B-4FB7-84C3-FFAEED258D49}", "SHAPE_Leng": 312.29597731720111, "SHAPE_Area": 7643.0640280026391 }, "geometry": { "type": "Polygon", "coordinates": [ [ [ -76.018068398805639, 9.324708095571738 ], [ -76.01815185265157, 9.324682908235532 ], [ -76.018316028965884, 9.32471290179731 ], [ -76.018391640418329, 9.324775290256271 ], [ -76.018414996668355, 9.324795511091111 ], [ -76.018464017189117, 9.324837948322505 ], [ -76.018529909089239, 9.324901143955364 ], [ -76.018586097729624, 9.324965140328882 ], [ -76.018629342924967, 9.325030205322447 ], [ -76.018656409051829, 9.32509660858517 ], [ -76.01866404494082, 9.325164610861389 ], [ -76.018649716902772, 9.325234221913034 ], [ -76.01861535579458, 9.325303678583694 ], [ -76.018564699939446, 9.325370549932085 ], [ -76.01850145894231, 9.325432344713759 ], [ -76.018429386740806, 9.325486648118188 ], [ -76.018352185844094, 9.325530988841475 ], [ -76.018272793300156, 9.32556306835029 ], [ -76.018192572548443, 9.325580837321823 ], [ -76.018112712823196, 9.32558230122793 ], [ -76.018034433716295, 9.325565609868519 ], [ -76.017959684800388, 9.325531383776003 ], [ -76.017890901401486, 9.325482138852028 ], [ -76.017830579326429, 9.325420441996673 ], [ -76.017781180756117, 9.325348864916419 ], [ -76.017745175781513, 9.325269947624731 ], [ -76.017724973341686, 9.325186313791741 ], [ -76.017721281232198, 9.32510113558334 ], [ -76.017733238398378, 9.325018176816162 ], [ -76.017759909094806, 9.324941191094242 ], [ -76.017800386859861, 9.324873951651048 ], [ -76.017853440891258, 9.324818697347212 ], [ -76.017917159157662, 9.324773987704411 ], [ -76.017989481667072, 9.324737786181545 ], [ -76.018068398805639, 9.324708095571738 ] ] ] } },
{ "type": "Feature", "properties": { "OBJECTID": 8807.0, "NOMBRE_GEO": null, "PROYECTO": null, "SYMBOL": "3", "FECHA": null, "RULEID": 1, "PK_CUE": 706138.0, "GLOBALID": "{85C6AB4B-4048-4424-995D-96D29E3BDBC3}", "SHAPE_Leng": 342.88927182261011, "SHAPE_Area": 8906.2048934929062 }, "geometry": { "type": "Polygon", "coordinates": [ [ [ -76.014326466647205, 9.301162983010306 ], [ -76.014405230790601, 9.301149148953069 ], [ -76.014491047265849, 9.30115199739206 ], [ -76.014580259237576, 9.301170179345785 ], [ -76.014669219207846, 9.301202373770987 ], [ -76.014754298579561, 9.301247235973765 ], [ -76.01483184953409, 9.301303407872323 ], [ -76.014898235645148, 9.301369587319858 ], [ -76.014920046929575, 9.301400749080917 ], [ -76.014950409931558, 9.30144414729261 ], [ -76.014987859860383, 9.301524392896798 ], [ -76.01501070536203, 9.301607334718192 ], [ -76.01501904995888, 9.301689979865275 ], [ -76.015013049115382, 9.301769345849584 ], [ -76.01499277369652, 9.301842450896151 ], [ -76.01495869199367, 9.301907147560593 ], [ -76.014912159111717, 9.301963921394668 ], [ -76.014854739223793, 9.302013768556591 ], [ -76.014787975598125, 9.302057687188043 ], [ -76.014713443025258, 9.302096638114071 ], [ -76.014632675826391, 9.302131636722081 ], [ -76.014547264413054, 9.302163661779735 ], [ -76.014458707545472, 9.302193719037128 ], [ -76.014368616418793, 9.302222770823077 ], [ -76.014269764824007, 9.3021020550992 ], [ -76.014224920819274, 9.302035633768483 ], [ -76.014187470849649, 9.301965250613044 ], [ -76.014157628654161, 9.301891112574975 ], [ -76.014135376768749, 9.301813623741833 ], [ -76.014120681284965, 9.301733180206883 ], [ -76.014119386620862, 9.301718195788348 ], [ -76.014113521090934, 9.301650185184169 ], [ -76.014113835958526, 9.301565042218039 ], [ -76.014121678422796, 9.30147825601297 ], [ -76.014138053553481, 9.301392672741015 ], [ -76.014164958808834, 9.301313459824103 ], [ -76.014204403595286, 9.30124579904022 ], [ -76.014258375109165, 9.301194828072752 ], [ -76.014326466647205, 9.301162983010306 ] ] ] } },
{ "type": "Feature", "properties": { "OBJECTID": 8811.0, "NOMBRE_GEO": null, "PROYECTO": null, "SYMBOL": "3", "FECHA": null, "RULEID": 1, "PK_CUE": 706142.0, "GLOBALID": "{8A34D212-039B-4E29-96F5-8552780A8BA2}", "SHAPE_Leng": 493.77670057928987, "SHAPE_Area": 13722.322383417575 }, "geometry": { "type": "Polygon", "coordinates": [ [ [ -76.001791608996783, 9.174542685888264 ], [ -76.001946702749336, 9.174389505591853 ], [ -76.002135664386088, 9.174390071801684 ], [ -76.002341610584992, 9.174458980935828 ], [ -76.002375405995878, 9.174646873394263 ], [ -76.002323241374285, 9.174851562905991 ], [ -76.002219700947066, 9.175004896032151 ], [ -76.002030363192574, 9.175123824358318 ], [ -76.00184097073803, 9.175259828941781 ], [ -76.001703224269491, 9.175361841816249 ], [ -76.00156532298729, 9.17551506818868 ], [ -76.001478852198417, 9.175702600036654 ], [ -76.001255107795245, 9.17583849678889 ], [ -76.001066290939349, 9.175786717794272 ], [ -76.001015212773169, 9.175632917939572 ], [ -76.000929585689548, 9.175547299200263 ], [ -76.000895584152218, 9.175427707106287 ], [ -76.000895943937678, 9.17530821273572 ], [ -76.000930770655785, 9.175154673407873 ], [ -76.001017090605416, 9.175018362387357 ], [ -76.001154882745666, 9.174899272597266 ], [ -76.001275500126127, 9.17478013839615 ], [ -76.001447545050922, 9.174695300711374 ], [ -76.00163673899597, 9.17462757709724 ], [ -76.001791608996783, 9.174542685888264 ] ] ] } },
{ "type": "Feature", "properties": { "OBJECTID": 8812.0, "NOMBRE_GEO": null, "PROYECTO": null, "SYMBOL": "3", "FECHA": null, "RULEID": 1, "PK_CUE": 706143.0, "GLOBALID": "{FD3097AF-4911-4AFE-8861-681E7D2B4E2F}", "SHAPE_Leng": 741.57998225613926, "SHAPE_Area": 17388.758126315384 }, "geometry": { "type": "Polygon", "coordinates": [ [ [ -75.999481258649212, 9.259243603581684 ], [ -75.999324754286803, 9.259194492970495 ], [ -75.999161206990649, 9.259209845287501 ], [ -75.999037671073921, 9.259224801906095 ], [ -75.99889876411315, 9.259361965617774 ], [ -75.998771328523063, 9.259522080583505 ], [ -75.998482574529575, 9.259601464617004 ], [ -75.99825215698435, 9.259474649950166 ], [ -75.9982181287873, 9.259279644167908 ], [ -75.998241978925478, 9.259027496027551 ], [ -75.998300217103889, 9.258855693179736 ], [ -75.998473672885595, 9.258741570619605 ], [ -75.998658393223764, 9.25871920327636 ], [ -75.998866048366395, 9.258742757447665 ], [ -75.998958134261159, 9.258823290900628 ], [ -75.999061809360256, 9.258880935669252 ], [ -75.999140644640022, 9.258881169191 ], [ -75.999325473017933, 9.258961047805457 ], [ -75.999413651868622, 9.258941859843075 ], [ -75.999619410789307, 9.258893853837243 ], [ -75.999913043217731, 9.258923920196574 ], [ -76.000079132835253, 9.25904114966974 ], [ -76.00020600223678, 9.259177702851849 ], [ -76.000322925564646, 9.259362872922903 ], [ -76.000429997035297, 9.259567464091139 ], [ -76.000468470996168, 9.259791297181838 ], [ -76.000428891833423, 9.259927356160269 ], [ -76.000311042361233, 9.260043714813145 ], [ -76.000163763254292, 9.260179450818988 ], [ -75.99999719669141, 9.260217852764116 ], [ -75.999870390834275, 9.260061833920934 ], [ -75.999841618040108, 9.259867213808841 ], [ -75.999842300618837, 9.2596434980178 ], [ -75.999784179877878, 9.259439058605219 ], [ -75.999676902529714, 9.259302550792022 ], [ -75.999481258649212, 9.259243603581684 ] ] ] } },
{ "type": "Feature", "properties": { "OBJECTID": 8815.0, "NOMBRE_GEO": null, "PROYECTO": null, "SYMBOL": "3", "FECHA": null, "RULEID": 1, "PK_CUE": 706146.0, "GLOBALID": "{395DD25D-A323-449E-BA46-8DB25F7FD0D0}", "SHAPE_Leng": 419.24697093823619, "SHAPE_Area": 10418.896605665956 }, "geometry": { "type": "Polygon", "coordinates": [ [ [ -76.033891720380865, 9.261525657143979 ], [ -76.034006075047614, 9.261475566683613 ], [ -76.034196105017926, 9.26157697833523 ], [ -76.034271941315879, 9.261678047424107 ], [ -76.034297058220332, 9.261766360344488 ], [ -76.034322021556463, 9.261905105302267 ], [ -76.034397903385823, 9.26199356174112 ], [ -76.034460821403513, 9.262170233625843 ], [ -76.034409617416102, 9.262321358030988 ], [ -76.034231517229827, 9.262472104073241 ], [ -76.034155078759383, 9.262572724267653 ], [ -76.033989564195522, 9.262761333944919 ], [ -76.033786275733988, 9.262848982923375 ], [ -76.033545294388858, 9.2628104541164 ], [ -76.033469385989989, 9.262734591851965 ], [ -76.033368245246535, 9.26260823517282 ], [ -76.033381530681496, 9.262406581098844 ], [ -76.033457932073148, 9.262318563599345 ], [ -76.033623338693729, 9.262167781750405 ], [ -76.033775909214015, 9.262067376755034 ], [ -76.03377646594862, 9.261878290099919 ], [ -76.033789572000373, 9.261739661605125 ], [ -76.033891720380865, 9.261525657143979 ] ] ] } },
{ "type": "Feature", "properties": { "OBJECTID": 8818.0, "NOMBRE_GEO": null, "PROYECTO": null, "SYMBOL": "3", "FECHA": null, "RULEID": 1, "PK_CUE": 706149.0, "GLOBALID": "{10A64168-CC78-4B19-9E83-D5ED2F2D1293}", "SHAPE_Leng": 422.58591809239812, "SHAPE_Area": 11083.297240564787 }, "geometry": { "type": "Polygon", "coordinates": [ [ [ -76.031913054667754, 9.266594526793934 ], [ -76.032068409104838, 9.266552925748991 ], [ -76.032152986272209, 9.266588220372954 ], [ -76.032308025534775, 9.266651766842143 ], [ -76.032406606728927, 9.266722158802235 ], [ -76.032519210786148, 9.266820623902243 ], [ -76.032603554277884, 9.266933029584218 ], [ -76.032730081284143, 9.267094628338086 ], [ -76.032835723355319, 9.267165037979249 ], [ -76.032948219396886, 9.267298553574246 ], [ -76.032990162224166, 9.267431872882453 ], [ -76.033003753117441, 9.267607152140421 ], [ -76.032954003712703, 9.267726178581126 ], [ -76.032890251084169, 9.267810108564056 ], [ -76.032812466343657, 9.267865957344842 ], [ -76.032650068004031, 9.267900533065626 ], [ -76.032494892669675, 9.267879045696658 ], [ -76.032375184111231, 9.267794576978108 ], [ -76.032312076613792, 9.267661203775578 ], [ -76.032206569897781, 9.267548735231127 ], [ -76.032178721685611, 9.267422476689147 ], [ -76.03207316994974, 9.267324030368234 ], [ -76.031967725727554, 9.267190532354093 ], [ -76.031876538355831, 9.267008002575428 ], [ -76.031848815912909, 9.266839686162381 ], [ -76.031863323777742, 9.266706537069778 ], [ -76.031913054667754, 9.266594526793934 ] ] ] } },
{ "type": "Feature", "properties": { "OBJECTID": 8819.0, "NOMBRE_GEO": null, "PROYECTO": null, "SYMBOL": "3", "FECHA": null, "RULEID": 1, "PK_CUE": 706150.0, "GLOBALID": "{D78286F9-14AF-49D6-B312-D149B6200F6A}", "SHAPE_Leng": 564.64243790979731, "SHAPE_Area": 18972.561517597685 }, "geometry": { "type": "Polygon", "coordinates": [ [ [ -76.000567950692215, 9.168312501848694 ], [ -76.000880842860738, 9.168175436777238 ], [ -76.00115850342732, 9.168210767425091 ], [ -76.001296960714072, 9.168349189117155 ], [ -76.001296124644398, 9.168625196115698 ], [ -76.001086970049371, 9.168900583881449 ], [ -76.00080826789808, 9.169210268754012 ], [ -76.000633823572684, 9.169485764143507 ], [ -76.000285475653811, 9.169864232962261 ], [ -75.999903341126299, 9.169932091606862 ], [ -75.999695759332894, 9.169689960411208 ], [ -75.999731843735987, 9.169241547842567 ], [ -75.999871558838478, 9.168965945089646 ], [ -76.000219809252727, 9.168621970978629 ], [ -76.000567950692215, 9.168312501848694 ] ] ] } },
{ "type": "Feature", "properties": { "OBJECTID": 8820.0, "NOMBRE_GEO": null, "PROYECTO": null, "SYMBOL": "3", "FECHA": null, "RULEID": 1, "PK_CUE": 706151.0, "GLOBALID": "{E3647DF1-F1D4-4987-94B8-4DEA43410EA3}", "SHAPE_Leng": 374.68122806413226, "SHAPE_Area": 9963.8453903024765 }, "geometry": { "type": "Polygon", "coordinates": [ [ [ -76.045883725541429, 9.29425607068495 ], [ -76.046061852686336, 9.294227109269261 ], [ -76.046165491242448, 9.294301103400588 ], [ -76.046268994800087, 9.294419311764861 ], [ -76.046417189897412, 9.294478691280322 ], [ -76.046550590252878, 9.294523291570327 ], [ -76.046698776391338, 9.294582680052415 ], [ -76.046802333646781, 9.294686147608987 ], [ -76.046816689165013, 9.294848302679908 ], [ -76.046756860610373, 9.295010250898214 ], [ -76.046563597866594, 9.295142330337342 ], [ -76.046400140221479, 9.295230284566887 ], [ -76.046177546613862, 9.295244369886591 ], [ -76.045984794538043, 9.295199597642968 ], [ -76.045910792415228, 9.295140425879056 ], [ -76.045792447672255, 9.295022180587123 ], [ -76.045703990791523, 9.294830328261725 ], [ -76.045645168972186, 9.294653306412748 ], [ -76.045675451203252, 9.29444706115982 ], [ -76.045883725541429, 9.29425607068495 ] ] ] } },
{ "type": "Feature", "properties": { "OBJECTID": 8824.0, "NOMBRE_GEO": null, "PROYECTO": null, "SYMBOL": "3", "FECHA": null, "RULEID": 1, "PK_CUE": 706155.0, "GLOBALID": "{3AAAF659-5C6F-4010-9D33-E5A81BE92AEF}", "SHAPE_Leng": 381.33796684107222, "SHAPE_Area": 6491.0723262188867 }, "geometry": { "type": "Polygon", "coordinates": [ [ [ -76.05029357290006, 9.265549355153565 ], [ -76.050414280429393, 9.26546991701426 ], [ -76.050550787634648, 9.265478289451826 ], [ -76.050783406641159, 9.265582682222448 ], [ -76.050807266039513, 9.265662541680342 ], [ -76.050782751432635, 9.265806093210216 ], [ -76.050758308354091, 9.265925704161582 ], [ -76.050789990593159, 9.266077392741124 ], [ -76.050862081004752, 9.266141434022398 ], [ -76.050974361960513, 9.266197615280975 ], [ -76.05111867577493, 9.266285802959699 ], [ -76.051166466352811, 9.266421573939105 ], [ -76.051125987730757, 9.266533162713452 ], [ -76.05102930304524, 9.266636612796733 ], [ -76.050820506852006, 9.266628033831287 ], [ -76.050652001292022, 9.266571691239003 ], [ -76.05060393183426, 9.266531661630532 ], [ -76.050507803951945, 9.266443609646302 ], [ -76.050516418842108, 9.266244165612921 ], [ -76.050509087979833, 9.266004774114529 ], [ -76.050404964897353, 9.265908726173281 ], [ -76.050268699132914, 9.265812588001033 ], [ -76.050220935559835, 9.26566883111713 ], [ -76.05029357290006, 9.265549355153565 ] ] ] } },
{ "type": "Feature", "properties": { "OBJECTID": 8825.0, "NOMBRE_GEO": "Pozo Junin", "PROYECTO": null, "SYMBOL": "3", "FECHA": null, "RULEID": 1, "PK_CUE": 706156.0, "GLOBALID": "{53EB3114-13F7-4E56-AA64-4746859137EC}", "SHAPE_Leng": 1180.5410882604574, "SHAPE_Area": 51180.54339696344 }, "geometry": { "type": "Polygon", "coordinates": [ [ [ -76.020427321134122, 9.226135242192063 ], [ -76.020299141349028, 9.226071093428194 ], [ -76.020063305660685, 9.226240443303462 ], [ -76.019849102761725, 9.22632483984912 ], [ -76.019592372663112, 9.2263240766945 ], [ -76.019422177624364, 9.22600473364388 ], [ -76.019529536308028, 9.225877515198956 ], [ -76.019679482725337, 9.225814183695057 ], [ -76.019786965982021, 9.225644456002586 ], [ -76.019915963750051, 9.225432274299665 ], [ -76.019959523672881, 9.225177331877688 ], [ -76.019896227799023, 9.22487955927714 ], [ -76.019768379976469, 9.224709129700871 ], [ -76.01957632896746, 9.224538512918084 ], [ -76.019277334151255, 9.224367581681298 ], [ -76.019063776961048, 9.224239410267225 ], [ -76.0188289576502, 9.224068666874254 ], [ -76.018637239221206, 9.223791770580291 ], [ -76.018638138201553, 9.223494185640106 ], [ -76.018852520705906, 9.22334602733615 ], [ -76.01906652643666, 9.223325392205876 ], [ -76.019365907585595, 9.223368807867379 ], [ -76.019558013240641, 9.223518162317392 ], [ -76.019835869771754, 9.22360401438875 ], [ -76.020156910202232, 9.223562448775288 ], [ -76.020434651135986, 9.223690809445291 ], [ -76.020583134148126, 9.224116377208629 ], [ -76.020582621797516, 9.224286418600972 ], [ -76.020689080728914, 9.224456783595047 ], [ -76.020816677719182, 9.224712238336977 ], [ -76.020944283948509, 9.224967682955558 ], [ -76.020965035388372, 9.225180296754617 ], [ -76.021007256091437, 9.225371737158945 ], [ -76.021263275224655, 9.22560631367352 ], [ -76.021455129428318, 9.225840701961346 ], [ -76.021475943262843, 9.226032070071073 ], [ -76.021475627964605, 9.226138350215107 ], [ -76.021325483815389, 9.226265442627913 ], [ -76.021111028724988, 9.226434857294125 ], [ -76.020918044318051, 9.226583078599962 ], [ -76.020747086070841, 9.226518795417958 ], [ -76.020597892585073, 9.226327049654287 ], [ -76.020427321134122, 9.226135242192063 ] ] ] } },
{ "type": "Feature", "properties": { "OBJECTID": 8826.0, "NOMBRE_GEO": null, "PROYECTO": null, "SYMBOL": "3", "FECHA": null, "RULEID": 1, "PK_CUE": 706157.0, "GLOBALID": "{FBE52C6C-6DFE-4584-ACF6-615C20954648}", "SHAPE_Leng": 318.58138801059999, "SHAPE_Area": 7224.1605572909757 }, "geometry": { "type": "Polygon", "coordinates": [ [ [ -76.007744995674429, 9.27524547290132 ], [ -76.007998994750224, 9.275044861570088 ], [ -76.008150872903897, 9.27509566114604 ], [ -76.008276879211664, 9.275322594369452 ], [ -76.008377769130817, 9.275473923879408 ], [ -76.00840257162109, 9.27565019957561 ], [ -76.008300532093131, 9.275876441022534 ], [ -76.008148033748526, 9.276027017387772 ], [ -76.0078942599675, 9.276152106704325 ], [ -76.007793064886144, 9.276101459958758 ], [ -76.007666832623201, 9.275950048887466 ], [ -76.007616770117153, 9.275748521095888 ], [ -76.007693702043909, 9.275446695815701 ], [ -76.007744995674429, 9.27524547290132 ] ] ] } },
{ "type": "Feature", "properties": { "OBJECTID": 8827.0, "NOMBRE_GEO": null, "PROYECTO": null, "SYMBOL": "3", "FECHA": null, "RULEID": 1, "PK_CUE": 706158.0, "GLOBALID": "{6E64F1D2-D9ED-4890-8351-A6E6CCBF5EFF}", "SHAPE_Leng": 389.74490518020792, "SHAPE_Area": 10600.834631093243 }, "geometry": { "type": "Polygon", "coordinates": [ [ [ -75.994316781226061, 9.266914776113074 ], [ -75.994568210590131, 9.26687714569985 ], [ -75.994741836840646, 9.266992893360815 ], [ -75.994973233656935, 9.267185645047654 ], [ -75.99516601286075, 9.267359073814223 ], [ -75.995262025131979, 9.267570627173008 ], [ -75.995222831323076, 9.267743355346513 ], [ -75.995087212618586, 9.267838962960139 ], [ -75.994874087286945, 9.267991954964057 ], [ -75.994757737385072, 9.268106831201692 ], [ -75.994487622848766, 9.267933160335309 ], [ -75.994256584763221, 9.267625181849812 ], [ -75.994180148353806, 9.267336866602133 ], [ -75.994142320016309, 9.26706788505474 ], [ -75.994316781226061, 9.266914776113074 ] ] ] } },
{ "type": "Feature", "properties": { "OBJECTID": 8829.0, "NOMBRE_GEO": null, "PROYECTO": null, "SYMBOL": "3", "FECHA": null, "RULEID": 1, "PK_CUE": 706160.0, "GLOBALID": "{F596F8E5-7B3F-4DA6-898D-C385B60A21F9}", "SHAPE_Leng": 310.28275922917942, "SHAPE_Area": 7242.3588196156479 }, "geometry": { "type": "Polygon", "coordinates": [ [ [ -76.035493766410312, 9.292150033170351 ], [ -76.035623275795103, 9.292113686701279 ], [ -76.03580815031151, 9.292114234945419 ], [ -76.035955607639551, 9.292261576801446 ], [ -76.036029062803934, 9.292427074327895 ], [ -76.036028353787643, 9.292665800700453 ], [ -76.036009264905132, 9.292867750582412 ], [ -76.035916441683085, 9.292996031021252 ], [ -76.035731244944543, 9.293105669855526 ], [ -76.035528109077248, 9.293031612833897 ], [ -76.035472872011212, 9.292957995558432 ], [ -76.03538065872084, 9.292884270790308 ], [ -76.035251795716619, 9.292700250627899 ], [ -76.035252506085072, 9.292461515045542 ], [ -76.035345427819536, 9.292296513379329 ], [ -76.035493766410312, 9.292150033170351 ] ] ] } },
{ "type": "Feature", "properties": { "OBJECTID": 8830.0, "NOMBRE_GEO": null, "PROYECTO": null, "SYMBOL": "3", "FECHA": null, "RULEID": 1, "PK_CUE": 706161.0, "GLOBALID": "{A1A0ABE6-C4C9-4632-AF0B-4AFA82888093}", "SHAPE_Leng": 340.79709776919856, "SHAPE_Area": 8980.6843334360874 }, "geometry": { "type": "Polygon", "coordinates": [ [ [ -76.023375511429037, 9.267225575084368 ], [ -76.023575790663031, 9.267155192228433 ], [ -76.023875801324422, 9.267184468289223 ], [ -76.024061069343247, 9.267355382259929 ], [ -76.024160288049302, 9.267625406136947 ], [ -76.024102491069144, 9.267838181312783 ], [ -76.023959075116494, 9.26800811496018 ], [ -76.023701509813321, 9.268120926383393 ], [ -76.023444277061458, 9.268120161615562 ], [ -76.023258928041315, 9.267977645428239 ], [ -76.023173696098311, 9.267807037013677 ], [ -76.023188545242164, 9.267622523279044 ], [ -76.023260724299121, 9.267381397262701 ], [ -76.023375511429037, 9.267225575084368 ] ] ] } },
{ "type": "Feature", "properties": { "OBJECTID": 8831.0, "NOMBRE_GEO": null, "PROYECTO": null, "SYMBOL": "3", "FECHA": null, "RULEID": 1, "PK_CUE": 706162.0, "GLOBALID": "{5007BF9A-AFC4-43C6-B1AE-A282ED3D22E7}", "SHAPE_Leng": 269.26560885051799, "SHAPE_Area": 4722.4133854530437 }, "geometry": { "type": "Polygon", "coordinates": [ [ [ -76.019345299548434, 9.284825511827759 ], [ -76.019521837184598, 9.284726013994613 ], [ -76.019823949628346, 9.284726904426096 ], [ -76.019999867087293, 9.284827469734514 ], [ -76.019923672099736, 9.285052326882827 ], [ -76.019822512231983, 9.285202086100611 ], [ -76.019620877097978, 9.285276511078598 ], [ -76.0193939888796, 9.285375873562771 ], [ -76.019167325562705, 9.2854002087062 ], [ -76.019168161692534, 9.285125100009742 ], [ -76.019244212613899, 9.284950260673437 ], [ -76.019345299548434, 9.284825511827759 ] ] ] } },
{ "type": "Feature", "properties": { "OBJECTID": 8832.0, "NOMBRE_GEO": null, "PROYECTO": null, "SYMBOL": "3", "FECHA": null, "RULEID": 1, "PK_CUE": 706163.0, "GLOBALID": "{E113F8DC-1AED-49FC-8CCC-7244EC5B879A}", "SHAPE_Leng": 310.36669536020611, "SHAPE_Area": 6739.1736607109151 }, "geometry": { "type": "Polygon", "coordinates": [ [ [ -76.005664938265483, 9.279465911131901 ], [ -76.005781225328036, 9.279392896134016 ], [ -76.005983777021768, 9.279443858203775 ], [ -76.00608459502034, 9.279620358775141 ], [ -76.006109164247249, 9.27987215644046 ], [ -76.006007115319917, 9.280098388160779 ], [ -76.005753108293518, 9.280298999568632 ], [ -76.005723920776518, 9.280320622289691 ], [ -76.005549935558292, 9.280449413702579 ], [ -76.005398362937825, 9.280297931429676 ], [ -76.005348381324723, 9.280071231653455 ], [ -76.00534914425765, 9.279819515318652 ], [ -76.005501957043066, 9.279568256135546 ], [ -76.005664938265483, 9.279465911131901 ] ] ] } },
{ "type": "Feature", "properties": { "OBJECTID": 8842.0, "NOMBRE_GEO": null, "PROYECTO": null, "SYMBOL": "3", "FECHA": null, "RULEID": 1, "PK_CUE": 706216.0, "GLOBALID": "{974A357F-2172-4BDE-A494-9994CC7A98CD}", "SHAPE_Leng": 691.50293227747557, "SHAPE_Area": 28543.216858113105 }, "geometry": { "type": "Polygon", "coordinates": [ [ [ -76.01133667585006, 8.620849758327935 ], [ -76.011390027038644, 8.620849496875151 ], [ -76.011451354743016, 8.620858219633824 ], [ -76.011489426009717, 8.620867067972149 ], [ -76.011520165801912, 8.620886112319781 ], [ -76.01155034007833, 8.620904034203619 ], [ -76.011649442377276, 8.620975836073374 ], [ -76.011756504178393, 8.621047594407303 ], [ -76.011947395568555, 8.621201384789073 ], [ -76.01199297572127, 8.621236167784541 ], [ -76.012099695566064, 8.621354241732945 ], [ -76.012199077053936, 8.621480257910973 ], [ -76.012221921027816, 8.621507252446387 ], [ -76.012229476078744, 8.621543365023218 ], [ -76.012229573867558, 8.621561429867247 ], [ -76.012229708858669, 8.621588541232205 ], [ -76.01222937680248, 8.621634857810408 ], [ -76.012222090822434, 8.621652967971654 ], [ -76.012191099529872, 8.621697173856722 ], [ -76.0121606829115, 8.6217425120686 ], [ -76.012145500843332, 8.621769694886613 ], [ -76.012107664042986, 8.621807164206823 ], [ -76.012084442907437, 8.621815185995683 ], [ -76.012053891283387, 8.621833412837502 ], [ -76.012015909608493, 8.621842639444834 ], [ -76.011969988421995, 8.621851909399718 ], [ -76.011894035937317, 8.621870360704454 ], [ -76.011840173356362, 8.621879666780261 ], [ -76.011657095952003, 8.621924646287122 ], [ -76.011603844335852, 8.621942988934029 ], [ -76.011565872426914, 8.621953337807467 ], [ -76.011527414846569, 8.621979514966926 ], [ -76.011489523689107, 8.62200681457699 ], [ -76.011474298094825, 8.622024960851006 ], [ -76.011443790783417, 8.622052224190099 ], [ -76.011420748817727, 8.622097526185176 ], [ -76.011405612883237, 8.622133747320023 ], [ -76.011382579990411, 8.622179049244627 ], [ -76.011329058126677, 8.622369086566119 ], [ -76.011321342243605, 8.62241430803039 ], [ -76.011314200125582, 8.622460660927192 ], [ -76.011314037556147, 8.622540862700967 ], [ -76.011306412173298, 8.622604149081807 ], [ -76.011291275379321, 8.622640378361799 ], [ -76.011275572797089, 8.622676597624137 ], [ -76.011260337257653, 8.622694753016537 ], [ -76.011222500385756, 8.622731089987422 ], [ -76.011184042530985, 8.622758390432278 ], [ -76.011161442173361, 8.622776581038362 ], [ -76.011123505638423, 8.62279484412208 ], [ -76.011077584393036, 8.622802981694463 ], [ -76.011046987173629, 8.622813295258657 ], [ -76.011016345826718, 8.622813457134393 ], [ -76.010947670134442, 8.622812665915532 ], [ -76.010894238153952, 8.622794862400946 ], [ -76.010856166736062, 8.622786022198454 ], [ -76.010802725601039, 8.622768208799625 ], [ -76.010733878764313, 8.622732410897672 ], [ -76.010665599389753, 8.622696604007224 ], [ -76.010604171730137, 8.622669807327062 ], [ -76.010566568275181, 8.622641752805945 ], [ -76.010551161610621, 8.622623760174545 ], [ -76.010528326590062, 8.622597896870863 ], [ -76.010520242115845, 8.622570821640114 ], [ -76.010513163246159, 8.622516635089672 ], [ -76.010505456341363, 8.62245228877727 ], [ -76.010497532998144, 8.62234388934279 ], [ -76.010490094760442, 8.622108979634373 ], [ -76.010489888296604, 8.621955349670904 ], [ -76.010490076786255, 8.621880799302746 ], [ -76.010490246724757, 8.621801728829441 ], [ -76.010482163269174, 8.621774662619384 ], [ -76.010474599287804, 8.621738550927919 ], [ -76.010459750126714, 8.621720547578292 ], [ -76.010436393230478, 8.621701467815146 ], [ -76.010345143401707, 8.621612687859733 ], [ -76.010329726808322, 8.62159469437541 ], [ -76.010306837784299, 8.621557530827214 ], [ -76.010299364334344, 8.621539493094078 ], [ -76.010291853690816, 8.621513550182801 ], [ -76.010291665602438, 8.621476279014166 ], [ -76.010299337288089, 8.621422020089561 ], [ -76.010299112844834, 8.621376834699813 ], [ -76.010322100626553, 8.621322496278333 ], [ -76.0103376693543, 8.621259164717788 ], [ -76.010360098757928, 8.621204835197242 ], [ -76.010383177022803, 8.621168569842915 ], [ -76.01040622807767, 8.621124399233237 ], [ -76.010436725635358, 8.621096012767548 ], [ -76.010459290591427, 8.621069917034317 ], [ -76.010520394998338, 8.621032331262175 ], [ -76.01056623554247, 8.621006117974282 ], [ -76.010596788141314, 8.620987892145287 ], [ -76.010650085053285, 8.620978594329776 ], [ -76.010718661767427, 8.620960168651157 ], [ -76.010817862994841, 8.620938215048477 ], [ -76.010917099692023, 8.620923033385777 ], [ -76.010978346768752, 8.620914813601395 ], [ -76.011054856828039, 8.620895230348971 ], [ -76.011192011122816, 8.620858389696876 ], [ -76.011283333795888, 8.620850026931111 ], [ -76.01133667585006, 8.620849758327935 ] ] ] } },
{ "type": "Feature", "properties": { "OBJECTID": 8843.0, "NOMBRE_GEO": null, "PROYECTO": null, "SYMBOL": "3", "FECHA": null, "RULEID": 1, "PK_CUE": 706217.0, "GLOBALID": "{AAFFB43B-3916-4102-A769-092CB7B4F574}", "SHAPE_Leng": 990.36030899305115, "SHAPE_Area": 45642.02273113266 }, "geometry": { "type": "Polygon", "coordinates": [ [ [ -76.045416934201043, 8.631981815157285 ], [ -76.045485566003492, 8.631973559722784 ], [ -76.045531576609292, 8.631982353577113 ], [ -76.045584963856399, 8.631989989950945 ], [ -76.045645833583634, 8.632017919083092 ], [ -76.045706784782212, 8.632062789373274 ], [ -76.045752473350987, 8.63211790104064 ], [ -76.045783302957872, 8.632153897296636 ], [ -76.045806326973832, 8.6322170301423 ], [ -76.045836771105343, 8.632288041756759 ], [ -76.045844432849364, 8.632343341777499 ], [ -76.045844199575228, 8.632406601632704 ], [ -76.04583643753783, 8.632442786228644 ], [ -76.045813450928449, 8.632497125271113 ], [ -76.045798223631522, 8.632515279738882 ], [ -76.045767708248832, 8.632541412138645 ], [ -76.045691378663705, 8.632596019726829 ], [ -76.045600288732956, 8.632650710280874 ], [ -76.045424884271071, 8.632751007226142 ], [ -76.045363781004497, 8.632787460323211 ], [ -76.045302722164379, 8.632832959604954 ], [ -76.045256944102107, 8.632869342408549 ], [ -76.045218531629317, 8.632904547039683 ], [ -76.045180749206622, 8.632951053261584 ], [ -76.04517294280204, 8.632977076559511 ], [ -76.045157805936825, 8.63301329718287 ], [ -76.045157329864097, 8.633031370560447 ], [ -76.045164948187619, 8.633077643399076 ], [ -76.045187881751801, 8.633122711939238 ], [ -76.045210716598078, 8.633149706245403 ], [ -76.045248930971269, 8.633185657398245 ], [ -76.045295131926878, 8.633230598844001 ], [ -76.045356126821019, 8.633284507199049 ], [ -76.045424462115292, 8.633329342282767 ], [ -76.045562174425513, 8.633402061393562 ], [ -76.045836411614403, 8.633536205873149 ], [ -76.046103839822408, 8.63367151030041 ], [ -76.046126638545815, 8.633689468208715 ], [ -76.046217863236933, 8.63377145671744 ], [ -76.046309652762119, 8.633852313836513 ], [ -76.046378023548655, 8.63390505360614 ], [ -76.046431652992581, 8.633960129955478 ], [ -76.046485327756145, 8.634023111143444 ], [ -76.046531097375151, 8.634095164658985 ], [ -76.046553509879445, 8.634149270160938 ], [ -76.046584483818663, 8.634212367668397 ], [ -76.046592145872708, 8.634266545272832 ], [ -76.046584474573933, 8.634320804140945 ], [ -76.046576721709698, 8.634356987762118 ], [ -76.046546358601958, 8.634411362914207 ], [ -76.046500158989019, 8.634475987690939 ], [ -76.046477637546914, 8.634511121222854 ], [ -76.046431904737688, 8.634556531392805 ], [ -76.046362949779223, 8.634611103166502 ], [ -76.046286565693791, 8.634656683856818 ], [ -76.046233314002592, 8.634675026847214 ], [ -76.046164790588378, 8.634702488997879 ], [ -76.046080888389014, 8.634720985310578 ], [ -76.045958870398806, 8.634720481578041 ], [ -76.045806164781112, 8.634712227101737 ], [ -76.045653415650222, 8.634694933597123 ], [ -76.045493192123246, 8.634658480399871 ], [ -76.045386356176508, 8.634631917127152 ], [ -76.045249308721807, 8.634577273246938 ], [ -76.045165171897082, 8.634550592727994 ], [ -76.045073570628048, 8.634505874810388 ], [ -76.044981906968616, 8.634447609680501 ], [ -76.044860014542252, 8.634362387287132 ], [ -76.044753473632795, 8.634281600901597 ], [ -76.044677145201845, 8.63422664228249 ], [ -76.044592729653871, 8.6341457486786 ], [ -76.044516822096725, 8.634062547261657 ], [ -76.044486000601466, 8.634028823560511 ], [ -76.044432901701114, 8.633965833788652 ], [ -76.044379137579099, 8.633884778779093 ], [ -76.044310515304517, 8.633784599249886 ], [ -76.044242332988716, 8.633658439556431 ], [ -76.044211403799366, 8.633604378870212 ], [ -76.044196410779392, 8.633559275169002 ], [ -76.044165779428582, 8.633450992433968 ], [ -76.044150695904875, 8.633387812606356 ], [ -76.044150741216214, 8.633287282643899 ], [ -76.044142763718412, 8.633169845659891 ], [ -76.044158278148501, 8.633097478303689 ], [ -76.044173611563068, 8.632990092802793 ], [ -76.044211593322458, 8.632871291253537 ], [ -76.044234481599361, 8.632798887009585 ], [ -76.044279990194937, 8.632708292191404 ], [ -76.044310919272817, 8.632653908137831 ], [ -76.044356562682481, 8.632591556178896 ], [ -76.044410147376567, 8.632526894627768 ], [ -76.044486342368714, 8.632446307149886 ], [ -76.044577907723919, 8.632373544346144 ], [ -76.044638965793993, 8.632328053314319 ], [ -76.044715295549224, 8.63227344409445 ], [ -76.044821710746575, 8.632219805828697 ], [ -76.044974559352639, 8.632145605397566 ], [ -76.045180712719031, 8.632064353008856 ], [ -76.045264516608114, 8.632027772902291 ], [ -76.04534836582549, 8.63200023986971 ], [ -76.045416934201043, 8.631981815157285 ] ] ] } },
{ "type": "Feature", "properties": { "OBJECTID": 8850.0, "NOMBRE_GEO": null, "PROYECTO": null, "SYMBOL": "3", "FECHA": null, "RULEID": 1, "PK_CUE": 706280.0, "GLOBALID": "{8F4A4218-5615-48DF-9CD2-3E378E9727DD}", "SHAPE_Leng": 3107.6685279281, "SHAPE_Area": 203175.22121480945 }, "geometry": { "type": "Polygon", "coordinates": [ [ [ -76.049635279220965, 8.681847035891968 ], [ -76.049566603270947, 8.681629383436075 ], [ -76.049551296238974, 8.681413715756412 ], [ -76.049209269968046, 8.681237078580075 ], [ -76.049018913105158, 8.681179971426298 ], [ -76.048447841725931, 8.681237078197308 ], [ -76.04827652138016, 8.681294185107436 ], [ -76.048238449895678, 8.681465506570456 ], [ -76.048295556655049, 8.681674898675899 ], [ -76.048333628094554, 8.681846220161091 ], [ -76.048523984991746, 8.682207898532237 ], [ -76.04829555642587, 8.682226934154043 ], [ -76.04801002159661, 8.681960434493725 ], [ -76.047800629153627, 8.681693934614247 ], [ -76.04753412940974, 8.681256114132308 ], [ -76.047762557676123, 8.680780221945176 ], [ -76.047781592889464, 8.680475650373346 ], [ -76.047724486068375, 8.68020915143426 ], [ -76.047534129005072, 8.679942651513203 ], [ -76.047324736616901, 8.679676151763706 ], [ -76.047191486325701, 8.679428687750208 ], [ -76.047096308377462, 8.679181223840878 ], [ -76.047255103406542, 8.678842252400051 ], [ -76.047186669266566, 8.678670908440386 ], [ -76.047117661273191, 8.678498440365006 ], [ -76.047087486227028, 8.678480527971683 ], [ -76.0470336588496, 8.678498871389971 ], [ -76.046942094233103, 8.678571634648716 ], [ -76.046705927175793, 8.678780691036035 ], [ -76.046525238090098, 8.679276402413009 ], [ -76.046372952322727, 8.679504830650803 ], [ -76.046201631174057, 8.679676151620431 ], [ -76.045992238261789, 8.67969518778443 ], [ -76.045858989022108, 8.679619044870201 ], [ -76.045725739164524, 8.679447723169496 ], [ -76.04566821081616, 8.678856058788536 ], [ -76.045614815294783, 8.678737732895131 ], [ -76.045614689340482, 8.67871401828687 ], [ -76.045614679745483, 8.678602187005337 ], [ -76.045637811714812, 8.678466523010526 ], [ -76.045714204981323, 8.678204071347166 ], [ -76.045813064306927, 8.677895193699886 ], [ -76.045958186807098, 8.677424548601094 ], [ -76.045981130054557, 8.677360050146358 ], [ -76.046154553665318, 8.676781581350996 ], [ -76.046194802617038, 8.676647326835123 ], [ -76.046217503851537, 8.676537641999222 ], [ -76.046255591968063, 8.676330741606362 ], [ -76.046308960967295, 8.676005157406623 ], [ -76.046393007811488, 8.67579575094317 ], [ -76.046446556427284, 8.675724317343956 ], [ -76.046522895121655, 8.675669707621546 ], [ -76.046713418602721, 8.675633712817698 ], [ -76.046850815905103, 8.675642040262378 ], [ -76.047011146761207, 8.675695435972813 ], [ -76.04739992010974, 8.675911435647421 ], [ -76.047789267757608, 8.676127435604105 ], [ -76.04810966114222, 8.676289573415811 ], [ -76.048257485615281, 8.676592370066338 ], [ -76.048600127469641, 8.67689694171076 ], [ -76.048768303469288, 8.6769365119117 ], [ -76.048923734085093, 8.676973084399933 ], [ -76.049209269660238, 8.676973083757641 ], [ -76.049361555617281, 8.676877905621122 ], [ -76.049705883463133, 8.676661106605012 ], [ -76.04987551865311, 8.676554298710895 ], [ -76.050360443710261, 8.676464357590659 ], [ -76.050345019579666, 8.676554800366947 ], [ -76.050238129042398, 8.676736080053441 ], [ -76.050062930750016, 8.676880439705659 ], [ -76.04995006233591, 8.67694263112362 ], [ -76.049864278370052, 8.67698989889608 ], [ -76.04972323284855, 8.677353797634709 ], [ -76.049551912241014, 8.677563190286595 ], [ -76.049399626623412, 8.677810654405492 ], [ -76.049048320095253, 8.678122530571414 ], [ -76.049059147090503, 8.678137615459702 ], [ -76.04875662622014, 8.678664816708549 ], [ -76.048733377187745, 8.67870533189862 ], [ -76.048733377646883, 8.6789908673142 ], [ -76.048753981864806, 8.679056114575951 ], [ -76.048847591922836, 8.679352544909852 ], [ -76.04922830561739, 8.679809401720522 ], [ -76.049570947623565, 8.679980722710313 ], [ -76.049913590385799, 8.680228187057395 ], [ -76.050011000201408, 8.680347243097989 ], [ -76.050084911300658, 8.680437579216875 ], [ -76.050237196600762, 8.680818292948528 ], [ -76.050313339427319, 8.681141899502625 ], [ -76.050465624838679, 8.68140839915908 ], [ -76.050636946604925, 8.681693934494604 ], [ -76.050808267620383, 8.681732005763378 ], [ -76.050903446080596, 8.681655863700119 ], [ -76.051130802622396, 8.681398794718103 ], [ -76.051245266747571, 8.681688500639416 ], [ -76.051275853878437, 8.682004618635009 ], [ -76.051260483909687, 8.68221366556755 ], [ -76.051161436223055, 8.68248413877558 ], [ -76.05106962801807, 8.682621284953203 ], [ -76.051001283797646, 8.682684894565934 ], [ -76.050909475851583, 8.682711350337055 ], [ -76.050711298706148, 8.682694300013068 ], [ -76.05058902934087, 8.682649743725847 ], [ -76.050283907785456, 8.682477366145504 ], [ -76.049978660072611, 8.682280141435831 ], [ -76.049803560116288, 8.682118389717834 ], [ -76.049635279220965, 8.681847035891968 ] ] ] } },
{ "type": "Feature", "properties": { "OBJECTID": 8853.0, "NOMBRE_GEO": null, "PROYECTO": null, "SYMBOL": "3", "FECHA": null, "RULEID": 1, "PK_CUE": 706283.0, "GLOBALID": "{BA6FEB3C-9806-4CBC-BDD1-699D5497123C}", "SHAPE_Leng": 2185.824230740131, "SHAPE_Area": 141669.24134126664 }, "geometry": { "type": "Polygon", "coordinates": [ [ [ -76.033091689264552, 8.688054358995153 ], [ -76.032977027591002, 8.688053819987065 ], [ -76.032809069863603, 8.688063709890166 ], [ -76.032595846030617, 8.688099823178616 ], [ -76.032290625572514, 8.688128487962029 ], [ -76.032129943762868, 8.688120276991777 ], [ -76.031939708299873, 8.688102050015896 ], [ -76.031748851620137, 8.688074785768078 ], [ -76.031634532117479, 8.688030185226884 ], [ -76.031558247415731, 8.687985394836467 ], [ -76.031412908621789, 8.687868658999196 ], [ -76.031290737555366, 8.687732608891787 ], [ -76.031222115002578, 8.687633560721322 ], [ -76.031145928612773, 8.687498399723561 ], [ -76.031062124946587, 8.687318099549557 ], [ -76.031008863940087, 8.687117307736825 ], [ -76.030993225046714, 8.687056392896899 ], [ -76.030909671862972, 8.686703266442905 ], [ -76.030856249938978, 8.686360145070275 ], [ -76.030818143078065, 8.686015821008858 ], [ -76.030818115885268, 8.68578991271484 ], [ -76.030833512845888, 8.68547355263701 ], [ -76.030855890093463, 8.685300618165794 ], [ -76.030901983372218, 8.685102710054352 ], [ -76.030970622951685, 8.684875311131803 ], [ -76.03105459820118, 8.684650102704655 ], [ -76.031168746857801, 8.684441675757757 ], [ -76.0312605632854, 8.684305662252086 ], [ -76.031405587130465, 8.684142258997282 ], [ -76.031489122024922, 8.684051474983049 ], [ -76.031611256852443, 8.683961607401912 ], [ -76.031748761812281, 8.683879582442469 ], [ -76.031893785890219, 8.683824623064622 ], [ -76.031993022754492, 8.683807168815365 ], [ -76.032130275755648, 8.683787262182848 ], [ -76.032321033868016, 8.683796451652979 ], [ -76.032420458669336, 8.683814022918376 ], [ -76.032534734001004, 8.683850709646171 ], [ -76.032664370380786, 8.683894098572466 ], [ -76.032870344165303, 8.683993577774523 ], [ -76.033061102361273, 8.68411121337048 ], [ -76.033190971323464, 8.684200909602403 ], [ -76.033335797299543, 8.684327806377057 ], [ -76.033411705348314, 8.684408752644018 ], [ -76.033480847825771, 8.684498764131769 ], [ -76.033511310279877, 8.684570899069291 ], [ -76.033511157825544, 8.684652223180215 ], [ -76.033503495116079, 8.68470648078293 ], [ -76.033473267248411, 8.684787967557087 ], [ -76.033419340796002, 8.684896681684871 ], [ -76.033312719998179, 8.685023738737508 ], [ -76.033282213154564, 8.685051003126416 ], [ -76.033251697217992, 8.685078266683051 ], [ -76.0331985352137, 8.685114684877275 ], [ -76.033129427345756, 8.685142155388812 ], [ -76.032992219380702, 8.685169958425975 ], [ -76.032725490872394, 8.685179238047736 ], [ -76.032542253209797, 8.685197113677512 ], [ -76.032443060528053, 8.685224728685064 ], [ -76.032328695653135, 8.685279534748574 ], [ -76.032252446895882, 8.685352217411197 ], [ -76.032168248268221, 8.685424936235714 ], [ -76.032130500776091, 8.685479355625873 ], [ -76.032099653199836, 8.685551805227202 ], [ -76.032084606228977, 8.685604966759724 ], [ -76.032099653077722, 8.685660241010243 ], [ -76.03213029437579, 8.685768524165715 ], [ -76.032168121775669, 8.685840622324069 ], [ -76.032237220819823, 8.685921596796794 ], [ -76.032496358166085, 8.686201530110717 ], [ -76.032763301314503, 8.686454316209883 ], [ -76.032954238111515, 8.686608088625839 ], [ -76.033221415069619, 8.686796493205666 ], [ -76.033968606609264, 8.687281772271668 ], [ -76.034212911809661, 8.687436399099168 ], [ -76.034472623848274, 8.687609018762926 ], [ -76.035197026410003, 8.688075208820157 ], [ -76.035250655197927, 8.688129153209857 ], [ -76.035327137601669, 8.68821122278929 ], [ -76.035654960014796, 8.688381238048683 ], [ -76.035906533060555, 8.688515490960036 ], [ -76.035975406703784, 8.688552412391548 ], [ -76.036105285222575, 8.688643239986014 ], [ -76.036212032087633, 8.688760173599919 ], [ -76.036265239172579, 8.688841229289793 ], [ -76.036333961410989, 8.688958351254552 ], [ -76.036349042823602, 8.689021530067279 ], [ -76.036356651794847, 8.689066669846378 ], [ -76.036349466226369, 8.689103986180747 ], [ -76.0363113410191, 8.689194544695338 ], [ -76.036280403234272, 8.68924892005759 ], [ -76.036212140377728, 8.689329472218855 ], [ -76.036112759388786, 8.689429383223471 ], [ -76.036005958700173, 8.689520293224687 ], [ -76.03589905878853, 8.689593137009879 ], [ -76.035815193174429, 8.689620669853161 ], [ -76.035715956293984, 8.689638124648878 ], [ -76.035662551091463, 8.68962935743011 ], [ -76.035609055815172, 8.68960252392244 ], [ -76.035197286166351, 8.68933241028399 ], [ -76.034784942137989, 8.689062295153292 ], [ -76.03441923818562, 8.688810022041441 ], [ -76.034113936250534, 8.688602618618418 ], [ -76.033427074678812, 8.688152041865902 ], [ -76.033312710635485, 8.688098411904576 ], [ -76.033183119884015, 8.688062928642161 ], [ -76.033091689264552, 8.688054358995153 ] ] ] } },
{ "type": "Feature", "properties": { "OBJECTID": 8872.0, "NOMBRE_GEO": null, "PROYECTO": null, "SYMBOL": "3", "FECHA": null, "RULEID": 1, "PK_CUE": 706232.0, "GLOBALID": "{36ED4C68-714E-4641-A7DE-42413B0AFAE5}", "SHAPE_Leng": 1166.8578405907786, "SHAPE_Area": 34876.87984464629 }, "geometry": { "type": "Polygon", "coordinates": [ [ [ -75.999211405166989, 8.564708510595548 ], [ -75.999299168189552, 8.56474174389856 ], [ -75.999401024367728, 8.564812547784616 ], [ -75.999501624217018, 8.564853957024781 ], [ -75.999526738678028, 8.564853611161457 ], [ -75.999552809989282, 8.564850433037478 ], [ -75.999579597905011, 8.564844621635739 ], [ -75.999606862179533, 8.564836375939203 ], [ -75.999634362567249, 8.564825894930834 ], [ -75.999661858822677, 8.564813377593685 ], [ -75.99968911070043, 8.564799022910805 ], [ -75.999715877955225, 8.564783029865305 ], [ -75.999741920341947, 8.564765597440326 ], [ -75.999766997615581, 8.564746924619012 ], [ -75.999790869531267, 8.564727210384547 ], [ -75.999813295844206, 8.564706653720105 ], [ -75.999834036309835, 8.564685453608865 ], [ -75.999852850683567, 8.564663809034009 ], [ -75.999869498721011, 8.564641918978694 ], [ -75.999883740177808, 8.564619982426056 ], [ -75.99991559991031, 8.564451615927339 ], [ -75.999939192890224, 8.564276609627727 ], [ -75.999960943056038, 8.564232727157178 ], [ -75.999987719500169, 8.564190135017075 ], [ -76.000019029343733, 8.564149010762161 ], [ -76.000054379708089, 8.564109531947086 ], [ -76.000093277715024, 8.564071876126375 ], [ -76.000135230486649, 8.564036220854554 ], [ -76.000179745145516, 8.564002743686139 ], [ -76.000226328814605, 8.563971622175686 ], [ -76.000274488617208, 8.563943033877864 ], [ -76.000323731677042, 8.563917156347436 ], [ -76.00037356511821, 8.563894167139326 ], [ -76.000423496065082, 8.563874243808623 ], [ -76.0004730316424, 8.563857563910583 ], [ -76.000521678975133, 8.56384430500067 ], [ -76.000662415836686, 8.563832567257165 ], [ -76.000810357348541, 8.563842545491337 ], [ -76.000957621578905, 8.563845516640468 ], [ -76.001026309995154, 8.563841752283555 ], [ -76.001097848923109, 8.563839158778972 ], [ -76.001171114851545, 8.563836732458915 ], [ -76.001244984268766, 8.56383346965664 ], [ -76.001318333662766, 8.563828366706511 ], [ -76.001390039521013, 8.563820419943998 ], [ -76.001458978330817, 8.563808625705573 ], [ -76.001524026579304, 8.563791980328656 ], [ -76.001584060753743, 8.563769480151356 ], [ -76.001637957341813, 8.563740121512321 ], [ -76.001684592831836, 8.563702900750423 ], [ -76.001757358521559, 8.563548979476131 ], [ -76.001800672188963, 8.563359248709588 ], [ -76.001888133412677, 8.563214702030727 ], [ -76.001897626387304, 8.563208048764045 ], [ -76.001907958985342, 8.56320096215193 ], [ -76.001919024706908, 8.563193548640459 ], [ -76.001930717052176, 8.563185914675699 ], [ -76.001942929521292, 8.563178166703745 ], [ -76.001955555614401, 8.563170411170697 ], [ -76.001968488831764, 8.563162754522628 ], [ -76.001981622673597, 8.563155303205637 ], [ -76.001994850640173, 8.563148163665815 ], [ -76.002008066231724, 8.563141442349298 ], [ -76.002021162948608, 8.563135245702178 ], [ -76.002034034291114, 8.563129680170599 ], [ -76.002046573759657, 8.563124852200673 ], [ -76.002058674854553, 8.563120868238553 ], [ -76.002070231076232, 8.563117834730381 ], [ -76.002081135925081, 8.563115858122311 ], [ -76.002091282901517, 8.563115044860501 ], [ -76.002100565505941, 8.563115501391133 ], [ -76.002108877238825, 8.563117334160365 ], [ -76.002116111600557, 8.563120649614389 ], [ -76.002122162091538, 8.56312555419939 ], [ -76.002127810259779, 8.563133293383235 ], [ -76.002132435457725, 8.563143176481276 ], [ -76.002136154357089, 8.563154865181964 ], [ -76.002139083629672, 8.563168021173745 ], [ -76.002141339947173, 8.563182306145064 ], [ -76.002143039981277, 8.563197381784375 ], [ -76.002144300403671, 8.563212909780106 ], [ -76.002145237886012, 8.563228551820696 ], [ -76.002145969099999, 8.563243969594572 ], [ -76.002146610717276, 8.563258824790147 ], [ -76.002147279409499, 8.563272779095838 ], [ -76.002140221436562, 8.563363469184701 ], [ -76.00212013474534, 8.563454216756956 ], [ -76.002103297273123, 8.563545103130522 ], [ -76.002108987843627, 8.563856195641847 ], [ -76.002152349230073, 8.564168894310026 ], [ -76.002172844901509, 8.564481712782017 ], [ -76.002172878179309, 8.564509016025044 ], [ -76.002174339273608, 8.564537387278738 ], [ -76.002176431438372, 8.564566292952058 ], [ -76.002178357927193, 8.564595199454118 ], [ -76.002179321993395, 8.564623573194089 ], [ -76.002178526890049, 8.564650880581254 ], [ -76.00217517586988, 8.564676588024945 ], [ -76.002168472185488, 8.564700161934455 ], [ -76.00215761908926, 8.564721068718987 ], [ -76.002135761969257, 8.564743823153236 ], [ -76.002106851575391, 8.564761935126834 ], [ -76.0020734580864, 8.564777240785954 ], [ -76.002038151681433, 8.564791576277432 ], [ -76.00200350253985, 8.564806777748993 ], [ -76.001972080841242, 8.56482468134938 ], [ -76.001909380077251, 8.564881136087884 ], [ -76.001852865860158, 8.564950314499852 ], [ -76.001798557058279, 8.565020113114329 ], [ -76.001742472540656, 8.565078428456568 ], [ -76.001680631178047, 8.565113157047927 ], [ -76.001651234825815, 8.565119066223419 ], [ -76.001619990598542, 8.565120780683507 ], [ -76.001587217384966, 8.565118633517381 ], [ -76.001553234073896, 8.565112957814289 ], [ -76.001518359554126, 8.56510408666364 ], [ -76.001482912714394, 8.565092353154961 ], [ -76.001447212443423, 8.565078090377931 ], [ -76.001411577629739, 8.565061631422418 ], [ -76.001376327161779, 8.565043309378462 ], [ -76.001341779927799, 8.565023457336268 ], [ -76.001308254815882, 8.565002408386253 ], [ -76.001276070713899, 8.564980495618995 ], [ -76.001245546509551, 8.564958052125224 ], [ -76.001217001090353, 8.564935410995847 ], [ -76.001190753343607, 8.564912905321885 ], [ -76.001144516181839, 8.564854739091583 ], [ -76.001108144458527, 8.564781368013561 ], [ -76.001076357121619, 8.564702628691776 ], [ -76.001043873115847, 8.564628357728161 ], [ -76.001005411383332, 8.564568391722748 ], [ -76.000955690862057, 8.564532567273888 ], [ -76.000938065727993, 8.564527326021157 ], [ -76.000918641251516, 8.564523505747413 ], [ -76.0008976758145, 8.564521065116576 ], [ -76.000875427798789, 8.56451996279257 ], [ -76.00085215558623, 8.564520157439418 ], [ -76.000828117558612, 8.564521607721185 ], [ -76.000803572097865, 8.564524272301981 ], [ -76.000778777585879, 8.56452810984598 ], [ -76.000753992404597, 8.564533079017437 ], [ -76.000729474935966, 8.564539138480647 ], [ -76.000705483562086, 8.564546246899958 ], [ -76.000682276665017, 8.564554362939784 ], [ -76.000660112626974, 8.56456344526457 ], [ -76.000639249830172, 8.564573452538792 ], [ -76.000619946656926, 8.564584343426963 ], [ -76.000602461489606, 8.56459607659361 ], [ -76.000587052710685, 8.564608610703253 ], [ -76.000573978702676, 8.564621904420402 ], [ -76.000554304407075, 8.564662442742335 ], [ -76.000546334718408, 8.564716992423255 ], [ -76.000545397364561, 8.564778849606185 ], [ -76.000546820070497, 8.564841310434048 ], [ -76.000545930556754, 8.564897671050726 ], [ -76.00053805653998, 8.564941227601 ], [ -76.000518525735345, 8.564965276229193 ], [ -76.000474354922289, 8.564959575612921 ], [ -76.000416458972268, 8.564923513351401 ], [ -76.000351625683976, 8.564875755855956 ], [ -76.000286642842255, 8.564834969546306 ], [ -76.000228298215788, 8.564819820851953 ], [ -76.000166457886948, 8.564848239835946 ], [ -76.000111207243265, 8.564910708417861 ], [ -76.000057732618842, 8.564987815166687 ], [ -76.000001220351336, 8.565060148645875 ], [ -75.999936856780636, 8.565108297413467 ], [ -75.999717399543442, 8.565107205904006 ], [ -75.999500914145258, 8.565107084196081 ], [ -75.99943367120062, 8.565165582366152 ], [ -75.999380762364027, 8.565255296735581 ], [ -75.999331610445168, 8.565352335189438 ], [ -75.99927563824842, 8.565432805605735 ], [ -75.999202268575914, 8.565472815854154 ], [ -75.999188574092017, 8.565474475217492 ], [ -75.999173839475958, 8.565475787351136 ], [ -75.99915836424492, 8.565476667812804 ], [ -75.999142447915986, 8.565477032160274 ], [ -75.99912639000641, 8.565476795951323 ], [ -75.999110490033331, 8.565475874743823 ], [ -75.999095047514075, 8.565474184095649 ], [ -75.999080361965852, 8.565471639564745 ], [ -75.999066732905987, 8.565468156709091 ], [ -75.999054459851763, 8.565463651086711 ], [ -75.999043842320418, 8.565458038255654 ], [ -75.999033047368258, 8.565449165902095 ], [ -75.999024238703072, 8.565437878496111 ], [ -75.999017239929614, 8.565424450199965 ], [ -75.999011874652538, 8.565409155175912 ], [ -75.999007966476441, 8.56539226758618 ], [ -75.999005339005905, 8.565374061592973 ], [ -75.999003815845441, 8.565354811358491 ], [ -75.999003220599619, 8.565334791044911 ], [ -75.999003376872935, 8.565314274814403 ], [ -75.999004108269986, 8.565293536829095 ], [ -75.999005238395284, 8.565272851251134 ], [ -75.99900659085344, 8.565252492242651 ], [ -75.999007989249023, 8.565232733965733 ], [ -75.9990092571867, 8.565213850582499 ], [ -75.99901021827111, 8.565196116255025 ], [ -75.999011713678314, 8.565170912182124 ], [ -75.999014059851433, 8.565144160219129 ], [ -75.999017250115728, 8.565116136108022 ], [ -75.999021277796444, 8.565087115590778 ], [ -75.999026136218731, 8.56505737440939 ], [ -75.999031818707763, 8.565027188305832 ], [ -75.999038318588717, 8.564996833022066 ], [ -75.999045629186725, 8.56496658430005 ], [ -75.99905374382692, 8.564936717881729 ], [ -75.999062655834408, 8.564907509509053 ], [ -75.99907235853432, 8.56487923492392 ], [ -75.99908284525182, 8.564852169868239 ], [ -75.999094109312068, 8.564826590083898 ], [ -75.999106144040255, 8.564802771312747 ], [ -75.999118942761612, 8.56478098929664 ], [ -75.99913249880143, 8.564761519777386 ], [ -75.999146805485026, 8.564744638496784 ], [ -75.999161856137832, 8.564730621196581 ], [ -75.999177644085364, 8.564719743618513 ], [ -75.999194162653168, 8.56471228150428 ], [ -75.999211405166989, 8.564708510595548 ] ] ] } },
{ "type": "Feature", "properties": { "OBJECTID": 8873.0, "NOMBRE_GEO": null, "PROYECTO": null, "SYMBOL": "3", "FECHA": null, "RULEID": 1, "PK_CUE": 706233.0, "GLOBALID": "{EE0B9927-C87E-467C-BCB4-399C09505664}", "SHAPE_Leng": 987.25638603183984, "SHAPE_Area": 29595.642654037478 }, "geometry": { "type": "Polygon", "coordinates": [ [ [ -75.992940823202005, 8.544992467371914 ], [ -75.992997919844825, 8.545017043630663 ], [ -75.993057607196576, 8.545070926912482 ], [ -75.993118410947005, 8.545101935233838 ], [ -75.993133331287964, 8.545101475683939 ], [ -75.993148886222087, 8.545099175798043 ], [ -75.993164885447584, 8.545095213973484 ], [ -75.993181138662777, 8.545089768607683 ], [ -75.993197455565976, 8.545083018098003 ], [ -75.993213645855519, 8.545075140841911 ], [ -75.993229519229885, 8.545066315236816 ], [ -75.993244885387568, 8.545056719680179 ], [ -75.993259554027091, 8.545046532569462 ], [ -75.993273334847075, 8.545035932302133 ], [ -75.993286037546184, 8.545025097275666 ], [ -75.993297471823141, 8.545014205887535 ], [ -75.993314024988209, 8.544994438903943 ], [ -75.993327849274976, 8.54497191613644 ], [ -75.993339271527816, 8.544947103977114 ], [ -75.993348618590971, 8.544920468817994 ], [ -75.993356217308829, 8.544892477050997 ], [ -75.993362394525562, 8.544863595067993 ], [ -75.993367477085371, 8.544834289260839 ], [ -75.993371791832217, 8.544805026021399 ], [ -75.993375665609989, 8.544776271741535 ], [ -75.993379425262432, 8.544748492813104 ], [ -75.993380603997394, 8.544708708313165 ], [ -75.993375288869615, 8.544666696857549 ], [ -75.993366329833691, 8.544623659885422 ], [ -75.993356576842885, 8.544580798836495 ], [ -75.993348879848909, 8.544539315151221 ], [ -75.993346088802056, 8.544500410270704 ], [ -75.993351053651466, 8.544465285636365 ], [ -75.993366624345313, 8.544435142689315 ], [ -75.993374633636549, 8.544425731791614 ], [ -75.993383662618811, 8.544416232527627 ], [ -75.993393585331262, 8.544406808492477 ], [ -75.993404275813091, 8.544397623281276 ], [ -75.993415608103518, 8.544388840489139 ], [ -75.993427456241733, 8.544380623711204 ], [ -75.993439694267096, 8.544373136542566 ], [ -75.993452196218854, 8.544366542578356 ], [ -75.993464836136411, 8.544361005413695 ], [ -75.993477488059128, 8.544356688643708 ], [ -75.993490026026464, 8.544353755863542 ], [ -75.993503238598649, 8.544352149854573 ], [ -75.993517183127693, 8.54435173465388 ], [ -75.993531560281113, 8.544352392925875 ], [ -75.993546070726381, 8.544354007334997 ], [ -75.993560415131, 8.544356460545757 ], [ -75.993574294162471, 8.544359635222703 ], [ -75.993587408488224, 8.54436341403046 ], [ -75.993599458775719, 8.544367679633661 ], [ -75.993639590705868, 8.544409845294165 ], [ -75.993655399019985, 8.544480334705323 ], [ -75.993661997488573, 8.544562465142288 ], [ -75.993674499884179, 8.5446395538749 ], [ -75.993708019983174, 8.544694918167782 ], [ -75.99372736469806, 8.544708437084759 ], [ -75.993749022427494, 8.544720429194115 ], [ -75.993772490908228, 8.544730952496858 ], [ -75.993797267876872, 8.544740064994118 ], [ -75.993822851070092, 8.544747824687166 ], [ -75.993848738224557, 8.5447542895774 ], [ -75.993874427076932, 8.544759517666369 ], [ -75.993899415363941, 8.544763566955758 ], [ -75.99392206476071, 8.544766306752152 ], [ -75.993945956043476, 8.544768248118578 ], [ -75.99397071170992, 8.544769316586892 ], [ -75.993995954257713, 8.544769437689096 ], [ -75.994021306184507, 8.54476853695731 ], [ -75.994046389988, 8.544766539923728 ], [ -75.994070828165903, 8.544763372120661 ], [ -75.994094243215969, 8.544758959080495 ], [ -75.994116257636023, 8.544753226335731 ], [ -75.994136493923904, 8.544746099418889 ], [ -75.994154574577578, 8.544737503862555 ], [ -75.994170122095056, 8.544727365199327 ], [ -75.994187297849962, 8.54453151621024 ], [ -75.994201706568873, 8.544328504160706 ], [ -75.994214528235048, 8.544317889344835 ], [ -75.994229404894796, 8.544307826202648 ], [ -75.994246071666922, 8.544298389426695 ], [ -75.994264263670303, 8.544289653709537 ], [ -75.994283716023943, 8.544281693743764 ], [ -75.994304163846792, 8.544274584221958 ], [ -75.994325342257937, 8.544268399836755 ], [ -75.99434698637657, 8.544263215280802 ], [ -75.99436883132185, 8.544259105246816 ], [ -75.994390612213067, 8.544256144427536 ], [ -75.994412064169538, 8.544254407515783 ], [ -75.994432922310608, 8.5442539692044 ], [ -75.994452921755624, 8.5442549041863 ], [ -75.994471797624044, 8.544257287154428 ], [ -75.994489285035243, 8.544261192801809 ], [ -75.994515258319396, 8.544271298294179 ], [ -75.994540290936982, 8.544286180545964 ], [ -75.994564440502344, 8.544304986871367 ], [ -75.994587764629443, 8.544326864584633 ], [ -75.994610320931997, 8.544350961000109 ], [ -75.994632167023454, 8.544376423432173 ], [ -75.994653360516949, 8.544402399195276 ], [ -75.994673959025405, 8.544428035603913 ], [ -75.994694020161432, 8.544452479972621 ], [ -75.994723413274514, 8.544487737701596 ], [ -75.994753073523569, 8.544524448150979 ], [ -75.994782169028269, 8.544562434269357 ], [ -75.994809867908003, 8.544601519005726 ], [ -75.994835338281788, 8.544641525309435 ], [ -75.994857748268217, 8.544682276130178 ], [ -75.994876265985582, 8.544723594417929 ], [ -75.994890059551608, 8.54476530312286 ], [ -75.994898297083708, 8.544807225195264 ], [ -75.994900933328012, 8.544838612502547 ], [ -75.99490134531321, 8.544871438365144 ], [ -75.994899594997122, 8.544905275899863 ], [ -75.994895744337541, 8.544939698223509 ], [ -75.9948898552922, 8.544974278452829 ], [ -75.994881989818765, 8.54500858970454 ], [ -75.994872209874984, 8.545042205095308 ], [ -75.994860577418592, 8.545074697741775 ], [ -75.994847154407339, 8.54510564076049 ], [ -75.994832002799072, 8.545134607267983 ], [ -75.99481518455174, 8.545161170380704 ], [ -75.994668820803241, 8.545262517624998 ], [ -75.994513441106832, 8.545361135334787 ], [ -75.994492926070151, 8.54538574743548 ], [ -75.994472631928886, 8.545412001084436 ], [ -75.994452967763678, 8.545439636957397 ], [ -75.994434342655282, 8.545468395730186 ], [ -75.994417165684752, 8.545498018078579 ], [ -75.994401845933254, 8.545528244678358 ], [ -75.994388792482169, 8.545558816205293 ], [ -75.994378414413006, 8.54558947333512 ], [ -75.994371120807457, 8.545619956743495 ], [ -75.994367320747259, 8.545650007105992 ], [ -75.994377797942448, 8.545723619180917 ], [ -75.994408590553959, 8.545798328700606 ], [ -75.994444626566178, 8.54587395165581 ], [ -75.994470833953102, 8.545950304045766 ], [ -75.9944861419727, 8.546056969924999 ], [ -75.994489892395436, 8.546165797382328 ], [ -75.994485835126881, 8.5462757802017 ], [ -75.99447772007629, 8.546385912165123 ], [ -75.994469297156797, 8.546495187053209 ], [ -75.99446817433747, 8.546521661707406 ], [ -75.994468101652473, 8.546550076243607 ], [ -75.994468878445559, 8.546580105648202 ], [ -75.994470304060428, 8.546611424907582 ], [ -75.994472177840677, 8.546643709008166 ], [ -75.994474299129791, 8.546676632936418 ], [ -75.994476467271198, 8.546709871678811 ], [ -75.994478481608169, 8.546743100221841 ], [ -75.994480141483891, 8.54677599355206 ], [ -75.994481246241364, 8.546808226656049 ], [ -75.994481595223618, 8.546839474520386 ], [ -75.994480987773457, 8.546869412131702 ], [ -75.994479223233668, 8.546897714476607 ], [ -75.994476100947011, 8.546924056541734 ], [ -75.994471420256161, 8.546948113313688 ], [ -75.994464980503778, 8.54696955977904 ], [ -75.994456581032594, 8.546988070924314 ], [ -75.99444602118534, 8.547003321735961 ], [ -75.994433100304903, 8.547014987200354 ], [ -75.994417617734271, 8.547022742303714 ], [ -75.994399372816645, 8.547026262032139 ], [ -75.994385409902662, 8.547026539575915 ], [ -75.994369813306136, 8.547025698046058 ], [ -75.994352991691329, 8.547023789604424 ], [ -75.994335353722519, 8.547020866412922 ], [ -75.994317308064055, 8.547016980633531 ], [ -75.99429926338027, 8.547012184428304 ], [ -75.9942816283355, 8.54700652995937 ], [ -75.994264811594064, 8.547000069388975 ], [ -75.994249221820269, 8.546992854879406 ], [ -75.994235267678391, 8.546984938593061 ], [ -75.994212875724415, 8.546966636709481 ], [ -75.994194330656441, 8.546943517545643 ], [ -75.994178925434099, 8.546916521173511 ], [ -75.994165953016662, 8.54688658766489 ], [ -75.994154706363219, 8.546854657091489 ], [ -75.994144478432801, 8.546821669524851 ], [ -75.994134562184399, 8.546788565036431 ], [ -75.994124250577045, 8.54675628369754 ], [ -75.994112836569741, 8.546725765579387 ], [ -75.994048568124299, 8.546506992413832 ], [ -75.994000166469064, 8.546282269308746 ], [ -75.993923095194177, 8.54607137027347 ], [ -75.993889253151011, 8.546010269136254 ], [ -75.993852991020674, 8.54594934288389 ], [ -75.9938140081657, 8.545889728549467 ], [ -75.993772003948081, 8.545832563166046 ], [ -75.993726677729072, 8.545778983766615 ], [ -75.993677728869116, 8.545730127384152 ], [ -75.993627707855538, 8.545688102272521 ], [ -75.993574019133661, 8.545649092954417 ], [ -75.993517377865587, 8.545613270776668 ], [ -75.993458499213006, 8.545580807086644 ], [ -75.993398098337238, 8.545551873232254 ], [ -75.993336890399405, 8.54552664056199 ], [ -75.993268827160264, 8.545506517808736 ], [ -75.993199005072398, 8.545490473689053 ], [ -75.993131058909242, 8.545469778207197 ], [ -75.993094662540102, 8.545455429395181 ], [ -75.993057809382421, 8.54544025644655 ], [ -75.993021512532692, 8.545423704167614 ], [ -75.992986785087609, 8.54540521736506 ], [ -75.992954640144035, 8.545384240845946 ], [ -75.992926090798832, 8.545360219417628 ], [ -75.992914853205576, 8.54534892578285 ], [ -75.992903318335834, 8.545336625416423 ], [ -75.99289164648583, 8.545323440922026 ], [ -75.992879997951633, 8.545309494903361 ], [ -75.992868533029366, 8.545294909964174 ], [ -75.992857412015084, 8.545279808708237 ], [ -75.99284679520477, 8.545264313739359 ], [ -75.992836842894434, 8.545248547661366 ], [ -75.992827715379974, 8.545232633078125 ], [ -75.992819572957259, 8.545216692593549 ], [ -75.992812575922144, 8.545200848811511 ], [ -75.992806884570413, 8.545185224335965 ], [ -75.992802659197821, 8.545169941770826 ], [ -75.992800060100123, 8.54515512372004 ], [ -75.992799247572989, 8.545140892787519 ], [ -75.99280038191209, 8.545127371577173 ], [ -75.992803623413081, 8.545114682692882 ], [ -75.992807343400898, 8.5451057459394 ], [ -75.992812248854307, 8.545096396735397 ], [ -75.992818224459214, 8.545086760557297 ], [ -75.992825154901439, 8.545076962881524 ], [ -75.992832924866889, 8.545067129184519 ], [ -75.99284141904144, 8.545057384942691 ], [ -75.992850522111027, 8.545047855632461 ], [ -75.992860118761584, 8.545038666730248 ], [ -75.992870093679059, 8.545029943712468 ], [ -75.992880331549458, 8.545021812055539 ], [ -75.992890717058799, 8.545014397235898 ], [ -75.992901134893131, 8.545007824729955 ], [ -75.992911469738502, 8.545002220014137 ], [ -75.99292160628103, 8.544997708564903 ], [ -75.99293142920682, 8.544994415858676 ], [ -75.992940823202005, 8.544992467371914 ] ] ] } },
{ "type": "Feature", "properties": { "OBJECTID": 8874.0, "NOMBRE_GEO": null, "PROYECTO": null, "SYMBOL": "3", "FECHA": null, "RULEID": 1, "PK_CUE": 706234.0, "GLOBALID": "{F4DE533A-D77D-4294-AF8B-957C36E78AC4}", "SHAPE_Leng": 573.92653994265663, "SHAPE_Area": 19018.764202744482 }, "geometry": { "type": "Polygon", "coordinates": [ [ [ -76.096623393983009, 8.524234170257023 ], [ -76.09696899361434, 8.524036154822152 ], [ -76.097404900672686, 8.524037260384796 ], [ -76.098131054263007, 8.52418373892443 ], [ -76.098329977046902, 8.524527776054461 ], [ -76.097839433721148, 8.5245807759407 ], [ -76.097747652887335, 8.524960242780221 ], [ -76.097165329170494, 8.525392719014881 ], [ -76.097110702861187, 8.525446824022032 ], [ -76.096765740587017, 8.525391703266598 ], [ -76.096621174865192, 8.52510205109547 ], [ -76.096623393983009, 8.524234170257023 ] ] ] } },
{ "type": "Feature", "properties": { "OBJECTID": 8875.0, "NOMBRE_GEO": null, "PROYECTO": null, "SYMBOL": "3", "FECHA": null, "RULEID": 1, "PK_CUE": 706292.0, "GLOBALID": "{0D8C28FD-F03B-4359-9CA9-9B5A0122E98E}", "SHAPE_Leng": 1301.0491002142528, "SHAPE_Area": 47962.040283538277 }, "geometry": { "type": "Polygon", "coordinates": [ [ [ -76.084713350126208, 8.52232349897254 ], [ -76.084768722194241, 8.521980108727343 ], [ -76.085058959256045, 8.522125491665047 ], [ -76.085349931561922, 8.521981590720705 ], [ -76.085059793843584, 8.521800041158711 ], [ -76.084769566983994, 8.52165464901708 ], [ -76.08418872537132, 8.521508520414894 ], [ -76.08389849713204, 8.521363137376808 ], [ -76.083699591850504, 8.521019091173349 ], [ -76.083555413159388, 8.520584782449022 ], [ -76.084336920119526, 8.520387890212641 ], [ -76.084535825317758, 8.520731935108012 ], [ -76.084389777049068, 8.521020852220611 ], [ -76.08491626126505, 8.52111260580622 ], [ -76.085351800796886, 8.521258366133003 ], [ -76.085588524903926, 8.521023915370955 ], [ -76.085934870124447, 8.520536624378817 ], [ -76.086424757348823, 8.520736759325906 ], [ -76.086132661338439, 8.521314601235606 ], [ -76.086567076591791, 8.521894293163891 ], [ -76.086565585754144, 8.522472878841484 ], [ -76.086419538187926, 8.52276179639704 ], [ -76.086364911882399, 8.522815901189585 ], [ -76.085638022094031, 8.522958687886412 ], [ -76.085347794202377, 8.522813304706952 ], [ -76.084766951589373, 8.522667166830733 ], [ -76.084713350126208, 8.52232349897254 ] ] ] } },
{ "type": "Feature", "properties": { "OBJECTID": 8876.0, "NOMBRE_GEO": null, "PROYECTO": null, "SYMBOL": "3", "FECHA": null, "RULEID": 1, "PK_CUE": 706293.0, "GLOBALID": "{F0C62131-E302-4FAD-949E-C45A76BB9416}", "SHAPE_Leng": 1313.0819680917887, "SHAPE_Area": 22747.762503949096 }, "geometry": { "type": "Polygon", "coordinates": [ [ [ -76.047037648275619, 8.429941832963149 ], [ -76.047093037531496, 8.429598443376523 ], [ -76.047383948399727, 8.429454560377112 ], [ -76.047674868068839, 8.429310677166679 ], [ -76.048109894952475, 8.429601111000505 ], [ -76.048400051256493, 8.429746520674463 ], [ -76.04869096139052, 8.429602637740889 ], [ -76.049272414160171, 8.429459518361092 ], [ -76.049562560426935, 8.429604919905778 ], [ -76.049853470647548, 8.429461037194747 ], [ -76.050143626961372, 8.429606438153277 ], [ -76.050434536812645, 8.429462555086587 ], [ -76.051015989648548, 8.429319435212124 ], [ -76.051214823062764, 8.429663490274271 ], [ -76.050433871843509, 8.429715681672777 ], [ -76.049906660015921, 8.429949351789205 ], [ -76.049852043386352, 8.430003447860194 ], [ -76.049416628849059, 8.429857669959139 ], [ -76.048980442775843, 8.430001166665701 ], [ -76.048254109600137, 8.429999261615217 ], [ -76.047963963142408, 8.429853860840886 ], [ -76.047528549600543, 8.429708073290962 ], [ -76.047146218182419, 8.430086757805613 ], [ -76.047435987597908, 8.430376814586419 ], [ -76.046999414894046, 8.430664958691466 ], [ -76.046653886628349, 8.43086293758725 ], [ -76.046600707024353, 8.430374622918537 ], [ -76.047037648275619, 8.429941832963149 ] ] ] } },
{ "type": "Feature", "properties": { "OBJECTID": 8877.0, "NOMBRE_GEO": null, "PROYECTO": null, "SYMBOL": "3", "FECHA": null, "RULEID": 1, "PK_CUE": 706294.0, "GLOBALID": "{A636F44D-A190-4D3B-AAB4-7A7F5EBD2F61}", "SHAPE_Leng": 235.66754759081698, "SHAPE_Area": 3803.8578747310121 }, "geometry": { "type": "Polygon", "coordinates": [ [ [ -76.10739806580014, 8.412879173000116 ], [ -76.107743198354854, 8.412825786422427 ], [ -76.107942085194239, 8.41316981397107 ], [ -76.107796100201512, 8.413458748084379 ], [ -76.107741491615442, 8.413512862124731 ], [ -76.107251729556921, 8.413312753583403 ], [ -76.10739806580014, 8.412879173000116 ] ] ] } },
{ "type": "Feature", "properties": { "OBJECTID": 8878.0, "NOMBRE_GEO": null, "PROYECTO": null, "SYMBOL": "3", "FECHA": null, "RULEID": 1, "PK_CUE": 706295.0, "GLOBALID": "{BB8D27D2-CCF4-48DE-85D4-C1BF2351FAD3}", "SHAPE_Leng": 218.66318649573824, "SHAPE_Area": 2218.2769653844211 }, "geometry": { "type": "Polygon", "coordinates": [ [ [ -76.112096707178608, 8.407612773811147 ], [ -76.112442190008437, 8.40741473093045 ], [ -76.112495810807772, 8.407758400397741 ], [ -76.112494742170625, 8.408192340030459 ], [ -76.112440133134228, 8.40824645424552 ], [ -76.112241246335998, 8.407902426731873 ], [ -76.112096707178608, 8.407612773811147 ] ] ] } },
{ "type": "Feature", "properties": { "OBJECTID": 8879.0, "NOMBRE_GEO": null, "PROYECTO": null, "SYMBOL": "3", "FECHA": null, "RULEID": 1, "PK_CUE": 706296.0, "GLOBALID": "{9B4A7E8E-83D6-4622-B1D4-8BA096002B36}", "SHAPE_Leng": 632.8362988198777, "SHAPE_Area": 16671.253511337367 }, "geometry": { "type": "Polygon", "coordinates": [ [ [ -76.07365559205374, 8.405159730690377 ], [ -76.073663028654266, 8.405172934267542 ], [ -76.07366539408315, 8.405190297815556 ], [ -76.073663412857556, 8.40521128701568 ], [ -76.073657809494506, 8.405235367549038 ], [ -76.07364930851098, 8.40526200509669 ], [ -76.073638634424071, 8.405290665339626 ], [ -76.073626511750973, 8.405320813958818 ], [ -76.073613665009148, 8.405351916635224 ], [ -76.073600818716301, 8.405383439049773 ], [ -76.073588697390377, 8.40541484688339 ], [ -76.073578025549651, 8.405445605816986 ], [ -76.073569527712564, 8.405475181531441 ], [ -76.073563928397832, 8.405503039707583 ], [ -76.073562792024944, 8.405648462140709 ], [ -76.073575201764712, 8.405795664443655 ], [ -76.073562814292686, 8.405936970577073 ], [ -76.073541373834402, 8.405987511833985 ], [ -76.073509628572907, 8.406037641547057 ], [ -76.073474439066018, 8.406086952248829 ], [ -76.073442665875973, 8.406135036472646 ], [ -76.073421169569158, 8.406181486752741 ], [ -76.073416810715472, 8.406225895623139 ], [ -76.073430684736906, 8.406262329175998 ], [ -76.073458085101663, 8.406296116300382 ], [ -76.073494848045385, 8.406328290899621 ], [ -76.073536809802803, 8.406359886878116 ], [ -76.073579806608336, 8.406391938142054 ], [ -76.073619674696147, 8.406425478599704 ], [ -76.073652250300114, 8.406461542161361 ], [ -76.073680198584213, 8.406501171188429 ], [ -76.073708039274052, 8.406543615255755 ], [ -76.073735147886197, 8.406588255855615 ], [ -76.073760899936673, 8.406634474480626 ], [ -76.073784670941023, 8.406681652623735 ], [ -76.073805836414181, 8.406729171778206 ], [ -76.07382377187065, 8.40677641343755 ], [ -76.073837852824312, 8.406822759095492 ], [ -76.073847454788663, 8.406867590245852 ], [ -76.073851953276815, 8.406910288382489 ], [ -76.073850723801527, 8.406950234999158 ], [ -76.073846014742699, 8.406976353982149 ], [ -76.073837782753188, 8.407003395262581 ], [ -76.073826261677596, 8.407031166184087 ], [ -76.073811685360553, 8.407059474090268 ], [ -76.073794287646678, 8.407088126324652 ], [ -76.073774302380755, 8.407116930230682 ], [ -76.073751963407517, 8.40714569315181 ], [ -76.073727504571877, 8.407174222431413 ], [ -76.073701159718823, 8.40720232541288 ], [ -76.073673162693453, 8.407229809439558 ], [ -76.073643747341038, 8.407256481854823 ], [ -76.07361314750699, 8.407282150002013 ], [ -76.073581597036807, 8.407306621224505 ], [ -76.073549329776199, 8.407329702865697 ], [ -76.073516579571006, 8.407351202268991 ], [ -76.073483580267194, 8.407370926777839 ], [ -76.073450565710928, 8.407388683735705 ], [ -76.07341776974846, 8.407404280486118 ], [ -76.073385426226153, 8.407417524372626 ], [ -76.073353768990543, 8.407428222738835 ], [ -76.073323031888251, 8.407436182928405 ], [ -76.073293448765952, 8.407441212285033 ], [ -76.073265253470396, 8.407443118152479 ], [ -76.073238679848387, 8.407441707874556 ], [ -76.073213961746774, 8.407436788795115 ], [ -76.073190620527399, 8.407428776763725 ], [ -76.073165875922172, 8.407417717190242 ], [ -76.073140081069496, 8.407403877009104 ], [ -76.073113589107834, 8.40738752315486 ], [ -76.073086753175474, 8.407368922562174 ], [ -76.073059926410707, 8.40734834216585 ], [ -76.073033461951653, 8.407326048900854 ], [ -76.073007712936274, 8.407302309702281 ], [ -76.072983032502464, 8.407277391505405 ], [ -76.072959773787829, 8.407251561245619 ], [ -76.072938289929908, 8.407225085858485 ], [ -76.072918934066038, 8.407198232279642 ], [ -76.072902059333302, 8.407171267444863 ], [ -76.07288801886871, 8.407144458289988 ], [ -76.072877165809061, 8.40711807175088 ], [ -76.072869853291024, 8.407092374763428 ], [ -76.072867701185316, 8.407036144364934 ], [ -76.072881347223742, 8.406976706205478 ], [ -76.072905924977945, 8.406914843515429 ], [ -76.072936568022115, 8.406851339524144 ], [ -76.072968409933949, 8.406786977460852 ], [ -76.072996584294799, 8.406722540555059 ], [ -76.073016224689795, 8.406658812036371 ], [ -76.073027165091787, 8.4063699798015 ], [ -76.072998015601186, 8.406074564161234 ], [ -76.07301846180944, 8.40579094078128 ], [ -76.073032664881381, 8.405738741741152 ], [ -76.073047511104178, 8.40568401715686 ], [ -76.073063360119463, 8.405627745362946 ], [ -76.073080571568539, 8.405570904693953 ], [ -76.073099505092458, 8.405514473484347 ], [ -76.073120520331912, 8.405459430068564 ], [ -76.073143976927568, 8.405406752780872 ], [ -76.073170234519878, 8.405357419955417 ], [ -76.07319965274931, 8.405312409926099 ], [ -76.073232591256442, 8.405272701026572 ], [ -76.073269409682212, 8.40523927159008 ], [ -76.073310467667966, 8.405213099949441 ], [ -76.073326089443086, 8.405205535614215 ], [ -76.073343386199085, 8.405197990528997 ], [ -76.073362112207121, 8.405190554540285 ], [ -76.07338202173834, 8.405183317494576 ], [ -76.073402869063997, 8.405176369238392 ], [ -76.073424408455409, 8.405169799618271 ], [ -76.073446394183918, 8.405163698480795 ], [ -76.073468580520867, 8.405158155672598 ], [ -76.07349072173777, 8.405153261040335 ], [ -76.073512572106168, 8.405149104430718 ], [ -76.073533885897533, 8.405145775690501 ], [ -76.073554417383534, 8.405143364666475 ], [ -76.07357392083577, 8.405141961205478 ], [ -76.073592150525954, 8.40514165515439 ], [ -76.073608860725699, 8.405142536360119 ], [ -76.073623805706703, 8.405144694669607 ], [ -76.073636739740635, 8.405148219929826 ], [ -76.073647417099124, 8.405153201987753 ], [ -76.07365559205374, 8.405159730690377 ] ] ] } },
{ "type": "Feature", "properties": { "OBJECTID": 8880.0, "NOMBRE_GEO": null, "PROYECTO": null, "SYMBOL": "3", "FECHA": null, "RULEID": 1, "PK_CUE": 706297.0, "GLOBALID": "{E05C5F50-A6AF-43CE-8F30-3C9CB8EF107D}", "SHAPE_Leng": 581.40483949924965, "SHAPE_Area": 11145.28124833752 }, "geometry": { "type": "Polygon", "coordinates": [ [ [ -76.075928473243238, 8.404351885104349 ], [ -76.075933404362743, 8.404352602832398 ], [ -76.075938083517542, 8.404357335199361 ], [ -76.075942552852098, 8.404365763462087 ], [ -76.075946854510903, 8.404377568877434 ], [ -76.075951030638464, 8.404392432702297 ], [ -76.075955123379231, 8.404410036193536 ], [ -76.075959174877681, 8.404430060608027 ], [ -76.075963227278322, 8.404452187202654 ], [ -76.075967322725546, 8.40447609723428 ], [ -76.075971503363775, 8.404501471959797 ], [ -76.075975811337443, 8.404527992636071 ], [ -76.075980288790888, 8.404555340519984 ], [ -76.075984977868458, 8.404583196868412 ], [ -76.075989920714449, 8.40461124293822 ], [ -76.075995159473138, 8.404639159986301 ], [ -76.076000736288762, 8.404666629269508 ], [ -76.076006693305473, 8.404693332044745 ], [ -76.076013072667422, 8.404718949568869 ], [ -76.076019916518732, 8.404743163098773 ], [ -76.07602726700344, 8.404765653891337 ], [ -76.076035166265527, 8.404786103203454 ], [ -76.076123414272118, 8.404934344271807 ], [ -76.076231398028824, 8.405073980017304 ], [ -76.076324575827996, 8.405220779561535 ], [ -76.076347345257204, 8.40526702443843 ], [ -76.076371386549397, 8.405314537743818 ], [ -76.076395431042187, 8.405362991409898 ], [ -76.076418210072518, 8.405412057369391 ], [ -76.076438454976639, 8.405461407555608 ], [ -76.076454897090144, 8.405510713902327 ], [ -76.076466267747833, 8.405559648343704 ], [ -76.076471298283863, 8.405607882814124 ], [ -76.076468720031627, 8.405655089247956 ], [ -76.076456610444907, 8.405704315821414 ], [ -76.076436349128272, 8.40575315780781 ], [ -76.076410382609552, 8.405801581445029 ], [ -76.076381157417956, 8.405849552970821 ], [ -76.076351120084155, 8.405897038623051 ], [ -76.076322717140314, 8.405944004639887 ], [ -76.076298338234977, 8.405989039714607 ], [ -76.076274365821192, 8.406037180779036 ], [ -76.07625043386092, 8.4060872545775 ], [ -76.076226176315913, 8.406138087854266 ], [ -76.07620122714782, 8.406188507353425 ], [ -76.076175220318106, 8.40623733981899 ], [ -76.076147789788195, 8.40628341199479 ], [ -76.076118569519465, 8.406325550624491 ], [ -76.076087193473384, 8.406362582451532 ], [ -76.076053295611615, 8.406393334219068 ], [ -76.076016509896334, 8.406416632669886 ], [ -76.075976470290229, 8.406431304546363 ], [ -76.075955753037917, 8.406435317667308 ], [ -76.075932843214289, 8.406438087523142 ], [ -76.075908171882489, 8.40643964757694 ], [ -76.075882170105643, 8.406440031291829 ], [ -76.075855268946995, 8.406439272131013 ], [ -76.0758278994698, 8.406437403557833 ], [ -76.0758004927374, 8.40643445903574 ], [ -76.075773479813122, 8.406430472028283 ], [ -76.075747291760337, 8.40642547599918 ], [ -76.075722359642384, 8.406419504412241 ], [ -76.075699114522621, 8.406412590731428 ], [ -76.075677987464331, 8.40640476842078 ], [ -76.075659409530843, 8.406396070944448 ], [ -76.075643811785312, 8.406386531766614 ], [ -76.075631625290868, 8.406376184351531 ], [ -76.075619929986701, 8.406357878285849 ], [ -76.075615598924941, 8.406335788243684 ], [ -76.075617759937103, 8.406310319149762 ], [ -76.075625540854404, 8.406281875928544 ], [ -76.075638069507988, 8.406250863504273 ], [ -76.07565447372906, 8.406217686801076 ], [ -76.07567388134899, 8.406182750743024 ], [ -76.075695420199494, 8.406146460254147 ], [ -76.075718218112598, 8.406109220258514 ], [ -76.075741402920755, 8.406071435680225 ], [ -76.075764102456858, 8.406033511443448 ], [ -76.07578544455427, 8.405995852472365 ], [ -76.07580455704678, 8.405958863691229 ], [ -76.075820567768531, 8.40592295002425 ], [ -76.075832604554023, 8.405888516395638 ], [ -76.07585242316965, 8.405823601408663 ], [ -76.075873671200256, 8.405756540970643 ], [ -76.075894448078031, 8.40568832220734 ], [ -76.075912853236588, 8.40561993224437 ], [ -76.075926986110929, 8.405552358207148 ], [ -76.075934946137352, 8.405486587220739 ], [ -76.075934832753092, 8.405423606409711 ], [ -76.075924745395923, 8.405364402897845 ], [ -76.075899452327164, 8.405312842386442 ], [ -76.075856072396093, 8.405263271606497 ], [ -76.075799873700774, 8.405215615734717 ], [ -76.0757361243368, 8.405169799950235 ], [ -76.075670092398056, 8.405125749435843 ], [ -76.075607045977279, 8.405083389378593 ], [ -76.07555225316618, 8.405042644969665 ], [ -76.075510982055391, 8.405003441403524 ], [ -76.075488500734224, 8.404965703876387 ], [ -76.075490077289942, 8.404929357584024 ], [ -76.075547772248058, 8.404879683485159 ], [ -76.075647881078893, 8.404838083323876 ], [ -76.075755463366562, 8.40479261865134 ], [ -76.075835578713992, 8.40473135105038 ], [ -76.075854791521664, 8.4046976371159 ], [ -76.075869836269689, 8.404655855725593 ], [ -76.075881449034938, 8.404608679453961 ], [ -76.075890365894026, 8.40455878087525 ], [ -76.075897322923169, 8.404508832563549 ], [ -76.075903056197959, 8.404461507092932 ], [ -76.075908301793248, 8.404419477037539 ], [ -76.075913795783222, 8.404385414971539 ], [ -76.075920274241881, 8.404361993469116 ], [ -76.075928473243238, 8.404351885104349 ] ] ] } },
{ "type": "Feature", "properties": { "OBJECTID": 8881.0, "NOMBRE_GEO": null, "PROYECTO": null, "SYMBOL": "3", "FECHA": null, "RULEID": 1, "PK_CUE": 706298.0, "GLOBALID": "{A0E1010B-D027-4033-89DE-8E1E869675FF}", "SHAPE_Leng": 698.64126682687083, "SHAPE_Area": 13741.650991009463 }, "geometry": { "type": "Polygon", "coordinates": [ [ [ -76.099499475563235, 8.405372683984707 ], [ -76.09926401762921, 8.405137037639241 ], [ -76.098682251266226, 8.405424894049256 ], [ -76.097955963694886, 8.405423080333389 ], [ -76.097757094003384, 8.405079051976685 ], [ -76.098828874262608, 8.404882823730819 ], [ -76.098974859880713, 8.404593889842303 ], [ -76.099356391679194, 8.404504436188923 ], [ -76.099609869689772, 8.404794366723669 ], [ -76.099991312143118, 8.404741069817396 ], [ -76.099990314633672, 8.405138843618493 ], [ -76.099608782709254, 8.405228307093846 ], [ -76.099607695895926, 8.405662246553186 ], [ -76.099553087308891, 8.405716353155912 ], [ -76.099499475563235, 8.405372683984707 ] ] ] } },
{ "type": "Feature", "properties": { "OBJECTID": 8882.0, "NOMBRE_GEO": null, "PROYECTO": null, "SYMBOL": "3", "FECHA": null, "RULEID": 1, "PK_CUE": 706299.0, "GLOBALID": "{35787AC3-7A13-4A27-8EFF-86A26C8CBD8E}", "SHAPE_Leng": 2354.3456759349256, "SHAPE_Area": 59738.561210579835 }, "geometry": { "type": "Polygon", "coordinates": [ [ [ -76.084944711278936, 8.404848869143839 ], [ -76.084781771156671, 8.404690555869877 ], [ -76.084602514921912, 8.40454390101141 ], [ -76.084435882708235, 8.404391121348601 ], [ -76.084310814660157, 8.404214433714824 ], [ -76.084261501240462, 8.404036963209442 ], [ -76.084234185739575, 8.403847100386594 ], [ -76.084174100331424, 8.403674078600854 ], [ -76.084131887612514, 8.403613905393359 ], [ -76.084083360597688, 8.403556861712287 ], [ -76.08403162484494, 8.403501698018351 ], [ -76.083979785911822, 8.403447164774191 ], [ -76.083917942232873, 8.403380003966287 ], [ -76.083854415487764, 8.403314391257142 ], [ -76.083786693397684, 8.403254826075003 ], [ -76.083719579399968, 8.403215769084186 ], [ -76.083641130563606, 8.403187705023853 ], [ -76.083557627679738, 8.403165589562562 ], [ -76.083475351543754, 8.403144378373037 ], [ -76.08340058295623, 8.403119027132144 ], [ -76.083339602721736, 8.403084491520572 ], [ -76.083298691646164, 8.403035727221926 ], [ -76.083288560060012, 8.403012460385998 ], [ -76.083280111864028, 8.402986802987057 ], [ -76.083273351841157, 8.402959145123759 ], [ -76.083268284774249, 8.402929876894765 ], [ -76.083264915446051, 8.402899388398746 ], [ -76.083263248639213, 8.402868069734344 ], [ -76.083263289136298, 8.40283631100022 ], [ -76.083265041719798, 8.40280450229503 ], [ -76.083268511172136, 8.402773033717379 ], [ -76.083273702275733, 8.402742295365865 ], [ -76.083280619812939, 8.402712677339041 ], [ -76.083289268566176, 8.402684569735428 ], [ -76.083299653317852, 8.402658362653503 ], [ -76.083316967849925, 8.402625153010638 ], [ -76.083338269011236, 8.402592740004982 ], [ -76.083362630837655, 8.40256139497367 ], [ -76.083389127365493, 8.40253138925385 ], [ -76.083416832631499, 8.40250299418269 ], [ -76.083444820672881, 8.402476481097491 ], [ -76.083596047676963, 8.402394878042644 ], [ -76.083772165619905, 8.402346441382727 ], [ -76.083935571298298, 8.402278833792176 ], [ -76.084069700520459, 8.402163368154381 ], [ -76.084190638900353, 8.402028009824745 ], [ -76.084317839732989, 8.40190010390543 ], [ -76.084363424330675, 8.401859957753739 ], [ -76.084409094449285, 8.401817240361417 ], [ -76.084455111951485, 8.401773408931117 ], [ -76.084501738700141, 8.401729920665257 ], [ -76.08454923655853, 8.401688232765855 ], [ -76.084597867390215, 8.401649802434617 ], [ -76.084647893059227, 8.401616086872863 ], [ -76.084699575430093, 8.401588543281527 ], [ -76.084753176368139, 8.401568628861067 ], [ -76.084808957739568, 8.401557800811423 ], [ -76.084823159525058, 8.401556253710567 ], [ -76.084838304682663, 8.401554485114755 ], [ -76.084854179931511, 8.401552632146835 ], [ -76.084870571990777, 8.40155083192969 ], [ -76.084887267579688, 8.401549221586226 ], [ -76.084904053417489, 8.401547938239391 ], [ -76.084920716223465, 8.401547119012125 ], [ -76.084937042716945, 8.401546901027434 ], [ -76.084952819617286, 8.401547421408312 ], [ -76.084967833643901, 8.401548817277796 ], [ -76.084981871516192, 8.401551225758963 ], [ -76.084994719953585, 8.401554783974895 ], [ -76.085006165675509, 8.401559629048702 ], [ -76.085015995401406, 8.401565898103508 ], [ -76.085023995850648, 8.401573728262457 ], [ -76.085029511271145, 8.40158184220553 ], [ -76.085034219542905, 8.401591404274553 ], [ -76.085038153544843, 8.401602197111579 ], [ -76.085041346155862, 8.401614003358674 ], [ -76.085043830254818, 8.401626605657887 ], [ -76.085045638720615, 8.401639786651252 ], [ -76.085046804432082, 8.40165332898084 ], [ -76.085047360268021, 8.401667015288702 ], [ -76.085047339107291, 8.401680628216877 ], [ -76.085046773828651, 8.401693950407406 ], [ -76.08504569731096, 8.401706764502338 ], [ -76.085044142432963, 8.401718853143691 ], [ -76.085042142073533, 8.401729998973501 ], [ -76.085034300087983, 8.401753527898617 ], [ -76.085021497631089, 8.40177526639218 ], [ -76.085004483105465, 8.401795448643094 ], [ -76.084984004913977, 8.401814308840134 ], [ -76.084960811459737, 8.401832081172039 ], [ -76.084935651146026, 8.401848999827665 ], [ -76.084909272376308, 8.401865298995926 ], [ -76.084882423554191, 8.401881212865929 ], [ -76.084855853083468, 8.401896975626935 ], [ -76.08483030936803, 8.401912821468398 ], [ -76.084806540811954, 8.401928984579939 ], [ -76.084699173905818, 8.401995106046979 ], [ -76.084587348161193, 8.402055016965075 ], [ -76.084481224726403, 8.402122238789129 ], [ -76.084435006840351, 8.402156999271984 ], [ -76.084387990567038, 8.402192875139338 ], [ -76.084341362522608, 8.402230104331366 ], [ -76.084296309323747, 8.402268924788689 ], [ -76.08425401758781, 8.4023095744523 ], [ -76.084215673932775, 8.402352291263503 ], [ -76.084182464977374, 8.402397313163775 ], [ -76.084155577341093, 8.402444878094579 ], [ -76.084140859318211, 8.402478295944892 ], [ -76.084127494183576, 8.402513946404248 ], [ -76.084115677730011, 8.402551339701152 ], [ -76.084105605750338, 8.40258998606406 ], [ -76.084097474037577, 8.402629395721348 ], [ -76.084091478384721, 8.402669078901363 ], [ -76.084087814584919, 8.402708545832366 ], [ -76.084086678431262, 8.402747306742571 ], [ -76.084088265716815, 8.402784871860113 ], [ -76.084092772234612, 8.402820751413083 ], [ -76.084100393777561, 8.402854455629489 ], [ -76.084133840606512, 8.402922148334124 ], [ -76.084187828658017, 8.402982401952301 ], [ -76.084254738268157, 8.403038323609707 ], [ -76.084326949771338, 8.403093020436589 ], [ -76.084396843502105, 8.403149599569028 ], [ -76.084456799795376, 8.403211168149209 ], [ -76.084522812522764, 8.403295755623377 ], [ -76.084585751215329, 8.403383451161281 ], [ -76.084643539068495, 8.403474106996182 ], [ -76.084694099275836, 8.403567575363198 ], [ -76.084751389592171, 8.403784024407846 ], [ -76.084780339750068, 8.404012883029131 ], [ -76.08485552642739, 8.404215808343006 ], [ -76.0849068344438, 8.404279123563381 ], [ -76.084965992435997, 8.404338147215329 ], [ -76.08502877961844, 8.40439491286145 ], [ -76.085090975205418, 8.404451454067283 ], [ -76.085131121559584, 8.404491303232236 ], [ -76.085172165623788, 8.404535321937072 ], [ -76.085213990115108, 8.404582533602884 ], [ -76.085256477750178, 8.404631961650914 ], [ -76.085299511244898, 8.404682629502673 ], [ -76.085342973314653, 8.404733560579873 ], [ -76.085386746674118, 8.404783778304461 ], [ -76.085430714037273, 8.404832306098649 ], [ -76.085474758117499, 8.404878167384862 ], [ -76.085518761627497, 8.404920385585783 ], [ -76.085562607279414, 8.404957984124319 ], [ -76.085606177784797, 8.404989986423624 ], [ -76.085649355854798, 8.405015415907053 ], [ -76.085692024200071, 8.405033295998171 ], [ -76.085734065531071, 8.405042650120734 ], [ -76.08577536255801, 8.405042501698667 ], [ -76.08581579799106, 8.405031874156036 ], [ -76.085874539006696, 8.404994708318918 ], [ -76.085931643893019, 8.404938017741117 ], [ -76.085988503437605, 8.404871054382387 ], [ -76.086046508430655, 8.40480307020006 ], [ -76.086107049664307, 8.404743317149105 ], [ -76.086341603286741, 8.404589141687714 ], [ -76.086595154026767, 8.404459322042598 ], [ -76.086834442549446, 8.404311199664965 ], [ -76.08702818517996, 8.40411549153713 ], [ -76.087208531112736, 8.403902591125131 ], [ -76.087416938000587, 8.403735209149014 ], [ -76.087557457152258, 8.403680100895283 ], [ -76.087706762882732, 8.403639245124314 ], [ -76.08785307914107, 8.403591658861858 ], [ -76.087933688642849, 8.40355956693873 ], [ -76.088016505411701, 8.403527532681281 ], [ -76.088099956077244, 8.403494469758588 ], [ -76.088182467269363, 8.403459291841168 ], [ -76.088262465618243, 8.403420912600986 ], [ -76.088338377754468, 8.403378245711302 ], [ -76.08840863030936, 8.403330204846478 ], [ -76.088471649915235, 8.403275703681611 ], [ -76.08852586320576, 8.403213655892182 ], [ -76.08857939399536, 8.403122343485757 ], [ -76.088623919315481, 8.403022479887049 ], [ -76.088671847706763, 8.402924722449603 ], [ -76.088690193331288, 8.402891967947131 ], [ -76.088709137222594, 8.402856535467734 ], [ -76.088728641365719, 8.402818939410059 ], [ -76.088748667745676, 8.402779694172757 ], [ -76.088769178347576, 8.402739314154417 ], [ -76.088790135156572, 8.402698313753618 ], [ -76.088811500157831, 8.402657207368927 ], [ -76.08883323533658, 8.402616509398822 ], [ -76.088855302678127, 8.402576734241791 ], [ -76.088877664167811, 8.402538396296254 ], [ -76.088900281791084, 8.40250200996061 ], [ -76.088923117533426, 8.402468089633217 ], [ -76.088946133380475, 8.402437149712373 ], [ -76.088969291317909, 8.402409704596359 ], [ -76.088992553331607, 8.402386268683413 ], [ -76.089015881407505, 8.402367356371709 ], [ -76.089039237531736, 8.402353482059398 ], [ -76.089062583690634, 8.402345160144602 ], [ -76.089085881870673, 8.402342905025369 ], [ -76.0891090940586, 8.402347231099743 ], [ -76.089120411901419, 8.402351713517273 ], [ -76.089132851177382, 8.402357872331645 ], [ -76.089146247818874, 8.402365573555311 ], [ -76.08916043775821, 8.402374683200746 ], [ -76.08917525692766, 8.402385067280441 ], [ -76.089190541259583, 8.402396591806895 ], [ -76.089206126686221, 8.402409122792692 ], [ -76.089221849139847, 8.402422526250406 ], [ -76.089237544552645, 8.40243666819269 ], [ -76.089253048856833, 8.4024514146322 ], [ -76.089268197984509, 8.402466631581669 ], [ -76.089282827867748, 8.402482185053866 ], [ -76.089296774438608, 8.402497941061574 ], [ -76.089309873629034, 8.402513765617654 ], [ -76.089321961370999, 8.402529524734984 ], [ -76.089332873596362, 8.40254508442646 ], [ -76.089342446237012, 8.402560310705013 ], [ -76.089350515224723, 8.402575069583582 ], [ -76.089356916491269, 8.402589227075126 ], [ -76.089361485968411, 8.402602649192589 ], [ -76.089364059587894, 8.402615201948901 ], [ -76.089364473281364, 8.402626751356992 ], [ -76.089362562980583, 8.402637163429716 ], [ -76.089343828888161, 8.40266134178888 ], [ -76.089308508676851, 8.4026810169856 ], [ -76.089261989869883, 8.402698167211287 ], [ -76.08920965999171, 8.402714770658312 ], [ -76.089156906567908, 8.40273280552136 ], [ -76.089109117125076, 8.402754249997992 ], [ -76.089071679191292, 8.402781082288096 ], [ -76.089024187581259, 8.402851382949844 ], [ -76.088995733494173, 8.402937611441118 ], [ -76.088976388990943, 8.403032046786379 ], [ -76.08895622612323, 8.403126968008966 ], [ -76.088925316931437, 8.403214654132869 ], [ -76.088868640150423, 8.403319065523002 ], [ -76.088803440532345, 8.403419757091786 ], [ -76.088731957273879, 8.403516974768404 ], [ -76.088656429574826, 8.403610964482374 ], [ -76.088579096637829, 8.403701972163939 ], [ -76.088494557833613, 8.403782629469315 ], [ -76.088392588873305, 8.403854822547016 ], [ -76.088278597524706, 8.403920648915514 ], [ -76.088157991560848, 8.403982206097041 ], [ -76.088036178759012, 8.404041591619295 ], [ -76.087918566900129, 8.404100903016284 ], [ -76.087810563768855, 8.40416223782805 ], [ -76.087717577153427, 8.404227693599632 ], [ -76.087645014846501, 8.404299367878895 ], [ -76.087598284645793, 8.404379358213538 ], [ -76.087582794355484, 8.404469762147048 ], [ -76.087588710540388, 8.404507287850434 ], [ -76.087603555343819, 8.404547738743549 ], [ -76.087625127754336, 8.404590361925715 ], [ -76.087651226759448, 8.404634404496694 ], [ -76.087679651345752, 8.404679113556938 ], [ -76.087708200498582, 8.404723736207941 ], [ -76.087734673202348, 8.404767519552223 ], [ -76.087756868440195, 8.404809710693332 ], [ -76.087772585194372, 8.404849556735586 ], [ -76.087779622446121, 8.404886304783711 ], [ -76.08777577917607, 8.404919201942279 ], [ -76.087758854364225, 8.404947495315048 ], [ -76.087747143220923, 8.404958830301336 ], [ -76.0877333964429, 8.404970208212596 ], [ -76.087718015053326, 8.404981384332865 ], [ -76.08770140007546, 8.4049921139462 ], [ -76.087683952532672, 8.405002152336667 ], [ -76.087666073448432, 8.405011254788361 ], [ -76.087648163846339, 8.405019176585427 ], [ -76.087630624750062, 8.405025673012052 ], [ -76.087613857183399, 8.405030499352454 ], [ -76.087499918240852, 8.404996315165603 ], [ -76.087384508573919, 8.404905227328584 ], [ -76.087268840560185, 8.4048558582281 ], [ -76.087220617861504, 8.404864795599746 ], [ -76.087172522922614, 8.404885193376021 ], [ -76.087124382591455, 8.404912913930355 ], [ -76.0870760237177, 8.40494381963542 ], [ -76.087027273152614, 8.404973772863066 ], [ -76.086977957748942, 8.404998635984375 ], [ -76.086866960783325, 8.405034183227578 ], [ -76.086751120276048, 8.405060904090728 ], [ -76.086639663388027, 8.405092378615493 ], [ -76.086541817273471, 8.405142186858139 ], [ -76.086437763611158, 8.405282883509365 ], [ -76.086358057572284, 8.40545548959591 ], [ -76.086250197084937, 8.405575390045056 ], [ -76.086209356125835, 8.405590416882761 ], [ -76.086164723494591, 8.405599785597138 ], [ -76.086117112132285, 8.405604298027194 ], [ -76.086067334980143, 8.40560475601229 ], [ -76.086016204979302, 8.405601961392236 ], [ -76.085964535070715, 8.405596716007365 ], [ -76.085913138195082, 8.405589821698598 ], [ -76.085862827292743, 8.405582080307445 ], [ -76.085814415303716, 8.405574293676008 ], [ -76.085738984438024, 8.405560571944822 ], [ -76.085662847614728, 8.405543044135419 ], [ -76.08558739332689, 8.405521394224939 ], [ -76.085514010067939, 8.405495306191607 ], [ -76.085444086331549, 8.40546446401474 ], [ -76.085379010611376, 8.405428551674722 ], [ -76.085273338743406, 8.405339040973514 ], [ -76.085186217965401, 8.405224611304039 ], [ -76.085108503192259, 8.405096968736085 ], [ -76.085031049330084, 8.404967819331418 ], [ -76.084944711278936, 8.404848869143839 ] ] ] } },
{ "type": "Feature", "properties": { "OBJECTID": 8883.0, "NOMBRE_GEO": null, "PROYECTO": null, "SYMBOL": "3", "FECHA": null, "RULEID": 1, "PK_CUE": 706300.0, "GLOBALID": "{C0CB3EE1-8A22-42C5-AC78-B3FBB5D82BBF}", "SHAPE_Leng": 541.11570711640627, "SHAPE_Area": 14166.500214654812 }, "geometry": { "type": "Polygon", "coordinates": [ [ [ -76.086271451101666, 8.401064319905146 ], [ -76.086253506089122, 8.401010046383419 ], [ -76.086247064306178, 8.400949215210071 ], [ -76.086246326025702, 8.400884823584382 ], [ -76.086245491523059, 8.400819868703922 ], [ -76.086238761076515, 8.40075734776482 ], [ -76.086227016275032, 8.400714231395472 ], [ -76.086209337445496, 8.400669989371034 ], [ -76.086187573875762, 8.4006251245615 ], [ -76.086163574852819, 8.400580139837436 ], [ -76.086139189662759, 8.400535538070148 ], [ -76.086116267590725, 8.400491822131738 ], [ -76.086096657921075, 8.400449494895085 ], [ -76.08608220993726, 8.400409059233668 ], [ -76.086074772922061, 8.400371018021334 ], [ -76.086076196157578, 8.400335874131976 ], [ -76.086088328925314, 8.400304130439022 ], [ -76.086100745320579, 8.400286697659443 ], [ -76.086116366890067, 8.400269671668061 ], [ -76.086134743447246, 8.400253167834739 ], [ -76.086155424805668, 8.400237301529334 ], [ -76.086177960779025, 8.400222188121692 ], [ -76.086201901181155, 8.400207942981712 ], [ -76.086226795826036, 8.400194681479311 ], [ -76.086252194527788, 8.400182518984513 ], [ -76.086277647100687, 8.400171570867371 ], [ -76.086302703359053, 8.400161952498072 ], [ -76.086326913117446, 8.400153779246864 ], [ -76.086366331448005, 8.400143638763184 ], [ -76.08640739154508, 8.400137044538713 ], [ -76.086449563608369, 8.400133590955011 ], [ -76.086492317837667, 8.400132872393868 ], [ -76.086535124432771, 8.400134483237348 ], [ -76.086577453593321, 8.400138017867818 ], [ -76.086618775518872, 8.40014307066793 ], [ -76.08666918649773, 8.40015174521924 ], [ -76.086719737313516, 8.400163677990429 ], [ -76.086769830233564, 8.40017874480767 ], [ -76.086818867525253, 8.400196821497484 ], [ -76.086866251455817, 8.400217783886786 ], [ -76.086911384292378, 8.400241507802827 ], [ -76.086940207374155, 8.400258321237359 ], [ -76.086969616194409, 8.400276353977736 ], [ -76.086998972460506, 8.400295599255941 ], [ -76.087027637879729, 8.400316050304193 ], [ -76.087054974159258, 8.400337700354983 ], [ -76.087080343006193, 8.400360542640987 ], [ -76.087103106127472, 8.400384570395104 ], [ -76.08712262522991, 8.400409776850411 ], [ -76.087138262020147, 8.400436155240122 ], [ -76.087140862125523, 8.400615354182078 ], [ -76.087137391330785, 8.400781180373301 ], [ -76.087199240396117, 8.400822416036801 ], [ -76.087306178291342, 8.400827186402203 ], [ -76.087438272233243, 8.400808864259742 ], [ -76.087575589454076, 8.400780822415282 ], [ -76.087698197216056, 8.400756433693223 ], [ -76.087786162809905, 8.400749070934166 ], [ -76.08781955353794, 8.400772106987267 ], [ -76.087817054358823, 8.400786938935362 ], [ -76.087810174929643, 8.400804724921922 ], [ -76.087799340298588, 8.40082502720748 ], [ -76.08778497551377, 8.400847408052488 ], [ -76.08776750562329, 8.400871429717359 ], [ -76.087747355675333, 8.400896654462464 ], [ -76.08772495071814, 8.400922644548144 ], [ -76.08770071580021, 8.400948962234757 ], [ -76.087675075970139, 8.400975169782622 ], [ -76.08764845627681, 8.401000829452091 ], [ -76.087621281769287, 8.401025503503545 ], [ -76.087593977496923, 8.401048754197372 ], [ -76.087566968509293, 8.401070143794032 ], [ -76.087540679856176, 8.401089234553977 ], [ -76.087515536587574, 8.401105588737757 ], [ -76.08733505051903, 8.401147219614879 ], [ -76.087132964683377, 8.401150478489642 ], [ -76.086961061371071, 8.401210701223725 ], [ -76.086942822429023, 8.401228732442839 ], [ -76.086925145990506, 8.401247824726918 ], [ -76.08690645168366, 8.401264805576776 ], [ -76.086886756589763, 8.401277589804454 ], [ -76.086865254302566, 8.401287898046773 ], [ -76.086842242654058, 8.401295923960438 ], [ -76.086818019476269, 8.401301861202217 ], [ -76.08679288260133, 8.40130590342889 ], [ -76.086767129861343, 8.401308244297359 ], [ -76.086741059088439, 8.401309077464575 ], [ -76.086714968114791, 8.40130859658758 ], [ -76.0866891547725, 8.401306995323527 ], [ -76.086663916893642, 8.401304467329659 ], [ -76.086639552310317, 8.401301206263328 ], [ -76.086616358854513, 8.401297405781968 ], [ -76.086588394894875, 8.401291373683172 ], [ -76.086559789759235, 8.401283171111711 ], [ -76.086530831729874, 8.401272932343426 ], [ -76.086501809089043, 8.401260791654295 ], [ -76.086473010118951, 8.401246883320365 ], [ -76.086444723101749, 8.401231341617823 ], [ -76.086417236319548, 8.401214300822964 ], [ -76.086390838054385, 8.401195895212185 ], [ -76.086365816588184, 8.401176259062016 ], [ -76.086342460202772, 8.401155526649081 ], [ -76.086321057179873, 8.401133832250096 ], [ -76.0863018958011, 8.401111310141864 ], [ -76.086285264347907, 8.40108809460124 ], [ -76.086271451101666, 8.401064319905146 ] ] ] } },
{ "type": "Feature", "properties": { "OBJECTID": 8884.0, "NOMBRE_GEO": null, "PROYECTO": null, "SYMBOL": "3", "FECHA": null, "RULEID": 1, "PK_CUE": 706301.0, "GLOBALID": "{2D9DD2CC-7AA5-4434-B65B-9C43783DB07D}", "SHAPE_Leng": 1860.0858673852572, "SHAPE_Area": 68321.657291697382 }, "geometry": { "type": "Polygon", "coordinates": [ [ [ -76.062320021951919, 8.396796396236727 ], [ -76.06202988413736, 8.396650995230685 ], [ -76.061738622951125, 8.396939543152511 ], [ -76.061448494146546, 8.396794141607888 ], [ -76.061540167654428, 8.396450850285813 ], [ -76.061396041653268, 8.396016533197493 ], [ -76.061542053821384, 8.395727616998819 ], [ -76.061543553913083, 8.39514903928195 ], [ -76.06087199167969, 8.395056908275668 ], [ -76.061108921688614, 8.394713976055694 ], [ -76.060874255265034, 8.394189036082871 ], [ -76.060582994938741, 8.394477574686684 ], [ -76.060147230747617, 8.394476443419297 ], [ -76.060238912963172, 8.394133152094552 ], [ -76.060384915961919, 8.393844236325261 ], [ -76.060821803403755, 8.393411427896618 ], [ -76.06067730867305, 8.393121757262366 ], [ -76.061023178421848, 8.392779111928546 ], [ -76.061749061947864, 8.392925637431437 ], [ -76.06203919092718, 8.393071028899083 ], [ -76.062183693659122, 8.393360691392049 ], [ -76.062092020579314, 8.393703990578913 ], [ -76.061801136670709, 8.393847892238812 ], [ -76.062036558795441, 8.394083546577106 ], [ -76.062235014167371, 8.394572240341683 ], [ -76.062233513888572, 8.395150817713983 ], [ -76.062378017154572, 8.395440478884659 ], [ -76.062522142781773, 8.395874797122003 ], [ -76.062521010655686, 8.396308728042419 ], [ -76.062811139983879, 8.396454119741156 ], [ -76.063772840124244, 8.396691653410732 ], [ -76.064062978095933, 8.396837044753019 ], [ -76.063336043949519, 8.397088303908106 ], [ -76.062808885262967, 8.397321992104734 ], [ -76.062807762272485, 8.397755931858249 ], [ -76.062753153723818, 8.397810028429651 ], [ -76.062700700535146, 8.397032420284964 ], [ -76.062320021951919, 8.396796396236727 ] ] ] } },
{ "type": "Feature", "properties": { "OBJECTID": 8885.0, "NOMBRE_GEO": null, "PROYECTO": null, "SYMBOL": "3", "FECHA": null, "RULEID": 1, "PK_CUE": 706302.0, "GLOBALID": "{617A7302-71C9-4E1F-AF1E-3FC1733E41F5}", "SHAPE_Leng": 355.10792572530539, "SHAPE_Area": 6301.623399635394 }, "geometry": { "type": "Polygon", "coordinates": [ [ [ -76.056895711813752, 8.395030519345111 ], [ -76.056951085242233, 8.394687129204826 ], [ -76.057295911663545, 8.39474226696194 ], [ -76.0575313418272, 8.394977921990783 ], [ -76.057821471304152, 8.39512332290766 ], [ -76.058020294662597, 8.395467369074778 ], [ -76.057965687307572, 8.395521475034862 ], [ -76.057530299913822, 8.395375696076488 ], [ -76.056949287771786, 8.395374195848325 ], [ -76.056895711813752, 8.395030519345111 ] ] ] } },
{ "type": "Feature", "properties": { "OBJECTID": 8886.0, "NOMBRE_GEO": null, "PROYECTO": null, "SYMBOL": "3", "FECHA": null, "RULEID": 1, "PK_CUE": 706303.0, "GLOBALID": "{3E4FD02A-271C-4F00-97E0-3AAC30C4CC57}", "SHAPE_Leng": 699.74611358355241, "SHAPE_Area": 18951.658964501537 }, "geometry": { "type": "Polygon", "coordinates": [ [ [ -76.070065743625307, 8.390509002597826 ], [ -76.070117941331802, 8.390419747280013 ], [ -76.070553705114619, 8.390420860915809 ], [ -76.070989827964326, 8.390277328022055 ], [ -76.071043044386514, 8.390765651794492 ], [ -76.070897050139962, 8.391054568318568 ], [ -76.071187179348641, 8.391199952314258 ], [ -76.07118606508169, 8.391633891547729 ], [ -76.071475825090573, 8.391923922093508 ], [ -76.071184573926118, 8.392212478731862 ], [ -76.071038578736022, 8.392501394551029 ], [ -76.070983971372897, 8.392555499743438 ], [ -76.070786243123223, 8.391777522572678 ], [ -76.070259937686046, 8.39168577027529 ], [ -76.070205308036051, 8.391591248007177 ], [ -76.070190948835588, 8.391538280549128 ], [ -76.07015593573027, 8.391143520961895 ], [ -76.070121017424995, 8.390712881249422 ], [ -76.070065743625307, 8.390509002597826 ] ] ] } },
{ "type": "Feature", "properties": { "OBJECTID": 8887.0, "NOMBRE_GEO": null, "PROYECTO": null, "SYMBOL": "3", "FECHA": null, "RULEID": 1, "PK_CUE": 706304.0, "GLOBALID": "{FEBAD1CD-4879-4350-B5C7-4017817DB47B}", "SHAPE_Leng": 321.6675931500618, "SHAPE_Area": 5233.843780791155 }, "geometry": { "type": "Polygon", "coordinates": [ [ [ -76.059200629098029, 8.392012352447038 ], [ -76.059328240093862, 8.391945000267331 ], [ -76.059601225230907, 8.391945706353251 ], [ -76.059704949061057, 8.392049533172512 ], [ -76.059775627580237, 8.392209009016767 ], [ -76.059445099130542, 8.392288836718709 ], [ -76.059390480527554, 8.39234294184195 ], [ -76.059153838289618, 8.392577375964773 ], [ -76.058808346188712, 8.392775373316242 ], [ -76.058754769923951, 8.392431704715504 ], [ -76.05889052854296, 8.392102307322281 ], [ -76.059200629098029, 8.392012352447038 ] ] ] } },
{ "type": "Feature", "properties": { "OBJECTID": 8888.0, "NOMBRE_GEO": null, "PROYECTO": null, "SYMBOL": "3", "FECHA": null, "RULEID": 1, "PK_CUE": 706305.0, "GLOBALID": "{F394EE3B-DF3C-48C9-9FBA-B8CBC217B734}", "SHAPE_Leng": 419.60048664319368, "SHAPE_Area": 9052.6595699996415 }, "geometry": { "type": "Polygon", "coordinates": [ [ [ -76.08404308141678, 8.388235371790303 ], [ -76.084189065610346, 8.387946446998955 ], [ -76.08473266407907, 8.388381752076617 ], [ -76.084822476788759, 8.388761676782767 ], [ -76.085166944921042, 8.388961434695561 ], [ -76.085020959663524, 8.389250359726994 ], [ -76.084966350701279, 8.389304466040999 ], [ -76.08453096461929, 8.389158722657678 ], [ -76.084240826729001, 8.389013348908799 ], [ -76.084187225422838, 8.388669671759937 ], [ -76.08404308141678, 8.388235371790303 ] ] ] } },
{ "type": "Feature", "properties": { "OBJECTID": 8889.0, "NOMBRE_GEO": null, "PROYECTO": null, "SYMBOL": "3", "FECHA": null, "RULEID": 1, "PK_CUE": 706306.0, "GLOBALID": "{ED4720A4-D9F2-42E1-9620-EA60ED04C790}", "SHAPE_Leng": 1017.5860817983269, "SHAPE_Area": 54842.358812854531 }, "geometry": { "type": "Polygon", "coordinates": [ [ [ -76.06698336114961, 8.385408617434198 ], [ -76.066693976922423, 8.384973941095543 ], [ -76.066403103097883, 8.385117842349475 ], [ -76.066349526630788, 8.384774164021641 ], [ -76.066495890423695, 8.38434060112645 ], [ -76.066642261312268, 8.383907039132719 ], [ -76.06678826486467, 8.383618122070814 ], [ -76.067134116392694, 8.383275468987602 ], [ -76.067569493743221, 8.383421230061954 ], [ -76.06800561740053, 8.383277697389113 ], [ -76.068586242690941, 8.383423826020019 ], [ -76.069021620193951, 8.38356958613574 ], [ -76.069311739946258, 8.383714979258713 ], [ -76.069655830856021, 8.384059392556555 ], [ -76.069509837017932, 8.384348309012701 ], [ -76.069072967523624, 8.384781134627879 ], [ -76.06901835868085, 8.384835241096029 ], [ -76.06872822980867, 8.384689848087646 ], [ -76.06843735563163, 8.384833749611984 ], [ -76.068147226899924, 8.384688366036428 ], [ -76.068055464268198, 8.38506782442013 ], [ -76.067274234782559, 8.385264715752063 ], [ -76.06698336114961, 8.385408617434198 ] ] ] } },
{ "type": "Feature", "properties": { "OBJECTID": 8891.0, "NOMBRE_GEO": null, "PROYECTO": null, "SYMBOL": "3", "FECHA": null, "RULEID": 1, "PK_CUE": 706308.0, "GLOBALID": "{962120B7-B0A2-4D40-BD6B-FECF935B55BE}", "SHAPE_Leng": 378.18287603545338, "SHAPE_Area": 9426.393556029263 }, "geometry": { "type": "Polygon", "coordinates": [ [ [ -76.143505814400541, 8.365854180244563 ], [ -76.143996150190006, 8.365801090261032 ], [ -76.144194012722707, 8.366579048842267 ], [ -76.14375723404936, 8.367011964766526 ], [ -76.143702633694815, 8.367066078819287 ], [ -76.143358148884701, 8.366866375140876 ], [ -76.143359531797486, 8.366287779203848 ], [ -76.143505814400541, 8.365854180244563 ] ] ] } },
{ "type": "Feature", "properties": { "OBJECTID": 8892.0, "NOMBRE_GEO": null, "PROYECTO": null, "SYMBOL": "3", "FECHA": null, "RULEID": 1, "PK_CUE": 706309.0, "GLOBALID": "{0E81F74A-D014-494D-86FC-679A2086B5B8}", "SHAPE_Leng": 3049.2852971737047, "SHAPE_Area": 114487.15635695179 }, "geometry": { "type": "Polygon", "coordinates": [ [ [ -76.108647001865677, 8.353553861974962 ], [ -76.108504355960719, 8.353402744107324 ], [ -76.108357233200138, 8.353263859112994 ], [ -76.108318206513786, 8.353251783529236 ], [ -76.108276591666254, 8.353244364458959 ], [ -76.108232979496762, 8.353241023264193 ], [ -76.108187960844745, 8.353241181307133 ], [ -76.108142126549936, 8.353244259950193 ], [ -76.108096067452436, 8.35324968055593 ], [ -76.108050374392718, 8.353256864487088 ], [ -76.108005638211708, 8.353265233106567 ], [ -76.10796244975073, 8.353274207777392 ], [ -76.107877994385191, 8.353306044958853 ], [ -76.107795567418904, 8.353351648005139 ], [ -76.107713637821789, 8.353391660831315 ], [ -76.107630674576271, 8.353406727345543 ], [ -76.107602354057121, 8.353404092152052 ], [ -76.107573407822798, 8.353398940347672 ], [ -76.107544176649, 8.353391557944525 ], [ -76.107515001311398, 8.353382230954843 ], [ -76.107486222585578, 8.353371245391013 ], [ -76.107458181247011, 8.353358887265575 ], [ -76.107431218071071, 8.3533454425912 ], [ -76.107405673833028, 8.353331197380713 ], [ -76.107380959846211, 8.353315731643137 ], [ -76.107356023889039, 8.353298313638096 ], [ -76.107331218251403, 8.353279176438761 ], [ -76.107306895222905, 8.353258553118454 ], [ -76.107283407093163, 8.353236676750615 ], [ -76.107261106151569, 8.353213780408861 ], [ -76.107240344687426, 8.353190097166893 ], [ -76.107221474989871, 8.353165860098535 ], [ -76.10720484934788, 8.353141302277727 ], [ -76.107190820050292, 8.353116656778477 ], [ -76.107179739385771, 8.35309215667484 ], [ -76.107171959642898, 8.353068035040895 ], [ -76.107273395183825, 8.352849581557605 ], [ -76.107378113833136, 8.352630887838416 ], [ -76.107360471242032, 8.352586415427693 ], [ -76.107329998785815, 8.352544097571645 ], [ -76.107290410164637, 8.352503181449041 ], [ -76.107245419077415, 8.352462914239846 ], [ -76.107198739222525, 8.352422543125796 ], [ -76.10715408429779, 8.352381315290749 ], [ -76.107115168000561, 8.352338477920675 ], [ -76.10707724619175, 8.352282761319531 ], [ -76.107043763629747, 8.352220731637269 ], [ -76.107012705946474, 8.352155677077297 ], [ -76.106982058772942, 8.352090885842301 ], [ -76.106949807739355, 8.352029646134278 ], [ -76.106913938475088, 8.351975246154526 ], [ -76.106872436608271, 8.351930974103716 ], [ -76.106823287765152, 8.351900118181922 ], [ -76.106756123788898, 8.35188424477159 ], [ -76.106680833134178, 8.351884376579887 ], [ -76.106601040344628, 8.351892351667045 ], [ -76.106520369970966, 8.351900008093741 ], [ -76.106442446571634, 8.351899183921089 ], [ -76.106339749799744, 8.351885530871449 ], [ -76.10623739483502, 8.35186608638937 ], [ -76.106136195372002, 8.351841316684073 ], [ -76.106036965104934, 8.351811687965879 ], [ -76.10588812627887, 8.351741910674178 ], [ -76.105743487995767, 8.351659729028714 ], [ -76.105593584391414, 8.351605335796128 ], [ -76.105545993027633, 8.351598195930329 ], [ -76.105496949967517, 8.351593165726559 ], [ -76.10544694417581, 8.351590440542807 ], [ -76.105396464617115, 8.351590215737373 ], [ -76.105346000256091, 8.351592686668837 ], [ -76.105296040057368, 8.351598048696077 ], [ -76.105247072985634, 8.351606497178231 ], [ -76.105199588005718, 8.351618227474665 ], [ -76.105154074082563, 8.351633434944969 ], [ -76.105125838515207, 8.351647300358847 ], [ -76.105097108870382, 8.351666254995388 ], [ -76.105068327727395, 8.351688361961816 ], [ -76.105039937666177, 8.351711684365224 ], [ -76.10501238126713, 8.351734285312629 ], [ -76.104986101111322, 8.351754227910924 ], [ -76.104961539780135, 8.351769575266914 ], [ -76.104939139855531, 8.351778390487317 ], [ -76.104919343919732, 8.351778736678819 ], [ -76.104909738301146, 8.351774972659491 ], [ -76.104900621324333, 8.351768688980899 ], [ -76.104891994185266, 8.35176009655717 ], [ -76.104883858079745, 8.351749406302496 ], [ -76.104876214203728, 8.351736829131015 ], [ -76.104869063752943, 8.351722575956918 ], [ -76.104862407923221, 8.351706857694401 ], [ -76.104856247910334, 8.351689885257651 ], [ -76.104850584909997, 8.351671869560878 ], [ -76.104845420117897, 8.351653021518272 ], [ -76.104840754729707, 8.351633552044069 ], [ -76.104836589941058, 8.351613672052487 ], [ -76.104832926947552, 8.351593592457734 ], [ -76.104829766944761, 8.351573524174052 ], [ -76.104827111128245, 8.351553678115659 ], [ -76.10482496069352, 8.351534265196783 ], [ -76.104823316836118, 8.351515496331652 ], [ -76.104822180751526, 8.35149758243449 ], [ -76.104821553635247, 8.351480734419528 ], [ -76.104821436682755, 8.351465163200977 ], [ -76.104840555963435, 8.351394949654383 ], [ -76.104889254510383, 8.351325095801968 ], [ -76.104956504092883, 8.351256475225336 ], [ -76.105031276489868, 8.351189961506513 ], [ -76.105102543491114, 8.351126428231632 ], [ -76.105159276896927, 8.351066748991773 ], [ -76.105190448515884, 8.351011797380837 ], [ -76.105185030161309, 8.350962446990554 ], [ -76.105169320460448, 8.350942005872826 ], [ -76.105147521083609, 8.350922324163632 ], [ -76.105120662581697, 8.350903435913917 ], [ -76.105089775505235, 8.350885375174798 ], [ -76.105055890404685, 8.350868175997636 ], [ -76.105020037830286, 8.350851872434161 ], [ -76.104983248332218, 8.350836498536493 ], [ -76.104946552460618, 8.350822088357223 ], [ -76.104910980765567, 8.350808675949354 ], [ -76.10487756379716, 8.350796295366333 ], [ -76.104774173262882, 8.350775826047613 ], [ -76.104658783860444, 8.350779043908476 ], [ -76.104537260911798, 8.350796820355956 ], [ -76.104415469751785, 8.350820026800069 ], [ -76.104299275729531, 8.350839534653515 ], [ -76.104194544207843, 8.350846215331456 ], [ -76.104107140560203, 8.350830940251406 ], [ -76.104042930165491, 8.350784580833203 ], [ -76.104025325045285, 8.350759037915596 ], [ -76.10400911093835, 8.350729606223604 ], [ -76.103994393828231, 8.350696833460798 ], [ -76.103981279698317, 8.350661267330819 ], [ -76.103969874531742, 8.350623455537388 ], [ -76.103960284311398, 8.350583945784235 ], [ -76.103952615019949, 8.350543285775192 ], [ -76.103946972639903, 8.350502023214085 ], [ -76.10394346315347, 8.350460705804753 ], [ -76.103942192542817, 8.350419881251057 ], [ -76.103943266789855, 8.350380097256838 ], [ -76.103946791876481, 8.350341901525896 ], [ -76.103952873784493, 8.350305841761957 ], [ -76.103962428373336, 8.350267834209374 ], [ -76.103974964439217, 8.350229295103865 ], [ -76.103990232698294, 8.350190760177888 ], [ -76.104007983866836, 8.350152765163822 ], [ -76.1040279686612, 8.350115845793962 ], [ -76.104049937797967, 8.350080537800547 ], [ -76.10407364199385, 8.350047376915731 ], [ -76.104098831965842, 8.350016898871628 ], [ -76.104138293149347, 8.349978955544854 ], [ -76.104183274123059, 8.349945749697435 ], [ -76.104232440178407, 8.349916369146918 ], [ -76.104284456607388, 8.349889901711238 ], [ -76.104337988702426, 8.349865435208924 ], [ -76.104391701756242, 8.349842057459226 ], [ -76.104444261061644, 8.349818856282166 ], [ -76.104588948520927, 8.349768760880128 ], [ -76.10473816048362, 8.34972873463564 ], [ -76.10488033855043, 8.349675278397102 ], [ -76.105026847309361, 8.349568363596822 ], [ -76.105163926017283, 8.349443443037924 ], [ -76.105306186398195, 8.349358028601049 ], [ -76.105352585262807, 8.349346513538245 ], [ -76.105401824418536, 8.349339667824863 ], [ -76.105453458418893, 8.349337280075018 ], [ -76.105507041817589, 8.349339138902957 ], [ -76.105562129168575, 8.349345032923132 ], [ -76.105618275025819, 8.349354750750209 ], [ -76.105675033943328, 8.349368080999172 ], [ -76.105731960475026, 8.349384812285289 ], [ -76.105788609174894, 8.34940473322413 ], [ -76.105844534596727, 8.349427632431622 ], [ -76.105899291294165, 8.349453298524022 ], [ -76.105952433820704, 8.349481520117937 ], [ -76.106003516729558, 8.3495120858303 ], [ -76.106052094573755, 8.34954478427837 ], [ -76.106097721905982, 8.349579404079698 ], [ -76.106139953278657, 8.349615733852097 ], [ -76.106178343243869, 8.349653562213648 ], [ -76.106212446353354, 8.349692677782597 ], [ -76.106241817158505, 8.349732869177345 ], [ -76.106260043289666, 8.349761192678779 ], [ -76.106278679453581, 8.349791779678274 ], [ -76.106297289426891, 8.349824243955315 ], [ -76.106315436986065, 8.34985819928953 ], [ -76.106332685907333, 8.349893259460725 ], [ -76.106348599966651, 8.349929038248836 ], [ -76.106362742939737, 8.34996514943399 ], [ -76.106374678601995, 8.350001206796405 ], [ -76.106383970728629, 8.350036824116426 ], [ -76.106390183094575, 8.350071615174441 ], [ -76.106392879474541, 8.350105193750855 ], [ -76.106391623643106, 8.350137173626065 ], [ -76.106385979374679, 8.350167168580342 ], [ -76.106247577226455, 8.350310038180295 ], [ -76.106094789723613, 8.350455744411596 ], [ -76.106083369028724, 8.350485202144705 ], [ -76.106073675542177, 8.350516689156493 ], [ -76.106065753560003, 8.350549830321942 ], [ -76.106059647378274, 8.350584250515993 ], [ -76.106055401293105, 8.350619574613502 ], [ -76.106053059600626, 8.350655427489283 ], [ -76.106052666596952, 8.350691434018158 ], [ -76.106054266578141, 8.350727219074866 ], [ -76.10605790384021, 8.35076240753412 ], [ -76.106063622679102, 8.350796624270636 ], [ -76.106071467390663, 8.350829494159081 ], [ -76.106081482270639, 8.350860642074116 ], [ -76.106093711614619, 8.350889692890396 ], [ -76.106112961436963, 8.350924053323325 ], [ -76.106136883471578, 8.350957551933769 ], [ -76.106164595909988, 8.350989918637339 ], [ -76.10619521694332, 8.351020883349927 ], [ -76.106227864762332, 8.351050175987762 ], [ -76.106261657557368, 8.351077526467479 ], [ -76.106295713518563, 8.351102664706147 ], [ -76.106329150835791, 8.351125320621248 ], [ -76.106380276848569, 8.351154113827107 ], [ -76.106435317197977, 8.351177098358797 ], [ -76.106493720950965, 8.351194624828047 ], [ -76.106554937174494, 8.351207043846919 ], [ -76.106618414935625, 8.351214706027728 ], [ -76.106683603301562, 8.351217961983131 ], [ -76.106749951339893, 8.351217162326069 ], [ -76.106816908118418, 8.35121265766978 ], [ -76.106883922705421, 8.351204798627798 ], [ -76.106950444169527, 8.351193935813921 ], [ -76.107015921579915, 8.35118041984221 ], [ -76.107079804006204, 8.35116460132696 ], [ -76.107141540518484, 8.351146830882655 ], [ -76.107200580187353, 8.351127459123973 ], [ -76.107244648621773, 8.351112176045985 ], [ -76.107290197294688, 8.351095912810457 ], [ -76.107335834053671, 8.351078201643336 ], [ -76.107380166746537, 8.351058574771187 ], [ -76.107421803221541, 8.35103656442117 ], [ -76.107459351327321, 8.351011702820903 ], [ -76.107491418913071, 8.350983522198325 ], [ -76.107536043733106, 8.350899147070779 ], [ -76.107549208057421, 8.350792332047773 ], [ -76.107549266756806, 8.350675292337534 ], [ -76.107554574679298, 8.350560243151252 ], [ -76.107583486646917, 8.350459399706168 ], [ -76.107619133703992, 8.350400835653311 ], [ -76.107662202330985, 8.350345494282887 ], [ -76.107711321093419, 8.350293085358031 ], [ -76.107765118557921, 8.35024331864188 ], [ -76.107822223292146, 8.350195903897847 ], [ -76.10788126386467, 8.350150550889795 ], [ -76.107940868845048, 8.350106969382153 ], [ -76.107999666803536, 8.35006486913999 ], [ -76.108115668685727, 8.349995153134627 ], [ -76.108236946069724, 8.349932447966804 ], [ -76.108351716573267, 8.349861499209577 ], [ -76.108460414079417, 8.34977011242275 ], [ -76.10856105407656, 8.34966807182229 ], [ -76.108656071466015, 8.349559797829397 ], [ -76.108747901148888, 8.349449710861812 ], [ -76.108861378588671, 8.3492838391617 ], [ -76.108967066525821, 8.349111566355825 ], [ -76.109094048991125, 8.34896236639489 ], [ -76.109144894368299, 8.34892009002813 ], [ -76.109198667373676, 8.348879279626306 ], [ -76.109254956701264, 8.348840769164266 ], [ -76.10931335104587, 8.348805392616768 ], [ -76.109373439102939, 8.348773983958498 ], [ -76.109434809568725, 8.3487473771641 ], [ -76.109497051140266, 8.348726406208197 ], [ -76.109517665323736, 8.348720439300777 ], [ -76.109539605436765, 8.348714019790949 ], [ -76.109562634958408, 8.348707329552623 ], [ -76.109586517367845, 8.3487005504597 ], [ -76.109611016144243, 8.34869386438613 ], [ -76.10963589476691, 8.348687453205919 ], [ -76.109660916715242, 8.348681498793066 ], [ -76.109685845468618, 8.34867618302162 ], [ -76.109710444506646, 8.348671687765687 ], [ -76.109734477308876, 8.348668194899396 ], [ -76.109757707355016, 8.348665886296912 ], [ -76.109779898124742, 8.348664943832452 ], [ -76.109800813097849, 8.34866554938025 ], [ -76.109820215754141, 8.348667884814597 ], [ -76.109837869573411, 8.348672132009805 ], [ -76.109853538035523, 8.348678472840206 ], [ -76.109866984620211, 8.348687089180183 ], [ -76.109877972807226, 8.348698162904119 ], [ -76.109885277867065, 8.348709142361027 ], [ -76.109891797837705, 8.348722219989428 ], [ -76.109897526927298, 8.348737090391824 ], [ -76.109902459343914, 8.348753448170736 ], [ -76.109906589295619, 8.348770987928679 ], [ -76.109909910990424, 8.348789404268192 ], [ -76.109912418636227, 8.34880839179181 ], [ -76.109914106440996, 8.348827645102062 ], [ -76.109914968612614, 8.348846858801496 ], [ -76.109914999358892, 8.348865727492633 ], [ -76.1099141928877, 8.348883945778006 ], [ -76.109912543406836, 8.34890120826015 ], [ -76.109910045124124, 8.348917209541565 ], [ -76.109906692247364, 8.348931644224754 ], [ -76.109892224963232, 8.348962135383823 ], [ -76.109868545674686, 8.348987297813522 ], [ -76.109837200761618, 8.349008106738227 ], [ -76.109799736604572, 8.34902553738204 ], [ -76.109757699584677, 8.34904056496919 ], [ -76.109712636083202, 8.349054164724393 ], [ -76.109666092481731, 8.34906731187297 ], [ -76.10961961516179, 8.349080981641057 ], [ -76.109574750505047, 8.349096149255566 ], [ -76.109533044893297, 8.349113789944182 ], [ -76.109496044708578, 8.349134878935192 ], [ -76.109401715135462, 8.349204563404232 ], [ -76.109311917959431, 8.349281616873004 ], [ -76.109227000557411, 8.349364252194185 ], [ -76.10914731030816, 8.349450682219762 ], [ -76.109089980066727, 8.349516735896394 ], [ -76.109033379903821, 8.34958504067748 ], [ -76.108979583935721, 8.349655754083336 ], [ -76.108930666280614, 8.349729033634809 ], [ -76.108888701058746, 8.349805036853036 ], [ -76.108855762392437, 8.349883921259067 ], [ -76.108843205695678, 8.349941507057695 ], [ -76.108839011567483, 8.350004360806139 ], [ -76.108837909168599, 8.350068425754683 ], [ -76.108834627655483, 8.350129645154501 ], [ -76.108823896180596, 8.350183962257733 ], [ -76.108800443893358, 8.350227320316359 ], [ -76.108755223860854, 8.350258681809734 ], [ -76.108694502023482, 8.350275010083033 ], [ -76.108624397229093, 8.350282645188621 ], [ -76.108551028325223, 8.350287927182857 ], [ -76.10848051415725, 8.350297196127816 ], [ -76.10841897356859, 8.35031679209124 ], [ -76.108346110699841, 8.350361925381041 ], [ -76.108281940725632, 8.350420036650474 ], [ -76.108225174838708, 8.350488967043281 ], [ -76.108174524232837, 8.350566557701423 ], [ -76.108128700102185, 8.350650649765448 ], [ -76.108086413640507, 8.350739084374965 ], [ -76.108046376040818, 8.350829702668888 ], [ -76.108007298494968, 8.350920345785683 ], [ -76.107967892193571, 8.351008854863396 ], [ -76.107926868326118, 8.351093071039715 ], [ -76.107904594722328, 8.351133081921212 ], [ -76.107879166362537, 8.351174525655457 ], [ -76.107851626318819, 8.351217024159231 ], [ -76.107823017663847, 8.351260199349348 ], [ -76.107794383470875, 8.351303673142709 ], [ -76.107766766813839, 8.351347067456299 ], [ -76.107741210767202, 8.351390004207207 ], [ -76.107718758406023, 8.351432105312558 ], [ -76.107700452805901, 8.351472992689475 ], [ -76.107687337042819, 8.351512288255012 ], [ -76.107680454193087, 8.35154961392603 ], [ -76.107680847333143, 8.351584591619137 ], [ -76.107689559539381, 8.351616843250492 ], [ -76.107703814051177, 8.351642317868981 ], [ -76.107723805689986, 8.351666908315332 ], [ -76.107748766161038, 8.351690562989475 ], [ -76.107777927169167, 8.351713230291471 ], [ -76.107810520419122, 8.351734858621494 ], [ -76.107845777615324, 8.351755396380019 ], [ -76.107882930462154, 8.351774791967765 ], [ -76.107921210663804, 8.3517929937858 ], [ -76.107959849924413, 8.351809950235547 ], [ -76.107998079948018, 8.351825609718773 ], [ -76.108035132438729, 8.351839920637607 ], [ -76.10807023910057, 8.351852831394483 ], [ -76.108107202045474, 8.351863293818301 ], [ -76.108148314844883, 8.351870039083186 ], [ -76.108192869836969, 8.35187351984659 ], [ -76.108240159360065, 8.351874188766189 ], [ -76.10828947575277, 8.351872498499876 ], [ -76.108340111353883, 8.351868901705803 ], [ -76.108391358502573, 8.351863851042403 ], [ -76.108442509538406, 8.351857799168393 ], [ -76.108492856801334, 8.351851198742715 ], [ -76.108541692631746, 8.351844502424585 ], [ -76.10858830937039, 8.351838162873467 ], [ -76.10863199935838, 8.351832632749007 ], [ -76.108672054937117, 8.351828364711057 ], [ -76.108707768448269, 8.3518258114196 ], [ -76.108738432233594, 8.351825425534706 ], [ -76.108763338634901, 8.351827659716516 ], [ -76.108781779993862, 8.351832966625127 ], [ -76.108793048651918, 8.351841798920564 ], [ -76.108796436950087, 8.351854609262714 ], [ -76.108605021247527, 8.351999339932798 ], [ -76.108414329799999, 8.352197208991489 ], [ -76.108417902851798, 8.352230819117688 ], [ -76.108428782670174, 8.352266036611852 ], [ -76.108445386333614, 8.352302428706793 ], [ -76.108466130919965, 8.352339562635455 ], [ -76.108489433506463, 8.352377005631212 ], [ -76.108513711169721, 8.352414324927954 ], [ -76.108537380985709, 8.35245108776023 ], [ -76.108558860029774, 8.352486861363206 ], [ -76.10862794722442, 8.352606824847285 ], [ -76.108701461678308, 8.352726263069698 ], [ -76.108780455131907, 8.352841356716652 ], [ -76.10886597932172, 8.352948286474108 ], [ -76.108959085979436, 8.353043233027961 ], [ -76.109043325165658, 8.35310040172239 ], [ -76.109146254946253, 8.353141630550306 ], [ -76.109263444704865, 8.353170087908017 ], [ -76.109390463826415, 8.353188942195475 ], [ -76.109522881699476, 8.353201361816772 ], [ -76.109656267717867, 8.353210515180496 ], [ -76.109786191281458, 8.35321957069978 ], [ -76.109908221796118, 8.353231696792154 ], [ -76.110017928672946, 8.353250061879093 ], [ -76.110110881326619, 8.353277834385413 ], [ -76.11018264917297, 8.353318182738343 ], [ -76.11022880162578, 8.353374275366443 ], [ -76.110244908092653, 8.353449280698191 ], [ -76.110241259040095, 8.353501294646135 ], [ -76.110231496091146, 8.353558027087194 ], [ -76.110216718382532, 8.353617500887186 ], [ -76.110198025051162, 8.353677738911628 ], [ -76.110176515234542, 8.3537367640258 ], [ -76.110153288070848, 8.353792599094735 ], [ -76.11014238760184, 8.353817852787968 ], [ -76.110131193594938, 8.35384451564059 ], [ -76.110119609765789, 8.353872034331046 ], [ -76.110107539829883, 8.353899855537767 ], [ -76.110094887502797, 8.353927425939165 ], [ -76.110081556499935, 8.353954192213619 ], [ -76.11006745053686, 8.35397960103948 ], [ -76.110052473329077, 8.354003099095046 ], [ -76.110036528592119, 8.354024133058578 ], [ -76.110019520041575, 8.35404214960827 ], [ -76.110001351393194, 8.354056595422247 ], [ -76.109981926362792, 8.354066917178567 ], [ -76.109963219805934, 8.354072543766812 ], [ -76.10994273983988, 8.354075335764254 ], [ -76.10992076458237, 8.354075542767003 ], [ -76.109897572151169, 8.354073414371275 ], [ -76.109873440664146, 8.354069200173267 ], [ -76.109848648239023, 8.354063149769308 ], [ -76.109823472993597, 8.354055512755773 ], [ -76.109798193045606, 8.354046538729156 ], [ -76.109773086512718, 8.354036477286041 ], [ -76.1097484315125, 8.354025578023126 ], [ -76.109724506162451, 8.354014090537204 ], [ -76.109701588580023, 8.354002264425183 ], [ -76.10967995688253, 8.35399034928405 ], [ -76.109659889187228, 8.353978594710885 ], [ -76.109512528084053, 8.353767064191643 ], [ -76.109373199790312, 8.353555641263275 ], [ -76.109016463711896, 8.353551737054875 ], [ -76.108647001865677, 8.353553861974962 ] ] ] } },
{ "type": "Feature", "properties": { "OBJECTID": 8893.0, "NOMBRE_GEO": null, "PROYECTO": null, "SYMBOL": "3", "FECHA": null, "RULEID": 1, "PK_CUE": 706310.0, "GLOBALID": "{AFF0959F-47D3-4902-B7ED-E5666FAF1780}", "SHAPE_Leng": 921.40052784822865, "SHAPE_Area": 28411.126530002235 }, "geometry": { "type": "Polygon", "coordinates": [ [ [ -76.197595119368174, 8.347247008856742 ], [ -76.197450850494022, 8.346812736600048 ], [ -76.197306257442449, 8.3465231105897 ], [ -76.197651003592796, 8.346614280319463 ], [ -76.198231638566028, 8.346760220657542 ], [ -76.198667688818176, 8.346616535689627 ], [ -76.199103741375581, 8.346472858469376 ], [ -76.199184167694796, 8.346553315036195 ], [ -76.199393572828015, 8.346762799553204 ], [ -76.199684375805433, 8.34661879112757 ], [ -76.199738077191668, 8.346962458307772 ], [ -76.199683486573591, 8.347016582567854 ], [ -76.199102851431661, 8.346870642001374 ], [ -76.198812040676202, 8.347014651110429 ], [ -76.198720087986118, 8.347538809077555 ], [ -76.198428962569494, 8.347827473359414 ], [ -76.198373725430159, 8.348170900015225 ], [ -76.197791786914451, 8.348603563302222 ], [ -76.197506734302138, 8.348438351943207 ], [ -76.197447282893265, 8.348403895791551 ], [ -76.197449224497149, 8.347535988522843 ], [ -76.197595119368174, 8.347247008856742 ] ] ] } },
{ "type": "Feature", "properties": { "OBJECTID": 8894.0, "NOMBRE_GEO": null, "PROYECTO": null, "SYMBOL": "3", "FECHA": null, "RULEID": 1, "PK_CUE": 706311.0, "GLOBALID": "{C63B0564-0208-4AFD-9A80-E753AF83A84C}", "SHAPE_Leng": 1667.5409850450715, "SHAPE_Area": 80418.392875286954 }, "geometry": { "type": "Polygon", "coordinates": [ [ [ -76.107161969804565, 8.345248676556063 ], [ -76.107131722920172, 8.345232093361389 ], [ -76.107103549376788, 8.34521012453008 ], [ -76.107077391399983, 8.345183339827875 ], [ -76.10705319121503, 8.345152309020559 ], [ -76.107030891046975, 8.345117601873991 ], [ -76.107010433120521, 8.345079788154054 ], [ -76.106991759660133, 8.345039437626687 ], [ -76.106974812890087, 8.344997120057831 ], [ -76.106959535034349, 8.344953405213461 ], [ -76.106945868316814, 8.34490886285954 ], [ -76.106933754961048, 8.344864062762076 ], [ -76.106923137190535, 8.344819574687037 ], [ -76.106913957228656, 8.344775968400407 ], [ -76.106906157298596, 8.344733813668142 ], [ -76.106899679623524, 8.344693680256201 ], [ -76.106892270198571, 8.344627400092055 ], [ -76.1068893664347, 8.344558721600615 ], [ -76.106890842353707, 8.344488656132548 ], [ -76.106896571977046, 8.34441821503839 ], [ -76.106906429325988, 8.344348409668537 ], [ -76.106920288421662, 8.344280251373187 ], [ -76.106938023285224, 8.344214751502324 ], [ -76.106959507937987, 8.344152921405714 ], [ -76.106986943292171, 8.344091172511023 ], [ -76.107020465564318, 8.344030101330528 ], [ -76.107059529280065, 8.343970146232289 ], [ -76.107103588965444, 8.343911745584066 ], [ -76.107152099147171, 8.343855337753441 ], [ -76.107204514352489, 8.343801361107865 ], [ -76.10726028910932, 8.343750254014701 ], [ -76.107318877946327, 8.343702454841305 ], [ -76.107379735392811, 8.343658401955 ], [ -76.107442315978844, 8.343618533723197 ], [ -76.107506074235218, 8.34358328851339 ], [ -76.107570464693424, 8.343553104693184 ], [ -76.107634941885593, 8.343528420630367 ], [ -76.107686750092299, 8.343511732280904 ], [ -76.1077410581929, 8.343496237604654 ], [ -76.107797064589946, 8.343482700866817 ], [ -76.107853967686665, 8.343471886332779 ], [ -76.107910965887072, 8.343464558268167 ], [ -76.107967257595803, 8.343461480938899 ], [ -76.108022041218206, 8.343463418611167 ], [ -76.108074515160126, 8.343471135551473 ], [ -76.10815432261866, 8.343499767427206 ], [ -76.108230275980489, 8.343545369516782 ], [ -76.10830435220231, 8.343600090051355 ], [ -76.108378528233729, 8.343656077262501 ], [ -76.108454781017329, 8.3437054793822 ], [ -76.108588570665859, 8.34378000714365 ], [ -76.108724576636376, 8.343850590079729 ], [ -76.1088644130093, 8.343910717051619 ], [ -76.109028658115164, 8.343954698260806 ], [ -76.109197671340297, 8.343985663024007 ], [ -76.109362141588818, 8.344028638994182 ], [ -76.109549716451909, 8.344120656335317 ], [ -76.109730424643132, 8.344230828976048 ], [ -76.109918037935017, 8.344321768395135 ], [ -76.110060218392945, 8.34436514372927 ], [ -76.110206592333455, 8.344398221318665 ], [ -76.110355094036436, 8.344422606749093 ], [ -76.110503657784832, 8.344439905608779 ], [ -76.110649406563795, 8.344450300020997 ], [ -76.110796233751614, 8.344453420117667 ], [ -76.110943063826213, 8.344449158819431 ], [ -76.111088821266222, 8.344437409048577 ], [ -76.111200295370779, 8.344424380738101 ], [ -76.11131184977549, 8.344407681995113 ], [ -76.111421987276429, 8.344385212270472 ], [ -76.111529210668678, 8.344354871017414 ], [ -76.111565493537782, 8.344339855704387 ], [ -76.111602342481618, 8.344319640325827 ], [ -76.111639475147285, 8.344295680125013 ], [ -76.11167660918241, 8.344269430345117 ], [ -76.111713462235201, 8.344242346229175 ], [ -76.111749751954335, 8.344215883020139 ], [ -76.111785195989029, 8.344191495960814 ], [ -76.111819511988998, 8.344170640293909 ], [ -76.111852417604382, 8.344154771262039 ], [ -76.111883630485778, 8.344145344107735 ], [ -76.111912868284278, 8.344143814073464 ], [ -76.111939848651232, 8.344151636401673 ], [ -76.111954142022611, 8.34416020707326 ], [ -76.111968518094216, 8.344171397436883 ], [ -76.111982837318266, 8.344184906684703 ], [ -76.111996960146897, 8.344200434008945 ], [ -76.11201074703223, 8.344217678601856 ], [ -76.112024058426258, 8.344236339655737 ], [ -76.112036754780902, 8.344256116362931 ], [ -76.112048696548015, 8.344276707915837 ], [ -76.112059744179334, 8.344297813506882 ], [ -76.112069758126523, 8.344319132328549 ], [ -76.112078598841137, 8.34434036357333 ], [ -76.112086126774699, 8.344361206433755 ], [ -76.112092202378562, 8.344381360102375 ], [ -76.112096686104138, 8.344400523771744 ], [ -76.112100395684223, 8.344430111114244 ], [ -76.112100440847627, 8.344461049056694 ], [ -76.112097141108208, 8.344493013966328 ], [ -76.112090815979798, 8.344525682210255 ], [ -76.112081784976283, 8.344558730155537 ], [ -76.112070367611636, 8.344591834169107 ], [ -76.112056883399887, 8.344624670617909 ], [ -76.112041651855193, 8.344656915868773 ], [ -76.112024992491868, 8.344688246288532 ], [ -76.112007224824353, 8.344718338243979 ], [ -76.11198866836726, 8.344746868101893 ], [ -76.111969642635373, 8.344773512229047 ], [ -76.111950467143657, 8.344797946992204 ], [ -76.111919930027497, 8.344830917510651 ], [ -76.111885017979077, 8.344861507232826 ], [ -76.111846313411121, 8.34488969459307 ], [ -76.111804398736737, 8.344915458025747 ], [ -76.111759856369446, 8.344938775965222 ], [ -76.111713268723008, 8.34495962684603 ], [ -76.111665218211655, 8.344977989102819 ], [ -76.11161628724976, 8.344993841170437 ], [ -76.111567058252064, 8.345007161483966 ], [ -76.111518113633494, 8.345017928478734 ], [ -76.111470035809177, 8.345026120590322 ], [ -76.111423407194422, 8.345031716254587 ], [ -76.111262402514853, 8.345017361480743 ], [ -76.111097838019205, 8.344972766211281 ], [ -76.110933457422433, 8.344940114852415 ], [ -76.110496132494077, 8.345009395016239 ], [ -76.110060133607305, 8.345164849217698 ], [ -76.109625608804791, 8.345226219018947 ], [ -76.109559324765087, 8.345213329400398 ], [ -76.109490608979641, 8.345190814417959 ], [ -76.109420693704934, 8.345162441373908 ], [ -76.109350811194687, 8.345131977572432 ], [ -76.109282193699485, 8.345103190319733 ], [ -76.10921607346684, 8.345079846923936 ], [ -76.109153682741635, 8.345065714694972 ], [ -76.109096253766808, 8.345064560944257 ], [ -76.109045018784499, 8.345080152984242 ], [ -76.109025832090254, 8.345091722041564 ], [ -76.109006251447127, 8.345106221590161 ], [ -76.108986486857702, 8.345123333842574 ], [ -76.108966748324832, 8.345142741011324 ], [ -76.108947245851311, 8.345164125308969 ], [ -76.108928189440149, 8.345187168948051 ], [ -76.108909789094483, 8.345211554141107 ], [ -76.108892254817491, 8.345236963100673 ], [ -76.108875796612523, 8.345263078039249 ], [ -76.108860624483029, 8.345289581169361 ], [ -76.108846948432486, 8.345316154703466 ], [ -76.108834978464529, 8.345342480854057 ], [ -76.108824924582805, 8.34536824183354 ], [ -76.108816996791049, 8.345393119854323 ], [ -76.108811405092951, 8.345416797128779 ], [ -76.108808359492272, 8.345438955869234 ], [ -76.108808069992676, 8.345459278287988 ], [ -76.108816622081463, 8.345494631518962 ], [ -76.108836727925009, 8.345527410117128 ], [ -76.108866687194492, 8.345558044417041 ], [ -76.108904799560165, 8.345586964753243 ], [ -76.108949364691881, 8.345614601460529 ], [ -76.108998682259156, 8.345641384874282 ], [ -76.10905105193153, 8.345667745330596 ], [ -76.10910477337859, 8.345694113166472 ], [ -76.109158146270062, 8.345720918719888 ], [ -76.1092094702758, 8.345748592329809 ], [ -76.109257045065789, 8.345777564336172 ], [ -76.109299170309981, 8.345808265079762 ], [ -76.10932468169834, 8.345827641334335 ], [ -76.109352429647672, 8.345846643339826 ], [ -76.10938139831957, 8.345865503478278 ], [ -76.109410571875614, 8.345884454132094 ], [ -76.109438934477325, 8.345903727683979 ], [ -76.10946547028631, 8.345923556517 ], [ -76.109489163464104, 8.345944173014518 ], [ -76.109508998172075, 8.345965809560173 ], [ -76.109523958571486, 8.34598869853779 ], [ -76.109533028823378, 8.346013072331269 ], [ -76.109535709641904, 8.346031126081808 ], [ -76.109535961424072, 8.346050518590816 ], [ -76.109534015237841, 8.346070981492536 ], [ -76.109530102151169, 8.346092246421163 ], [ -76.109524453232055, 8.34611404501085 ], [ -76.109517299548486, 8.346136108895704 ], [ -76.109508872168504, 8.346158169709845 ], [ -76.10949940216021, 8.346179959087358 ], [ -76.109489120591761, 8.34620120866229 ], [ -76.109478258531368, 8.34622165006871 ], [ -76.109467047047332, 8.346241014940658 ], [ -76.109455717208021, 8.346259034912169 ], [ -76.109444500081906, 8.346275441617298 ], [ -76.109423172289212, 8.346301236688715 ], [ -76.109398023980162, 8.346324668258772 ], [ -76.109369447214121, 8.346345776472335 ], [ -76.109337834050649, 8.346364601474196 ], [ -76.10930357654955, 8.34638118340917 ], [ -76.109267066770769, 8.346395562422055 ], [ -76.109228696774451, 8.346407778657722 ], [ -76.109188858620939, 8.346417872261144 ], [ -76.109147944370704, 8.346425883377345 ], [ -76.109106346084246, 8.346431852151563 ], [ -76.10906445582232, 8.346435818729109 ], [ -76.109022665645625, 8.346437823255499 ], [ -76.108981367615058, 8.346437905876403 ], [ -76.108940953791461, 8.346436106737658 ], [ -76.108901816235715, 8.346432465985282 ], [ -76.108864347008719, 8.34642702376545 ], [ -76.108828938171371, 8.346419820224511 ], [ -76.108794716972653, 8.346410962046818 ], [ -76.108759476626318, 8.346400194336098 ], [ -76.108723837139578, 8.346387539359791 ], [ -76.108688418519662, 8.346373019385579 ], [ -76.108653840773798, 8.346356656681428 ], [ -76.108620723909198, 8.346338473515551 ], [ -76.108589687932934, 8.34631849215639 ], [ -76.108561352852035, 8.346296734872668 ], [ -76.108536338673304, 8.34627322393327 ], [ -76.108489051742694, 8.346191749422523 ], [ -76.108463689103587, 8.346091807891028 ], [ -76.10844246677442, 8.345987330426976 ], [ -76.108407600780396, 8.345892248108646 ], [ -76.108361503999816, 8.345819684130515 ], [ -76.108307373849073, 8.345751308387461 ], [ -76.10824683114528, 8.345686691894807 ], [ -76.108181496704788, 8.345625405668933 ], [ -76.108112991343432, 8.345567020727447 ], [ -76.108042935876611, 8.345511108089259 ], [ -76.107972951119606, 8.345457238774644 ], [ -76.107922012909853, 8.345417606808473 ], [ -76.107870129692088, 8.345377006042588 ], [ -76.107817180086045, 8.345337201662101 ], [ -76.10776304271026, 8.345299958852399 ], [ -76.107707596182124, 8.345267042799158 ], [ -76.107650719117714, 8.34524021868835 ], [ -76.107592290131919, 8.345221251706276 ], [ -76.10744599143969, 8.345224608564383 ], [ -76.107292693375527, 8.345255676480807 ], [ -76.107161969804565, 8.345248676556063 ] ] ] } },
{ "type": "Feature", "properties": { "OBJECTID": 8895.0, "NOMBRE_GEO": null, "PROYECTO": null, "SYMBOL": "3", "FECHA": null, "RULEID": 1, "PK_CUE": 706312.0, "GLOBALID": "{B1326656-1447-44E8-A594-C8858B5DD051}", "SHAPE_Leng": 563.21039866944716, "SHAPE_Area": 15320.861650930792 }, "geometry": { "type": "Polygon", "coordinates": [ [ [ -76.10760953782524, 8.341952821347489 ], [ -76.107605190725309, 8.341922673414397 ], [ -76.107603020538221, 8.34189051195694 ], [ -76.107602947614836, 8.341856664509464 ], [ -76.107604892305901, 8.341821458606328 ], [ -76.107608774962202, 8.341785221781826 ], [ -76.107614515934372, 8.341748281570283 ], [ -76.107622035573016, 8.341710965505941 ], [ -76.107631254228849, 8.341673601123023 ], [ -76.107642092252462, 8.341636515955745 ], [ -76.107654469994571, 8.341600037538244 ], [ -76.107668307805838, 8.341564493404656 ], [ -76.107683526037036, 8.341530211089058 ], [ -76.107700045038968, 8.3414975181255 ], [ -76.107717785162549, 8.341466742047986 ], [ -76.107736666758726, 8.341438210390496 ], [ -76.107756610178626, 8.341412250686933 ], [ -76.107777535773423, 8.341389190471197 ], [ -76.107799363894443, 8.341369357277141 ], [ -76.107822014893202, 8.341353078638573 ], [ -76.107845409121296, 8.341340682089262 ], [ -76.107861810956493, 8.341334424843355 ], [ -76.107880292018478, 8.341328977744531 ], [ -76.107900614690124, 8.341324345230467 ], [ -76.107922541354299, 8.341320531738864 ], [ -76.107945834393959, 8.341317541707403 ], [ -76.107970256192118, 8.341315379573823 ], [ -76.107995569131759, 8.3413140497759 ], [ -76.108021535596009, 8.34131355675145 ], [ -76.108047917967895, 8.341313904938357 ], [ -76.108074478630641, 8.341315098774526 ], [ -76.108100979967361, 8.341317142697974 ], [ -76.108127184361237, 8.341320041146757 ], [ -76.108152854195495, 8.341323798558991 ], [ -76.108177751853319, 8.341328419372877 ], [ -76.108201639717947, 8.341333908026664 ], [ -76.108224280172578, 8.341340268958659 ], [ -76.108245435600409, 8.341347506607244 ], [ -76.108264868384651, 8.34135562541082 ], [ -76.108282340908417, 8.341364629807851 ], [ -76.108297615554832, 8.341374524236826 ], [ -76.108310454706981, 8.341385313136252 ], [ -76.108320620747818, 8.341397000944653 ], [ -76.108327876060343, 8.341409592100549 ], [ -76.108283392787186, 8.341571685205613 ], [ -76.108236256674388, 8.341752900749967 ], [ -76.108243957505408, 8.341774364588838 ], [ -76.108254520741681, 8.341796002756066 ], [ -76.108267638871126, 8.341817615984473 ], [ -76.108283004381491, 8.341839005006907 ], [ -76.108300309760494, 8.341859970556229 ], [ -76.108319247495714, 8.341880313365378 ], [ -76.108339510074572, 8.341899834167368 ], [ -76.108360789984403, 8.34191833369532 ], [ -76.108382779712443, 8.341935612682438 ], [ -76.108405171745801, 8.341951471862037 ], [ -76.108427658571543, 8.341965711967545 ], [ -76.108449932676606, 8.341978133732487 ], [ -76.108471686547915, 8.341988537890474 ], [ -76.108548453423538, 8.342003295545798 ], [ -76.108633460614072, 8.341994176871024 ], [ -76.108722767863028, 8.341974422105551 ], [ -76.108812434926335, 8.34195727148783 ], [ -76.108898521573039, 8.341955965255323 ], [ -76.108927668565983, 8.341959883296187 ], [ -76.108958524829859, 8.341964221435866 ], [ -76.108990635632225, 8.341969076403185 ], [ -76.109023546240763, 8.341974544927069 ], [ -76.109056801923174, 8.341980723736611 ], [ -76.109089947947211, 8.341987709561044 ], [ -76.109122529580745, 8.341995599129751 ], [ -76.109154092091643, 8.342004489172252 ], [ -76.10918418074786, 8.342014476418237 ], [ -76.109212340817336, 8.342025657597516 ], [ -76.109238117567998, 8.342038129440038 ], [ -76.109261056267712, 8.34205198867585 ], [ -76.10928070218435, 8.342067332035096 ], [ -76.109296600585623, 8.34208425624796 ], [ -76.109308296739087, 8.342102858044671 ], [ -76.109314489167716, 8.342118548900229 ], [ -76.109318989428999, 8.342136315372679 ], [ -76.109321869363839, 8.342155886709609 ], [ -76.109323200813051, 8.342176992158587 ], [ -76.109323055617409, 8.342199360967181 ], [ -76.109321505617672, 8.342222722382964 ], [ -76.109318622654527, 8.34224680565346 ], [ -76.109314478568677, 8.342271340026207 ], [ -76.109309145200797, 8.342296054748717 ], [ -76.109302694391559, 8.342320679068489 ], [ -76.109295197981695, 8.342344942233009 ], [ -76.109286727811863, 8.342368573489729 ], [ -76.109277355722824, 8.34239130208611 ], [ -76.109267153555365, 8.342412857269561 ], [ -76.109256193150244, 8.3424329682875 ], [ -76.109244546348336, 8.342451364387321 ], [ -76.109232284990583, 8.342467774816381 ], [ -76.109219480917886, 8.342481928822041 ], [ -76.10919324159336, 8.342502801004644 ], [ -76.109162081737978, 8.342519270253483 ], [ -76.109126857688494, 8.34253197003868 ], [ -76.109088425781778, 8.342541533830547 ], [ -76.109047642354994, 8.34254859509954 ], [ -76.109005363745354, 8.342553787316493 ], [ -76.108962446289979, 8.342557743952609 ], [ -76.108919746325981, 8.342561098479589 ], [ -76.10887812019034, 8.342564484369532 ], [ -76.108838424219968, 8.34256853509501 ], [ -76.108756258878415, 8.342577367436583 ], [ -76.108672497216986, 8.342583936096437 ], [ -76.108587915543026, 8.342587427472463 ], [ -76.108503290164919, 8.342587027962917 ], [ -76.108419397392012, 8.342581923966456 ], [ -76.10833701353458, 8.342571301882167 ], [ -76.108256914903791, 8.342554348109562 ], [ -76.108179877811494, 8.342530249048641 ], [ -76.108128578194751, 8.342509953486424 ], [ -76.108077107951431, 8.342486947930503 ], [ -76.10802620328954, 8.34246127275053 ], [ -76.107976600417146, 8.342432968316579 ], [ -76.107929035542142, 8.342402074999191 ], [ -76.107884244872167, 8.342368633169357 ], [ -76.107842964614719, 8.342332683198487 ], [ -76.107808165836616, 8.342297844164554 ], [ -76.107774081310112, 8.342259865424998 ], [ -76.107741354478307, 8.342219303156154 ], [ -76.107710628783849, 8.34217671353473 ], [ -76.107682547668773, 8.34213265273784 ], [ -76.107657754574646, 8.342087676942889 ], [ -76.107636892942466, 8.34204234232757 ], [ -76.107620606212663, 8.341997205069774 ], [ -76.10760953782524, 8.341952821347489 ] ] ] } },
{ "type": "Feature", "properties": { "OBJECTID": 8905.0, "NOMBRE_GEO": null, "PROYECTO": null, "SYMBOL": "3", "FECHA": null, "RULEID": 1, "PK_CUE": 706385.0, "GLOBALID": "{C2F09142-E91B-4A86-B325-CF0BB6D99CDF}", "SHAPE_Leng": 1993.0905405552787, "SHAPE_Area": 66127.619450719707 }, "geometry": { "type": "Polygon", "coordinates": [ [ [ -76.115716770739894, 8.540782412812186 ], [ -76.115617204522067, 8.540855504964615 ], [ -76.115512035724535, 8.540934470964716 ], [ -76.115492756395938, 8.540937747344291 ], [ -76.115472464694747, 8.540939546622283 ], [ -76.115451444411661, 8.540939933561839 ], [ -76.115429979337378, 8.540938972926224 ], [ -76.115408353262623, 8.540936729478709 ], [ -76.115386849978165, 8.540933267982647 ], [ -76.115365753274745, 8.540928653201462 ], [ -76.115345346943073, 8.540922949898679 ], [ -76.115325914773919, 8.540916222837843 ], [ -76.115307740557952, 8.540908536782613 ], [ -76.1152662003431, 8.540879297272788 ], [ -76.115231207477237, 8.540838433780785 ], [ -76.115199154965964, 8.5407918036569 ], [ -76.115166435812853, 8.54074526425031 ], [ -76.115129443019583, 8.540704672909163 ], [ -76.115071172581864, 8.540660748906047 ], [ -76.115009502558294, 8.540620541251617 ], [ -76.11495095714254, 8.540577093768977 ], [ -76.11489601157129, 8.540525603810188 ], [ -76.114844535734861, 8.540469784478759 ], [ -76.114796406235456, 8.54041049556038 ], [ -76.114751499674526, 8.540348596840801 ], [ -76.114709692652752, 8.540284948105811 ], [ -76.11467086177025, 8.540220409141218 ], [ -76.114631727143788, 8.540148769658602 ], [ -76.114595750543998, 8.540074552993916 ], [ -76.114563420827693, 8.539998277329705 ], [ -76.114535226850833, 8.539920460848846 ], [ -76.11451165746864, 8.539841621734459 ], [ -76.114493201535566, 8.539762278169858 ], [ -76.114479342563058, 8.539674539924468 ], [ -76.11447134373725, 8.539585220473567 ], [ -76.114468111587328, 8.539495417897474 ], [ -76.114468552643004, 8.539406230275931 ], [ -76.114510634209822, 8.539184092566876 ], [ -76.114578258242645, 8.538963529253621 ], [ -76.11459792794372, 8.538745439221829 ], [ -76.114586062570368, 8.538678386229384 ], [ -76.114568933073826, 8.538611148291444 ], [ -76.114547601507425, 8.538544355438271 ], [ -76.114523129923512, 8.538478637700461 ], [ -76.114496580373356, 8.53841462510916 ], [ -76.114410718120297, 8.538267022181383 ], [ -76.114307705188608, 8.538127330074589 ], [ -76.114216682913565, 8.537981664343258 ], [ -76.114178855019432, 8.53790310940437 ], [ -76.114142871332504, 8.537822847962122 ], [ -76.114110576891349, 8.537741142447876 ], [ -76.114083816733213, 8.537658255294151 ], [ -76.114064435893397, 8.537574448934402 ], [ -76.114053829280522, 8.537503599274181 ], [ -76.114047183541018, 8.537431175650086 ], [ -76.114044764344101, 8.537357999927456 ], [ -76.114046837358472, 8.537284893971608 ], [ -76.114053668252339, 8.537212679647775 ], [ -76.114065522693537, 8.537142178821052 ], [ -76.114071016744916, 8.53711498833554 ], [ -76.114076670548542, 8.53708622098555 ], [ -76.114082640279022, 8.537056388079556 ], [ -76.114089082110951, 8.53702600092601 ], [ -76.114096152218778, 8.536995570833371 ], [ -76.114104006776998, 8.536965609110077 ], [ -76.114112801959877, 8.53693662706457 ], [ -76.114122693941752, 8.53690913600528 ], [ -76.114133838896862, 8.536883647240561 ], [ -76.114146392999515, 8.536860672078772 ], [ -76.114160512423979, 8.536840721828174 ], [ -76.114176353344675, 8.536824307796962 ], [ -76.114194071936112, 8.536811941293234 ], [ -76.1142064172478, 8.536806174140564 ], [ -76.11422035773063, 8.536801353105535 ], [ -76.114235702111046, 8.536797467012825 ], [ -76.11425225911546, 8.536794504687128 ], [ -76.114269837470417, 8.536792454953114 ], [ -76.114288245902372, 8.536791306635507 ], [ -76.114307293137841, 8.536791048559044 ], [ -76.114326787903437, 8.536791669548492 ], [ -76.114346538925702, 8.536793158428663 ], [ -76.114366354931249, 8.536795504024377 ], [ -76.114386044646679, 8.536798695160526 ], [ -76.11440541679859, 8.53680272066204 ], [ -76.114424280113596, 8.536807569353872 ], [ -76.11444244331831, 8.536813230061055 ], [ -76.114459715139333, 8.536819691608613 ], [ -76.114475904303248, 8.536826942821644 ], [ -76.114490819536627, 8.536834972525277 ], [ -76.114504269565984, 8.536843769544646 ], [ -76.114516063117904, 8.536853322704937 ], [ -76.114526008918787, 8.536863620831339 ], [ -76.114542774620858, 8.536892709529834 ], [ -76.114552873932197, 8.536928561506208 ], [ -76.114558803008649, 8.536968826232401 ], [ -76.114563058006098, 8.537011153179852 ], [ -76.114568135080944, 8.537053191819535 ], [ -76.114576530390039, 8.537092591621954 ], [ -76.114668923831459, 8.537281322373591 ], [ -76.114784720688135, 8.537461846828034 ], [ -76.114856103750057, 8.537652692298048 ], [ -76.114857779675461, 8.537736725581459 ], [ -76.114852114259634, 8.537822464969381 ], [ -76.114855475120535, 8.537906968669782 ], [ -76.114860562403791, 8.537937497510727 ], [ -76.114866410649284, 8.537968382283946 ], [ -76.114873454829194, 8.537999103303958 ], [ -76.114882129915642, 8.53802914088523 ], [ -76.114892870880865, 8.538057975342122 ], [ -76.114906112696943, 8.538085086988906 ], [ -76.11495319141801, 8.538138224701862 ], [ -76.115011496427712, 8.53818482450181 ], [ -76.115058996581425, 8.538238034323495 ], [ -76.115078161577614, 8.538287439389682 ], [ -76.115091324485377, 8.538340516375678 ], [ -76.115109698411985, 8.538390720947472 ], [ -76.115121725956996, 8.538412395172525 ], [ -76.115134902941065, 8.538434035463199 ], [ -76.115149210278489, 8.538455292545908 ], [ -76.115164628883392, 8.53847581714707 ], [ -76.115181139669886, 8.538495259993141 ], [ -76.115198723551899, 8.538513271810592 ], [ -76.115217361443328, 8.538529503325908 ], [ -76.115237034257873, 8.538543605265632 ], [ -76.115274921491505, 8.53855874547375 ], [ -76.115318139955477, 8.538567323225307 ], [ -76.115359089555199, 8.538576849652806 ], [ -76.115390170199888, 8.538594835891022 ], [ -76.115397669063682, 8.538603978908467 ], [ -76.115404141422474, 8.538614488045821 ], [ -76.115409631970252, 8.538626193848266 ], [ -76.115414185401008, 8.538638926860958 ], [ -76.115417846408675, 8.538652517629078 ], [ -76.115420659687217, 8.538666796697797 ], [ -76.115422669930524, 8.538681594612298 ], [ -76.115423921832502, 8.538696741917718 ], [ -76.115424460087027, 8.53871206915923 ], [ -76.11542432938802, 8.538727406881979 ], [ -76.115423574429315, 8.538742585631109 ], [ -76.115422239904802, 8.538757435951768 ], [ -76.11542037050836, 8.53877178838909 ], [ -76.115418010933865, 8.538785473488197 ], [ -76.115415205875209, 8.538798321794216 ], [ -76.115380491129883, 8.538859058232577 ], [ -76.115328010675469, 8.538915270439102 ], [ -76.115287043115785, 8.538975990666509 ], [ -76.115277971717148, 8.539003197317683 ], [ -76.115271055352991, 8.539031581026515 ], [ -76.115266070971444, 8.539060804544015 ], [ -76.115262795520565, 8.539090530621182 ], [ -76.115261005948454, 8.539120422008935 ], [ -76.115260479202945, 8.539150141458244 ], [ -76.115260992231867, 8.539179351720076 ], [ -76.115261443243668, 8.539196366151788 ], [ -76.115261797201043, 8.539214262938076 ], [ -76.115262199792184, 8.539232796131371 ], [ -76.115262796705181, 8.539251719784119 ], [ -76.115263733628254, 8.539270787948743 ], [ -76.115265156249535, 8.539289754677654 ], [ -76.11526721025723, 8.539308374023259 ], [ -76.115270041339528, 8.539326400037929 ], [ -76.115273795184578, 8.539343586774047 ], [ -76.11527861748057, 8.539359688283977 ], [ -76.115284653915651, 8.539374458620063 ], [ -76.115292050177914, 8.539387651834645 ], [ -76.115300951955419, 8.539399021980042 ], [ -76.115311504936216, 8.53940832310856 ], [ -76.115385358338145, 8.53942127880411 ], [ -76.115464702643962, 8.53943413192917 ], [ -76.115475841537645, 8.539441257745747 ], [ -76.115486898413536, 8.53944941221868 ], [ -76.115497688141531, 8.539458428658323 ], [ -76.115508025591566, 8.539468140375051 ], [ -76.115517725633524, 8.539478380679288 ], [ -76.115526603137184, 8.539488982881474 ], [ -76.115534472972357, 8.539499780292095 ], [ -76.115541150008781, 8.539510606221649 ], [ -76.115548239189664, 8.539526605666831 ], [ -76.115552589556586, 8.539543789640073 ], [ -76.115554517330494, 8.539561970003586 ], [ -76.115554338732238, 8.539580958619524 ], [ -76.115552369982737, 8.539600567349989 ], [ -76.115548927302839, 8.539620608057058 ], [ -76.11554432691355, 8.539640892602756 ], [ -76.115538885035846, 8.539661232849104 ], [ -76.115532917890832, 8.539681440658102 ], [ -76.115526741699654, 8.539701327891731 ], [ -76.115520672683502, 8.539720706411982 ], [ -76.11551502706368, 8.53973938808082 ], [ -76.115510094395162, 8.539752539349877 ], [ -76.115503344516981, 8.539765850842679 ], [ -76.115495441585352, 8.539779224980448 ], [ -76.115487049756496, 8.539792564184429 ], [ -76.115478833186813, 8.539805770875846 ], [ -76.115471456032765, 8.539818747475968 ], [ -76.115465582450994, 8.539831396406075 ], [ -76.115461876598161, 8.53984362008744 ], [ -76.115461002631065, 8.539855320941305 ], [ -76.115463624706479, 8.539866401388835 ], [ -76.115466863243284, 8.53987270170685 ], [ -76.115471105647416, 8.539879019789232 ], [ -76.11547618139727, 8.539885279891614 ], [ -76.115481919971216, 8.539891406269613 ], [ -76.115488150847582, 8.539897323178883 ], [ -76.115494703504709, 8.539902954875084 ], [ -76.115501407420879, 8.539908225613889 ], [ -76.115508092074435, 8.53991305965099 ], [ -76.115514586943661, 8.539917381242107 ], [ -76.115525999322799, 8.539923568930337 ], [ -76.115538393561181, 8.539928356847556 ], [ -76.115551608310184, 8.539931847029145 ], [ -76.115565482221228, 8.539934141510505 ], [ -76.115579853945704, 8.539935342327045 ], [ -76.115594562135058, 8.539935551514196 ], [ -76.115609445440725, 8.539934871107416 ], [ -76.115624342514195, 8.539933403142205 ], [ -76.115639092006958, 8.539931249654037 ], [ -76.115653532570562, 8.539928512678429 ], [ -76.115667502856539, 8.539925294250907 ], [ -76.115680841516493, 8.539921696407012 ], [ -76.115693387202043, 8.539917821182305 ], [ -76.115785316712916, 8.539830879928408 ], [ -76.115872645619049, 8.539740277730385 ], [ -76.115923677417044, 8.539730195760226 ], [ -76.115978955763339, 8.539737926483374 ], [ -76.116037396268624, 8.539757733599739 ], [ -76.116097914541129, 8.539783880810804 ], [ -76.116159426185305, 8.539810631819977 ], [ -76.116220846801411, 8.539832250332781 ], [ -76.116281091985613, 8.539843000056853 ], [ -76.116342303087407, 8.539844872192059 ], [ -76.116404253960326, 8.539843455037815 ], [ -76.116466258761164, 8.539838634993044 ], [ -76.116527631647003, 8.539830298457085 ], [ -76.116587686775091, 8.539818331829713 ], [ -76.116651414662471, 8.539800979252785 ], [ -76.116714492299423, 8.539779121332193 ], [ -76.116776390679291, 8.539753302216003 ], [ -76.11683658079626, 8.539724066052367 ], [ -76.116894533645095, 8.539691956989561 ], [ -76.116936184413348, 8.539666940456305 ], [ -76.116977719820738, 8.539640475140297 ], [ -76.117018248452723, 8.539612281267919 ], [ -76.117056878895099, 8.539582079065893 ], [ -76.117092719734089, 8.539549588761179 ], [ -76.1171248795563, 8.539514530580908 ], [ -76.117149136371438, 8.539482645352823 ], [ -76.117171435116688, 8.539448537227971 ], [ -76.117191766463918, 8.539412661162199 ], [ -76.117210121085293, 8.53937547211123 ], [ -76.117226489652936, 8.539337425030743 ], [ -76.117240862839054, 8.539298974876322 ], [ -76.117253231315829, 8.539260576603521 ], [ -76.117257736570991, 8.539239892417065 ], [ -76.117259932579515, 8.53921713799879 ], [ -76.117260232556944, 8.539192757770067 ], [ -76.117259049718655, 8.539167196152228 ], [ -76.117256797279936, 8.539140897566622 ], [ -76.117253888455934, 8.53911430643466 ], [ -76.1172507364616, 8.539087867177786 ], [ -76.117247754511723, 8.539062024217491 ], [ -76.11724535582097, 8.539037221975368 ], [ -76.117243953603847, 8.539013904873016 ], [ -76.117243961074664, 8.53899251733209 ], [ -76.117245791447772, 8.538973503774249 ], [ -76.117249857937352, 8.538957308621121 ], [ -76.1172565737577, 8.538944376294291 ], [ -76.117266352123124, 8.538935151215201 ], [ -76.117279606248104, 8.538930077805139 ], [ -76.117286935508886, 8.538928992820148 ], [ -76.117295276549754, 8.53892829510009 ], [ -76.11730444524288, 8.538928000290126 ], [ -76.117314257460393, 8.538928124035456 ], [ -76.117324529074523, 8.538928681981275 ], [ -76.117335075957413, 8.538929689772807 ], [ -76.117345713981308, 8.538931163055281 ], [ -76.117356259018393, 8.538933117473944 ], [ -76.117366526940913, 8.538935568674079 ], [ -76.117376333621081, 8.538938532300978 ], [ -76.117385494931113, 8.538942023999955 ], [ -76.117393826743225, 8.538946059416343 ], [ -76.11740114492963, 8.538950654195496 ], [ -76.117407265362516, 8.538955823982779 ], [ -76.117414001294122, 8.538964430754989 ], [ -76.11741909706457, 8.538974755356952 ], [ -76.117422816614535, 8.538986496377044 ], [ -76.117425423884569, 8.538999352403652 ], [ -76.117427182815263, 8.53901302202509 ], [ -76.117428357347222, 8.539027203829702 ], [ -76.11742921142104, 8.539041596405779 ], [ -76.117430008977337, 8.53905589834164 ], [ -76.117431013956747, 8.539069808225538 ], [ -76.117432490299947, 8.539083024645748 ], [ -76.117440345368351, 8.539158965021301 ], [ -76.117442892749892, 8.539235877406059 ], [ -76.117440422239611, 8.539313132151534 ], [ -76.117433223632602, 8.539390099608976 ], [ -76.117421586723978, 8.539466150129392 ], [ -76.117405801308976, 8.539540654063531 ], [ -76.11738636731323, 8.539612279476367 ], [ -76.117362704163511, 8.539683341189281 ], [ -76.117334870727888, 8.539752921426206 ], [ -76.11730292587454, 8.539820102410836 ], [ -76.117276803580651, 8.53986886829146 ], [ -76.117248552411553, 8.539917273986502 ], [ -76.117217978686583, 8.539964143623495 ], [ -76.117184888725262, 8.540008301329728 ], [ -76.117149088847228, 8.540048571232257 ], [ -76.117126833146301, 8.540067389373219 ], [ -76.117099845752591, 8.540083945696924 ], [ -76.11706883467555, 8.540098486604647 ], [ -76.117034507924771, 8.540111258497705 ], [ -76.116997573510147, 8.540122507777484 ], [ -76.116958739441614, 8.540132480845616 ], [ -76.116918713729277, 8.540141424103952 ], [ -76.116878204383383, 8.540149583954593 ], [ -76.116837919414181, 8.540157206799977 ], [ -76.116798566832074, 8.540164539042832 ], [ -76.116760854647438, 8.540171827086207 ], [ -76.116725490870749, 8.540179317333418 ], [ -76.116693183512581, 8.540187256188002 ], [ -76.11666464058348, 8.540195890053695 ], [ -76.116640570094134, 8.54020546533433 ], [ -76.116621680055289, 8.540216228433739 ], [ -76.116608678477832, 8.540228425755672 ], [ -76.116602273372749, 8.54024230370365 ], [ -76.11660317275124, 8.540258108680852 ], [ -76.116612084624691, 8.54027608708993 ], [ -76.116627197933397, 8.540294719685939 ], [ -76.116646542960225, 8.540314368538866 ], [ -76.116667770754631, 8.540333995147252 ], [ -76.116688532365458, 8.540352561010341 ], [ -76.116860011408221, 8.540441187561168 ], [ -76.117062209337618, 8.540455624642725 ], [ -76.117283219855707, 8.540427624010924 ], [ -76.117511136734635, 8.540388937424172 ], [ -76.117734053829039, 8.540371316640861 ], [ -76.117940065076866, 8.540406513419924 ], [ -76.117979796350426, 8.54042053160194 ], [ -76.118020469551197, 8.54043431388774 ], [ -76.11806094110193, 8.540448945889347 ], [ -76.1181000674259, 8.54046551321918 ], [ -76.118136704946835, 8.540485101490024 ], [ -76.118169710088836, 8.540508796315033 ], [ -76.118184647775934, 8.540522044192322 ], [ -76.118199889437534, 8.54053672411019 ], [ -76.11821510925985, 8.540552556172301 ], [ -76.118229981428954, 8.540569260482391 ], [ -76.118244180130816, 8.540586557144293 ], [ -76.118257379551309, 8.540604166261932 ], [ -76.11826925387625, 8.540621807939285 ], [ -76.118279477291267, 8.540639202280422 ], [ -76.118287723981908, 8.540656069389435 ], [ -76.118293668133674, 8.54067212937046 ], [ -76.118296983932012, 8.540687102327627 ], [ -76.118297217783777, 8.540701527469343 ], [ -76.118294238928428, 8.540715731268843 ], [ -76.118288281630058, 8.540729692305863 ], [ -76.11827958015283, 8.540743389160095 ], [ -76.118268368760866, 8.540756800411168 ], [ -76.118254881718357, 8.54076990463868 ], [ -76.118239353289539, 8.540782680422181 ], [ -76.118222017738688, 8.540795106341205 ], [ -76.118203109330167, 8.540807160975307 ], [ -76.118182862328325, 8.540818822904056 ], [ -76.118161510997595, 8.540830070706997 ], [ -76.118139289602468, 8.540840882963739 ], [ -76.118116432407518, 8.540851238253916 ], [ -76.118093173677281, 8.540861115157201 ], [ -76.118069747676472, 8.540870492253298 ], [ -76.118046388669725, 8.540879348121967 ], [ -76.118023330921829, 8.540887661343019 ], [ -76.118000808697573, 8.54089541049631 ], [ -76.11797905626176, 8.540902574161731 ], [ -76.117958307879263, 8.540909130919221 ], [ -76.117938797814986, 8.540915059348768 ], [ -76.117858955255628, 8.540931166091246 ], [ -76.117775581992873, 8.540936999875495 ], [ -76.117690780979672, 8.540938014223723 ], [ -76.117606655165233, 8.540939662661584 ], [ -76.117306895015872, 8.540925984779758 ], [ -76.117006805403506, 8.540897131447485 ], [ -76.116712670272577, 8.540912021756675 ], [ -76.11660971659559, 8.540943426189099 ], [ -76.116507832816197, 8.540986025131746 ], [ -76.116406112402743, 8.541023153385311 ], [ -76.116303648838553, 8.541038145743352 ], [ -76.116252360921209, 8.541034707652672 ], [ -76.116200369278076, 8.541026501388442 ], [ -76.116148270902585, 8.541014282511991 ], [ -76.116096662787896, 8.540998806585106 ], [ -76.116046141926702, 8.540980829170094 ], [ -76.115997305311268, 8.540961105829766 ], [ -76.11596005226103, 8.540940640455206 ], [ -76.115923753148422, 8.540913467975505 ], [ -76.115888243324832, 8.540882674620979 ], [ -76.115853358140185, 8.540851346622334 ], [ -76.115818932942915, 8.540822570210597 ], [ -76.115784803080103, 8.540799431617149 ], [ -76.115750803897512, 8.540785017073675 ], [ -76.115716770739894, 8.540782412812186 ] ] ] } },
{ "type": "Feature", "properties": { "OBJECTID": 8906.0, "NOMBRE_GEO": null, "PROYECTO": null, "SYMBOL": "3", "FECHA": null, "RULEID": 1, "PK_CUE": 706386.0, "GLOBALID": "{41C427A4-D9BA-467A-BD51-3D13B9F07C68}", "SHAPE_Leng": 807.16953300191039, "SHAPE_Area": 24110.452984547952 }, "geometry": { "type": "Polygon", "coordinates": [ [ [ -76.072224710397265, 8.546593687158589 ], [ -76.072284136143566, 8.546565085987499 ], [ -76.072346891991103, 8.546541680510947 ], [ -76.072411992000298, 8.546522520930873 ], [ -76.072478450231614, 8.546506657449923 ], [ -76.072545280745473, 8.546493140271519 ], [ -76.072611497602125, 8.546481019599943 ], [ -76.072800530600745, 8.546475413811889 ], [ -76.072992464382523, 8.54648808847168 ], [ -76.073173717879882, 8.546464985383492 ], [ -76.073234580566691, 8.546440740831535 ], [ -76.073294390024927, 8.546410895078306 ], [ -76.07335283381974, 8.546376474500866 ], [ -76.073409599517078, 8.546338505476166 ], [ -76.073464374683681, 8.54629801438103 ], [ -76.073516846887003, 8.546256027592145 ], [ -76.073541673786167, 8.546236122195133 ], [ -76.073567952521472, 8.546215679037404 ], [ -76.073594555702414, 8.54619469604976 ], [ -76.073620355938871, 8.546173171163201 ], [ -76.073644225841036, 8.546151102308935 ], [ -76.073665038019499, 8.546128487418342 ], [ -76.073681665085189, 8.546105324422872 ], [ -76.073692979649394, 8.54608161125396 ], [ -76.073598750136341, 8.545901166331204 ], [ -76.073509453848189, 8.545722643912537 ], [ -76.073518954592814, 8.545704457183454 ], [ -76.07353182662483, 8.545686396325639 ], [ -76.073547494059639, 8.545668591322748 ], [ -76.073565381012742, 8.545651172158378 ], [ -76.073584911599767, 8.545634268816171 ], [ -76.07360550993657, 8.545618011279794 ], [ -76.073626600139136, 8.545602529532973 ], [ -76.073647606323604, 8.545587953559515 ], [ -76.073667952606343, 8.545574413343317 ], [ -76.07369577052954, 8.545557155766515 ], [ -76.073724878276593, 8.545541003741922 ], [ -76.07375505340309, 8.545526163706292 ], [ -76.073786073464746, 8.545512842096395 ], [ -76.073817716017402, 8.545501245349042 ], [ -76.073849758617058, 8.545491579901061 ], [ -76.073881978819813, 8.545484052189307 ], [ -76.073914154181949, 8.545478868650701 ], [ -76.073937134644353, 8.545476203643748 ], [ -76.073960963376962, 8.545473946892066 ], [ -76.073985226928926, 8.545472439552857 ], [ -76.074009511849653, 8.545472022783427 ], [ -76.074033404688606, 8.5454730377411 ], [ -76.074056491995393, 8.545475825583328 ], [ -76.074078360319717, 8.545480727467602 ], [ -76.074098596211329, 8.545488084551504 ], [ -76.074116454430779, 8.545497691564551 ], [ -76.07413355497377, 8.545509827416806 ], [ -76.074149861364049, 8.545524130659762 ], [ -76.074165337125194, 8.545540239844962 ], [ -76.074179945780713, 8.545557793523972 ], [ -76.07419365085407, 8.545576430248373 ], [ -76.074206415868545, 8.54559578856977 ], [ -76.074218204347375, 8.545615507039829 ], [ -76.074228979813697, 8.5456352242102 ], [ -76.074238705790592, 8.545654578632558 ], [ -76.074252533362554, 8.545688947362684 ], [ -76.074262759349764, 8.545725294464285 ], [ -76.07427041590492, 8.545762830461989 ], [ -76.0742765351809, 8.545800765880108 ], [ -76.07428214933077, 8.545838311242788 ], [ -76.074284415426206, 8.545900453019105 ], [ -76.074277046006031, 8.545965150245845 ], [ -76.074266539790344, 8.546030205828355 ], [ -76.074259395503404, 8.54609342267084 ], [ -76.074262111873509, 8.546152603676347 ], [ -76.074281187631726, 8.54620555174602 ], [ -76.074303633110489, 8.546231300957972 ], [ -76.074333458665649, 8.546254379624189 ], [ -76.074364327086357, 8.54627685651664 ], [ -76.074389901161751, 8.546300800409437 ], [ -76.074403843680557, 8.546328280078658 ], [ -76.074405235209966, 8.546344311764331 ], [ -76.074403681287322, 8.546361293092312 ], [ -76.074399908858609, 8.546378943386195 ], [ -76.074394644869898, 8.546396981969481 ], [ -76.074388616267427, 8.54641512816565 ], [ -76.074382549997537, 8.546433101298176 ], [ -76.074377173006752, 8.546450620690509 ], [ -76.074372209299881, 8.546470081615698 ], [ -76.074367597318343, 8.546490245106281 ], [ -76.074362922080297, 8.546510631718292 ], [ -76.074357768603875, 8.546530762007755 ], [ -76.074351721907021, 8.546550156530706 ], [ -76.074344367007654, 8.546568335843158 ], [ -76.074335288923606, 8.546584820501099 ], [ -76.074324072672653, 8.54659913106045 ], [ -76.074311750426375, 8.546610219095189 ], [ -76.074297539456424, 8.546619894631837 ], [ -76.074281789838182, 8.54662829902518 ], [ -76.074264851647044, 8.54663557363002 ], [ -76.074247074958478, 8.546641859801234 ], [ -76.07422880984798, 8.546647298893712 ], [ -76.074210406391074, 8.546652032262431 ], [ -76.074192214663327, 8.546656201262421 ], [ -76.074174584740319, 8.54665994724879 ], [ -76.074112670986381, 8.546661088841123 ], [ -76.074049133005815, 8.546653943346746 ], [ -76.073990125061542, 8.546659469918861 ], [ -76.07395759229604, 8.546676274886556 ], [ -76.07392783751277, 8.546700532498736 ], [ -76.073899384015419, 8.546728589538926 ], [ -76.07387075510816, 8.546756792789891 ], [ -76.073840474095249, 8.546781489033753 ], [ -76.073714929106004, 8.546844798310296 ], [ -76.073580451085917, 8.546893771128129 ], [ -76.073453525410102, 8.546955367169257 ], [ -76.073403486648161, 8.546992927080858 ], [ -76.073354928704475, 8.547032962076845 ], [ -76.073303901170732, 8.547068644142813 ], [ -76.073251558103934, 8.54709545315249 ], [ -76.073196559256189, 8.54711790469408 ], [ -76.073140274842473, 8.547137442758494 ], [ -76.073084075077674, 8.547155511337566 ], [ -76.073003590296878, 8.547179716043967 ], [ -76.072920387972971, 8.547201535647865 ], [ -76.072835059198866, 8.547220510521587 ], [ -76.072748195068314, 8.547236181037698 ], [ -76.072660386675821, 8.54724808756905 ], [ -76.072572225116701, 8.547255770488851 ], [ -76.072484301486966, 8.547258770170631 ], [ -76.072397206883295, 8.547256626988329 ], [ -76.07231153240302, 8.547248881316271 ], [ -76.072227869143987, 8.547235073529217 ], [ -76.072146808204465, 8.547214744002323 ], [ -76.072068940683096, 8.547187433111214 ], [ -76.071994857678717, 8.547152681231937 ], [ -76.071979418786242, 8.547144757655266 ], [ -76.071962683292313, 8.547136690318418 ], [ -76.071945062720516, 8.547128448909261 ], [ -76.07192696859444, 8.547120003115731 ], [ -76.071908812437655, 8.547111322625867 ], [ -76.071891005773779, 8.547102377127775 ], [ -76.071873960126354, 8.547093136309661 ], [ -76.071858087018995, 8.54708356985981 ], [ -76.071843797975234, 8.547073647466586 ], [ -76.071831504518556, 8.547063338818397 ], [ -76.071821618172493, 8.547052613603711 ], [ -76.071814550460459, 8.547041441511006 ], [ -76.071810712905787, 8.547029792228772 ], [ -76.071810257549046, 8.547018154323244 ], [ -76.071812604792711, 8.547005805865922 ], [ -76.071817411871834, 8.546992859222126 ], [ -76.071824336021493, 8.546979426757098 ], [ -76.071833034476796, 8.54696562083609 ], [ -76.071843164472938, 8.546951553824307 ], [ -76.07185438324511, 8.546937338086979 ], [ -76.071866348028578, 8.546923085989333 ], [ -76.071878716058706, 8.546908909896606 ], [ -76.071891144570898, 8.546894922174069 ], [ -76.071903290800677, 8.54688123518698 ], [ -76.071914811983589, 8.546867961300665 ], [ -76.071925365355284, 8.546855212880429 ], [ -76.071961808908526, 8.546811710041192 ], [ -76.072000712872196, 8.54676942162766 ], [ -76.072041865004508, 8.546728847388842 ], [ -76.072085053064058, 8.546690487073688 ], [ -76.072130064809784, 8.546654840431065 ], [ -76.072176688000951, 8.546622407209783 ], [ -76.072224710397265, 8.546593687158589 ] ] ] } },
{ "type": "Feature", "properties": { "OBJECTID": 8907.0, "NOMBRE_GEO": null, "PROYECTO": null, "SYMBOL": "3", "FECHA": null, "RULEID": 1, "PK_CUE": 706387.0, "GLOBALID": "{279705C5-145F-431E-97A9-10ECC892C28F}", "SHAPE_Leng": 2148.4351365773409, "SHAPE_Area": 85667.923599618269 }, "geometry": { "type": "Polygon", "coordinates": [ [ [ -76.048539658055091, 8.476225110844936 ], [ -76.0483222744068, 8.476072756907826 ], [ -76.047951754818143, 8.476180196249244 ], [ -76.047537739560923, 8.476265831771803 ], [ -76.047429366794077, 8.47607040360397 ], [ -76.047560843834233, 8.475767194852743 ], [ -76.047474479640329, 8.475485096907581 ], [ -76.04734439541258, 8.475267928902781 ], [ -76.047083515765479, 8.475093782049859 ], [ -76.046691626282183, 8.475049377891221 ], [ -76.046495559380261, 8.47507054301987 ], [ -76.046277950749911, 8.475004921127054 ], [ -76.04606069428695, 8.474809204724494 ], [ -76.045712991824757, 8.474526415432878 ], [ -76.045539463714206, 8.474265768583191 ], [ -76.045344386321915, 8.473918328227382 ], [ -76.045083974169586, 8.473570724322093 ], [ -76.045063123746829, 8.473223750137338 ], [ -76.045216375969105, 8.472920596021094 ], [ -76.045348634809613, 8.472843609827375 ], [ -76.045587182635359, 8.472704748724867 ], [ -76.045892133720031, 8.472683872263287 ], [ -76.046109275366945, 8.472922957901998 ], [ -76.046174087867783, 8.473118269811406 ], [ -76.046304011997165, 8.47340048484468 ], [ -76.046564766008615, 8.473617994269441 ], [ -76.04684787909892, 8.473618747565132 ], [ -76.047130650130242, 8.473749587589596 ], [ -76.047152020849282, 8.473901420611117 ], [ -76.047347682819151, 8.474032036125468 ], [ -76.047522019049708, 8.473989123945364 ], [ -76.047783761128954, 8.473838036326844 ], [ -76.048067278947499, 8.473687010727945 ], [ -76.048437509912489, 8.473687982304558 ], [ -76.04876446980083, 8.473580434615112 ], [ -76.048874163181011, 8.473277164013814 ], [ -76.049136309553944, 8.472974306157091 ], [ -76.049463270263075, 8.472866750917005 ], [ -76.049811716862706, 8.4728676666873 ], [ -76.050072705316097, 8.472998453272099 ], [ -76.050268367120381, 8.473129059004318 ], [ -76.050485921324736, 8.473216366193673 ], [ -76.050507407673507, 8.473324829163566 ], [ -76.05048549024194, 8.473378978926352 ], [ -76.050463561922513, 8.473433129678714 ], [ -76.050289162582629, 8.473497717797709 ], [ -76.050114942714302, 8.473497259785729 ], [ -76.049897218740952, 8.473475000232108 ], [ -76.049701214775538, 8.473474488201591 ], [ -76.049439761140349, 8.473517166667373 ], [ -76.049395859952497, 8.473647143754057 ], [ -76.049351617587092, 8.473907214746003 ], [ -76.049307600888582, 8.474080563122182 ], [ -76.049045679042138, 8.474296697752294 ], [ -76.048806007864897, 8.474339430783063 ], [ -76.048457498204741, 8.47436020026422 ], [ -76.047912812791168, 8.474445494675564 ], [ -76.047781399408052, 8.474727017596777 ], [ -76.047737211119397, 8.474965404078066 ], [ -76.04775846487648, 8.475160608298946 ], [ -76.04786683826535, 8.475356036407263 ], [ -76.048149376048855, 8.475573607836001 ], [ -76.048388822417664, 8.475617599418527 ], [ -76.048606663425346, 8.475596497152855 ], [ -76.048759510999062, 8.475445121954584 ], [ -76.048912134616714, 8.47538047028274 ], [ -76.049020391317626, 8.475619270041751 ], [ -76.049019815589801, 8.475836086687989 ], [ -76.049018953971867, 8.476161321579408 ], [ -76.048865808603708, 8.47642111529218 ], [ -76.048539658055091, 8.476225110844936 ] ] ] } },
{ "type": "Feature", "properties": { "OBJECTID": 8908.0, "NOMBRE_GEO": null, "PROYECTO": null, "SYMBOL": "3", "FECHA": null, "RULEID": 1, "PK_CUE": 706388.0, "GLOBALID": "{AE372D64-58BB-4AAE-AAE8-7BF3CDCA802E}", "SHAPE_Leng": 1759.9934968373593, "SHAPE_Area": 54527.230474858079 }, "geometry": { "type": "Polygon", "coordinates": [ [ [ -76.058194283374419, 8.47364852839867 ], [ -76.057845826921792, 8.473647619573601 ], [ -76.057671544524638, 8.473668846877697 ], [ -76.057519100553876, 8.47366844295809 ], [ -76.057388486104017, 8.473646425070921 ], [ -76.057149326761277, 8.47349401696728 ], [ -76.056844950589408, 8.473298086226237 ], [ -76.056627225836849, 8.473275826028637 ], [ -76.056409448319272, 8.473275260199184 ], [ -76.056191722674825, 8.473253007884155 ], [ -76.05597416924482, 8.473165709760673 ], [ -76.055843670582306, 8.473100322044189 ], [ -76.055647666938711, 8.473099810238114 ], [ -76.055386221949391, 8.473142488710083 ], [ -76.055015990174553, 8.473141518167116 ], [ -76.054798723351269, 8.472945810600832 ], [ -76.054797322245179, 8.472942056026987 ], [ -76.054733846790128, 8.472772176367721 ], [ -76.054756368096875, 8.472490365998182 ], [ -76.054822511033308, 8.472186978196552 ], [ -76.055127739665792, 8.472057682612602 ], [ -76.055367016057843, 8.472166720593284 ], [ -76.05545383801693, 8.472275362576237 ], [ -76.055802115300096, 8.472341317011649 ], [ -76.056019901558088, 8.472341892332587 ], [ -76.05632496098697, 8.472277645155371 ], [ -76.056607850036102, 8.472365112824464 ], [ -76.056694447291136, 8.472560479159975 ], [ -76.056824433094889, 8.47282100798213 ], [ -76.05704197816415, 8.472908306600253 ], [ -76.057303092017833, 8.472995721844649 ], [ -76.057607925667043, 8.473018198259698 ], [ -76.057825937520278, 8.472932039616582 ], [ -76.058000219573216, 8.472910813267211 ], [ -76.058283217335514, 8.472954920291606 ], [ -76.058522554558493, 8.47304227304936 ], [ -76.058805379622115, 8.473151417927173 ], [ -76.059066718017903, 8.473152100883713 ], [ -76.059306452337225, 8.47308768210112 ], [ -76.059633581579703, 8.472915071099219 ], [ -76.059917152833208, 8.472742352380049 ], [ -76.060222383206749, 8.472613048702319 ], [ -76.060483837075424, 8.472570369924933 ], [ -76.060701508147744, 8.472614297143235 ], [ -76.060919223708368, 8.472636547948127 ], [ -76.061093794220042, 8.47250690410473 ], [ -76.061311572210357, 8.472507470162688 ], [ -76.061485342069886, 8.472681382943698 ], [ -76.061702958783485, 8.47274699581585 ], [ -76.061702527681305, 8.47290993314558 ], [ -76.061702446850859, 8.472942146276319 ], [ -76.061593329384223, 8.473028590994181 ], [ -76.061375541172239, 8.473028025276582 ], [ -76.061070652980703, 8.473027226440017 ], [ -76.060830920343108, 8.473091653412668 ], [ -76.060569527998538, 8.47311265611785 ], [ -76.060199241726821, 8.473133371395193 ], [ -76.059959391582552, 8.473241159747953 ], [ -76.059697712887484, 8.473370571015362 ], [ -76.05934892387755, 8.473499757938134 ], [ -76.059195958951165, 8.473694502905911 ], [ -76.058869233079534, 8.473715334640124 ], [ -76.058586290296475, 8.473649551859602 ], [ -76.058194283374419, 8.47364852839867 ] ] ] } },
{ "type": "Feature", "properties": { "OBJECTID": 8909.0, "NOMBRE_GEO": null, "PROYECTO": null, "SYMBOL": "3", "FECHA": null, "RULEID": 1, "PK_CUE": 706389.0, "GLOBALID": "{C195B8AF-7659-4860-849A-95812F783887}", "SHAPE_Leng": 5811.3272990394325, "SHAPE_Area": 230264.52518812628 }, "geometry": { "type": "Polygon", "coordinates": [ [ [ -76.032996162371035, 8.472243814045822 ], [ -76.032949071963344, 8.472192314801251 ], [ -76.0328975273449, 8.47214425881686 ], [ -76.03284746407158, 8.472094972208824 ], [ -76.032800164344764, 8.472044871985991 ], [ -76.032751111038593, 8.471994310972892 ], [ -76.032701654334048, 8.471942989323061 ], [ -76.032653144411725, 8.471890607190932 ], [ -76.032606931452008, 8.471836864731779 ], [ -76.032564365634897, 8.471781462101735 ], [ -76.032526797139937, 8.47172409945766 ], [ -76.032495576146033, 8.471664476957105 ], [ -76.032472052831253, 8.471602294758066 ], [ -76.032457577372739, 8.47153725301885 ], [ -76.032455872071822, 8.471514659103654 ], [ -76.032454798309288, 8.471491833924414 ], [ -76.032451091778327, 8.471470858822041 ], [ -76.032437800203809, 8.471448781169192 ], [ -76.032415866606641, 8.471433158268082 ], [ -76.032387640969219, 8.471422109457629 ], [ -76.032355473273881, 8.471413754077101 ], [ -76.032321713503435, 8.471406211466311 ], [ -76.032288711641414, 8.471397600965695 ], [ -76.032258817672144, 8.471386041916304 ], [ -76.032234381580423, 8.471369653659815 ], [ -76.032213753418191, 8.471347995786722 ], [ -76.03219512503081, 8.47132373550634 ], [ -76.032178241385751, 8.47129745578737 ], [ -76.03216284745038, 8.471269739598533 ], [ -76.032148688191867, 8.47124116990844 ], [ -76.032135508577326, 8.4712123296857 ], [ -76.032123053573727, 8.471183801898896 ], [ -76.032104395572816, 8.471121532202057 ], [ -76.032090383450708, 8.471057234135422 ], [ -76.03206764589261, 8.470998093092843 ], [ -76.032051566216651, 8.470973544899831 ], [ -76.032032960897936, 8.470950177986355 ], [ -76.032012312733826, 8.470927940580705 ], [ -76.031990104521569, 8.470906780911244 ], [ -76.031966819058411, 8.470886647206486 ], [ -76.031942939141459, 8.470867487695086 ], [ -76.031918947567789, 8.470849250605841 ], [ -76.031864173149444, 8.4708167895408 ], [ -76.031805992833881, 8.470788798883559 ], [ -76.031751457336568, 8.470756024375506 ], [ -76.031722797395503, 8.470733004877225 ], [ -76.031695139237883, 8.47070823719665 ], [ -76.031668799816373, 8.470681955418954 ], [ -76.031644096083639, 8.47065439362944 ], [ -76.031621344992075, 8.470625785913528 ], [ -76.031602012182262, 8.470598835439271 ], [ -76.03158345135337, 8.470570621350417 ], [ -76.031566053051677, 8.470541312490992 ], [ -76.031550207823372, 8.47051107770514 ], [ -76.031536306214491, 8.470480085837112 ], [ -76.031524738770841, 8.470448505731255 ], [ -76.031515896038073, 8.470416506231981 ], [ -76.031510168561653, 8.470384256183758 ], [ -76.031511139836027, 8.470327244004345 ], [ -76.031510475324453, 8.470272928039755 ], [ -76.031440761486408, 8.470207401245824 ], [ -76.031309557855252, 8.470184573832638 ], [ -76.031171760700587, 8.470163884663622 ], [ -76.031082266353124, 8.47010477265837 ], [ -76.03107096435825, 8.470077803035341 ], [ -76.031062549656312, 8.470048053182214 ], [ -76.031056408490855, 8.470016416406461 ], [ -76.03105192710531, 8.469983786015463 ], [ -76.031048491743178, 8.469951055316484 ], [ -76.031045488647948, 8.469919117616723 ], [ -76.031042013571948, 8.469881929347094 ], [ -76.031039307692382, 8.469844247289645 ], [ -76.031038389685037, 8.469806603770845 ], [ -76.031040278225404, 8.469769531117263 ], [ -76.031045991988364, 8.469733561655568 ], [ -76.031071962522788, 8.469670759073876 ], [ -76.031108856769151, 8.469610554739951 ], [ -76.031139677366468, 8.469548257210805 ], [ -76.031152911067892, 8.469503054827761 ], [ -76.031162984815523, 8.469456667749165 ], [ -76.031170850459333, 8.469409711192331 ], [ -76.031177459848678, 8.469362800374562 ], [ -76.031182205400398, 8.469331439566236 ], [ -76.031187856126152, 8.469298686207752 ], [ -76.031193886156018, 8.469264981777838 ], [ -76.031199769620088, 8.469230767755187 ], [ -76.031204980648724, 8.469196485618427 ], [ -76.03120899337236, 8.469162576846184 ], [ -76.031211281921685, 8.469129482916991 ], [ -76.031211320427417, 8.469097645309324 ], [ -76.031208583020415, 8.469067505501595 ], [ -76.031202543831512, 8.469039504972109 ], [ -76.031192676991537, 8.469014085199053 ], [ -76.031178456631153, 8.468991687660473 ], [ -76.031161649304906, 8.468973995564735 ], [ -76.031141309826111, 8.468957929663576 ], [ -76.031118093859035, 8.468943355996448 ], [ -76.031092657067802, 8.468930140602922 ], [ -76.031065655116493, 8.468918149522761 ], [ -76.031037743669231, 8.468907248795881 ], [ -76.031009578390069, 8.468897304462425 ], [ -76.030981814943146, 8.468888182562708 ], [ -76.030955108992671, 8.468879749137246 ], [ -76.030828038809858, 8.468862014745845 ], [ -76.030695359558791, 8.4688654162091 ], [ -76.030563775985442, 8.468860148302651 ], [ -76.030500932543049, 8.468850560612379 ], [ -76.030438346793261, 8.468838933042798 ], [ -76.030377500992373, 8.468822534632903 ], [ -76.030334434731898, 8.468806906038051 ], [ -76.030291723067904, 8.468788629862647 ], [ -76.030249923236894, 8.468767853695141 ], [ -76.030209592475174, 8.46874472512428 ], [ -76.030171288019034, 8.468719391739125 ], [ -76.030135567104423, 8.468692001129025 ], [ -76.030102864865611, 8.468662744259863 ], [ -76.030071765929961, 8.468630643910664 ], [ -76.030042435346843, 8.46859606999902 ], [ -76.030015038165402, 8.468559392442618 ], [ -76.029989739434427, 8.468520981159294 ], [ -76.029966704202508, 8.468481206066937 ], [ -76.029946097518021, 8.468440437083528 ], [ -76.029928084429031, 8.468399044127104 ], [ -76.029912829983388, 8.468357397115735 ], [ -76.029899168827498, 8.468296148898057 ], [ -76.029890364875797, 8.468232913040554 ], [ -76.029876053265326, 8.468171741693478 ], [ -76.029866309333244, 8.468144551491088 ], [ -76.029855643195148, 8.468116725007539 ], [ -76.029843948106915, 8.468088793219557 ], [ -76.029831117324349, 8.468061287103835 ], [ -76.029817044103055, 8.468034737637103 ], [ -76.029801621698596, 8.468009675796051 ], [ -76.029784743366363, 8.467986632557412 ], [ -76.029766302361651, 8.46796613889788 ], [ -76.029746191939495, 8.467948725794187 ], [ -76.029729287831614, 8.467937256902758 ], [ -76.029710724660987, 8.467926809903304 ], [ -76.029690746335007, 8.467917430128495 ], [ -76.029669596760996, 8.467909162911036 ], [ -76.029647519846264, 8.467902053583714 ], [ -76.02962475949812, 8.467896147479335 ], [ -76.029601559623799, 8.467891489930816 ], [ -76.029578164130598, 8.467888126271133 ], [ -76.029554816925739, 8.467886101833301 ], [ -76.02953176191653, 8.467885461950425 ], [ -76.029509243010196, 8.467886251955671 ], [ -76.029487504114101, 8.46788851718224 ], [ -76.029466789135569, 8.467892302963397 ], [ -76.029451687042226, 8.467896038567547 ], [ -76.029435900619319, 8.467900577304233 ], [ -76.029419695348878, 8.467905894151366 ], [ -76.029403336712946, 8.4679119640869 ], [ -76.029387090193595, 8.467918762088786 ], [ -76.02937122127291, 8.467926263135073 ], [ -76.029355995433107, 8.467934442203786 ], [ -76.029341678156371, 8.467943274273013 ], [ -76.029328534924971, 8.467952734320853 ], [ -76.029316831221195, 8.467962797325422 ], [ -76.029306832527411, 8.467973438264808 ], [ -76.029298804326032, 8.467984632117137 ], [ -76.02929199251777, 8.467998945772329 ], [ -76.029287636053041, 8.468014901427505 ], [ -76.029285451833772, 8.468032238097079 ], [ -76.02928515676183, 8.468050694795483 ], [ -76.029286467739126, 8.468070010537046 ], [ -76.029289101667416, 8.468089924336168 ], [ -76.029292775448454, 8.468110175207213 ], [ -76.029297205983909, 8.468130502164581 ], [ -76.029302110175337, 8.468150644222703 ], [ -76.029307204924223, 8.468170340396055 ], [ -76.029312207131937, 8.468189329699134 ], [ -76.029316833699809, 8.4682073511465 ], [ -76.02934247137155, 8.4682646715319 ], [ -76.029385838614331, 8.468318720735775 ], [ -76.029440791375151, 8.468370072219756 ], [ -76.029501185598164, 8.468419299448692 ], [ -76.029560877225791, 8.468466975891827 ], [ -76.029613722199144, 8.468513675023011 ], [ -76.02965357645796, 8.468559970320122 ], [ -76.029674295939969, 8.468606435263457 ], [ -76.029669736579834, 8.468653643333321 ], [ -76.029665234269672, 8.468664110485154 ], [ -76.029659796793794, 8.468675483283173 ], [ -76.029653503813847, 8.468687563908292 ], [ -76.029646434991548, 8.468700154541414 ], [ -76.029638669988543, 8.468713057363457 ], [ -76.029630288466564, 8.468726074555299 ], [ -76.029621370087355, 8.468739008297851 ], [ -76.029611994512621, 8.468751660771996 ], [ -76.029602241404177, 8.468763834158612 ], [ -76.02959219042377, 8.468775330638591 ], [ -76.029581921233259, 8.468785952392794 ], [ -76.029571513494474, 8.468795501602115 ], [ -76.029561046869333, 8.468803780447402 ], [ -76.029550601019736, 8.468810591109529 ], [ -76.029540255607614, 8.468815735769374 ], [ -76.029530090294941, 8.468819016607792 ], [ -76.02952018474376, 8.468820235805659 ], [ -76.029510021971504, 8.468819396096258 ], [ -76.029499280353775, 8.468816748396396 ], [ -76.029488086696745, 8.468812470041682 ], [ -76.02947656780654, 8.468806738367787 ], [ -76.02946485048929, 8.468799730710375 ], [ -76.029453061551081, 8.468791624405151 ], [ -76.029441327798011, 8.468782596787833 ], [ -76.02942977603611, 8.468772825194165 ], [ -76.029418533071421, 8.468762486959921 ], [ -76.029407725709888, 8.468751759420915 ], [ -76.029397480757467, 8.468740819912966 ], [ -76.02938792502006, 8.468729845771934 ], [ -76.029379185303526, 8.468719014333692 ], [ -76.029371388413679, 8.468708502934142 ], [ -76.029348684983859, 8.468649709005382 ], [ -76.029337324562704, 8.468583077397893 ], [ -76.029315980049034, 8.468522803087833 ], [ -76.029299886899722, 8.468500652658296 ], [ -76.029281162103388, 8.46847983868887 ], [ -76.029260353488453, 8.468460266778548 ], [ -76.029238008883226, 8.468441842526426 ], [ -76.029214676116027, 8.46842447153173 ], [ -76.029190903015063, 8.468408059393868 ], [ -76.029167237408529, 8.468392511712382 ], [ -76.029125730853281, 8.468368375946236 ], [ -76.029081919702392, 8.468347489943245 ], [ -76.029036521590683, 8.468329333841522 ], [ -76.028990254153285, 8.468313387779409 ], [ -76.028943835025487, 8.468299131895574 ], [ -76.028881424170123, 8.468286678146157 ], [ -76.028817936423295, 8.468277705535895 ], [ -76.028757570203311, 8.468261519029854 ], [ -76.028717611838445, 8.468241617785965 ], [ -76.028679730147047, 8.468216730327605 ], [ -76.028643225218133, 8.468188754474584 ], [ -76.02860739713995, 8.468159588046602 ], [ -76.028571545999853, 8.468131128863307 ], [ -76.028547949907832, 8.468114216532783 ], [ -76.02852223692571, 8.468097438737466 ], [ -76.028494978776578, 8.468080708381368 ], [ -76.028466747183558, 8.468063938368655 ], [ -76.028438113869655, 8.468047041603697 ], [ -76.028409650557919, 8.468029930991023 ], [ -76.02838192897137, 8.468012519435385 ], [ -76.028355520833074, 8.467994719841698 ], [ -76.028330997865936, 8.46797644511507 ], [ -76.028308931792949, 8.46795760816075 ], [ -76.028289894336964, 8.467938121884131 ], [ -76.028274457220718, 8.467917899190681 ], [ -76.028263192166861, 8.467896852985934 ], [ -76.028256670897818, 8.46787489617542 ], [ -76.028255465135857, 8.4678519416646 ], [ -76.028291075169349, 8.467770869275556 ], [ -76.028330465632436, 8.467685141652852 ], [ -76.028332767004642, 8.467661459071689 ], [ -76.028332805596108, 8.467637063510354 ], [ -76.028330777702919, 8.467612184484263 ], [ -76.028326879621034, 8.467587051508861 ], [ -76.02832130764638, 8.46756189409953 ], [ -76.028314258074801, 8.467536941771712 ], [ -76.028305927202041, 8.467512424040839 ], [ -76.028296511323717, 8.467488570422386 ], [ -76.028286206735373, 8.467465610431869 ], [ -76.02827520973247, 8.467443773584844 ], [ -76.028259375855157, 8.467416697515512 ], [ -76.02824118126037, 8.467390290745398 ], [ -76.028220961930998, 8.467364784036221 ], [ -76.028199053849917, 8.467340408149786 ], [ -76.028175792999733, 8.467317393847997 ], [ -76.02815151536295, 8.467295971892881 ], [ -76.028126556921919, 8.467276373046616 ], [ -76.02810042449309, 8.467258228371289 ], [ -76.02807276701995, 8.467241297884838 ], [ -76.028043875940995, 8.467225815303934 ], [ -76.028014042694593, 8.467212014345373 ], [ -76.027983558719058, 8.467200128726057 ], [ -76.027952715452528, 8.467190392163056 ], [ -76.027921804333118, 8.467183038373548 ], [ -76.027885446064886, 8.46717791854412 ], [ -76.027848166040442, 8.467176119425122 ], [ -76.02781042772726, 8.467176830813697 ], [ -76.027772694593267, 8.467179242507015 ], [ -76.027735430106802, 8.467182544302334 ], [ -76.027699749710493, 8.467189378417153 ], [ -76.027663398892955, 8.467201340347874 ], [ -76.027626989213331, 8.467215558370995 ], [ -76.027591132231933, 8.46722916076285 ], [ -76.027556439510164, 8.467239275799558 ], [ -76.027523522610437, 8.467243031757127 ], [ -76.027492993096189, 8.467237556911428 ], [ -76.027480258159855, 8.467231878943863 ], [ -76.02746737036091, 8.467224550175869 ], [ -76.02745447881189, 8.467215783563139 ], [ -76.027441732625277, 8.467205792061465 ], [ -76.02742928091358, 8.46719478862663 ], [ -76.027417272789108, 8.467182986214468 ], [ -76.0274058573643, 8.467170597780836 ], [ -76.027395183751437, 8.46715783628164 ], [ -76.027385401062759, 8.467144914672811 ], [ -76.027376658410475, 8.467132045910308 ], [ -76.027369104906739, 8.467119442950096 ], [ -76.02736288966365, 8.46710731874817 ], [ -76.027356554418745, 8.467090153352668 ], [ -76.027352822730066, 8.467071824498694 ], [ -76.027351533505197, 8.467052491557631 ], [ -76.027352525651693, 8.467032313900811 ], [ -76.027355638077083, 8.467011450899484 ], [ -76.027360709688935, 8.466990061924912 ], [ -76.027367579394763, 8.466968306348299 ], [ -76.027376086102109, 8.466946343540847 ], [ -76.02738606871857, 8.466924332873706 ], [ -76.027397366151774, 8.46690243371801 ], [ -76.027409817309376, 8.466880805444909 ], [ -76.027423261099088, 8.466859607425505 ], [ -76.027437536428693, 8.466838999030919 ], [ -76.02745248220603, 8.466819139632253 ], [ -76.027467937338969, 8.466800188600603 ], [ -76.027483740735505, 8.466782305307074 ], [ -76.027499731303621, 8.466765649122779 ], [ -76.027515747951441, 8.46675037941883 ], [ -76.027531629587088, 8.466736655566345 ], [ -76.027589618996515, 8.466702332063971 ], [ -76.027655157104434, 8.466675262175452 ], [ -76.027718254552255, 8.466644371553464 ], [ -76.027730668316451, 8.466636762115126 ], [ -76.02774408428661, 8.466628724274345 ], [ -76.027758266336889, 8.466620316384509 ], [ -76.027772978341588, 8.466611596799023 ], [ -76.02778798417495, 8.46660262387131 ], [ -76.027803047711288, 8.46659345595484 ], [ -76.027817932824988, 8.466584151403072 ], [ -76.027832403390448, 8.466574768569519 ], [ -76.027846223282125, 8.466565365807696 ], [ -76.027859156374447, 8.466556001471167 ], [ -76.027870966542039, 8.466546733913473 ], [ -76.027881417659358, 8.466537621488209 ], [ -76.027890273601059, 8.46652872254894 ], [ -76.027897298241712, 8.466520095449226 ], [ -76.02790225545597, 8.466511798542639 ], [ -76.027904909118433, 8.466503890182713 ], [ -76.027905023103742, 8.466496428722943 ], [ -76.027897941661578, 8.466484697501812 ], [ -76.027882396495684, 8.466474805569979 ], [ -76.027860336107238, 8.466466110553933 ], [ -76.027833708997278, 8.466457970080299 ], [ -76.027804463666882, 8.466449741776014 ], [ -76.027774548617359, 8.466440783268521 ], [ -76.027745912350255, 8.466430452185824 ], [ -76.027720503367334, 8.466418106156494 ], [ -76.027700270170413, 8.466403102809618 ], [ -76.027691931420065, 8.466394729652766 ], [ -76.02768329766225, 8.466385547204931 ], [ -76.027674504767958, 8.466375669459781 ], [ -76.027665688608181, 8.466365210410979 ], [ -76.027656985053824, 8.466354284052233 ], [ -76.027648529975835, 8.466343004377247 ], [ -76.02764045924512, 8.466331485379762 ], [ -76.027632908732542, 8.466319841053551 ], [ -76.02762601430895, 8.466308185392371 ], [ -76.02761991184515, 8.466296632390021 ], [ -76.02761473721192, 8.466285296040311 ], [ -76.027610626280037, 8.466274290337045 ], [ -76.027607714920251, 8.466263729274056 ], [ -76.027606139003282, 8.466253726845137 ], [ -76.027606034399824, 8.466244397044107 ], [ -76.027607536980625, 8.466235853864751 ], [ -76.027611460812622, 8.46622681849192 ], [ -76.027617681470289, 8.466218239961281 ], [ -76.027625935327364, 8.466210097927419 ], [ -76.027635958757614, 8.466202372044933 ], [ -76.027647488134889, 8.466195041968373 ], [ -76.027660259832984, 8.466188087352332 ], [ -76.027674010225837, 8.466181487851387 ], [ -76.027688475687313, 8.466175223120132 ], [ -76.027703392591377, 8.466169272813213 ], [ -76.027718497311994, 8.466163616585273 ], [ -76.027733526223173, 8.466158234091033 ], [ -76.027748215698921, 8.466153104985223 ], [ -76.027762302113317, 8.466148208922611 ], [ -76.027775521840411, 8.46614352555801 ], [ -76.027818487833983, 8.466130605150948 ], [ -76.027862953220733, 8.466121502292044 ], [ -76.02790831005818, 8.466115207979369 ], [ -76.027953950403742, 8.466110713211378 ], [ -76.027999266314467, 8.466107008986974 ], [ -76.028092315216426, 8.466103100950301 ], [ -76.028185965729193, 8.46610571749256 ], [ -76.028279439751643, 8.466113868678496 ], [ -76.028371959181897, 8.466126564573919 ], [ -76.028453506208251, 8.466141596407077 ], [ -76.028534504742893, 8.466160474956693 ], [ -76.02861409091652, 8.46618289007035 ], [ -76.028857706674785, 8.466298803217574 ], [ -76.029086021791798, 8.466453023101748 ], [ -76.029321198900703, 8.466593016315368 ], [ -76.029380096206182, 8.466615942190231 ], [ -76.029444310877921, 8.466633670350705 ], [ -76.029511980429874, 8.466647877226697 ], [ -76.029581242377247, 8.466660239249027 ], [ -76.029650234236598, 8.466672432849453 ], [ -76.029717093526017, 8.466686134460774 ], [ -76.029779957764987, 8.466703020516672 ], [ -76.029836964474057, 8.466724767451755 ], [ -76.029886251174574, 8.466753051701406 ], [ -76.029925955387952, 8.466789549701664 ], [ -76.029954214634955, 8.466835937889083 ], [ -76.029970135210704, 8.466894305710868 ], [ -76.029979219192143, 8.466958392700517 ], [ -76.029990991940792, 8.46702159333927 ], [ -76.030063733263233, 8.467178138306874 ], [ -76.030156358027583, 8.467328128177334 ], [ -76.030213378828066, 8.46748608502088 ], [ -76.030215385560126, 8.467553432746517 ], [ -76.030211790228904, 8.467622034164041 ], [ -76.03021283115234, 8.467690191275258 ], [ -76.030215294303559, 8.467717413299102 ], [ -76.030217697962499, 8.467745217844135 ], [ -76.030220635698726, 8.467773115407825 ], [ -76.030224701081806, 8.467800616487573 ], [ -76.03023048768155, 8.467827231580666 ], [ -76.030238589067693, 8.467852471184333 ], [ -76.030249598810045, 8.467875845795687 ], [ -76.03027244167086, 8.467905751548086 ], [ -76.030301902774568, 8.467931758642678 ], [ -76.030334817705906, 8.467955841943519 ], [ -76.030368022049927, 8.467979976315615 ], [ -76.030398351392051, 8.468006136625087 ], [ -76.030480467334087, 8.468110993159389 ], [ -76.030553966827583, 8.46822383687355 ], [ -76.030639782893857, 8.468322236960304 ], [ -76.030670350783353, 8.46834756554879 ], [ -76.030702389361124, 8.468372816255098 ], [ -76.030735746488901, 8.468397461731064 ], [ -76.030770270028142, 8.468420974628687 ], [ -76.030805807840125, 8.468442827600056 ], [ -76.030842207785767, 8.4684624932974 ], [ -76.030879317725763, 8.468479444373097 ], [ -76.030916985520548, 8.468493153479697 ], [ -76.030955059030333, 8.468503093269847 ], [ -76.030993386115057, 8.468508736396371 ], [ -76.031023999994986, 8.468510333460101 ], [ -76.031055546438168, 8.468509993912173 ], [ -76.031087463248667, 8.468507788286926 ], [ -76.031119188230633, 8.468503787118886 ], [ -76.031150159188329, 8.46849806094275 ], [ -76.031179813926158, 8.468490680293353 ], [ -76.031350218710742, 8.468343723051365 ], [ -76.031516089313371, 8.468194694139321 ], [ -76.031555871839032, 8.468184425185958 ], [ -76.031597982679841, 8.468177880440001 ], [ -76.031641820298375, 8.468174797402332 ], [ -76.031686783157426, 8.468174913574074 ], [ -76.031732269719768, 8.468177966456652 ], [ -76.031777678448293, 8.468183693551786 ], [ -76.031822407805748, 8.468191832361521 ], [ -76.031865856254896, 8.468202120388273 ], [ -76.031907422258286, 8.468214295134752 ], [ -76.031988609388435, 8.468256401613441 ], [ -76.032066780796328, 8.468309213359086 ], [ -76.032149356012567, 8.468344829243266 ], [ -76.032185523082546, 8.468350050229951 ], [ -76.032222764052221, 8.468351872375292 ], [ -76.032260558899651, 8.468351134287731 ], [ -76.032298387603376, 8.468348674575761 ], [ -76.03233573014235, 8.468345331847988 ], [ -76.032363018301083, 8.468342928253719 ], [ -76.03239080220807, 8.468340468220921 ], [ -76.032418654546149, 8.468337420190483 ], [ -76.032446147998115, 8.468333252603454 ], [ -76.032472855246638, 8.468327433901029 ], [ -76.032498348974357, 8.468319432524579 ], [ -76.032522201863912, 8.468308716915592 ], [ -76.03256787924488, 8.468269582881309 ], [ -76.032608061689004, 8.468220160284057 ], [ -76.032653015144788, 8.46817918000057 ], [ -76.032681440835319, 8.468164491019797 ], [ -76.032711980269553, 8.468152812089246 ], [ -76.032744074251042, 8.468143701371696 ], [ -76.032777163583347, 8.468136717030077 ], [ -76.032810689070104, 8.468131417227498 ], [ -76.032844091514932, 8.468127360127319 ], [ -76.032876811721351, 8.468124103893134 ], [ -76.032918272509249, 8.46812131896638 ], [ -76.03296054271182, 8.468120646536246 ], [ -76.033003268853136, 8.46812215422446 ], [ -76.033046097457429, 8.468125909652885 ], [ -76.033088675048973, 8.468131980443536 ], [ -76.033130648152152, 8.468140434218569 ], [ -76.033171663291355, 8.468151338600308 ], [ -76.033211366991054, 8.468164761211227 ], [ -76.033249405775678, 8.468180769673959 ], [ -76.033305920060016, 8.468216031737445 ], [ -76.033359967715029, 8.468257603141288 ], [ -76.03341684332139, 8.468292555622014 ], [ -76.033457641830267, 8.468308747278192 ], [ -76.03350019914383, 8.468321500269031 ], [ -76.03354399519408, 8.468331354153452 ], [ -76.03358850991323, 8.468338848490529 ], [ -76.033633223233792, 8.468344522839498 ], [ -76.033677615088592, 8.468348916759767 ], [ -76.033739501432819, 8.468351743929199 ], [ -76.03380177528139, 8.468351020160643 ], [ -76.033863988977146, 8.468349420439448 ], [ -76.033961783648991, 8.468339730540837 ], [ -76.034062892637024, 8.46831695100262 ], [ -76.034166019359205, 8.468285208229622 ], [ -76.034269867238294, 8.468248628626451 ], [ -76.034373139701884, 8.468211338597417 ], [ -76.034474540182359, 8.4681774645465 ], [ -76.03457277211686, 8.468151132877376 ], [ -76.034666538946922, 8.468136469993491 ], [ -76.034754544118101, 8.468137602298125 ], [ -76.034835491079463, 8.468158656194619 ], [ -76.034908083282815, 8.468203758086545 ], [ -76.034924316517035, 8.468217523012589 ], [ -76.034941415347788, 8.46823195379541 ], [ -76.034958817836809, 8.468247061543618 ], [ -76.034975962045806, 8.46826285736598 ], [ -76.034992286036356, 8.468279352371377 ], [ -76.035007227870096, 8.468296557668832 ], [ -76.035020225608434, 8.468314484367461 ], [ -76.035030717312793, 8.468333143576501 ], [ -76.03503814104441, 8.468352546405228 ], [ -76.035037294463166, 8.468417675899527 ], [ -76.035037790121308, 8.468482442344541 ], [ -76.035054802104511, 8.468512374121286 ], [ -76.035079971227873, 8.468539268345683 ], [ -76.035107271173985, 8.468565644385741 ], [ -76.035130675625183, 8.468594021611345 ], [ -76.035155876039923, 8.468651049961705 ], [ -76.035175742511612, 8.468711361789621 ], [ -76.035204777948763, 8.4687612252227 ], [ -76.035225799634446, 8.468778788217554 ], [ -76.035250485605943, 8.468792448417002 ], [ -76.035278117023324, 8.468802888599624 ], [ -76.035307975046749, 8.468810791544124 ], [ -76.035339340836472, 8.468816840029373 ], [ -76.035371495552965, 8.468821716834398 ], [ -76.035403720357024, 8.46882610473841 ], [ -76.035435296409702, 8.468830686520764 ], [ -76.035465504872306, 8.468836144961006 ], [ -76.035611970558861, 8.468857505797006 ], [ -76.035760946280433, 8.468863966053195 ], [ -76.035911238554633, 8.46885994440507 ], [ -76.0360616539067, 8.468849859527536 ], [ -76.036210998869464, 8.468838130094934 ], [ -76.036246717455583, 8.468836690371321 ], [ -76.036284439142918, 8.468837103954252 ], [ -76.036323558541469, 8.468838740367595 ], [ -76.036363470261193, 8.468840969135471 ], [ -76.03640356891178, 8.468843159782367 ], [ -76.036443249102803, 8.468844681833094 ], [ -76.036481905443637, 8.468844904812817 ], [ -76.036518932543444, 8.468843198247022 ], [ -76.036553725011373, 8.468838931661441 ], [ -76.036585677456472, 8.468831474582084 ], [ -76.03661418448786, 8.468820196535084 ], [ -76.036638640714827, 8.46880446704664 ], [ -76.036658440747004, 8.468783655642936 ], [ -76.036683109194755, 8.468717925938893 ], [ -76.036694820319838, 8.468637558698459 ], [ -76.036714953939665, 8.468561134859872 ], [ -76.036725749447797, 8.468538199065492 ], [ -76.036737391719129, 8.468514708416397 ], [ -76.036749910677401, 8.468491084636126 ], [ -76.036763336246366, 8.468467749448244 ], [ -76.036777698349752, 8.468445124576236 ], [ -76.036793026911369, 8.468423631743571 ], [ -76.036809351855055, 8.468403692673686 ], [ -76.036826703104666, 8.468385729089972 ], [ -76.036845110584139, 8.468370162715779 ], [ -76.036864604217584, 8.46835741527439 ], [ -76.036882719932663, 8.46834850080675 ], [ -76.036902407945817, 8.468341002360207 ], [ -76.036923394663177, 8.468334900191493 ], [ -76.036945406490773, 8.468330174557416 ], [ -76.03696816983485, 8.468326805714778 ], [ -76.036991411101567, 8.468324773920497 ], [ -76.03701485669724, 8.46832405943147 ], [ -76.037038233028156, 8.468324642504717 ], [ -76.037061266500615, 8.468326503397304 ], [ -76.037083683520976, 8.468329622366355 ], [ -76.037105210495554, 8.468333979669094 ], [ -76.037125573830664, 8.46833955556278 ], [ -76.037182338510448, 8.46837213404072 ], [ -76.037235845031404, 8.468416855468991 ], [ -76.037293011105447, 8.468451342143398 ], [ -76.037331797543416, 8.468461606389061 ], [ -76.037372499593715, 8.468466789955075 ], [ -76.03741430442426, 8.46846875125591 ], [ -76.037456399204032, 8.46846934870606 ], [ -76.037497971102823, 8.468470440720129 ], [ -76.037634676871079, 8.46847172452075 ], [ -76.037771591823414, 8.468464788296695 ], [ -76.037908043171299, 8.468452977392442 ], [ -76.037971313797883, 8.468448310394136 ], [ -76.038035538355686, 8.468444868182065 ], [ -76.038099665170137, 8.468440398243445 ], [ -76.038162642565382, 8.468432648066679 ], [ -76.038223418864646, 8.468419365141347 ], [ -76.038280942390386, 8.468398296958005 ], [ -76.038309941127551, 8.468384293046302 ], [ -76.038339092852794, 8.468368859470189 ], [ -76.038367840992223, 8.468351957862767 ], [ -76.038395628972111, 8.468333549857222 ], [ -76.038421900218907, 8.468313597086883 ], [ -76.03844609815927, 8.468292061185148 ], [ -76.038467666220058, 8.468268903785479 ], [ -76.03848912841579, 8.468239448125836 ], [ -76.038507528549317, 8.468207041226664 ], [ -76.038523410988702, 8.468172540018744 ], [ -76.03853732010181, 8.468136801432687 ], [ -76.038549800256447, 8.468100682398999 ], [ -76.038561395820167, 8.468065039848131 ], [ -76.038578595323074, 8.467928616450759 ], [ -76.038576689867313, 8.467787106400435 ], [ -76.038599762671964, 8.467656917123669 ], [ -76.038622715433391, 8.467610705908355 ], [ -76.038651298883678, 8.467566150002432 ], [ -76.038684645641652, 8.467523304616694 ], [ -76.038721888326691, 8.467482224961872 ], [ -76.038762159558715, 8.467442966248685 ], [ -76.038804591958296, 8.467405583687986 ], [ -76.038848318146492, 8.467370132490784 ], [ -76.038892470744884, 8.467336667868341 ], [ -76.038936182375565, 8.467305245032161 ], [ -76.039126385814797, 8.467225403187681 ], [ -76.039335372657291, 8.467173600712959 ], [ -76.039514536176327, 8.467084116256775 ], [ -76.039552537002848, 8.467048357221428 ], [ -76.039589322007103, 8.467009106387236 ], [ -76.03962441376278, 8.466966933878535 ], [ -76.039657334844151, 8.466922409819674 ], [ -76.039687607825925, 8.466876104334933 ], [ -76.0397147552832, 8.466828587548557 ], [ -76.039738299791509, 8.466780429584675 ], [ -76.039757763926715, 8.4667322005673 ], [ -76.039778643522837, 8.466554249619001 ], [ -76.039759858063576, 8.466363966128254 ], [ -76.039759254825796, 8.466175524405719 ], [ -76.039762125072556, 8.466151491810834 ], [ -76.039764123048485, 8.466126424282717 ], [ -76.039765949384957, 8.466100960751467 ], [ -76.039768304713164, 8.466075740147227 ], [ -76.039771889664024, 8.466051401400172 ], [ -76.039777404868303, 8.46602858344051 ], [ -76.039785550956537, 8.466007925198406 ], [ -76.039797028559207, 8.465990065603956 ], [ -76.039808520992196, 8.465978164897251 ], [ -76.039822100612994, 8.465967507610715 ], [ -76.039837426452237, 8.465958004370913 ], [ -76.039854157540617, 8.465949565804477 ], [ -76.039871952908911, 8.465942102538001 ], [ -76.039890471587896, 8.465935525198161 ], [ -76.039909372608449, 8.465929744411664 ], [ -76.039928315001461, 8.465924670805308 ], [ -76.039946957797838, 8.465920215005914 ], [ -76.039964960028556, 8.465916287640404 ], [ -76.040027785279975, 8.465915389192853 ], [ -76.040092386300898, 8.465922933173037 ], [ -76.040151332540077, 8.465916782391705 ], [ -76.040184903347097, 8.465896631847999 ], [ -76.040214328524854, 8.465867008533136 ], [ -76.040241918138832, 8.465832656124327 ], [ -76.040269982254671, 8.46579831829774 ], [ -76.040300830937696, 8.465768738728721 ], [ -76.040361910246659, 8.465730324542397 ], [ -76.040426662943318, 8.465696620280969 ], [ -76.040487500624522, 8.465657896199883 ], [ -76.040531902853346, 8.465615621265139 ], [ -76.040573483957232, 8.465569728938538 ], [ -76.040618314177109, 8.465528349685451 ], [ -76.040643648672457, 8.46550980998639 ], [ -76.040670220691396, 8.465491552728238 ], [ -76.040697791199023, 8.465474107820917 ], [ -76.040726121160702, 8.465458005174344 ], [ -76.040754971541958, 8.465443774698421 ], [ -76.040784103308582, 8.465431946303038 ], [ -76.040813277426508, 8.465423049898099 ], [ -76.040842254861957, 8.465417615393504 ], [ -76.04093976883631, 8.465436028934144 ], [ -76.041039521897517, 8.465483070100671 ], [ -76.041140198990959, 8.465511182856666 ], [ -76.041193329080599, 8.465503792343069 ], [ -76.041248101848666, 8.465485091597634 ], [ -76.041302417272107, 8.465464588561931 ], [ -76.041354175333453, 8.465451791176704 ], [ -76.04140127602038, 8.465456207381958 ], [ -76.041415142382448, 8.465461844091495 ], [ -76.04142963121528, 8.465468801598806 ], [ -76.041444462692013, 8.465476987506774 ], [ -76.041459356985712, 8.465486309418317 ], [ -76.041474034269385, 8.465496674936452 ], [ -76.041488214716068, 8.465507991664202 ], [ -76.041501618498728, 8.465520167204687 ], [ -76.041513965790301, 8.465533109161067 ], [ -76.04152497676364, 8.465546725136548 ], [ -76.041529301165895, 8.465552863957118 ], [ -76.041533296861132, 8.465559103628715 ], [ -76.041536938980187, 8.465565437523745 ], [ -76.041540202653891, 8.465571859014608 ], [ -76.041543063013037, 8.465578361473741 ], [ -76.04154549518843, 8.465584938273544 ], [ -76.04154747431086, 8.465591582786429 ], [ -76.041548975511205, 8.465598288384806 ], [ -76.041549973920212, 8.465605048441089 ], [ -76.041550644965938, 8.465612399223108 ], [ -76.041551055357587, 8.465620068242215 ], [ -76.041551120445277, 8.46562777286301 ], [ -76.041550755579195, 8.465635230450053 ], [ -76.0415498761094, 8.465642158367935 ], [ -76.041545623567004, 8.465653795782645 ], [ -76.041537875545444, 8.465662617892033 ], [ -76.04152712646048, 8.465669056449313 ], [ -76.041513870727982, 8.465673543207613 ], [ -76.041498602763895, 8.465676509920067 ], [ -76.041481816984259, 8.465678388339825 ], [ -76.04146400780499, 8.465679610220137 ], [ -76.041445669642073, 8.465680607314338 ], [ -76.041427296911436, 8.465681811375887 ], [ -76.041409384028938, 8.465683654158349 ], [ -76.041392425410422, 8.465686567415421 ], [ -76.04137691547173, 8.465690982900874 ], [ -76.041363348628707, 8.465697332368565 ], [ -76.041317278879731, 8.465736506145396 ], [ -76.041276189891946, 8.465784032800375 ], [ -76.041232546261739, 8.465826878075692 ], [ -76.041040155336432, 8.465884558694516 ], [ -76.040819792352892, 8.465890983122623 ], [ -76.04063580417602, 8.465955184781935 ], [ -76.040590988765388, 8.466007962034569 ], [ -76.040550580210123, 8.466067739113873 ], [ -76.040504900803995, 8.466121840342772 ], [ -76.040448729013349, 8.466159405017793 ], [ -76.040387812836357, 8.466191860943932 ], [ -76.040336861547232, 8.466232727674274 ], [ -76.040321766721362, 8.466253203865172 ], [ -76.040308415664967, 8.466275613360914 ], [ -76.04029663848695, 8.466299466639819 ], [ -76.040286265296245, 8.466324274180144 ], [ -76.040277126201801, 8.466349546460055 ], [ -76.040269051312492, 8.466374793957741 ], [ -76.040261870737183, 8.466399527151337 ], [ -76.040253116120041, 8.46649967942056 ], [ -76.040272222256974, 8.466602811504083 ], [ -76.040304884730404, 8.466707848542949 ], [ -76.040336799107877, 8.466813715685436 ], [ -76.040353660942031, 8.466919338089678 ], [ -76.040356407344404, 8.466966048552274 ], [ -76.040358936268404, 8.467013155936176 ], [ -76.040358704059074, 8.467059743443084 ], [ -76.040353167060161, 8.467104894275076 ], [ -76.040343110893375, 8.467141734575954 ], [ -76.040328755823367, 8.467177786423031 ], [ -76.040310946441309, 8.467213037196526 ], [ -76.040290527338797, 8.467247474276579 ], [ -76.040268343107812, 8.467281085043288 ], [ -76.040245238340674, 8.46731385687683 ], [ -76.040222057630118, 8.467345777157449 ], [ -76.040181190570252, 8.467397223069165 ], [ -76.040136931379465, 8.467446313384011 ], [ -76.040091200408071, 8.467493872859572 ], [ -76.040040648434868, 8.467545623204773 ], [ -76.039988672088356, 8.467597403801371 ], [ -76.039935029765118, 8.467647829566969 ], [ -76.039879479862122, 8.467695515418805 ], [ -76.039821780776862, 8.467739076273677 ], [ -76.039761690907298, 8.46777712704794 ], [ -76.039698968652289, 8.467808282657421 ], [ -76.039631647236206, 8.467825685490004 ], [ -76.039556968458427, 8.467830520000282 ], [ -76.039480136003704, 8.467830648185016 ], [ -76.039406353552778, 8.467833932046942 ], [ -76.039340824782201, 8.467848233594619 ], [ -76.039288753366719, 8.467881414840988 ], [ -76.039268400806748, 8.467906393414228 ], [ -76.039250616583303, 8.467935301776343 ], [ -76.039234895956028, 8.467966964712332 ], [ -76.039220734184568, 8.468000207007048 ], [ -76.039207626528452, 8.468033853445236 ], [ -76.039195068247054, 8.468066728811536 ], [ -76.039177227317396, 8.468116526091313 ], [ -76.039161835275308, 8.468167419225447 ], [ -76.039148944834821, 8.468218957759991 ], [ -76.039138608710019, 8.468270691240935 ], [ -76.039136940764706, 8.468395019310677 ], [ -76.039149148912813, 8.468521235056162 ], [ -76.03913761209202, 8.468641803158084 ], [ -76.039109305480579, 8.46870405327831 ], [ -76.039073578267647, 8.468764538491946 ], [ -76.039043925924659, 8.46882711718375 ], [ -76.039030636857348, 8.468889022992393 ], [ -76.039022401723756, 8.468952670643963 ], [ -76.039006151996517, 8.469012574307504 ], [ -76.03898801675453, 8.469046957992678 ], [ -76.038965400196275, 8.469079665774133 ], [ -76.038939624083071, 8.469110897523494 ], [ -76.038912010176844, 8.469140853112465 ], [ -76.038883880240093, 8.469169732412944 ], [ -76.038856556035739, 8.469197735297055 ], [ -76.038706796471942, 8.469309993262179 ], [ -76.038533326966018, 8.46936900694244 ], [ -76.038340434479466, 8.469385342574093 ], [ -76.03813240597681, 8.469369566400081 ], [ -76.037913528414094, 8.469332244675178 ], [ -76.037688088729894, 8.469283943669842 ], [ -76.037460373840148, 8.46923522967278 ], [ -76.037234670635712, 8.469196668992064 ], [ -76.037015265983541, 8.469178827954952 ], [ -76.036806446730793, 8.469192272906348 ], [ -76.036754208069596, 8.469198910804502 ], [ -76.036701403756254, 8.469204735235992 ], [ -76.036649842983408, 8.469213471105403 ], [ -76.036601334942461, 8.469228843318909 ], [ -76.036571304078038, 8.469243575370195 ], [ -76.036542056124162, 8.469261325913925 ], [ -76.036513790983477, 8.469281564406376 ], [ -76.036486708558954, 8.469303760303797 ], [ -76.036461008753761, 8.469327383062383 ], [ -76.036436891471297, 8.469351902138309 ], [ -76.036414556615071, 8.469376786987713 ], [ -76.036356013100587, 8.469514252321686 ], [ -76.036327312932571, 8.46967284408538 ], [ -76.03626431406073, 8.469803171742532 ], [ -76.036237780347591, 8.469826706801534 ], [ -76.036208282528193, 8.469848546351011 ], [ -76.036176505939153, 8.469868694823003 ], [ -76.0361431359173, 8.469887156649667 ], [ -76.036108857799789, 8.469903936263284 ], [ -76.036074356923976, 8.46991903809632 ], [ -76.036040318627414, 8.469932466581444 ], [ -76.035982558700852, 8.469950308796388 ], [ -76.035922437836376, 8.469962002153219 ], [ -76.035860500139464, 8.469968252470242 ], [ -76.035797289715546, 8.469969765566168 ], [ -76.035733350669801, 8.469967247260167 ], [ -76.035669227107306, 8.469961403371896 ], [ -76.035605463132711, 8.469952939721541 ], [ -76.035542602850271, 8.469942562129825 ], [ -76.035481190363853, 8.469930976418006 ], [ -76.03542907633063, 8.469920312317674 ], [ -76.035376889294398, 8.469908077470746 ], [ -76.035325637529141, 8.469893237678257 ], [ -76.035276329309369, 8.469874758741641 ], [ -76.035179943793011, 8.469813437833116 ], [ -76.035091163266301, 8.469736529290916 ], [ -76.034997320688078, 8.469669907306947 ], [ -76.034846616481872, 8.469617525048099 ], [ -76.034686051231347, 8.469585181849059 ], [ -76.034531734063719, 8.469538771047818 ], [ -76.034432794012261, 8.469478219061306 ], [ -76.034339377484116, 8.4694033539985 ], [ -76.034244456173937, 8.469335630691333 ], [ -76.034141001752189, 8.469296503970916 ], [ -76.03411069441394, 8.469292285629392 ], [ -76.034079488498563, 8.469289355621802 ], [ -76.03404783151619, 8.469287988030002 ], [ -76.034016170976926, 8.469288456936034 ], [ -76.033984954390888, 8.469291036422094 ], [ -76.033954629268095, 8.469296000570557 ], [ -76.033919714093443, 8.469305494785885 ], [ -76.03388533242456, 8.469318572087445 ], [ -76.033851614322657, 8.469334280185175 ], [ -76.033818689849326, 8.469351666788874 ], [ -76.033786689066446, 8.469369779608298 ], [ -76.033717145801731, 8.469424901531216 ], [ -76.033652443452397, 8.469487896933394 ], [ -76.033581225838034, 8.469536229300896 ], [ -76.033543771023957, 8.469549334835293 ], [ -76.033504267157952, 8.46955831683894 ], [ -76.033463368326977, 8.469564159388748 ], [ -76.033421728617967, 8.469567846561949 ], [ -76.033380002117511, 8.469570362436171 ], [ -76.033338842912016, 8.469572691089475 ], [ -76.033276630060143, 8.469575520125172 ], [ -76.033214216638711, 8.469575640760201 ], [ -76.033152469329721, 8.469572197298829 ], [ -76.032969645464732, 8.469518132032992 ], [ -76.032793228796947, 8.469429780979587 ], [ -76.032612536993355, 8.469366635559339 ], [ -76.03256614003412, 8.469358927388489 ], [ -76.03251756922522, 8.469351033091433 ], [ -76.032467465763773, 8.469343506533919 ], [ -76.032416470846698, 8.469336901582126 ], [ -76.032365225670617, 8.469331772102656 ], [ -76.032314371431923, 8.469328671962616 ], [ -76.032264549326868, 8.469328155029505 ], [ -76.03221640055159, 8.469330775171256 ], [ -76.032170566302085, 8.469337086256161 ], [ -76.032127687774491, 8.469347642152819 ], [ -76.032088406164988, 8.469362996730045 ], [ -76.032053362670112, 8.469383703856789 ], [ -76.032025985281251, 8.469406417525827 ], [ -76.032000239547287, 8.469433532465462 ], [ -76.031976157863397, 8.469464425609006 ], [ -76.03195377262503, 8.469498473889669 ], [ -76.03193311622779, 8.469535054240547 ], [ -76.031914221067396, 8.469573543594677 ], [ -76.031897119539778, 8.469613318884978 ], [ -76.031881844040825, 8.46965375704433 ], [ -76.031868426966582, 8.469694235005532 ], [ -76.031856900713024, 8.469734129701326 ], [ -76.031847297676109, 8.469772818064419 ], [ -76.03184171944568, 8.469797057343843 ], [ -76.031835832410579, 8.469822701821666 ], [ -76.031829889540248, 8.469849443754129 ], [ -76.031824143804158, 8.469876975397431 ], [ -76.03181884817181, 8.469904989007782 ], [ -76.031814255612787, 8.469933176841364 ], [ -76.03181061909676, 8.46996123115434 ], [ -76.031808191593456, 8.469988844202847 ], [ -76.03180722607263, 8.470015708242988 ], [ -76.031807975504051, 8.470041515530832 ], [ -76.031810692857519, 8.470065958322442 ], [ -76.031815631102816, 8.470088728873801 ], [ -76.031823043209641, 8.470109519440866 ], [ -76.031833182147651, 8.47012802227955 ], [ -76.031846300886386, 8.470143929645706 ], [ -76.031877970652147, 8.470164827444336 ], [ -76.031918546966494, 8.470179049630602 ], [ -76.03196376910573, 8.470190300528683 ], [ -76.03200937634783, 8.470202284464104 ], [ -76.032051107972705, 8.470218705763939 ], [ -76.032100248566834, 8.470246834736754 ], [ -76.032147627511975, 8.470278672976905 ], [ -76.032193252523385, 8.470313125225351 ], [ -76.032237131315583, 8.470349096223247 ], [ -76.032336643042825, 8.470453419098657 ], [ -76.032424698813642, 8.470570082236893 ], [ -76.032515797350356, 8.470683845220359 ], [ -76.032757852282572, 8.470912746016182 ], [ -76.033015957028866, 8.471126347541432 ], [ -76.03325948642609, 8.471353843899237 ], [ -76.033383265005369, 8.471502707871084 ], [ -76.033502131693609, 8.471656254583648 ], [ -76.033631037703429, 8.471800171998282 ], [ -76.033684706622836, 8.471852437924328 ], [ -76.033739867120957, 8.471903273356483 ], [ -76.033798376184151, 8.471949068276125 ], [ -76.033850334083112, 8.471981561615374 ], [ -76.033905240620555, 8.472010134925052 ], [ -76.033962089542797, 8.472035524808433 ], [ -76.034019874596567, 8.47205846786925 ], [ -76.034077589529019, 8.472079700711809 ], [ -76.034285904583541, 8.472111172442444 ], [ -76.034507333043479, 8.472099639231013 ], [ -76.034723511717559, 8.472097252857974 ], [ -76.03491607754404, 8.472156165103828 ], [ -76.034934473658595, 8.472167033233189 ], [ -76.034954022497345, 8.472178112819561 ], [ -76.034974153638117, 8.472189505033072 ], [ -76.034994296658681, 8.472201311044037 ], [ -76.035013881136891, 8.472213632022859 ], [ -76.035032336650502, 8.472226569140089 ], [ -76.035049092777356, 8.472240223566386 ], [ -76.035063579095109, 8.472254696472545 ], [ -76.035075225181487, 8.47227008902942 ], [ -76.035083460614004, 8.472286502407927 ], [ -76.035086999260798, 8.472298231690415 ], [ -76.035089371875216, 8.472311112283117 ], [ -76.035090647764491, 8.472324940205576 ], [ -76.035090896235943, 8.472339511477283 ], [ -76.035090186596832, 8.472354622117768 ], [ -76.035088588154395, 8.472370068146544 ], [ -76.035086170215891, 8.47238564558309 ], [ -76.03508300208857, 8.472401150446913 ], [ -76.035079153079693, 8.472416378757487 ], [ -76.035074692496508, 8.472431126534278 ], [ -76.035069689646321, 8.472445189796767 ], [ -76.035064213836407, 8.472458364564401 ], [ -76.035058334374071, 8.472470446856635 ], [ -76.035052120566675, 8.472481232692916 ], [ -76.035045641721581, 8.472490518092673 ], [ -76.035034546377389, 8.472501963468728 ], [ -76.035021081958959, 8.472511124959901 ], [ -76.035005480675395, 8.472518154357408 ], [ -76.034987974735884, 8.472523203452463 ], [ -76.034968796349673, 8.472526424036273 ], [ -76.034948177726051, 8.472527967900053 ], [ -76.034926351074333, 8.472527986835038 ], [ -76.034903548603893, 8.472526632632517 ], [ -76.034880002524048, 8.472524057083824 ], [ -76.034855945044143, 8.472520411980343 ], [ -76.034831608373537, 8.472515849113542 ], [ -76.03480722472149, 8.472510520274954 ], [ -76.034783026297319, 8.472504577256185 ], [ -76.034759245310227, 8.472498171848919 ], [ -76.034736113969444, 8.472491455844914 ], [ -76.034713864484118, 8.472484581036008 ], [ -76.034692729063366, 8.472477699214085 ], [ -76.034672939916263, 8.472470962171128 ], [ -76.034597035620166, 8.472433183443405 ], [ -76.034524340535043, 8.472384763352606 ], [ -76.034449635643256, 8.472340482070923 ], [ -76.034415935207278, 8.472323454447217 ], [ -76.034381546932281, 8.472305339089909 ], [ -76.034346708392164, 8.472287524878597 ], [ -76.034311657160188, 8.472271400693174 ], [ -76.034276630809075, 8.472258355413794 ], [ -76.034241866910932, 8.472249777920911 ], [ -76.034207603037459, 8.472247057095212 ], [ -76.034180622490794, 8.472249550094634 ], [ -76.03415322235044, 8.472255651576914 ], [ -76.034125631048909, 8.472264877165921 ], [ -76.034098077018783, 8.472276742485622 ], [ -76.034070788693001, 8.472290763159917 ], [ -76.034043994504586, 8.472306454812728 ], [ -76.034017922886761, 8.472323333067987 ], [ -76.033992802272948, 8.472340913549631 ], [ -76.033968861096739, 8.472358711881556 ], [ -76.033946327791853, 8.472376243687657 ], [ -76.033903977883938, 8.472414863753107 ], [ -76.033866190335573, 8.472459207288898 ], [ -76.033832596924029, 8.472508388135561 ], [ -76.033802829426747, 8.472561520133196 ], [ -76.033776519621441, 8.472617717121556 ], [ -76.033753299285706, 8.472676092940103 ], [ -76.033732800197072, 8.472735761428128 ], [ -76.033714654132837, 8.47279583642478 ], [ -76.033698492870045, 8.472855431769094 ], [ -76.033683948185455, 8.472913661300058 ], [ -76.033666362599405, 8.473004427033104 ], [ -76.033655489203738, 8.473097286109029 ], [ -76.033649276048862, 8.473191086057913 ], [ -76.033645671182896, 8.473284674410147 ], [ -76.033646607500899, 8.473323861862449 ], [ -76.033649370318543, 8.473363461210523 ], [ -76.033650178119842, 8.473402326067404 ], [ -76.033645249387192, 8.473439310046681 ], [ -76.033639832411737, 8.473457986273756 ], [ -76.033632986087966, 8.473477023841223 ], [ -76.033624785490716, 8.473496179402039 ], [ -76.03361530569471, 8.473515209609211 ], [ -76.033604621774785, 8.473533871115652 ], [ -76.033592808805722, 8.473551920574298 ], [ -76.033579941862456, 8.47356911463805 ], [ -76.03356609601984, 8.473585209959804 ], [ -76.033551346352851, 8.473599963192413 ], [ -76.033535767936527, 8.473613130988731 ], [ -76.033528045544344, 8.473618811812559 ], [ -76.033520168236862, 8.473624059277586 ], [ -76.033512137061521, 8.473628837252207 ], [ -76.033503953065875, 8.473633109604757 ], [ -76.033495617297433, 8.473636840203607 ], [ -76.033483189658398, 8.473641539740832 ], [ -76.033469918291033, 8.473645788274803 ], [ -76.033456131071844, 8.473649439318461 ], [ -76.033442155877452, 8.473652346384741 ], [ -76.033428320584534, 8.473654362986602 ], [ -76.033414953069823, 8.47365534263707 ], [ -76.033402381210024, 8.473655138849184 ], [ -76.033387065693361, 8.473652501630845 ], [ -76.033372485667996, 8.473646987019468 ], [ -76.033358608870955, 8.473638896399098 ], [ -76.033345403039249, 8.473628531153773 ], [ -76.033332835909761, 8.473616192667567 ], [ -76.033320875219346, 8.473602182324566 ], [ -76.033309488704802, 8.473586801508857 ], [ -76.033298644102885, 8.473570351604527 ], [ -76.033288309150251, 8.473553133995697 ], [ -76.03327845158357, 8.473535450066468 ], [ -76.03326903913937, 8.473517601200976 ], [ -76.033260039554236, 8.473499888783333 ], [ -76.033251420564639, 8.473482614197678 ], [ -76.033243149907037, 8.473466078828134 ], [ -76.033235195317843, 8.473450584058844 ], [ -76.033208755691049, 8.473267943268739 ], [ -76.033235314016054, 8.4730656641031 ], [ -76.033218108984158, 8.472875303378169 ], [ -76.033187986131111, 8.47281938268643 ], [ -76.033153041073533, 8.472764775343775 ], [ -76.033125366756622, 8.472708053600579 ], [ -76.033114310701592, 8.472616647882113 ], [ -76.033118755942681, 8.472520734347519 ], [ -76.033107482197934, 8.472429675303745 ], [ -76.033094348776785, 8.472396795677588 ], [ -76.033078259567873, 8.472364554314399 ], [ -76.033059805447181, 8.47233304334179 ], [ -76.033039577290467, 8.47230235488751 ], [ -76.033018165973289, 8.472272581079485 ], [ -76.032996162371035, 8.472243814045822 ] ] ] } },
{ "type": "Feature", "properties": { "OBJECTID": 8910.0, "NOMBRE_GEO": null, "PROYECTO": null, "SYMBOL": "3", "FECHA": null, "RULEID": 1, "PK_CUE": 706390.0, "GLOBALID": "{766E31D5-DCEE-47A5-81CB-0BC3F99E26FF}", "SHAPE_Leng": 691.61400315049752, "SHAPE_Area": 12191.521954428032 }, "geometry": { "type": "Polygon", "coordinates": [ [ [ -76.014285980151868, 8.458143875339289 ], [ -76.014064976045546, 8.457941054373931 ], [ -76.014065478555551, 8.457757230655648 ], [ -76.01423200918947, 8.457628996910225 ], [ -76.014472030265452, 8.457629652851235 ], [ -76.014656911840078, 8.45753823119791 ], [ -76.014675938060449, 8.457336074326196 ], [ -76.014842611940992, 8.457152691620321 ], [ -76.015046160792352, 8.456987796859337 ], [ -76.015304696091818, 8.456970119246733 ], [ -76.015618577164332, 8.456970963107956 ], [ -76.015803206749396, 8.456971466391078 ], [ -76.015821174063845, 8.457155350674462 ], [ -76.015525152182363, 8.457375141666034 ], [ -76.015322052430108, 8.457374593725993 ], [ -76.014989513314518, 8.457447222710353 ], [ -76.014896789108064, 8.457594033918046 ], [ -76.014914603432487, 8.457833067275816 ], [ -76.015043646002312, 8.457906953548639 ], [ -76.015173192276364, 8.457796999946746 ], [ -76.01533946108664, 8.457760690337219 ], [ -76.015486919681024, 8.45785300069406 ], [ -76.015542003622173, 8.457963457616167 ], [ -76.015541807070051, 8.458036985166004 ], [ -76.015412358675846, 8.458110169683268 ], [ -76.015246189377947, 8.458109711963964 ], [ -76.014950769076933, 8.45810891278847 ], [ -76.014803058862114, 8.458108508598485 ], [ -76.014544677261568, 8.458071039934653 ], [ -76.014404980180728, 8.458110367822059 ], [ -76.014285980151868, 8.458143875339289 ] ] ] } },
{ "type": "Feature", "properties": { "OBJECTID": 8911.0, "NOMBRE_GEO": null, "PROYECTO": null, "SYMBOL": "3", "FECHA": null, "RULEID": 1, "PK_CUE": 706391.0, "GLOBALID": "{363CDB41-7441-4869-9412-528C65E5AD51}", "SHAPE_Leng": 331.85136450784171, "SHAPE_Area": 6681.3821668400633 }, "geometry": { "type": "Polygon", "coordinates": [ [ [ -76.014592844251254, 8.460704568393997 ], [ -76.014629783283169, 8.46070007583331 ], [ -76.014795656794746, 8.46081083025113 ], [ -76.014905934320979, 8.460994956719398 ], [ -76.014905629277223, 8.461105260824704 ], [ -76.014942252689821, 8.461215655019815 ], [ -76.014941650783172, 8.461436255024967 ], [ -76.014793591250495, 8.461564534077999 ], [ -76.014645476805683, 8.461711192792592 ], [ -76.014497362325642, 8.461857861429332 ], [ -76.014448278340865, 8.461828359596636 ], [ -76.014405194766397, 8.461802462371843 ], [ -76.014313280337802, 8.461655146923507 ], [ -76.014313782962532, 8.461471316038384 ], [ -76.014388145409598, 8.461287681680696 ], [ -76.014333158805911, 8.461140466277451 ], [ -76.014296732995703, 8.460956536198701 ], [ -76.01433426386366, 8.460736036165335 ], [ -76.014592844251254, 8.460704568393997 ] ] ] } },
{ "type": "Feature", "properties": { "OBJECTID": 8912.0, "NOMBRE_GEO": null, "PROYECTO": null, "SYMBOL": "3", "FECHA": null, "RULEID": 1, "PK_CUE": 706392.0, "GLOBALID": "{B1170434-3E9A-4FAE-A1E0-5C021D31F1B0}", "SHAPE_Leng": 2808.9347781204056, "SHAPE_Area": 114775.62911363439 }, "geometry": { "type": "Polygon", "coordinates": [ [ [ -76.073105643364215, 8.410325465968979 ], [ -76.07308299064249, 8.410269437702187 ], [ -76.073061565190557, 8.41021071878213 ], [ -76.07304167132078, 8.410149742032578 ], [ -76.073023613345228, 8.410086940277415 ], [ -76.073007695575512, 8.410022746340747 ], [ -76.072994222322791, 8.409957593046784 ], [ -76.072983497897908, 8.409891913219841 ], [ -76.072975826611241, 8.409826139684347 ], [ -76.072971512772853, 8.409760705264741 ], [ -76.072970860692379, 8.40969604278553 ], [ -76.072974174679288, 8.40963258507113 ], [ -76.072981759042619, 8.409570764945938 ], [ -76.072993918091328, 8.409511015234182 ], [ -76.073010956134127, 8.409453768759915 ], [ -76.073033177479729, 8.409399458346952 ], [ -76.073060886436721, 8.409348516818779 ], [ -76.073094387313873, 8.409301376998485 ], [ -76.073116560402156, 8.409274842259753 ], [ -76.073140311824432, 8.409248445882586 ], [ -76.073165516237111, 8.409222894109224 ], [ -76.073192048296846, 8.40919889318182 ], [ -76.073219782660502, 8.409177149342465 ], [ -76.07324534254677, 8.409159870355705 ], [ -76.073272146992892, 8.409143889572645 ], [ -76.073299943582242, 8.409129287027227 ], [ -76.073328479898208, 8.409116142753403 ], [ -76.073357503524335, 8.409104536785181 ], [ -76.073386762044279, 8.409094549156601 ], [ -76.073446765657778, 8.409083931917849 ], [ -76.073508642924949, 8.409079229099712 ], [ -76.073567502590095, 8.409067329631608 ], [ -76.073590816395608, 8.409058400432592 ], [ -76.07361435738288, 8.409048118751869 ], [ -76.07363784576782, 8.409036527690226 ], [ -76.073661001766496, 8.409023670348496 ], [ -76.073683545595003, 8.409009589827539 ], [ -76.073705197469494, 8.408994329228291 ], [ -76.073725677606234, 8.408977931651687 ], [ -76.073744706221618, 8.408960440198712 ], [ -76.073762003532096, 8.40894189797033 ], [ -76.073777289754247, 8.408922348067524 ], [ -76.073790285104693, 8.408901833591267 ], [ -76.073802289038412, 8.408876505980981 ], [ -76.073811776629555, 8.408849235165517 ], [ -76.073819466363474, 8.408820800422008 ], [ -76.073826076725311, 8.4087919810275 ], [ -76.073832326199948, 8.408763556259043 ], [ -76.07383691029429, 8.408620525047688 ], [ -76.073820926021583, 8.408474434754226 ], [ -76.073833430639951, 8.408334565836489 ], [ -76.073841988068324, 8.408308094649119 ], [ -76.073851166405802, 8.408281213177085 ], [ -76.073861426746362, 8.40825456805206 ], [ -76.07387323018385, 8.408228805905678 ], [ -76.073887037812, 8.408204573369524 ], [ -76.073903310724504, 8.408182517075067 ], [ -76.073915243861038, 8.408169240090764 ], [ -76.073928133719207, 8.408156383455248 ], [ -76.073941860914019, 8.408144165877571 ], [ -76.073956306060552, 8.408132806066805 ], [ -76.073971349773927, 8.408122522732004 ], [ -76.073986872669323, 8.408113534582215 ], [ -76.074002613662032, 8.408106031047597 ], [ -76.074019100555347, 8.408099565264672 ], [ -76.074036062238633, 8.408094105149768 ], [ -76.074053227601382, 8.408089618619192 ], [ -76.074070325533015, 8.408086073589333 ], [ -76.074085416877381, 8.408083605382682 ], [ -76.074101167216071, 8.408081603963486 ], [ -76.074117361262253, 8.408080164738056 ], [ -76.074133783729152, 8.408079383112739 ], [ -76.074150219330051, 8.408079354493891 ], [ -76.074166452778201, 8.408080174287933 ], [ -76.074182268786942, 8.408081937901283 ], [ -76.074197452069569, 8.408084740740417 ], [ -76.074211787339479, 8.408088678211818 ], [ -76.07422505931001, 8.408093845722009 ], [ -76.0742370526945, 8.408100338677549 ], [ -76.074268419432215, 8.408143975311711 ], [ -76.074289530494696, 8.408203203833009 ], [ -76.074320048596348, 8.408252774187254 ], [ -76.074335961968558, 8.4082649296505 ], [ -76.074353558309994, 8.408275622241209 ], [ -76.074372352994615, 8.408285084571876 ], [ -76.074391861396236, 8.408293549255077 ], [ -76.074411598888858, 8.408301248903481 ], [ -76.074431080846423, 8.408308416129849 ], [ -76.074454991735522, 8.408316731101374 ], [ -76.074479900745587, 8.408324541433732 ], [ -76.074505525022929, 8.408331579412387 ], [ -76.074531581713572, 8.408337577322939 ], [ -76.074557787963599, 8.408342267451069 ], [ -76.074583860919006, 8.408345382082562 ], [ -76.074609517725762, 8.408346653503306 ], [ -76.074634475529692, 8.408345813999313 ], [ -76.074658451476779, 8.408342595856659 ], [ -76.074681162712892, 8.408336731361485 ], [ -76.074707619638957, 8.408325137954911 ], [ -76.074732929296047, 8.408309019331606 ], [ -76.074757263591749, 8.408289467464863 ], [ -76.074780794433963, 8.408267574327811 ], [ -76.074803693730786, 8.408244431893426 ], [ -76.074826133390431, 8.408221132134578 ], [ -76.074848285321153, 8.408198767024009 ], [ -76.074899802525707, 8.408139031442941 ], [ -76.074947974675297, 8.408075922393262 ], [ -76.075001618559426, 8.408019257062824 ], [ -76.075068232314351, 8.407974502551497 ], [ -76.075140619544939, 8.407936547347189 ], [ -76.075210396140861, 8.407895245303468 ], [ -76.075304435493578, 8.407806834205926 ], [ -76.075387816608085, 8.407702659367757 ], [ -76.075473048998035, 8.407605055893926 ], [ -76.075572642173285, 8.407536358875701 ], [ -76.07570520509033, 8.407519045703069 ], [ -76.075849158589861, 8.407525719799619 ], [ -76.075975769635846, 8.407495870964906 ], [ -76.076024135771164, 8.407454615447568 ], [ -76.076068421047211, 8.407404765712075 ], [ -76.07611509756623, 8.407357835571494 ], [ -76.076154022152352, 8.407325990096762 ], [ -76.076194305211189, 8.407294994262035 ], [ -76.076236007427894, 8.407266135725457 ], [ -76.076279189488105, 8.407240702144884 ], [ -76.076323912077967, 8.407219981177931 ], [ -76.076355054066383, 8.407208676742194 ], [ -76.076387517692282, 8.407198799285053 ], [ -76.076420910228592, 8.407190520990856 ], [ -76.07645483894845, 8.407184014044038 ], [ -76.076488911125068, 8.407179450629112 ], [ -76.076522734031855, 8.40717700293072 ], [ -76.076555914942347, 8.407176843133593 ], [ -76.076588061130138, 8.40717914342259 ], [ -76.076700614441137, 8.407230507711407 ], [ -76.076807724166287, 8.407312988041637 ], [ -76.076921130151405, 8.407359894024061 ], [ -76.076950765007069, 8.407360383956599 ], [ -76.07698127597169, 8.40735864430928 ], [ -76.077012152545521, 8.40735483933795 ], [ -76.077042884228973, 8.407349133298601 ], [ -76.077072960522599, 8.407341690447321 ], [ -76.077101870927152, 8.407332675040347 ], [ -76.077143620621897, 8.407314703367019 ], [ -76.077183610526376, 8.407291558254419 ], [ -76.077222213555899, 8.407264993152722 ], [ -76.077259802626386, 8.407236761511683 ], [ -76.077296750654071, 8.407208616780704 ], [ -76.077411793711505, 8.407097921782977 ], [ -76.077516122921907, 8.406974195380071 ], [ -76.077631166770914, 8.406863501783073 ], [ -76.077668328887, 8.406835623907609 ], [ -76.077706345860733, 8.406807923841026 ], [ -76.077745269894436, 8.40678175795721 ], [ -76.077785153190931, 8.40675848262976 ], [ -76.077826047953437, 8.406739454232078 ], [ -76.07787293884337, 8.406724220524245 ], [ -76.077922026972118, 8.40671433593695 ], [ -76.077972806247828, 8.406709153962263 ], [ -76.078024770578637, 8.406708028092559 ], [ -76.078077413872577, 8.406710311820559 ], [ -76.078130230037488, 8.406715358639335 ], [ -76.078182712980976, 8.40672252204239 ], [ -76.078234356610309, 8.406731155523623 ], [ -76.078284654832501, 8.406740612577341 ], [ -76.07835147112624, 8.406761945268338 ], [ -76.07841763041543, 8.406791360900959 ], [ -76.078483258786633, 8.406816328673639 ], [ -76.078548482316918, 8.406824317787828 ], [ -76.078572286982237, 8.406821588809088 ], [ -76.078596614371406, 8.406816878858484 ], [ -76.078621174107596, 8.406810347162851 ], [ -76.078645675814144, 8.406802152949089 ], [ -76.078669829114375, 8.406792455444158 ], [ -76.078693343631798, 8.406781413875041 ], [ -76.078715928989965, 8.406769187468777 ], [ -76.078737294812598, 8.406755935452418 ], [ -76.07875715072349, 8.406741817053042 ], [ -76.078797716963919, 8.406700872541425 ], [ -76.078831411934743, 8.406651257407288 ], [ -76.078862844719822, 8.406598574473438 ], [ -76.078896624401139, 8.406548426561237 ], [ -76.078964435699845, 8.406475326690604 ], [ -76.079043378955021, 8.406408451516231 ], [ -76.079126749284967, 8.406344486648363 ], [ -76.079207841812817, 8.406280117701765 ], [ -76.079279951666294, 8.406212030295981 ], [ -76.079336373978151, 8.406136910054078 ], [ -76.079370403887609, 8.406051442599855 ], [ -76.079374326034127, 8.406012537517755 ], [ -76.07937293670949, 8.405970667140705 ], [ -76.07937102539195, 8.405928879079967 ], [ -76.079373381557389, 8.405890220947562 ], [ -76.079384794679399, 8.405857740355938 ], [ -76.079393648698783, 8.405845555781823 ], [ -76.079404474786102, 8.405834217563378 ], [ -76.079417050932932, 8.405823718163257 ], [ -76.079431155130905, 8.405814050044118 ], [ -76.07944656537174, 8.405805205668615 ], [ -76.079463059647125, 8.405797177499414 ], [ -76.079480415948865, 8.405789957999183 ], [ -76.079498412268777, 8.405783539630622 ], [ -76.079516826598734, 8.40577791485644 ], [ -76.079535436930598, 8.405773076139416 ], [ -76.079554021256314, 8.405769015942335 ], [ -76.079572357567798, 8.405765726728033 ], [ -76.079590223857053, 8.405763200959386 ], [ -76.079607398116039, 8.405761431099309 ], [ -76.079620136350314, 8.405760420657471 ], [ -76.079633636356817, 8.40575951141537 ], [ -76.079647637013039, 8.405758823028224 ], [ -76.0796618771965, 8.405758475151261 ], [ -76.079676095784805, 8.405758587439752 ], [ -76.07969003165546, 8.405759279548995 ], [ -76.079703423686155, 8.40576067113432 ], [ -76.079716010754495, 8.405762881851105 ], [ -76.079727531738129, 8.405766031354725 ], [ -76.079737725514761, 8.405770239300599 ], [ -76.079746330961981, 8.405775625344171 ], [ -76.079748763508107, 8.405777674957074 ], [ -76.079751033769611, 8.40577990304519 ], [ -76.07975314634723, 8.40578230367317 ], [ -76.07975510584177, 8.405784870905679 ], [ -76.079756916853952, 8.405787598807345 ], [ -76.0797585839845, 8.405790481442811 ], [ -76.079760111834204, 8.405793512876738 ], [ -76.079761505003816, 8.405796687173767 ], [ -76.079762768094056, 8.405799998398543 ], [ -76.079763905705718, 8.405803440615705 ], [ -76.079764922439509, 8.405807007889907 ], [ -76.079765822896221, 8.405810694285801 ], [ -76.079766611676575, 8.405814493868018 ], [ -76.079767293381337, 8.405818400701213 ], [ -76.079767872611228, 8.405822408850026 ], [ -76.079768865434843, 8.405870194021931 ], [ -76.079764262488382, 8.40592163209743 ], [ -76.079759733931766, 8.405969399916916 ], [ -76.079737671749683, 8.406071541532535 ], [ -76.079701037166998, 8.406172226886071 ], [ -76.079675570917459, 8.406273633317696 ], [ -76.079671414161211, 8.406314148888464 ], [ -76.079667929016423, 8.406355974508759 ], [ -76.079665450936034, 8.406398709605396 ], [ -76.079664315373066, 8.406441953605151 ], [ -76.079664857780713, 8.406485305934696 ], [ -76.079667413612157, 8.406528366020703 ], [ -76.079672318320689, 8.40657073328968 ], [ -76.079679907359633, 8.406612007168091 ], [ -76.079690516182268, 8.406651787082302 ], [ -76.07970448024183, 8.406689672458546 ], [ -76.079722134991428, 8.406725262722953 ], [ -76.079743815884029, 8.40675815730151 ], [ -76.079774246978317, 8.40679127082238 ], [ -76.079808466265874, 8.406822510367849 ], [ -76.079840852005603, 8.406855274042469 ], [ -76.079865194989765, 8.406890730416333 ], [ -76.079886475886227, 8.406929326387775 ], [ -76.079909176749283, 8.406965553198184 ], [ -76.079937779632459, 8.406993902087848 ], [ -76.079954853966456, 8.407003965361314 ], [ -76.07997350872337, 8.407012255259103 ], [ -76.079993348281121, 8.407019019445812 ], [ -76.080013977017757, 8.407024505586099 ], [ -76.080034999311408, 8.407028961344679 ], [ -76.080056019540194, 8.407032634386358 ], [ -76.080076642082332, 8.407035772376004 ], [ -76.080097014327649, 8.40703681598737 ], [ -76.080118674844655, 8.407035215149296 ], [ -76.08014074676646, 8.407032357831245 ], [ -76.080162353226527, 8.407029632002732 ], [ -76.080182617358815, 8.407028425633344 ], [ -76.080200662297528, 8.407030126692737 ], [ -76.080215611177167, 8.407036123150663 ], [ -76.080221706641282, 8.407040860771657 ], [ -76.080227378503253, 8.407046719386903 ], [ -76.080232622304322, 8.407053587942761 ], [ -76.080237433585751, 8.40706135538557 ], [ -76.080241807888697, 8.407069910661704 ], [ -76.08024574075435, 8.40707914271753 ], [ -76.080249227723954, 8.407088940499399 ], [ -76.08025226433864, 8.407099192953682 ], [ -76.080254846139567, 8.407109789026757 ], [ -76.080256968667911, 8.407120617664976 ], [ -76.080258627464787, 8.407131567814718 ], [ -76.080259818071355, 8.407142528422359 ], [ -76.080260536028703, 8.407153388434264 ], [ -76.080260776877978, 8.407164036796797 ], [ -76.080260536160296, 8.40717436245632 ], [ -76.080259809416773, 8.407184254359212 ], [ -76.0802585921885, 8.407193601451818 ], [ -76.080256880016591, 8.407202292680504 ], [ -76.080252539686825, 8.407216178795609 ], [ -76.080246220325108, 8.407230114554634 ], [ -76.080238212489462, 8.407243960000267 ], [ -76.080228806737892, 8.407257575175224 ], [ -76.080218293628519, 8.407270820122175 ], [ -76.080206963719533, 8.407283554883794 ], [ -76.080195107569168, 8.407295639502747 ], [ -76.080183015735699, 8.40730693402176 ], [ -76.080170978777502, 8.407317298483513 ], [ -76.080159287253011, 8.407326592930746 ], [ -76.080111703759997, 8.407347878682121 ], [ -76.08005647603872, 8.407350263947045 ], [ -76.079995797468513, 8.407340010812781 ], [ -76.0799318614268, 8.407323381368561 ], [ -76.079866861287456, 8.407306637706329 ], [ -76.079802990419978, 8.407296041921096 ], [ -76.079742442189954, 8.407297856110828 ], [ -76.079711239026707, 8.407303418755179 ], [ -76.079679764582195, 8.407309750914454 ], [ -76.079648594215485, 8.407317415127748 ], [ -76.079618303285613, 8.40732697393431 ], [ -76.07958946715155, 8.407338989873628 ], [ -76.079536224744587, 8.407375780407817 ], [ -76.079487605752973, 8.40742155771666 ], [ -76.079436277623913, 8.407463146296257 ], [ -76.079413671884552, 8.407477715594087 ], [ -76.079390513659462, 8.407492547765107 ], [ -76.079366884777599, 8.407506931465667 ], [ -76.079342867068078, 8.407520155352067 ], [ -76.079318542360227, 8.407531508080528 ], [ -76.0792939924835, 8.407540278307255 ], [ -76.07926929926758, 8.407545754688387 ], [ -76.079226160074839, 8.407545013105384 ], [ -76.079182081876667, 8.40753387381694 ], [ -76.079137351672216, 8.407517513325191 ], [ -76.079092256458225, 8.407501108133195 ], [ -76.07904708322873, 8.407489834745043 ], [ -76.078978037554762, 8.407482102746078 ], [ -76.078908370162196, 8.407478249812787 ], [ -76.078838664115452, 8.407475470760533 ], [ -76.078708938474776, 8.407470921876019 ], [ -76.07857907860668, 8.407470098691567 ], [ -76.078449541292628, 8.407474483167643 ], [ -76.078376621268006, 8.407477538187358 ], [ -76.078302790795945, 8.407479897296717 ], [ -76.078229060788004, 8.407483878794423 ], [ -76.078156442154324, 8.40749180098056 ], [ -76.078085945803835, 8.407505982156517 ], [ -76.078018582644546, 8.407528740624866 ], [ -76.077983604584574, 8.407544430846455 ], [ -76.07794886202781, 8.407561863700257 ], [ -76.07791490710558, 8.407581095736289 ], [ -76.077882291949521, 8.407602183504659 ], [ -76.077851568691415, 8.407625183555622 ], [ -76.07780803769235, 8.407669150857336 ], [ -76.077768476754301, 8.407718001927543 ], [ -76.077726137058889, 8.407763255174949 ], [ -76.077603362145879, 8.40783177164599 ], [ -76.077466386774489, 8.407881902314681 ], [ -76.077350416685235, 8.407956041619638 ], [ -76.077337478344631, 8.407969721500207 ], [ -76.077324035477147, 8.407983906161038 ], [ -76.077310528307692, 8.407998558019214 ], [ -76.077297397061187, 8.408013639491843 ], [ -76.077285081962671, 8.408029112996079 ], [ -76.077274023237322, 8.408044940949086 ], [ -76.07726466111032, 8.408061085768047 ], [ -76.077257435807041, 8.408077509870136 ], [ -76.077252787552879, 8.408094175672488 ], [ -76.077250977718137, 8.408107400889213 ], [ -76.077250380430456, 8.408121438185452 ], [ -76.077250918188625, 8.408136077885601 ], [ -76.077252513491374, 8.408151110314071 ], [ -76.07725508883739, 8.408166325795225 ], [ -76.077258566725348, 8.40818151465349 ], [ -76.07726286965395, 8.408196467213241 ], [ -76.077267920121812, 8.408210973798878 ], [ -76.077273640627453, 8.408224824734814 ], [ -76.077279953669461, 8.408237810345472 ], [ -76.077286781746338, 8.408249720955292 ], [ -76.077294047356531, 8.408260346888719 ], [ -76.07742546066234, 8.408294052712238 ], [ -76.077557918268738, 8.408330209249614 ], [ -76.077567729301478, 8.408345797046056 ], [ -76.077576091298809, 8.408363344629239 ], [ -76.077583218366215, 8.408382246598199 ], [ -76.07758932460915, 8.408401897551975 ], [ -76.077594624132956, 8.408421692089584 ], [ -76.077599331042947, 8.408441024810024 ], [ -76.077604115819412, 8.408462679414434 ], [ -76.077608284265793, 8.408485026248066 ], [ -76.077611664059603, 8.408507846319475 ], [ -76.077614082878114, 8.408530920637297 ], [ -76.077615368398682, 8.40855403021011 ], [ -76.077615348298565, 8.408576956046542 ], [ -76.077613850254963, 8.408599479155216 ], [ -76.077610701944948, 8.408621380544766 ], [ -76.077605731045622, 8.408642441223774 ], [ -76.077598765234058, 8.40866244220082 ], [ -76.077595952231292, 8.408668964270996 ], [ -76.077592734520081, 8.408675913013539 ], [ -76.077589149614326, 8.40868321196953 ], [ -76.077585235028039, 8.408690784680001 ], [ -76.077581028275077, 8.408698554686028 ], [ -76.077576566869453, 8.408706445528647 ], [ -76.077571888325082, 8.408714380748913 ], [ -76.077567030155976, 8.408722283887874 ], [ -76.077562029876049, 8.408730078486574 ], [ -76.077556924999314, 8.408737688086076 ], [ -76.077551753039671, 8.408745036227423 ], [ -76.077546551511176, 8.40875204645166 ], [ -76.077541357927785, 8.408758642299833 ], [ -76.077536209803498, 8.40876474731299 ], [ -76.077531144652298, 8.408770285032185 ], [ -76.077526199988199, 8.408775178998447 ], [ -76.077521413325229, 8.408779352752838 ], [ -76.077516822177373, 8.4087827298364 ], [ -76.077512464058657, 8.408785233790178 ], [ -76.077508376483109, 8.408786788155222 ], [ -76.077504596964729, 8.408787316472582 ], [ -76.077501163017573, 8.408786742283308 ], [ -76.077495319368694, 8.408781682387611 ], [ -76.077490733080126, 8.408771905160151 ], [ -76.077486998806734, 8.408758490499752 ], [ -76.077483711203286, 8.408742518305235 ], [ -76.07748046492452, 8.408725068475418 ], [ -76.077476854625147, 8.408707220909092 ], [ -76.077472474959819, 8.408690055505019 ], [ -76.077466920583149, 8.408674652161942 ], [ -76.077459786149674, 8.408662090778577 ], [ -76.077451245031668, 8.408651866505867 ], [ -76.077441371088867, 8.408642138310672 ], [ -76.07743033030728, 8.408632946024502 ], [ -76.077418288672789, 8.40862432947892 ], [ -76.077405412171359, 8.408616328505481 ], [ -76.077391866788815, 8.40860898293578 ], [ -76.07737781851111, 8.408602332601442 ], [ -76.077363433324066, 8.408596417334103 ], [ -76.077348877213524, 8.408591276965463 ], [ -76.077334316165349, 8.40858695132721 ], [ -76.077319916165379, 8.408583480251107 ], [ -76.077305843199412, 8.4085809035689 ], [ -76.077292263253327, 8.408579261112395 ], [ -76.077279342312949, 8.408578592713409 ], [ -76.077169696537368, 8.408645278040014 ], [ -76.077056632207487, 8.408716411938739 ], [ -76.077037236856398, 8.408716639090757 ], [ -76.077017113085333, 8.408715166339183 ], [ -76.076996608237806, 8.408712167421031 ], [ -76.07697606965732, 8.408707816073377 ], [ -76.076955844687404, 8.408702286033394 ], [ -76.076936280671518, 8.408695751038341 ], [ -76.076917724953063, 8.408688384825579 ], [ -76.076872011822232, 8.408658593021432 ], [ -76.076832060542401, 8.408617794749423 ], [ -76.076793347319864, 8.408574128705505 ], [ -76.076751348357504, 8.408535733584401 ], [ -76.076704607368626, 8.408503311150421 ], [ -76.076655631025659, 8.408472964278948 ], [ -76.076604850816793, 8.408445213001153 ], [ -76.07655269822979, 8.40842057734856 ], [ -76.076499604752001, 8.408399577353041 ], [ -76.076446001870451, 8.408382733046897 ], [ -76.076392528504087, 8.408370197324276 ], [ -76.076337384354019, 8.408361099994323 ], [ -76.076281149773919, 8.408355461680165 ], [ -76.0762244051175, 8.408353303005265 ], [ -76.076167730738575, 8.408354644593416 ], [ -76.076111706991071, 8.408359507068782 ], [ -76.07605691422917, 8.408367911055832 ], [ -76.076033449209945, 8.408372048095185 ], [ -76.076009243983265, 8.408376098048331 ], [ -76.075984792163581, 8.408380493576249 ], [ -76.075960587365358, 8.408385667340061 ], [ -76.075937123203033, 8.40839205200106 ], [ -76.075914893290999, 8.408400080220645 ], [ -76.075894391243693, 8.408410184660344 ], [ -76.075876110675637, 8.408422797981773 ], [ -76.075860290655484, 8.408438017532864 ], [ -76.075846044256792, 8.408455793958506 ], [ -76.075833198723416, 8.408475497191112 ], [ -76.075821581299309, 8.408496497163028 ], [ -76.075811019228397, 8.408518163806525 ], [ -76.075801339754605, 8.408539867053836 ], [ -76.075792370121874, 8.408560976837167 ], [ -76.075780978960069, 8.408590954608625 ], [ -76.075771374465049, 8.408622387834763 ], [ -76.075763583060649, 8.408655014338754 ], [ -76.075757631170703, 8.408688571943788 ], [ -76.075753545219072, 8.40872279847296 ], [ -76.07575135162962, 8.408757431749354 ], [ -76.075751076826208, 8.408792209596017 ], [ -76.075752747232627, 8.408826869835943 ], [ -76.075756389272698, 8.408861150292122 ], [ -76.075762029370125, 8.408894788787501 ], [ -76.075769693948587, 8.408927523145019 ], [ -76.075779409431661, 8.408959091187585 ], [ -76.075791202242826, 8.408989230738095 ], [ -76.075805098805475, 8.409017679619451 ], [ -76.075839414973188, 8.409064525069946 ], [ -76.075880306992374, 8.409108980253148 ], [ -76.075915914571411, 8.409156353005613 ], [ -76.075922936030338, 8.409168541874671 ], [ -76.075930406785218, 8.409181509232832 ], [ -76.075938143303347, 8.409195099776776 ], [ -76.075945962052003, 8.409209158203149 ], [ -76.075953679498383, 8.409223529208653 ], [ -76.075961112109695, 8.409238057490009 ], [ -76.07596807635305, 8.409252587743998 ], [ -76.075974388695585, 8.409266964667378 ], [ -76.07597986560431, 8.409281032956969 ], [ -76.075984323546294, 8.409294637309575 ], [ -76.075987578988446, 8.409307622422045 ], [ -76.075989448397806, 8.409319832991216 ], [ -76.075989748241255, 8.409331113713908 ], [ -76.075988294985748, 8.409341309286935 ], [ -76.075984905098196, 8.409350264407097 ], [ -76.07597983271242, 8.409357573958722 ], [ -76.075972866616524, 8.409364300908038 ], [ -76.075964209851406, 8.40937045921719 ], [ -76.075954065458021, 8.409376062848299 ], [ -76.07594263647735, 8.409381125763487 ], [ -76.075930125950393, 8.409385661924871 ], [ -76.075916736918174, 8.40938968529459 ], [ -76.075902672421719, 8.409393209834793 ], [ -76.075888135502126, 8.409396249507644 ], [ -76.075873329200491, 8.40939881827533 ], [ -76.075858456557881, 8.409400930100086 ], [ -76.075843720615438, 8.409402598944146 ], [ -76.075829324414315, 8.409403838769803 ], [ -76.075815470995593, 8.409404663539362 ], [ -76.075802363400484, 8.409405087215159 ], [ -76.075790204670113, 8.409405123759562 ], [ -76.075708201636118, 8.40937612158311 ], [ -76.075632570526437, 8.409311567946869 ], [ -76.075555979302024, 8.409241694530344 ], [ -76.075471095895324, 8.409196733014614 ], [ -76.075454641606441, 8.409192509563079 ], [ -76.075437851099551, 8.409188270386657 ], [ -76.075420953163317, 8.409184737919762 ], [ -76.075404176586403, 8.409182634596881 ], [ -76.075387750157262, 8.409182682852586 ], [ -76.075375049381734, 8.409184493643329 ], [ -76.075362321204793, 8.409187657473291 ], [ -76.075349654683379, 8.40919197609507 ], [ -76.075337138874417, 8.409197251261283 ], [ -76.075324862834876, 8.409203284724542 ], [ -76.075312915621794, 8.409209878237455 ], [ -76.075301386292224, 8.409216833552636 ], [ -76.075290363903235, 8.409223952422678 ], [ -76.075273784510657, 8.409236308962134 ], [ -76.075258244789254, 8.409250386255568 ], [ -76.075243649204282, 8.409265836420305 ], [ -76.075229902221011, 8.409282311573611 ], [ -76.075216908304839, 8.409299463832706 ], [ -76.075204571921091, 8.409316945314799 ], [ -76.075192797535109, 8.409334408137058 ], [ -76.075168837300367, 8.409385235142718 ], [ -76.075149726824293, 8.409439193708836 ], [ -76.075122917993937, 8.409486457013841 ], [ -76.075107785471815, 8.409502381803064 ], [ -76.075090814773702, 8.409517250509294 ], [ -76.075072352520252, 8.409531039043612 ], [ -76.075052745332272, 8.4095437233171 ], [ -76.075032339830585, 8.409555279240866 ], [ -76.075011482636171, 8.409565682726075 ], [ -76.074990520370065, 8.409574909683942 ], [ -76.07496979965336, 8.409582936025725 ], [ -76.074900609009688, 8.40959501018617 ], [ -76.074826955083765, 8.409591176121324 ], [ -76.07475176486885, 8.409583035736061 ], [ -76.074677965350119, 8.409582190940563 ], [ -76.074646713555481, 8.409584553809312 ], [ -76.074613690790585, 8.40958626372319 ], [ -76.074579358000079, 8.409587634292885 ], [ -76.074544176128569, 8.409588979129246 ], [ -76.074508606120617, 8.409590611843338 ], [ -76.074473108920714, 8.40959284604642 ], [ -76.074438145473351, 8.409595995349948 ], [ -76.07440417672295, 8.409600373365581 ], [ -76.074371663613974, 8.409606293705165 ], [ -76.074341067090884, 8.409614069980677 ], [ -76.074312848098131, 8.409624015804244 ], [ -76.074287467580334, 8.40963644478807 ], [ -76.074265386482196, 8.409651670544385 ], [ -76.074247065748622, 8.409670006685399 ], [ -76.074232966324715, 8.409691766823245 ], [ -76.074224815364531, 8.409710569528558 ], [ -76.074218040825514, 8.4097313978499 ], [ -76.074212614248793, 8.409753764036859 ], [ -76.074208507175555, 8.409777180339022 ], [ -76.074205691147, 8.40980115900595 ], [ -76.074204137704243, 8.409825212287167 ], [ -76.074203818388412, 8.409848852432189 ], [ -76.074204704740552, 8.409871591690532 ], [ -76.074206907027289, 8.409894755614229 ], [ -76.074210451924557, 8.409918294726424 ], [ -76.07421533798825, 8.409941927463834 ], [ -76.074221563774188, 8.409965372263194 ], [ -76.074229127838194, 8.409988347561207 ], [ -76.074238028735977, 8.410010571794576 ], [ -76.074248265023215, 8.410031763400024 ], [ -76.074259835255532, 8.410051640814258 ], [ -76.074275047251405, 8.410072786754665 ], [ -76.07429266910718, 8.410092940252081 ], [ -76.074312174073867, 8.410112035965389 ], [ -76.074333035402404, 8.410130008553557 ], [ -76.074354726343628, 8.410146792675718 ], [ -76.074376720148265, 8.410162322991154 ], [ -76.074398490066983, 8.4101765341593 ], [ -76.074482819147192, 8.410208438141986 ], [ -76.074576991345396, 8.410212956091488 ], [ -76.074677509568289, 8.410201130881893 ], [ -76.07478087673374, 8.410184005387006 ], [ -76.074883595772178, 8.410172622480001 ], [ -76.074982169626963, 8.410178025033408 ], [ -76.074998476238051, 8.410180550674921 ], [ -76.075015649268849, 8.410182618135243 ], [ -76.075033158324814, 8.410184595714075 ], [ -76.075050473011444, 8.410186851711179 ], [ -76.075067062934295, 8.410189754426382 ], [ -76.075082397699106, 8.410193672159616 ], [ -76.07509594691156, 8.410198973210848 ], [ -76.075107180177469, 8.410206025880115 ], [ -76.075113613338459, 8.410212231750014 ], [ -76.07511919132601, 8.410219600099051 ], [ -76.075123943302174, 8.41022802252334 ], [ -76.07512789842886, 8.410237390619024 ], [ -76.07513108586808, 8.410247595982195 ], [ -76.075133534781784, 8.410258530208989 ], [ -76.075135274331871, 8.410270084895538 ], [ -76.075136333680305, 8.410282151637928 ], [ -76.07513674198897, 8.410294622032302 ], [ -76.075136528419804, 8.410307387674749 ], [ -76.075135722134689, 8.410320340161386 ], [ -76.075134352295521, 8.410333371088321 ], [ -76.075132448064224, 8.410346372051636 ], [ -76.075130038602708, 8.410359234647448 ], [ -76.075127153072813, 8.410371850471845 ], [ -76.075123820636477, 8.410384111120917 ], [ -76.075120070455625, 8.410395908190747 ], [ -76.075115931692153, 8.410407133277417 ], [ -76.075111433508013, 8.410417677977003 ], [ -76.075106605065073, 8.410427433885587 ], [ -76.075099398543728, 8.410439972296468 ], [ -76.07509117039173, 8.410452503981331 ], [ -76.075082060388581, 8.410464725097384 ], [ -76.075072208313799, 8.410476331801856 ], [ -76.075061753946997, 8.41048702025193 ], [ -76.075050837067835, 8.410496486604796 ], [ -76.075035019706888, 8.410506847108723 ], [ -76.07501747807423, 8.410514839175377 ], [ -76.074998602254396, 8.41052090133169 ], [ -76.074978782331968, 8.410525472104652 ], [ -76.074958408391538, 8.410528990021337 ], [ -76.074937870517644, 8.410531893608931 ], [ -76.074917558794823, 8.410534621394719 ], [ -76.074897863307513, 8.410537611906094 ], [ -76.074851062259754, 8.410544073032444 ], [ -76.074803373997625, 8.41054777294198 ], [ -76.074755094890591, 8.410548737350197 ], [ -76.074706521308144, 8.41054699197278 ], [ -76.074657949619962, 8.410542562525508 ], [ -76.074609676195678, 8.410535474724322 ], [ -76.074561997405027, 8.410525754285336 ], [ -76.074515209617658, 8.410513426924821 ], [ -76.074469609203291, 8.410498518359214 ], [ -76.074425492531574, 8.410481054305107 ], [ -76.074397665288245, 8.410467095069373 ], [ -76.074370175845772, 8.410452020082479 ], [ -76.074342219409004, 8.410439326623706 ], [ -76.074318102965123, 8.410431673624537 ], [ -76.074293036425232, 8.410425810871867 ], [ -76.074267208647541, 8.410421691772042 ], [ -76.074240808490387, 8.410419269731463 ], [ -76.074214024812022, 8.410418498156558 ], [ -76.074187046470811, 8.410419330453815 ], [ -76.074160062325078, 8.410421720029781 ], [ -76.074133261233243, 8.410425620291024 ], [ -76.074106832053744, 8.410430984644185 ], [ -76.074080963645088, 8.410437766495924 ], [ -76.074055844865825, 8.410445919252943 ], [ -76.074031664574576, 8.410455396321964 ], [ -76.07400861163002, 8.410466151109748 ], [ -76.073990766082886, 8.410475438172659 ], [ -76.073972685107265, 8.410485588561722 ], [ -76.073955174372855, 8.410496610177738 ], [ -76.073939039549643, 8.410508510921584 ], [ -76.073925086307682, 8.410521298694221 ], [ -76.073908794771398, 8.410546194572817 ], [ -76.073901264233726, 8.410575423012434 ], [ -76.073900476206532, 8.41060808417201 ], [ -76.073904412201202, 8.410643278210124 ], [ -76.073911053728438, 8.410680105285412 ], [ -76.073918382298146, 8.410717665556806 ], [ -76.073924379419296, 8.410755059183671 ], [ -76.073927026599989, 8.410791386325787 ], [ -76.073924305347461, 8.410825747143196 ], [ -76.073921231713342, 8.410844710085961 ], [ -76.073918402683532, 8.410864090863317 ], [ -76.073915152823247, 8.410883419014873 ], [ -76.073910816697492, 8.410902224080241 ], [ -76.073904728871113, 8.410920035599045 ], [ -76.073896223908861, 8.410936383110847 ], [ -76.073888789267755, 8.410946758241078 ], [ -76.07388028222131, 8.410956671254892 ], [ -76.073870950850633, 8.410966116762744 ], [ -76.073861043236889, 8.410975089375063 ], [ -76.073850807461284, 8.410983583702295 ], [ -76.073840491605026, 8.410991594354911 ], [ -76.073824385574198, 8.411002775208624 ], [ -76.07380700158464, 8.411013055581668 ], [ -76.073788750037352, 8.411022311877018 ], [ -76.073770041333546, 8.411030420497651 ], [ -76.073751285874494, 8.41103725784661 ], [ -76.073732894061536, 8.411042700326995 ], [ -76.073715276296127, 8.411046624341973 ], [ -76.073688176508554, 8.411048401123754 ], [ -76.073661873905465, 8.411044103441947 ], [ -76.073636316128841, 8.411034373045679 ], [ -76.073611450820508, 8.411019851684117 ], [ -76.073587225622092, 8.411001181106506 ], [ -76.073563588175062, 8.410979003062129 ], [ -76.073540486120621, 8.410953959300338 ], [ -76.073517867099824, 8.410926691570511 ], [ -76.073495678753531, 8.410897841622083 ], [ -76.073473868722317, 8.410868051204517 ], [ -76.073452384646629, 8.410837962067321 ], [ -76.0734311741667, 8.410808215960047 ], [ -76.073410184922494, 8.410779454632269 ], [ -76.07338936455389, 8.410752319833605 ], [ -76.073368660700496, 8.410727453313713 ], [ -76.073314995079528, 8.41066500515428 ], [ -76.073263567728887, 8.410600505827574 ], [ -76.073216288612869, 8.41053332743026 ], [ -76.073175390306957, 8.410466047432822 ], [ -76.073138273989173, 8.410396324920471 ], [ -76.073105643364215, 8.410325465968979 ] ] ] } },
{ "type": "Feature", "properties": { "OBJECTID": 8913.0, "NOMBRE_GEO": null, "PROYECTO": null, "SYMBOL": "3", "FECHA": null, "RULEID": 1, "PK_CUE": 706393.0, "GLOBALID": "{629B1CE3-2867-4728-834C-13DE281B196E}", "SHAPE_Leng": 425.17584963418705, "SHAPE_Area": 7818.4147570927753 }, "geometry": { "type": "Polygon", "coordinates": [ [ [ -76.079963201543805, 8.407921160715629 ], [ -76.079948448616534, 8.407915533122166 ], [ -76.07993288501919, 8.407909980566501 ], [ -76.079917040797469, 8.407904275866489 ], [ -76.079901445997208, 8.407898191840081 ], [ -76.07988663066422, 8.40789150130529 ], [ -76.079873124844326, 8.407883977080219 ], [ -76.079861458583409, 8.407875391983056 ], [ -76.079852161927249, 8.407865518832011 ], [ -76.07984671708104, 8.40785677794684 ], [ -76.079842487083667, 8.407846904853312 ], [ -76.079839378824857, 8.407836062578129 ], [ -76.079837299194253, 8.407824414148019 ], [ -76.079836155081509, 8.407812122589672 ], [ -76.079835853376267, 8.407799350929785 ], [ -76.07983630096814, 8.407786262195048 ], [ -76.079837404746812, 8.407773019412142 ], [ -76.079839071601896, 8.407759785607729 ], [ -76.079841208423048, 8.407746723808486 ], [ -76.079843722099895, 8.407733997041065 ], [ -76.079846519522135, 8.407721768332134 ], [ -76.079849507579425, 8.407710200708339 ], [ -76.07985259316149, 8.407699457196319 ], [ -76.079861045962033, 8.407677959908899 ], [ -76.079872821978057, 8.407657646554938 ], [ -76.079887568500055, 8.407638479735049 ], [ -76.079904932818508, 8.407620422049773 ], [ -76.079924562224122, 8.407603436099624 ], [ -76.079946104007661, 8.407587484485102 ], [ -76.079969205459989, 8.407572529806737 ], [ -76.079993513872111, 8.407558534665075 ], [ -76.08001867653509, 8.407545461660716 ], [ -76.080044340740073, 8.407533273394343 ], [ -76.080070153778308, 8.407521932466691 ], [ -76.080095762941099, 8.407511401478594 ], [ -76.080120815519805, 8.407501643030939 ], [ -76.080144958805889, 8.407492619724731 ], [ -76.080182379380403, 8.407480227934947 ], [ -76.080221065938886, 8.407469963301514 ], [ -76.080260509626399, 8.407461792861884 ], [ -76.080300201588187, 8.407455683653634 ], [ -76.080339632969626, 8.407451602714566 ], [ -76.080372050271421, 8.407449296760396 ], [ -76.080405603659628, 8.407447580687098 ], [ -76.080439828333951, 8.407446778115155 ], [ -76.080474259494224, 8.40744721266525 ], [ -76.080508432340551, 8.407449207958113 ], [ -76.080541882073149, 8.407453087614625 ], [ -76.080574143892434, 8.407459175255781 ], [ -76.080604752998894, 8.407467794502733 ], [ -76.080633244593059, 8.407479268976726 ], [ -76.080659153875601, 8.407493922299139 ], [ -76.08071426674276, 8.407558614654056 ], [ -76.080757717040143, 8.407642179660014 ], [ -76.080811464339021, 8.407715725168401 ], [ -76.080834232046556, 8.407734994171184 ], [ -76.080858269140592, 8.407753323532768 ], [ -76.080883178405529, 8.407770213727233 ], [ -76.08090856262551, 8.407785165228814 ], [ -76.080977041950888, 8.407801879144902 ], [ -76.081055575764978, 8.407794702851726 ], [ -76.081137618309612, 8.40777728631582 ], [ -76.081216623839381, 8.407763279504881 ], [ -76.081286046621912, 8.407766332387602 ], [ -76.081339340934889, 8.40780009493397 ], [ -76.081346893079385, 8.407809828784664 ], [ -76.08135428162754, 8.407820158851736 ], [ -76.081361123654887, 8.407830852817863 ], [ -76.081367036236884, 8.407841678365756 ], [ -76.081372318643133, 8.407854122288741 ], [ -76.08137637477607, 8.407867310988504 ], [ -76.081379268498239, 8.407881111836526 ], [ -76.081381063672183, 8.407895392204326 ], [ -76.081381824160403, 8.407910019463399 ], [ -76.081381613825471, 8.407924860985226 ], [ -76.08138049652986, 8.407939784141297 ], [ -76.0813785361361, 8.407954656303044 ], [ -76.081375796506748, 8.407969344841945 ], [ -76.081372341504263, 8.407983717129445 ], [ -76.081368234991245, 8.407997640536983 ], [ -76.081363540830196, 8.408010982435991 ], [ -76.081358322883702, 8.408023610197894 ], [ -76.081352645014348, 8.408035391194119 ], [ -76.081341923206281, 8.40805270734554 ], [ -76.081328596365324, 8.408069045067187 ], [ -76.081313106010782, 8.408084446433021 ], [ -76.081295893662002, 8.408098953517028 ], [ -76.08127740083853, 8.408112608393196 ], [ -76.081258069059984, 8.408125453135556 ], [ -76.081238339846024, 8.408137529818207 ], [ -76.081218654716466, 8.40814888051529 ], [ -76.081199455191154, 8.40815954730104 ], [ -76.081178722155997, 8.408170674549496 ], [ -76.081157090084616, 8.408181638166759 ], [ -76.081134723736213, 8.408192166385085 ], [ -76.081111787870142, 8.408201987436675 ], [ -76.08108844724579, 8.408210829553777 ], [ -76.08106486662264, 8.408218420968627 ], [ -76.081041210760304, 8.408224489913481 ], [ -76.081017644418438, 8.408228764620606 ], [ -76.080994332356838, 8.408230973322265 ], [ -76.080971439335329, 8.408230844250765 ], [ -76.080949130113893, 8.408228105638406 ], [ -76.080923630885096, 8.408221335909417 ], [ -76.080898202740187, 8.408211322913253 ], [ -76.080873030510745, 8.408199128056484 ], [ -76.080848299028133, 8.408185812745787 ], [ -76.080824193123306, 8.408172438388021 ], [ -76.080727608209372, 8.408092569234897 ], [ -76.080641438073911, 8.407996803998305 ], [ -76.080546882816918, 8.407922633613181 ], [ -76.080362138361878, 8.407902932400681 ], [ -76.080156964098208, 8.407935844097914 ], [ -76.079963201543805, 8.407921160715629 ] ] ] } },
{ "type": "Feature", "properties": { "OBJECTID": 8914.0, "NOMBRE_GEO": null, "PROYECTO": null, "SYMBOL": "3", "FECHA": null, "RULEID": 1, "PK_CUE": 706460.0, "GLOBALID": "{2B9FA1E0-3B7D-431A-84BC-C390C7F84B90}", "SHAPE_Leng": 627.25056747510757, "SHAPE_Area": 12995.788365851893 }, "geometry": { "type": "Polygon", "coordinates": [ [ [ -76.083059595702309, 8.399132025744958 ], [ -76.083063161869603, 8.399141095390851 ], [ -76.083065685291871, 8.399151418743347 ], [ -76.083067411328258, 8.399162570850159 ], [ -76.083068585337813, 8.399174126758998 ], [ -76.083069452679666, 8.39918566151754 ], [ -76.083070258712951, 8.399196750173473 ], [ -76.083071221252695, 8.399221145279284 ], [ -76.083070342425302, 8.399246204625534 ], [ -76.08306772516606, 8.399271671536242 ], [ -76.083063472410203, 8.399297289335397 ], [ -76.083057687093032, 8.399322801346962 ], [ -76.083050472149793, 8.399347950894898 ], [ -76.083041930515819, 8.399372481303107 ], [ -76.08303216512644, 8.399396135895477 ], [ -76.083021278917016, 8.399418657995875 ], [ -76.083009374823021, 8.399439790928151 ], [ -76.082996555779943, 8.39945927801611 ], [ -76.082982924723311, 8.399476862583553 ], [ -76.082933947325543, 8.399513486520231 ], [ -76.082870272660259, 8.399534056576101 ], [ -76.082797570992994, 8.399545505441722 ], [ -76.082721512588634, 8.399554765811743 ], [ -76.082647767709574, 8.399568770386491 ], [ -76.082582006615823, 8.399594451872026 ], [ -76.082542219607149, 8.39961818397023 ], [ -76.082503285930457, 8.399644072197189 ], [ -76.082465747648754, 8.399672009871722 ], [ -76.082430146825388, 8.399701890312782 ], [ -76.082400728136122, 8.399729286152111 ], [ -76.082372416863279, 8.399758178982244 ], [ -76.082345825774794, 8.399788509249083 ], [ -76.082321567638928, 8.399820217398627 ], [ -76.082284813645259, 8.399889230830048 ], [ -76.082256295861001, 8.399963652113144 ], [ -76.082223570121329, 8.400035606292963 ], [ -76.082183128547513, 8.40010124227924 ], [ -76.08213845739796, 8.400164661310656 ], [ -76.082090169321944, 8.400225433066691 ], [ -76.082038876969378, 8.400283127226741 ], [ -76.08197155300472, 8.400340388962475 ], [ -76.081900184581158, 8.400393951852068 ], [ -76.08184353807944, 8.400455145807397 ], [ -76.081821590292591, 8.400547450452841 ], [ -76.081829857811883, 8.400656037096917 ], [ -76.081833891543738, 8.400761189307474 ], [ -76.081799242351352, 8.400843190664444 ], [ -76.081785399555173, 8.400855836505427 ], [ -76.081770155727327, 8.400868139866349 ], [ -76.081753833918114, 8.400879786143642 ], [ -76.08173675717795, 8.400890460733747 ], [ -76.081719248557363, 8.400899849033108 ], [ -76.081701631106981, 8.400907636438184 ], [ -76.081681562054015, 8.400914271815994 ], [ -76.081660561618108, 8.400919004022972 ], [ -76.081638868435036, 8.400922021363399 ], [ -76.081616721140534, 8.400923512141569 ], [ -76.08159435837041, 8.400923664661844 ], [ -76.081572018760411, 8.400922667228665 ], [ -76.081549940946275, 8.400920708146533 ], [ -76.08152836356372, 8.400917975720025 ], [ -76.081510691466207, 8.400915229012091 ], [ -76.081492869831195, 8.400911882843749 ], [ -76.081475227255112, 8.400907731657684 ], [ -76.081458092334444, 8.400902569896591 ], [ -76.081441793665732, 8.400896192003236 ], [ -76.081424167152178, 8.400887023182605 ], [ -76.081407347654761, 8.400875846389434 ], [ -76.081391335009158, 8.4008629604131 ], [ -76.081376129050952, 8.400848664043043 ], [ -76.081361729615679, 8.400833256068722 ], [ -76.081348136538764, 8.400817035279594 ], [ -76.081335349655632, 8.400800300465148 ], [ -76.08132336880152, 8.400783350414867 ], [ -76.081312193811755, 8.400766483918265 ], [ -76.081304178439524, 8.400753527132137 ], [ -76.081296522182441, 8.400740105256842 ], [ -76.081289259768255, 8.400726275392261 ], [ -76.081279257265351, 8.400705059220922 ], [ -76.081270325599746, 8.400683250260787 ], [ -76.081262583242136, 8.400661034706227 ], [ -76.081256148663044, 8.400638598751621 ], [ -76.081251140333052, 8.400616128591347 ], [ -76.081247676722612, 8.400593810419808 ], [ -76.081245843610418, 8.400563741015286 ], [ -76.081247034224049, 8.400533094790061 ], [ -76.081250636493522, 8.400502163202441 ], [ -76.081256038348954, 8.400471237710669 ], [ -76.081262627720719, 8.400440609772897 ], [ -76.081269792539317, 8.400410570847241 ], [ -76.081280647079453, 8.400370360916121 ], [ -76.081293629854727, 8.400330353884128 ], [ -76.081308813926896, 8.400291063514914 ], [ -76.081326272357686, 8.400253003572031 ], [ -76.081346078208824, 8.40021668781897 ], [ -76.081364565613868, 8.400187112239125 ], [ -76.081384759058452, 8.400157866194627 ], [ -76.081406591227079, 8.400129441709433 ], [ -76.081429994804367, 8.400102330807433 ], [ -76.08145490247513, 8.400077025512438 ], [ -76.081481246924227, 8.400054017848221 ], [ -76.081508960836729, 8.400033799838477 ], [ -76.081574571483387, 8.400004598268792 ], [ -76.081646518864758, 8.399984662240392 ], [ -76.081714872333407, 8.399958845198054 ], [ -76.081751705013247, 8.399938007785927 ], [ -76.08178822081733, 8.399914954343263 ], [ -76.081823968457712, 8.399889795153971 ], [ -76.08185849664666, 8.399862640502082 ], [ -76.081891354096683, 8.399833600671723 ], [ -76.081922089520546, 8.399802785947044 ], [ -76.081950251631341, 8.399770306612234 ], [ -76.081975389142357, 8.399736272951488 ], [ -76.081997050767214, 8.399700795248938 ], [ -76.082020048015096, 8.399636846300714 ], [ -76.082036385686109, 8.399568589766011 ], [ -76.082062510809592, 8.399506884086229 ], [ -76.082076076569891, 8.399487917703279 ], [ -76.082091194847635, 8.399469371280517 ], [ -76.082107684496918, 8.39945143313653 ], [ -76.082125364371848, 8.399434291589918 ], [ -76.082144053326601, 8.399418134959278 ], [ -76.082163570215471, 8.399403151563181 ], [ -76.082183733892805, 8.399389529720219 ], [ -76.082204363213066, 8.399377457748979 ], [ -76.082225277030773, 8.399367123968057 ], [ -76.082284659181539, 8.399352651217283 ], [ -76.082348444426188, 8.399347447231932 ], [ -76.082409431795213, 8.399335243368235 ], [ -76.082476591635739, 8.399297931108809 ], [ -76.082539357971882, 8.399249626627153 ], [ -76.08260465420004, 8.399206352712451 ], [ -76.082641399761769, 8.399187614890785 ], [ -76.082679038262484, 8.399169215627362 ], [ -76.082717425737485, 8.399151946413225 ], [ -76.082756418222331, 8.399136598739338 ], [ -76.082795871753007, 8.399123964096569 ], [ -76.082835642365779, 8.399114833975739 ], [ -76.082875586097359, 8.399109999867598 ], [ -76.08288658683071, 8.39910919387926 ], [ -76.082898281982494, 8.399108130544125 ], [ -76.082910528252967, 8.399106913872233 ], [ -76.082923182342398, 8.399105647873597 ], [ -76.082936100951159, 8.399104436558265 ], [ -76.082949140779519, 8.399103383936296 ], [ -76.082962158527877, 8.399102594017744 ], [ -76.082975010896604, 8.399102170812709 ], [ -76.082987554586097, 8.399102218331267 ], [ -76.082999646296784, 8.399102840583543 ], [ -76.083011142729106, 8.399104141579643 ], [ -76.083021900583489, 8.399106225329712 ], [ -76.083031776560404, 8.399109195843888 ], [ -76.083040627360305, 8.399113157132328 ], [ -76.083048309683619, 8.399118213205206 ], [ -76.083054680230816, 8.399124468072692 ], [ -76.083059595702309, 8.399132025744958 ] ] ] } },
{ "type": "Feature", "properties": { "OBJECTID": 8915.0, "NOMBRE_GEO": null, "PROYECTO": null, "SYMBOL": "3", "FECHA": null, "RULEID": 1, "PK_CUE": 706461.0, "GLOBALID": "{94F72C15-F74D-4253-A9C6-E8A657632C36}", "SHAPE_Leng": 456.14452958714332, "SHAPE_Area": 10984.467649580329 }, "geometry": { "type": "Polygon", "coordinates": [ [ [ -76.077681410335558, 8.396735393315062 ], [ -76.077702364988824, 8.396742688688368 ], [ -76.077724354500759, 8.396752179833625 ], [ -76.077747107746447, 8.396763705332933 ], [ -76.077770353600954, 8.396777103768448 ], [ -76.077793820939249, 8.39679221372241 ], [ -76.077817238636342, 8.396808873777159 ], [ -76.077840335567089, 8.396826922515132 ], [ -76.077862840606358, 8.396846198518833 ], [ -76.077884482628889, 8.396866540370894 ], [ -76.077904990509296, 8.396887786654034 ], [ -76.077924093122178, 8.396909775951052 ], [ -76.077941519341891, 8.396932346844835 ], [ -76.077956998042865, 8.396955337918326 ], [ -76.07797025809927, 8.396978587754541 ], [ -76.077981028385196, 8.39700193493651 ], [ -76.077989037774671, 8.3970252180473 ], [ -76.077994015141599, 8.397048275669963 ], [ -76.07799624290233, 8.397073924628083 ], [ -76.077995864735726, 8.397101276353348 ], [ -76.077993162142306, 8.397129784600356 ], [ -76.077988416622574, 8.397158903123671 ], [ -76.07798190967705, 8.397188085677824 ], [ -76.077973922806322, 8.397216786017294 ], [ -76.077964737511039, 8.397244457896511 ], [ -76.077954635291945, 8.397270555069861 ], [ -76.077943897649916, 8.397294531291717 ], [ -76.077872528349388, 8.397369323188689 ], [ -76.077763042470735, 8.397409537705292 ], [ -76.077631592409716, 8.397430903537854 ], [ -76.077494330564093, 8.39744914940041 ], [ -76.077367409323955, 8.397480004034152 ], [ -76.0772669810748, 8.397539196205448 ], [ -76.077187079009249, 8.397661170910371 ], [ -76.0771229101682, 8.397802330037957 ], [ -76.077035089569364, 8.397916399351065 ], [ -76.077017483229099, 8.397929475789729 ], [ -76.076998576788228, 8.397943016765414 ], [ -76.076978601318928, 8.397956700858233 ], [ -76.076957787893519, 8.397970206648285 ], [ -76.076936367584381, 8.397983212715669 ], [ -76.076914571464087, 8.3979953976405 ], [ -76.076892630605244, 8.398006440002906 ], [ -76.076870776080568, 8.398016018383027 ], [ -76.076849238962922, 8.398023811361025 ], [ -76.076828250325235, 8.398029497517079 ], [ -76.076808041240554, 8.398032755431389 ], [ -76.076788842781966, 8.398033263684193 ], [ -76.076770886022672, 8.398030700855728 ], [ -76.07675621464854, 8.398025822271306 ], [ -76.076741444368395, 8.398018469318213 ], [ -76.076726684091199, 8.398008903533539 ], [ -76.076712042725831, 8.39799738645443 ], [ -76.076697629181169, 8.397984179618058 ], [ -76.076683552365978, 8.397969544561635 ], [ -76.076669921189037, 8.39795374282242 ], [ -76.076656844558997, 8.39793703593768 ], [ -76.076644431384466, 8.397919685444752 ], [ -76.076632790573981, 8.397901952880977 ], [ -76.076622031035967, 8.397884099783747 ], [ -76.076612261678846, 8.397866387690463 ], [ -76.076603591410944, 8.397849078138568 ], [ -76.07659612914054, 8.397832432665487 ], [ -76.076589983775847, 8.397816712808694 ], [ -76.076582093167175, 8.397785669535542 ], [ -76.076579841609657, 8.397753283465148 ], [ -76.076582698313274, 8.397719770078998 ], [ -76.076590132487866, 8.397685344858361 ], [ -76.076601613343442, 8.397650223284318 ], [ -76.076616610090056, 8.39761462083781 ], [ -76.07663459193796, 8.397578752999731 ], [ -76.076655028097605, 8.397542835250849 ], [ -76.076677387779597, 8.397507083071966 ], [ -76.076701140194942, 8.397471711943838 ], [ -76.07672575455473, 8.397436937347264 ], [ -76.076750700070477, 8.397402974763077 ], [ -76.076775445953857, 8.397370039672154 ], [ -76.076799461416854, 8.397338347555417 ], [ -76.076822215671669, 8.397308113893832 ], [ -76.076871366996912, 8.397246918880315 ], [ -76.076925070391596, 8.397188279863043 ], [ -76.076982310946008, 8.397132386105588 ], [ -76.077042073751471, 8.397079426871635 ], [ -76.077103343900234, 8.397029591425158 ], [ -76.077140466861735, 8.397000274303949 ], [ -76.077179495589064, 8.396969201638615 ], [ -76.077220113928064, 8.396937131660252 ], [ -76.07726200572499, 8.396904822599963 ], [ -76.077304854826437, 8.396873032688797 ], [ -76.077348345079386, 8.396842520157787 ], [ -76.0773921603313, 8.396814043237955 ], [ -76.077435984429982, 8.396788360160279 ], [ -76.077479501223706, 8.396766229155752 ], [ -76.077522394561171, 8.396748408455347 ], [ -76.077564348291432, 8.396735656290053 ], [ -76.077605046264011, 8.396728730890876 ], [ -76.077644172328661, 8.396728390488848 ], [ -76.077681410335558, 8.396735393315062 ] ] ] } },
{ "type": "Feature", "properties": { "OBJECTID": 8916.0, "NOMBRE_GEO": null, "PROYECTO": null, "SYMBOL": "3", "FECHA": null, "RULEID": 1, "PK_CUE": 706462.0, "GLOBALID": "{05AE3A72-6245-4349-BD4E-0439E2546BB9}", "SHAPE_Leng": 569.23871551614138, "SHAPE_Area": 13717.381273280451 }, "geometry": { "type": "Polygon", "coordinates": [ [ [ -76.073108975878824, 8.398054237000109 ], [ -76.0731365914706, 8.398013515138722 ], [ -76.073169016761454, 8.397975096272596 ], [ -76.073205109044267, 8.397938820627315 ], [ -76.073243725612556, 8.397904528428585 ], [ -76.073283723760468, 8.39787205990233 ], [ -76.073323960782659, 8.397841255274775 ], [ -76.0733861562979, 8.397798260603045 ], [ -76.073451965320515, 8.397759311998676 ], [ -76.073519845359201, 8.397724544494373 ], [ -76.073588253923845, 8.397694093123539 ], [ -76.073672005109742, 8.397663782832435 ], [ -76.073759353303743, 8.397640411683277 ], [ -76.073849599160809, 8.397623713162709 ], [ -76.073942043336388, 8.397613420757917 ], [ -76.074035986486351, 8.397609267956618 ], [ -76.074130729266813, 8.397610988247235 ], [ -76.074225572334157, 8.397618315118876 ], [ -76.074319816344698, 8.397630982061445 ], [ -76.074412761954775, 8.39764872256564 ], [ -76.07450370982049, 8.397671270122974 ], [ -76.074591960597729, 8.397698358225787 ], [ -76.074676814941952, 8.397729720367206 ], [ -76.074704136677497, 8.397740085503417 ], [ -76.074733094270002, 8.397750285090481 ], [ -76.074762804940534, 8.397760655337486 ], [ -76.074792385910229, 8.397771532453808 ], [ -76.074820954400337, 8.397783252649097 ], [ -76.074847627632238, 8.397796152133218 ], [ -76.074871522827308, 8.397810567116299 ], [ -76.074891757206942, 8.397826833808674 ], [ -76.074907447992416, 8.397845288420818 ], [ -76.074915539260402, 8.397859574692898 ], [ -76.074922015357615, 8.397875559512821 ], [ -76.074926947272701, 8.397893028990183 ], [ -76.074930405994408, 8.397911769234579 ], [ -76.074932462511242, 8.397931566355595 ], [ -76.074933187811865, 8.397952206462808 ], [ -76.074932652884812, 8.397973475665774 ], [ -76.074930928718601, 8.397995160074046 ], [ -76.074928086301796, 8.398017045797145 ], [ -76.074924196622874, 8.39803891894462 ], [ -76.074919330670426, 8.398060565625952 ], [ -76.074913559432943, 8.398081771950656 ], [ -76.074906953899003, 8.398102324028205 ], [ -76.074899585057196, 8.398122007968066 ], [ -76.074891523896099, 8.398140609879698 ], [ -76.074882841404346, 8.398157915872538 ], [ -76.074873608570641, 8.398173712056023 ], [ -76.074862106204122, 8.398190515728048 ], [ -76.074848942443595, 8.398207291453398 ], [ -76.074834284337427, 8.398223855304256 ], [ -76.07481829893409, 8.398240023352793 ], [ -76.07480115328211, 8.398255611671155 ], [ -76.074783014430125, 8.398270436331483 ], [ -76.074764049426705, 8.398284313405918 ], [ -76.074744425320674, 8.398297058966621 ], [ -76.074724309160786, 8.398308489085727 ], [ -76.074703867995922, 8.398318419835388 ], [ -76.074683268875106, 8.398326667287785 ], [ -76.074662678847304, 8.398333047515086 ], [ -76.074642264961653, 8.398337376589494 ], [ -76.074622478239263, 8.398339735198201 ], [ -76.074601813577843, 8.398340696542741 ], [ -76.074580591928878, 8.398340321536478 ], [ -76.074559134243898, 8.398338671092857 ], [ -76.074537761474431, 8.398335806125383 ], [ -76.074516794572062, 8.398331787547646 ], [ -76.07449655448832, 8.398326676273328 ], [ -76.074477362174719, 8.398320533216163 ], [ -76.07440772043303, 8.398268750620025 ], [ -76.074347647986073, 8.398195821296108 ], [ -76.074279884801001, 8.398139342651969 ], [ -76.074245760398341, 8.398126357728053 ], [ -76.07420946024169, 8.398117264826618 ], [ -76.074171576781694, 8.398111368125624 ], [ -76.074132702469257, 8.39810797180318 ], [ -76.074093429755678, 8.398106380037511 ], [ -76.074054351092514, 8.398105897007019 ], [ -76.074016058931761, 8.39810582689023 ], [ -76.073986138110911, 8.398105452941678 ], [ -76.073955321053646, 8.398104832484892 ], [ -76.073924054839253, 8.398104494288555 ], [ -76.073892786546836, 8.398104967121572 ], [ -76.073861963255368, 8.398106779753039 ], [ -76.073832032043796, 8.398110460952257 ], [ -76.073803439990925, 8.398116539488683 ], [ -76.073776634175587, 8.398125544131933 ], [ -76.073752061676657, 8.398138003651743 ], [ -76.073731703451131, 8.398152350204363 ], [ -76.073712316705624, 8.398169404301635 ], [ -76.073693960011568, 8.398188689733907 ], [ -76.073676691940491, 8.398209730291466 ], [ -76.073660571064053, 8.398232049764561 ], [ -76.073645655953968, 8.398255171943411 ], [ -76.073632005182034, 8.398278620618193 ], [ -76.073619677320067, 8.398301919579037 ], [ -76.073600856616551, 8.398355517263829 ], [ -76.073587827089867, 8.398412158487929 ], [ -76.073569775897596, 8.398466050701028 ], [ -76.073559301728423, 8.398487166103635 ], [ -76.073547647222412, 8.3985090348641 ], [ -76.0735349162331, 8.398531293995791 ], [ -76.073521212614111, 8.398553580512067 ], [ -76.07350664021908, 8.39857553142623 ], [ -76.073491302901758, 8.398596783751575 ], [ -76.073475304515881, 8.398616974501406 ], [ -76.073458748915328, 8.398635740688984 ], [ -76.073441739953992, 8.398652719327542 ], [ -76.073424381485893, 8.39866754743033 ], [ -76.073406777365136, 8.39867986201055 ], [ -76.073389031445913, 8.398689300081417 ], [ -76.073371247582514, 8.398695498656107 ], [ -76.073357193261685, 8.39869802359944 ], [ -76.073342031662946, 8.39869890645927 ], [ -76.073325919354104, 8.398698231832368 ], [ -76.073309012902968, 8.398696084315523 ], [ -76.073291468877414, 8.398692548505535 ], [ -76.073273443845252, 8.398687708999253 ], [ -76.07325509437436, 8.398681650393536 ], [ -76.07323657703256, 8.39867445728529 ], [ -76.07321804838773, 8.398666214271444 ], [ -76.073199665007692, 8.398657005948978 ], [ -76.073181583460197, 8.398646916914906 ], [ -76.073163960313039, 8.3986360317663 ], [ -76.073146952133982, 8.398624435100247 ], [ -76.073130715490692, 8.398612211513896 ], [ -76.073115406950862, 8.398599445604416 ], [ -76.073101183082144, 8.398586221969021 ], [ -76.073088200452119, 8.39857262520494 ], [ -76.073076615628324, 8.398558739909447 ], [ -76.07306658517831, 8.398544650679819 ], [ -76.073058265669516, 8.398530442113346 ], [ -76.073048393044687, 8.398508001088699 ], [ -76.073040666381857, 8.398483443240416 ], [ -76.073034843536064, 8.398457362326313 ], [ -76.073030682362329, 8.398430352104171 ], [ -76.073027940715619, 8.398403006331726 ], [ -76.073026376450841, 8.398375918766696 ], [ -76.073025747422903, 8.398349683166739 ], [ -76.073026691514201, 8.398316056431948 ], [ -76.073030055443112, 8.398281943841774 ], [ -76.073035691798623, 8.398247639268186 ], [ -76.073043453169802, 8.398213436583136 ], [ -76.073053192145636, 8.398179629658481 ], [ -76.073064761315266, 8.398146512366086 ], [ -76.073078013267846, 8.398114378577731 ], [ -76.073092800592576, 8.398083522165168 ], [ -76.073108975878824, 8.398054237000109 ] ] ] } },
{ "type": "Feature", "properties": { "OBJECTID": 8917.0, "NOMBRE_GEO": null, "PROYECTO": null, "SYMBOL": "3", "FECHA": null, "RULEID": 1, "PK_CUE": 706463.0, "GLOBALID": "{040EF2F6-E15E-47AF-8F8A-954C79410EF0}", "SHAPE_Leng": 620.05910962458699, "SHAPE_Area": 11548.910908234317 }, "geometry": { "type": "Polygon", "coordinates": [ [ [ -76.070087277108314, 8.399278434296003 ], [ -76.070119675588217, 8.399262835035614 ], [ -76.070152273816547, 8.399246276040824 ], [ -76.070184289337888, 8.399228430967364 ], [ -76.070214939696882, 8.3992089734712 ], [ -76.070243442438453, 8.399187577208494 ], [ -76.070269015107726, 8.399163915835549 ], [ -76.070326206544095, 8.399044708677874 ], [ -76.070385069009845, 8.398934261880061 ], [ -76.070401770050552, 8.398922287994264 ], [ -76.07042037377937, 8.398911692420709 ], [ -76.070440623523425, 8.39890245792372 ], [ -76.070462262609922, 8.398894567267671 ], [ -76.070485034366143, 8.398888003216916 ], [ -76.070508682119439, 8.39888274853587 ], [ -76.070532949197158, 8.398878785988977 ], [ -76.070557578926795, 8.398876098340734 ], [ -76.070582314635786, 8.398874668355708 ], [ -76.070606899651651, 8.398874478798517 ], [ -76.07063107730194, 8.398875512433847 ], [ -76.070654590914145, 8.398877752026456 ], [ -76.070677183815889, 8.398881180341162 ], [ -76.070698599334648, 8.398885780142855 ], [ -76.070765624539092, 8.398916928623466 ], [ -76.07082996624473, 8.398962102299375 ], [ -76.070896236997683, 8.39900126660932 ], [ -76.070944885723222, 8.399020435783362 ], [ -76.070995673539841, 8.399037173544897 ], [ -76.071048142257922, 8.399051320027409 ], [ -76.071101833687791, 8.399062715364684 ], [ -76.071156289639674, 8.399071199690798 ], [ -76.071211051923683, 8.399076613140174 ], [ -76.071265662349987, 8.399078795847496 ], [ -76.071319662728669, 8.399077587947763 ], [ -76.071372594869985, 8.399072829576232 ], [ -76.071424000584244, 8.399064360868405 ], [ -76.071473421681901, 8.399052021959999 ], [ -76.071552897437357, 8.399011175708521 ], [ -76.07162853993789, 8.398952732593683 ], [ -76.071705089108661, 8.398898964634659 ], [ -76.071787284884692, 8.398872143841576 ], [ -76.071798699579787, 8.398871336442673 ], [ -76.07181083232463, 8.398870488795342 ], [ -76.071823487353399, 8.39886970731027 ], [ -76.071836468900329, 8.398869098398142 ], [ -76.071849581199658, 8.398868768469638 ], [ -76.071862628485661, 8.398868823935462 ], [ -76.071875414992647, 8.398869371206377 ], [ -76.071887744954907, 8.398870516693131 ], [ -76.071899422606776, 8.398872366806488 ], [ -76.071910252182619, 8.398875027957267 ], [ -76.071920037916755, 8.398878606556275 ], [ -76.071928584043548, 8.398883209014338 ], [ -76.071935694797361, 8.398888941742305 ], [ -76.071941101187122, 8.398895518650187 ], [ -76.071945608797975, 8.398903375890713 ], [ -76.071949278662032, 8.398912346665879 ], [ -76.071952171811347, 8.398922264177699 ], [ -76.071954349278002, 8.398932961628189 ], [ -76.071955872094037, 8.398944272219351 ], [ -76.071956801291492, 8.398956029153194 ], [ -76.071957197902407, 8.39896806563171 ], [ -76.07195712295885, 8.39898021485689 ], [ -76.071956637492818, 8.398992310030726 ], [ -76.071955802536337, 8.39900418435521 ], [ -76.071954679121461, 8.399015671032323 ], [ -76.071953328280202, 8.399026603264048 ], [ -76.071951811044627, 8.399036814252355 ], [ -76.071946478517305, 8.399059176079644 ], [ -76.071938026874292, 8.399081075442838 ], [ -76.071926848315186, 8.399102467263484 ], [ -76.071913335039653, 8.39912330646305 ], [ -76.071897879247445, 8.399143547962973 ], [ -76.07188087313844, 8.399163146684698 ], [ -76.07186270891269, 8.399182057549664 ], [ -76.071843778770244, 8.399200235479348 ], [ -76.071824474911423, 8.399217635395244 ], [ -76.071805189536505, 8.399234212218905 ], [ -76.071786314845994, 8.399249920871934 ], [ -76.07175911666296, 8.399270948982643 ], [ -76.071730198426977, 8.399290732749895 ], [ -76.071699896805399, 8.399309082752691 ], [ -76.071668548465752, 8.399325809570058 ], [ -76.07163649007579, 8.399340723781057 ], [ -76.071604058303407, 8.399353635964813 ], [ -76.071571589816656, 8.399364356700515 ], [ -76.071516607263518, 8.399375890624199 ], [ -76.071459575368792, 8.399380088849494 ], [ -76.071401206424156, 8.399378948552378 ], [ -76.071342212720438, 8.39937446690962 ], [ -76.0712833065474, 8.399368641098812 ], [ -76.071225200193794, 8.399363468298439 ], [ -76.07113701992489, 8.399351853004298 ], [ -76.071049046214981, 8.399337067748919 ], [ -76.070961364745671, 8.399329942621732 ], [ -76.07091640231809, 8.399330688329758 ], [ -76.070870535672285, 8.39933280448718 ], [ -76.070824254436872, 8.399336589552234 ], [ -76.070778048240371, 8.399342341983413 ], [ -76.070732406711343, 8.399350360239493 ], [ -76.070687819478337, 8.399360942779493 ], [ -76.070644776169942, 8.399374388062684 ], [ -76.070603766414905, 8.399390994548519 ], [ -76.0705652798421, 8.399411060696611 ], [ -76.070489852511301, 8.399474255423003 ], [ -76.070422239714858, 8.399551939436504 ], [ -76.070350304123536, 8.399624041659031 ], [ -76.070308962228708, 8.399657341272116 ], [ -76.070266413419688, 8.399691147588614 ], [ -76.07022267711281, 8.399724246701213 ], [ -76.070177772724776, 8.399755424702446 ], [ -76.070131719672844, 8.39978346768461 ], [ -76.070084537374726, 8.399807161739792 ], [ -76.070036245248744, 8.399825292959825 ], [ -76.069986862713947, 8.399836647436318 ], [ -76.069969466413042, 8.399839267437162 ], [ -76.06995101031842, 8.399841937356616 ], [ -76.06993174885821, 8.399844497079382 ], [ -76.0699119364605, 8.399846786490194 ], [ -76.069891827553533, 8.399848645473838 ], [ -76.069871676565526, 8.399849913915109 ], [ -76.069851737924793, 8.399850431698857 ], [ -76.069832266059706, 8.399850038709957 ], [ -76.069813515398693, 8.399848574833344 ], [ -76.069795740370168, 8.399845879953975 ], [ -76.069779195402617, 8.399841793956854 ], [ -76.069764134924512, 8.399836156727018 ], [ -76.069750813364337, 8.399828808149536 ], [ -76.069739485150563, 8.3998195881095 ], [ -76.069730919160577, 8.399809571823704 ], [ -76.069723323350303, 8.399797764603331 ], [ -76.069716651076874, 8.399784428233088 ], [ -76.069710855697238, 8.399769824497671 ], [ -76.069705890568443, 8.399754215181797 ], [ -76.069701709047422, 8.399737862070195 ], [ -76.069698264491066, 8.399721026947541 ], [ -76.069695510256281, 8.399703971598552 ], [ -76.069693399699972, 8.399686957807935 ], [ -76.069691886178973, 8.399670247360385 ], [ -76.069690923050118, 8.399654102040591 ], [ -76.06969046367027, 8.399638783633252 ], [ -76.069691016548973, 8.399616276272603 ], [ -76.0696932814147, 8.399593030353088 ], [ -76.069697172484325, 8.399569295062975 ], [ -76.069702603974662, 8.399545319590494 ], [ -76.069709490102554, 8.399521353123875 ], [ -76.069717745084915, 8.399497644851285 ], [ -76.069727283138548, 8.399474443960909 ], [ -76.069738018480422, 8.399451999640883 ], [ -76.069749865327452, 8.399430561079329 ], [ -76.069762737896639, 8.39941037746436 ], [ -76.069776550405038, 8.399391697984045 ], [ -76.069791217069778, 8.399374771826448 ], [ -76.069806652108028, 8.399359848179589 ], [ -76.069866077518157, 8.399328562156448 ], [ -76.069939040566908, 8.399312986639053 ], [ -76.070015965637324, 8.399300488418621 ], [ -76.070087277108314, 8.399278434296003 ] ] ] } },
{ "type": "Feature", "properties": { "OBJECTID": 8918.0, "NOMBRE_GEO": null, "PROYECTO": "LG", "SYMBOL": "3", "FECHA": null, "RULEID": 1, "PK_CUE": 706464.0, "GLOBALID": "{C7CCBB2C-34BA-47BE-AB32-7C8BE7BC5D52}", "SHAPE_Leng": 2712.5856581254766, "SHAPE_Area": 152291.17310910721 }, "geometry": { "type": "Polygon", "coordinates": [ [ [ -75.999660391831313, 8.291180976211063 ], [ -75.999830837656376, 8.291045904650428 ], [ -75.999900789979435, 8.291080984187298 ], [ -75.999900600953723, 8.291149463187761 ], [ -75.999900588664417, 8.291153942057608 ], [ -75.999900224293341, 8.291290309833698 ], [ -75.9998296972323, 8.291464565073197 ], [ -75.999759170970719, 8.291638811277624 ], [ -75.999513705893236, 8.291742817800955 ], [ -75.999373326174236, 8.291847103253348 ], [ -75.998952735244401, 8.291950624745404 ], [ -75.998636932059171, 8.292159096712295 ], [ -75.998250136303469, 8.292716267614653 ], [ -75.998213781301217, 8.293204602084005 ], [ -75.998212064717507, 8.293832578240734 ], [ -75.998175988584407, 8.29421625657646 ], [ -75.997929671240414, 8.294634243232633 ], [ -75.99782316596847, 8.295157277760588 ], [ -75.9978215499832, 8.295750372853623 ], [ -75.997469383290252, 8.29644717818203 ], [ -75.997222391147375, 8.297109379753532 ], [ -75.997150812596857, 8.297667396424284 ], [ -75.997149574430622, 8.298120937160625 ], [ -75.997078095270979, 8.298644070843025 ], [ -75.997006804398808, 8.299097424076198 ], [ -75.997111027337567, 8.299411699976535 ], [ -75.99711016533935, 8.29972568786936 ], [ -75.997108736129405, 8.300249000961051 ], [ -75.99689705719419, 8.300806640203422 ], [ -75.996475594846359, 8.3012241579357 ], [ -75.99632336639219, 8.301147828754411 ], [ -75.996195770238813, 8.301083842227861 ], [ -75.996161984289245, 8.300630200576675 ], [ -75.996163321784948, 8.300141778214629 ], [ -75.996058910701265, 8.299897275195638 ], [ -75.995639362331261, 8.299617036656235 ], [ -75.995359537341514, 8.299476719852958 ], [ -75.995360776107574, 8.299023178423079 ], [ -75.995362303861, 8.298464974179591 ], [ -75.99546834091619, 8.298116383153969 ], [ -75.995783666637337, 8.298082345818939 ], [ -75.9959599438168, 8.297664171123778 ], [ -75.995961182631831, 8.297210629903697 ], [ -75.995997826097636, 8.296617633669554 ], [ -75.995928727412974, 8.296268557350707 ], [ -75.995929105314772, 8.296131958575621 ], [ -75.99602049928329, 8.295897166561707 ], [ -75.996233758615588, 8.295415221049581 ], [ -75.996380211819414, 8.295125432587113 ], [ -75.996385961209924, 8.295114060420357 ], [ -75.996422370346266, 8.295069674610167 ], [ -75.996780868623148, 8.294632608366706 ], [ -75.99696368534633, 8.294210902886814 ], [ -75.997086027038179, 8.293758871127837 ], [ -75.997251145916451, 8.293162209566152 ], [ -75.997330297368435, 8.293005588576634 ], [ -75.997573740163531, 8.292553889439068 ], [ -75.997726184215438, 8.29216224957001 ], [ -75.997999909723774, 8.291710630853316 ], [ -75.998268829876551, 8.291492681590134 ], [ -75.998673960536067, 8.291426548033268 ], [ -75.9992344557932, 8.291393176392745 ], [ -75.999514846554661, 8.29132415816825 ], [ -75.999655334268411, 8.291184981558953 ], [ -75.999660391831313, 8.291180976211063 ] ] ] } },
{ "type": "Feature", "properties": { "OBJECTID": 8924.0, "NOMBRE_GEO": null, "PROYECTO": null, "SYMBOL": "3", "FECHA": null, "RULEID": 1, "PK_CUE": 706526.0, "GLOBALID": "{AEF9A6DC-95ED-4C57-A92F-6D2617C880A7}", "SHAPE_Leng": 1355.3001828709148, "SHAPE_Area": 49270.020118702676 }, "geometry": { "type": "Polygon", "coordinates": [ [ [ -76.154019963866304, 8.35137845807604 ], [ -76.154164745964081, 8.351091754635286 ], [ -76.154381580683093, 8.35080521960675 ], [ -76.154634358298154, 8.350554646950185 ], [ -76.154707170756296, 8.35023189609811 ], [ -76.154816092627001, 8.349873347651558 ], [ -76.154960873888911, 8.349586644323404 ], [ -76.155213480575256, 8.349407830809634 ], [ -76.155357083095566, 8.349623447350849 ], [ -76.1551761073666, 8.349981825660064 ], [ -76.155175517795769, 8.350232985623656 ], [ -76.155391341412908, 8.350377010325587 ], [ -76.155787551310908, 8.350413810801026 ], [ -76.156472228135556, 8.350343644077375 ], [ -76.157049159600419, 8.350129704664951 ], [ -76.157626342950721, 8.349808123091846 ], [ -76.157987365605138, 8.34948604036868 ], [ -76.158203610271329, 8.349450661120395 ], [ -76.158022552545177, 8.349844923261639 ], [ -76.157552945966557, 8.350382035667907 ], [ -76.1570835901083, 8.350811508195493 ], [ -76.156542597548238, 8.351061411070514 ], [ -76.156470039807942, 8.351276522794661 ], [ -76.156181488804407, 8.351419373385971 ], [ -76.155713308641836, 8.351346522924272 ], [ -76.155100262848663, 8.351596257212961 ], [ -76.1547752633589, 8.351918421173751 ], [ -76.154378798095976, 8.351989257567714 ], [ -76.15412711564845, 8.35177339008702 ], [ -76.154019963866304, 8.35137845807604 ] ] ] } },
{ "type": "Feature", "properties": { "OBJECTID": 8925.0, "NOMBRE_GEO": null, "PROYECTO": null, "SYMBOL": "3", "FECHA": null, "RULEID": 1, "PK_CUE": 706527.0, "GLOBALID": "{D2B55F83-5B08-45CD-BC92-30A92D205049}", "SHAPE_Leng": 464.89885378025861, "SHAPE_Area": 14277.80657766008 }, "geometry": { "type": "Polygon", "coordinates": [ [ [ -76.128326737343428, 8.383645466969016 ], [ -76.128687292257979, 8.383538694274161 ], [ -76.129083355791138, 8.383647286309481 ], [ -76.129226953422133, 8.383862911031718 ], [ -76.128937932898353, 8.384185134719797 ], [ -76.128540477257275, 8.38465061739544 ], [ -76.128216209574788, 8.384649835920824 ], [ -76.127856174787524, 8.38454132968201 ], [ -76.12764052020259, 8.38432553235692 ], [ -76.127641391587943, 8.383966736168087 ], [ -76.127929976910352, 8.383823912055902 ], [ -76.128326737343428, 8.383645466969016 ] ] ] } },
{ "type": "Feature", "properties": { "OBJECTID": 8929.0, "NOMBRE_GEO": null, "PROYECTO": null, "SYMBOL": "3", "FECHA": null, "RULEID": 1, "PK_CUE": 706531.0, "GLOBALID": "{9415770B-0D67-47CE-89FF-A15A6518737C}", "SHAPE_Leng": 644.12143971172918, "SHAPE_Area": 16547.583886942321 }, "geometry": { "type": "Polygon", "coordinates": [ [ [ -76.108744205808719, 8.420123303885209 ], [ -76.108996968668635, 8.419908650722942 ], [ -76.109357295525712, 8.419909538796077 ], [ -76.109500356797255, 8.420340445656857 ], [ -76.109535141410291, 8.42084284567682 ], [ -76.109930432310904, 8.421274374365584 ], [ -76.110398145987745, 8.421562561886407 ], [ -76.110433554809362, 8.421813806797269 ], [ -76.110109169782362, 8.42184888674092 ], [ -76.109785142324043, 8.421740449712814 ], [ -76.109461560045176, 8.42145261685905 ], [ -76.109102214146674, 8.421057055909214 ], [ -76.108742688969656, 8.420733252799529 ], [ -76.108599270692025, 8.420445863203954 ], [ -76.108744205808719, 8.420123303885209 ] ] ] } },
{ "type": "Feature", "properties": { "OBJECTID": 8930.0, "NOMBRE_GEO": null, "PROYECTO": null, "SYMBOL": "3", "FECHA": null, "RULEID": 1, "PK_CUE": 706532.0, "GLOBALID": "{E97401A9-845E-47C8-AEF6-B0AFB7E9C991}", "SHAPE_Leng": 615.03191784210162, "SHAPE_Area": 22221.023758156512 }, "geometry": { "type": "Polygon", "coordinates": [ [ [ -76.058408061079106, 8.405787868618747 ], [ -76.058372872657344, 8.405464866136038 ], [ -76.058481808380662, 8.405142237394653 ], [ -76.058662149610484, 8.40507094593427 ], [ -76.058985582521487, 8.405394693700133 ], [ -76.059273642997368, 8.405467197856048 ], [ -76.05959857527607, 8.405216884581531 ], [ -76.059886726985809, 8.405253508822049 ], [ -76.060029820788671, 8.40564854911042 ], [ -76.059992853539114, 8.406007243907863 ], [ -76.059775359524977, 8.406508988967216 ], [ -76.059306489576784, 8.406687171409457 ], [ -76.059018150096222, 8.406722304323623 ], [ -76.058838557431628, 8.406506565443431 ], [ -76.058695464058857, 8.406111525319469 ], [ -76.058408061079106, 8.405787868618747 ] ] ] } },
{ "type": "Feature", "properties": { "OBJECTID": 8931.0, "NOMBRE_GEO": null, "PROYECTO": null, "SYMBOL": "3", "FECHA": null, "RULEID": 1, "PK_CUE": 706533.0, "GLOBALID": "{C59D16A4-0812-46EC-B505-E4790D22B1A7}", "SHAPE_Leng": 850.19508461974715, "SHAPE_Area": 24854.995888424259 }, "geometry": { "type": "Polygon", "coordinates": [ [ [ -76.078875662764247, 8.475158988625033 ], [ -76.079164333241422, 8.475016209789059 ], [ -76.079235390195578, 8.47541106284007 ], [ -76.079559357025602, 8.475555407061417 ], [ -76.079955676733903, 8.475592300120043 ], [ -76.080171717135499, 8.475664610273176 ], [ -76.080099179182952, 8.475843820403373 ], [ -76.079630599150136, 8.475878502333934 ], [ -76.079197778898617, 8.476020912387568 ], [ -76.078980998040294, 8.476235632857893 ], [ -76.078908183016239, 8.476522480242457 ], [ -76.078907350154935, 8.476845390196544 ], [ -76.07890660920917, 8.47713242136941 ], [ -76.078833792380294, 8.477419268823233 ], [ -76.078617472616784, 8.477454593671025 ], [ -76.078437934252491, 8.477202980355177 ], [ -76.078185669752642, 8.477202334667536 ], [ -76.07789764793327, 8.477093959940143 ], [ -76.077826406562181, 8.476770864833709 ], [ -76.077935259916927, 8.476484109783812 ], [ -76.078079689197381, 8.476376843939793 ], [ -76.078296470781666, 8.47616212286191 ], [ -76.078586066620602, 8.475660556177782 ], [ -76.078875662764247, 8.475158988625033 ] ] ] } },
{ "type": "Feature", "properties": { "OBJECTID": 8932.0, "NOMBRE_GEO": null, "PROYECTO": null, "SYMBOL": "3", "FECHA": null, "RULEID": 1, "PK_CUE": 706534.0, "GLOBALID": "{AC56D82D-9773-42A5-B6D7-70E3A4D02A71}", "SHAPE_Leng": 613.69238569161485, "SHAPE_Area": 14692.92541164218 }, "geometry": { "type": "Polygon", "coordinates": [ [ [ -76.052930376988925, 8.515240194682793 ], [ -76.053075399736016, 8.514917667635554 ], [ -76.053326923046285, 8.515205362103748 ], [ -76.05325341040637, 8.515743349947762 ], [ -76.053107624258843, 8.516352905651038 ], [ -76.053178369287224, 8.516855394894227 ], [ -76.05317760604666, 8.517142424314159 ], [ -76.05288870428349, 8.517356934753797 ], [ -76.052564429728704, 8.517320200776052 ], [ -76.052457069754325, 8.517032888123747 ], [ -76.052566627048918, 8.516494994332831 ], [ -76.052675991060838, 8.516028858918395 ], [ -76.052785162645549, 8.51563447914527 ], [ -76.052930376988925, 8.515240194682793 ] ] ] } },
{ "type": "Feature", "properties": { "OBJECTID": 8933.0, "NOMBRE_GEO": null, "PROYECTO": null, "SYMBOL": "3", "FECHA": null, "RULEID": 1, "PK_CUE": 706535.0, "GLOBALID": "{6D9ED212-566E-46C1-A09F-6B9E84A83398}", "SHAPE_Leng": 431.61922823879866, "SHAPE_Area": 9686.1936699301586 }, "geometry": { "type": "Polygon", "coordinates": [ [ [ -75.996387306255286, 8.5646706121726 ], [ -75.996063307034348, 8.564526193177272 ], [ -75.995702554013846, 8.564632818266201 ], [ -75.995486285890607, 8.564632213183669 ], [ -75.995486892950481, 8.564416945634132 ], [ -75.995631782396785, 8.564166204653503 ], [ -75.99595669290153, 8.563987724325472 ], [ -75.996208904957172, 8.56402430782623 ], [ -75.996497061413478, 8.564096868760096 ], [ -75.996821060258668, 8.564241288366004 ], [ -75.99700027125327, 8.564600570225364 ], [ -75.996855585199796, 8.564779556001094 ], [ -75.99656702422466, 8.564850504685507 ], [ -75.996387306255286, 8.5646706121726 ] ] ] } },
{ "type": "Feature", "properties": { "OBJECTID": 8935.0, "NOMBRE_GEO": "Poza El Totumo", "PROYECTO": null, "SYMBOL": "3", "FECHA": null, "RULEID": 1, "PK_CUE": 706537.0, "GLOBALID": "{7A08EF85-BCFC-45AC-A0AE-5C0541F99287}", "SHAPE_Leng": 1788.6042898656847, "SHAPE_Area": 53072.979760656483 }, "geometry": { "type": "Polygon", "coordinates": [ [ [ -75.98814845708975, 8.57189483156041 ], [ -75.987752058139662, 8.571857836223302 ], [ -75.987496477995592, 8.5718814951527 ], [ -75.987460043174025, 8.571842766864842 ], [ -75.987390994367644, 8.571771380722625 ], [ -75.987368364130575, 8.571744197055633 ], [ -75.987345791681392, 8.571697801898884 ], [ -75.987307390668221, 8.571627633417345 ], [ -75.987276818819112, 8.571599296638976 ], [ -75.987254216918117, 8.571563072036788 ], [ -75.987215694790152, 8.571535843294374 ], [ -75.987185092569163, 8.571517677078402 ], [ -75.987154489183297, 8.571500639600407 ], [ -75.98710910258049, 8.571491472191207 ], [ -75.987104666541342, 8.571492766302352 ], [ -75.987078423546691, 8.571500425056213 ], [ -75.987047747241377, 8.571509378801814 ], [ -75.987017038713716, 8.571528501328375 ], [ -75.986986282869466, 8.571564575993333 ], [ -75.986981028749042, 8.57157376762339 ], [ -75.986882934507364, 8.571475673845089 ], [ -75.986480537461134, 8.571676872556019 ], [ -75.986475115634519, 8.571664831925517 ], [ -75.986468383985738, 8.571636562678162 ], [ -75.986444646292583, 8.571600335046044 ], [ -75.986415225219119, 8.571566351930665 ], [ -75.986360863598051, 8.571519868334388 ], [ -75.986307606251984, 8.571484686104633 ], [ -75.986269108891435, 8.571448418147121 ], [ -75.986223800956651, 8.571412128786067 ], [ -75.986064035253008, 8.571303195730039 ], [ -75.985896345883219, 8.571186331479405 ], [ -75.985835166930045, 8.571142086594939 ], [ -75.985781963034697, 8.571087696392592 ], [ -75.985720706295254, 8.571070573323466 ], [ -75.98566732590335, 8.571078331699574 ], [ -75.985613838142498, 8.571123379786201 ], [ -75.985560321765888, 8.571178600252361 ], [ -75.985453399294173, 8.571250618180148 ], [ -75.985364262307357, 8.571288453916956 ], [ -75.984979365619154, 8.570999781528046 ], [ -75.98509833871644, 8.570702349264277 ], [ -75.985013681835611, 8.57039193969446 ], [ -75.985025573844794, 8.570392858058623 ], [ -75.985133373691923, 8.57041124342514 ], [ -75.985369414627968, 8.570445810829211 ], [ -75.985605449615974, 8.57048264010642 ], [ -75.985758613299751, 8.570518103267293 ], [ -75.985903803143572, 8.570562584723222 ], [ -75.986048937845041, 8.570626275794679 ], [ -75.9861929120095, 8.570699003835061 ], [ -75.986262115980978, 8.570716148483887 ], [ -75.986323447479961, 8.570707282923454 ], [ -75.986391670286807, 8.570670186361399 ], [ -75.986453155502318, 8.570607078048644 ], [ -75.986521637234333, 8.57047957961014 ], [ -75.986551516229383, 8.570353103790282 ], [ -75.986506310961332, 8.570280655314063 ], [ -75.986437261749998, 8.570209268845236 ], [ -75.986422660675672, 8.570153857923513 ], [ -75.986437574106034, 8.570099659119025 ], [ -75.986521713121746, 8.570054695521337 ], [ -75.986613723446283, 8.57003687626397 ], [ -75.986765827917154, 8.570045216090888 ], [ -75.986917933274796, 8.570053554944771 ], [ -75.987040542891478, 8.570053900991226 ], [ -75.987108381839008, 8.57003614760985 ], [ -75.987147338651596, 8.570025953177502 ], [ -75.987192843021816, 8.570001990664693 ], [ -75.987296712199495, 8.56986372443135 ], [ -75.987503361261744, 8.569465462694936 ], [ -75.987759721666635, 8.569167007625133 ], [ -75.988337976886086, 8.568630469199487 ], [ -75.988698938723715, 8.568452096686395 ], [ -75.989311501728494, 8.568525579041887 ], [ -75.989202448489579, 8.568848173224822 ], [ -75.988733044863537, 8.56913387528073 ], [ -75.988443867119869, 8.569420083853089 ], [ -75.988118132293252, 8.56988557919467 ], [ -75.98779290703456, 8.57017168626022 ], [ -75.987500892375749, 8.570332058879856 ], [ -75.987418517819535, 8.570377863019129 ], [ -75.987256049808948, 8.570615129662244 ], [ -75.987155346926926, 8.570806560135233 ], [ -75.987170252661997, 8.570982979763373 ], [ -75.987285489959547, 8.571098334459021 ], [ -75.987498339911426, 8.571227725282334 ], [ -75.98778933127322, 8.571427405012404 ], [ -75.988257409529183, 8.571608116016199 ], [ -75.988509218146859, 8.571788215946217 ], [ -75.988724877682557, 8.572004092373145 ], [ -75.988721451977952, 8.572008612142913 ], [ -75.988616332553306, 8.572147297836731 ], [ -75.988355041813506, 8.572006305370389 ], [ -75.98814845708975, 8.57189483156041 ] ] ] } },
{ "type": "Feature", "properties": { "OBJECTID": 8936.0, "NOMBRE_GEO": null, "PROYECTO": null, "SYMBOL": "3", "FECHA": null, "RULEID": 1, "PK_CUE": 706538.0, "GLOBALID": "{FDD396A9-D8A9-4E3F-91C8-78E945FA15A9}", "SHAPE_Leng": 1209.6968035499267, "SHAPE_Area": 75702.843188705636 }, "geometry": { "type": "Polygon", "coordinates": [ [ [ -75.966531532142099, 8.501045568658061 ], [ -75.966205100611475, 8.500881914968971 ], [ -75.965908855278641, 8.501272053086797 ], [ -75.965678724255682, 8.501565197807469 ], [ -75.965220248678179, 8.501531117233997 ], [ -75.965025388025722, 8.50100849611497 ], [ -75.965027268034945, 8.500356485783202 ], [ -75.965127711283586, 8.499770300100806 ], [ -75.965390000560149, 8.499346165674755 ], [ -75.965914775588843, 8.499217712977547 ], [ -75.96630779235015, 8.499120524701549 ], [ -75.966930660040418, 8.499220613009401 ], [ -75.967289913084201, 8.499417128690304 ], [ -75.967714529087118, 8.499777684103071 ], [ -75.967942875575858, 8.500103777890629 ], [ -75.968040408304816, 8.500527808652102 ], [ -75.968006269014126, 8.500952594607927 ], [ -75.967645326887578, 8.501342550244186 ], [ -75.967643823986506, 8.501864609349614 ], [ -75.967609875781449, 8.502222726062532 ], [ -75.967053023084418, 8.502058415131168 ], [ -75.966791571544661, 8.501796636924025 ], [ -75.966694990701001, 8.501437017751003 ], [ -75.966531532142099, 8.501045568658061 ] ] ] } },
{ "type": "Feature", "properties": { "OBJECTID": 8937.0, "NOMBRE_GEO": null, "PROYECTO": null, "SYMBOL": "3", "FECHA": null, "RULEID": 1, "PK_CUE": 706539.0, "GLOBALID": "{1E1798D8-45E2-47FC-A87B-BD29B7675D2F}", "SHAPE_Leng": 827.17137027480237, "SHAPE_Area": 39216.64851255648 }, "geometry": { "type": "Polygon", "coordinates": [ [ [ -75.96205905939803, 8.497602750754238 ], [ -75.962028438937963, 8.497593623895744 ], [ -75.961975117167626, 8.497584431249866 ], [ -75.961952441749602, 8.497575326146929 ], [ -75.96190708871211, 8.497558247424328 ], [ -75.961883281660917, 8.497548007709792 ], [ -75.96173141638036, 8.497467343392323 ], [ -75.96150251970441, 8.49733334500575 ], [ -75.961273605335833, 8.49720612907177 ], [ -75.961143647682249, 8.497006875405665 ], [ -75.961029578947375, 8.496808796706157 ], [ -75.961021711659868, 8.496781654232864 ], [ -75.961013820267496, 8.496763551070121 ], [ -75.961036573371487, 8.496745535566818 ], [ -75.961052490274184, 8.496736541618105 ], [ -75.961075216566627, 8.4967275681561 ], [ -75.961097917831125, 8.496727632203141 ], [ -75.961128590958467, 8.496718679607804 ], [ -75.96117399259694, 8.496718810412613 ], [ -75.961272801686931, 8.496698753034913 ], [ -75.961342063021604, 8.496691042233683 ], [ -75.961395435574403, 8.496682153666367 ], [ -75.961434083664074, 8.4966630547182 ], [ -75.961456811751631, 8.496654081224557 ], [ -75.961471592976636, 8.4966450832531 ], [ -75.961487561662778, 8.496618007937952 ], [ -75.961502370612806, 8.496599970631109 ], [ -75.961532143029487, 8.496509654676608 ], [ -75.961562998379407, 8.496437423189976 ], [ -75.961571100664358, 8.496383206320543 ], [ -75.961578045421547, 8.496336895970551 ], [ -75.961586147700089, 8.49628267819835 ], [ -75.961586330876401, 8.496219399325849 ], [ -75.961586435415541, 8.496183239325559 ], [ -75.961578619934158, 8.496138016423149 ], [ -75.961562909038989, 8.496075820970624 ], [ -75.961540390996959, 8.496012475350984 ], [ -75.961463837155364, 8.495794165017776 ], [ -75.961449232010509, 8.495742142576855 ], [ -75.961433475594788, 8.495695767276077 ], [ -75.961425686989003, 8.495641505031097 ], [ -75.961425791554873, 8.495605344121133 ], [ -75.961425870220864, 8.495578225244254 ], [ -75.961425974788767, 8.495542064334204 ], [ -75.961434025281022, 8.495505927013159 ], [ -75.961440991054602, 8.495451707043834 ], [ -75.961449066561315, 8.49540653040839 ], [ -75.961471873224141, 8.495370434448137 ], [ -75.961479874103546, 8.495351247897904 ], [ -75.961502678952897, 8.495315152855373 ], [ -75.961533429702627, 8.495279079594177 ], [ -75.961548237719299, 8.495261043213464 ], [ -75.961578910711879, 8.495252089721888 ], [ -75.96161638995595, 8.49524428911432 ], [ -75.961639094243353, 8.495243222567687 ], [ -75.961669717626734, 8.495251219836728 ], [ -75.961685555807136, 8.495269345662392 ], [ -75.961716176078411, 8.495278474422278 ], [ -75.961746718600807, 8.495314721138188 ], [ -75.961899559060413, 8.495450759880686 ], [ -75.96192896910037, 8.49548587468073 ], [ -75.961959564380621, 8.495504041820764 ], [ -75.961991317589465, 8.495513172773469 ], [ -75.962013989756414, 8.495523409411481 ], [ -75.962051450234398, 8.495522385979505 ], [ -75.962104824406865, 8.495513498265193 ], [ -75.962203629058862, 8.495494572274138 ], [ -75.962356942567411, 8.495466759821264 ], [ -75.962433016980071, 8.49545793787887 ], [ -75.962501146384326, 8.495449093252105 ], [ -75.962646463047733, 8.495439339363324 ], [ -75.962692999206936, 8.495439472249558 ], [ -75.962722513753562, 8.495438426999891 ], [ -75.962761076810125, 8.495448707107053 ], [ -75.962783751173703, 8.495457811303233 ], [ -75.962806429577185, 8.495465786707358 ], [ -75.962830217745605, 8.495482805428127 ], [ -75.962860808110705, 8.495502103087269 ], [ -75.962914050998904, 8.495538415448959 ], [ -75.962952540853138, 8.49557355590896 ], [ -75.962975137590703, 8.495609780730101 ], [ -75.96299773212408, 8.495647136132083 ], [ -75.963012412871166, 8.495673168388999 ], [ -75.963044033580772, 8.495728629089596 ], [ -75.963050716667965, 8.495772718214031 ], [ -75.963066422414272, 8.495837172895907 ], [ -75.963074292004961, 8.495863185606281 ], [ -75.963080997867053, 8.495899366009636 ], [ -75.963081820295614, 8.496007848971065 ], [ -75.963081557922209, 8.49609824841167 ], [ -75.963081324164165, 8.496179609426241 ], [ -75.963058206275946, 8.496324184386662 ], [ -75.963043135984549, 8.496432622063615 ], [ -75.963013178815487, 8.496587345579181 ], [ -75.962982062352339, 8.496749978338014 ], [ -75.96294413468766, 8.496912590662925 ], [ -75.962937216892811, 8.496949860763335 ], [ -75.96291322790421, 8.497002904416192 ], [ -75.962906339098637, 8.497030004617127 ], [ -75.962890367388752, 8.497058207841393 ], [ -75.962799118000646, 8.497211627634927 ], [ -75.962699947184774, 8.497357116050452 ], [ -75.96247943234529, 8.497464966095075 ], [ -75.962264615643832, 8.497564920158581 ], [ -75.962249831295807, 8.49757504785314 ], [ -75.962219158156856, 8.49758399964742 ], [ -75.962204376022925, 8.497592997660222 ], [ -75.962165783728878, 8.497592888377664 ], [ -75.962143056532042, 8.497601861918818 ], [ -75.962112413307324, 8.497600644695773 ], [ -75.962081759793705, 8.497602815636647 ], [ -75.96205905939803, 8.497602750754238 ] ] ] } },
{ "type": "Feature", "properties": { "OBJECTID": 8939.0, "NOMBRE_GEO": null, "PROYECTO": null, "SYMBOL": "3", "FECHA": null, "RULEID": 1, "PK_CUE": 706541.0, "GLOBALID": "{8EE301AA-3402-4FB7-8F67-F61D8E0B60DA}", "SHAPE_Leng": 1458.0564728121826, "SHAPE_Area": 50224.752141995879 }, "geometry": { "type": "Polygon", "coordinates": [ [ [ -75.959167240820094, 8.248898560260981 ], [ -75.959137841672273, 8.248898265052537 ], [ -75.959106699327492, 8.248900101091957 ], [ -75.959037572970018, 8.248910291791496 ], [ -75.958970337759752, 8.248925674061923 ], [ -75.958808469247089, 8.248968669787905 ], [ -75.958765775808729, 8.2489781048496 ], [ -75.958727653825051, 8.248984746107775 ], [ -75.958688347127364, 8.248989206347453 ], [ -75.958651998376354, 8.248990561164222 ], [ -75.958618010808451, 8.248988833945603 ], [ -75.958586073116749, 8.248984006205475 ], [ -75.95856078410462, 8.248977566778418 ], [ -75.958535317720631, 8.248968505095966 ], [ -75.958509069141968, 8.248956615053656 ], [ -75.958481635941681, 8.248941702607969 ], [ -75.958430623540025, 8.248908613843179 ], [ -75.958299229307826, 8.248813832869113 ], [ -75.958259405638131, 8.248789545217738 ], [ -75.958222446065832, 8.248771116155252 ], [ -75.958160236734145, 8.248748350347334 ], [ -75.958088886616636, 8.248727924046465 ], [ -75.958013549896251, 8.248711350004459 ], [ -75.957933676982748, 8.248698408150288 ], [ -75.957868954899467, 8.24869139319871 ], [ -75.957842986758422, 8.248691218053656 ], [ -75.957815105303268, 8.248692990142438 ], [ -75.957747335551375, 8.248703358577501 ], [ -75.95760711940575, 8.248735434871998 ], [ -75.957549127939743, 8.248745990444926 ], [ -75.957518235359146, 8.248749332861546 ], [ -75.957490160253215, 8.248750319199248 ], [ -75.957464318530796, 8.248748969135027 ], [ -75.957440425185297, 8.248745263083848 ], [ -75.957406068225453, 8.248734492915242 ], [ -75.957372346641293, 8.24871620794576 ], [ -75.957324572186437, 8.248683127623714 ], [ -75.957280278954684, 8.248645939381234 ], [ -75.957248308861935, 8.248612978229819 ], [ -75.957226130937144, 8.248582797892952 ], [ -75.957219059151683, 8.248569243347035 ], [ -75.957214657845867, 8.248556742730996 ], [ -75.957212966854911, 8.248545650922031 ], [ -75.957213811173375, 8.248534637998501 ], [ -75.957217811715324, 8.24852180513011 ], [ -75.957225051675522, 8.248508579617042 ], [ -75.957235537302779, 8.248494947856996 ], [ -75.957249286571596, 8.248480887123501 ], [ -75.957286631643356, 8.248451393372889 ], [ -75.957337845363298, 8.248419496292071 ], [ -75.957407330678961, 8.248382676266372 ], [ -75.957527461326293, 8.248324509112313 ], [ -75.957584706362809, 8.248303623869884 ], [ -75.95764719028729, 8.248287590090005 ], [ -75.957696870231644, 8.24827878499654 ], [ -75.957750372851905, 8.248272382738001 ], [ -75.957808455847342, 8.248268286439354 ], [ -75.957872970726058, 8.24826636222773 ], [ -75.957954482644965, 8.248266596243255 ], [ -75.958156121405096, 8.248270713935572 ], [ -75.958311215688212, 8.248269397668473 ], [ -75.958558733426813, 8.248279257583079 ], [ -75.958620646265487, 8.248278410752924 ], [ -75.958676034992465, 8.248274458948462 ], [ -75.958733692802994, 8.24826553425358 ], [ -75.958793281558272, 8.248248501373466 ], [ -75.958850144644828, 8.24822677922122 ], [ -75.958979645096832, 8.248171380253314 ], [ -75.959040517285246, 8.248149565202699 ], [ -75.959093906210157, 8.248136312350431 ], [ -75.959118832341758, 8.248132645184256 ], [ -75.959142900036326, 8.248130897579975 ], [ -75.959175731912069, 8.2481315506339 ], [ -75.959219451176239, 8.248135383950325 ], [ -75.959260580357707, 8.248141285179745 ], [ -75.959300956885926, 8.248149301298257 ], [ -75.959339195668761, 8.248159093695008 ], [ -75.959375609774355, 8.248170673613588 ], [ -75.959409794559605, 8.248183914808987 ], [ -75.959441461583921, 8.248198701926462 ], [ -75.959458086908157, 8.248207960830451 ], [ -75.959473554699542, 8.248218932742612 ], [ -75.959489337675038, 8.248232637046936 ], [ -75.959505426253457, 8.248249127134791 ], [ -75.95953541083567, 8.248285779142044 ], [ -75.959607908696981, 8.248385190936206 ], [ -75.959629748136805, 8.248409980958208 ], [ -75.959650244953338, 8.248428439345687 ], [ -75.959673174531659, 8.248442830089882 ], [ -75.959696208048214, 8.248450467308736 ], [ -75.959728355909476, 8.248452948208419 ], [ -75.959764936235715, 8.248449322306149 ], [ -75.959795863334747, 8.248442344627552 ], [ -75.959828386420668, 8.248431864000596 ], [ -75.959861821261953, 8.248418096957023 ], [ -75.95989527880117, 8.248401408852141 ], [ -75.959927905696588, 8.248382209964619 ], [ -75.959958540252728, 8.248361166803283 ], [ -75.959986187844919, 8.248338965428497 ], [ -75.96001000436857, 8.248316281750952 ], [ -75.96002943530732, 8.24829186818762 ], [ -75.960045379995691, 8.248260160988831 ], [ -75.960057343919559, 8.248225655402672 ], [ -75.96008269175546, 8.248136573397108 ], [ -75.960091251190278, 8.248113428595575 ], [ -75.960100390650425, 8.248094104139867 ], [ -75.960111401993757, 8.248076529953346 ], [ -75.960123799427095, 8.248062108617107 ], [ -75.960142356117359, 8.248045898446577 ], [ -75.96016391616233, 8.248031099413579 ], [ -75.960196694420787, 8.248013837020876 ], [ -75.960234887255382, 8.247998823786773 ], [ -75.960278803961316, 8.247985929996384 ], [ -75.960329473731235, 8.247974847999524 ], [ -75.960393468948141, 8.247964445633812 ], [ -75.960469357359571, 8.24795499556352 ], [ -75.960518864095107, 8.247952441705431 ], [ -75.960521734276554, 8.247952293968179 ], [ -75.960576832899278, 8.247953140217886 ], [ -75.960630350767985, 8.247957097974083 ], [ -75.960686091306599, 8.247964105685854 ], [ -75.960743971898452, 8.247974154925025 ], [ -75.960803888061221, 8.247987224772697 ], [ -75.960931995729368, 8.248019559859619 ], [ -75.960996926570729, 8.248037824357514 ], [ -75.96105702042378, 8.248058306229035 ], [ -75.961107415367692, 8.248080119603431 ], [ -75.961140264998321, 8.248098021150748 ], [ -75.961168753626026, 8.248117248186514 ], [ -75.961193064536857, 8.248137926784127 ], [ -75.961213289951857, 8.248160136695569 ], [ -75.961232853559324, 8.248188982239455 ], [ -75.961252161852244, 8.248224594163842 ], [ -75.961268576991912, 8.248262140693427 ], [ -75.961281475569763, 8.248300016876623 ], [ -75.961291447145882, 8.248343077765854 ], [ -75.96129525308686, 8.248382442754624 ], [ -75.961292889836642, 8.248416295352506 ], [ -75.961284122929456, 8.248447259947172 ], [ -75.961266479976288, 8.248482606428592 ], [ -75.961240674298068, 8.248519204389394 ], [ -75.961207273923236, 8.24855621818832 ], [ -75.961167737279766, 8.248592018443114 ], [ -75.961138404790489, 8.248614665231093 ], [ -75.961109542403733, 8.24863404784776 ], [ -75.961088720248966, 8.248644504425974 ], [ -75.961065021224414, 8.248652872038615 ], [ -75.961039839233038, 8.248658966861942 ], [ -75.961010609809406, 8.248663666407591 ], [ -75.960905814603422, 8.248673154994979 ], [ -75.960865745102794, 8.248678592590245 ], [ -75.960827178071497, 8.248687825629807 ], [ -75.960794966080741, 8.248700848969731 ], [ -75.960753238649033, 8.248723395774263 ], [ -75.960715469756849, 8.248746366087797 ], [ -75.960681702759842, 8.248769734286032 ], [ -75.96065200353766, 8.248793453792008 ], [ -75.960626408209038, 8.248817501745926 ], [ -75.960604975355992, 8.248841826202057 ], [ -75.960587674573944, 8.248866486128744 ], [ -75.960574843364526, 8.248890997337682 ], [ -75.960567049680293, 8.248911833753402 ], [ -75.960560797603662, 8.248935021151803 ], [ -75.96055247888745, 8.248990235224952 ], [ -75.960546331300492, 8.24911173076104 ], [ -75.960538783040761, 8.249221904647595 ], [ -75.96053759438945, 8.249292391650167 ], [ -75.960539901854148, 8.249333738803013 ], [ -75.960544816714645, 8.249371445392102 ], [ -75.960551787345395, 8.249402703957834 ], [ -75.960562155540643, 8.2494353147076 ], [ -75.9605885456115, 8.249496638148234 ], [ -75.960656909423079, 8.24962643317151 ], [ -75.960683565538517, 8.249684251730823 ], [ -75.960740011239025, 8.249827039338408 ], [ -75.960770661190338, 8.249909739057273 ], [ -75.960796117898724, 8.249987753314029 ], [ -75.960815108543514, 8.2500587671014 ], [ -75.960826465030749, 8.250114187257223 ], [ -75.960840105795938, 8.250202474923977 ], [ -75.96084841739706, 8.25027575019492 ], [ -75.960853289929702, 8.250345146734244 ], [ -75.960854745156325, 8.250409324134866 ], [ -75.960852947639978, 8.250470157345728 ], [ -75.960847896089533, 8.250527716868563 ], [ -75.960839586236744, 8.25058203888493 ], [ -75.960827160094823, 8.25063631994267 ], [ -75.960802979668898, 8.250716583691359 ], [ -75.960778284672543, 8.250787447827408 ], [ -75.960752606642203, 8.2508505705629 ], [ -75.960727318755545, 8.250903350720014 ], [ -75.960701145376206, 8.250949183142156 ], [ -75.960674113328437, 8.250988015213506 ], [ -75.960646254953772, 8.251019804218608 ], [ -75.960620749554224, 8.251042176020059 ], [ -75.960594628774487, 8.251058907607382 ], [ -75.960568619660421, 8.251069805626383 ], [ -75.960536140259521, 8.251077768236359 ], [ -75.960493378096075, 8.251082985393367 ], [ -75.960445819000668, 8.251084112436425 ], [ -75.960396220416584, 8.251081087404254 ], [ -75.960347434961776, 8.251074080798375 ], [ -75.960304185605423, 8.251064074409207 ], [ -75.960265626794225, 8.251051184745977 ], [ -75.960232982731156, 8.251035828421362 ], [ -75.960206959006939, 8.251018341834515 ], [ -75.960189172022652, 8.251000519615117 ], [ -75.960176985941288, 8.250980480683761 ], [ -75.960168169292118, 8.250954605788232 ], [ -75.960163072826276, 8.250923214971346 ], [ -75.960161760313142, 8.250878915161371 ], [ -75.960165452976582, 8.250825011348562 ], [ -75.960173849886104, 8.250760808070211 ], [ -75.960191543066387, 8.250650711887198 ], [ -75.960200062137403, 8.250620078970286 ], [ -75.960212193961993, 8.250586071889995 ], [ -75.960259005568858, 8.250477180229236 ], [ -75.960273957223905, 8.250439065588409 ], [ -75.960285332086869, 8.250402698112158 ], [ -75.960292045106442, 8.250369899629517 ], [ -75.960294315734401, 8.250334203156129 ], [ -75.960290448066019, 8.250296171606777 ], [ -75.960280688604229, 8.250253578148456 ], [ -75.960265132909839, 8.250208290105839 ], [ -75.960239140051641, 8.250150850697676 ], [ -75.960204111313757, 8.250087423918925 ], [ -75.960149878691297, 8.25000180041781 ], [ -75.960119076894046, 8.249962522870446 ], [ -75.960086264724396, 8.249929089307926 ], [ -75.960046187386354, 8.249894520118275 ], [ -75.960004340122097, 8.249862389645358 ], [ -75.959894358262801, 8.2497823827847 ], [ -75.959837686064446, 8.249735830602061 ], [ -75.959810680787939, 8.249709807237984 ], [ -75.959787481385135, 8.249683926549933 ], [ -75.95976879597211, 8.249659351842851 ], [ -75.95974822112106, 8.249627503328419 ], [ -75.959712524240558, 8.249564729382589 ], [ -75.959680556872854, 8.249498421351062 ], [ -75.959652925291664, 8.24942983276263 ], [ -75.959630162841975, 8.249360291792144 ], [ -75.959621085315007, 8.249326537257483 ], [ -75.959616405302256, 8.249299767776685 ], [ -75.959613316256394, 8.249265165560496 ], [ -75.959608539388455, 8.249162646998226 ], [ -75.959604137006991, 8.249132347258085 ], [ -75.959597326394913, 8.2491070946347 ], [ -75.959588472684501, 8.249086947884114 ], [ -75.959575296409753, 8.249066590872445 ], [ -75.959558734337421, 8.249047435550793 ], [ -75.959538655042564, 8.249029254243174 ], [ -75.959510338148021, 8.249008972959095 ], [ -75.959476928245195, 8.248989912303465 ], [ -75.959438235778492, 8.248971957092836 ], [ -75.959393720916225, 8.248954857363028 ], [ -75.959326403642692, 8.248933505007924 ], [ -75.959229974959953, 8.248907491142894 ], [ -75.959199493420812, 8.248901577240593 ], [ -75.959167240820094, 8.248898560260981 ] ] ] } },
{ "type": "Feature", "properties": { "OBJECTID": 8940.0, "NOMBRE_GEO": null, "PROYECTO": null, "SYMBOL": "3", "FECHA": null, "RULEID": 1, "PK_CUE": 706542.0, "GLOBALID": "{19E35F16-4B53-4AF5-AD4F-10FB805824A5}", "SHAPE_Leng": 543.50780316603266, "SHAPE_Area": 17294.586838062271 }, "geometry": { "type": "Polygon", "coordinates": [ [ [ -75.96461681667121, 8.251749971394544 ], [ -75.964297717909773, 8.251713752594018 ], [ -75.963942657378482, 8.251854090986667 ], [ -75.963801088361549, 8.251747704426144 ], [ -75.963979904012902, 8.251218230858154 ], [ -75.964264229769995, 8.251007033669897 ], [ -75.964796424310777, 8.250937849051304 ], [ -75.965186357713236, 8.251009594077601 ], [ -75.965505160821252, 8.251151803860791 ], [ -75.965646235730674, 8.251434845877561 ], [ -75.965645446890221, 8.251717495331103 ], [ -75.965254523529353, 8.251999059824685 ], [ -75.96486429321395, 8.252033306798586 ], [ -75.96461681667121, 8.251749971394544 ] ] ] } },
{ "type": "Feature", "properties": { "OBJECTID": 8941.0, "NOMBRE_GEO": null, "PROYECTO": null, "SYMBOL": "3", "FECHA": null, "RULEID": 1, "PK_CUE": 706543.0, "GLOBALID": "{24004FFB-2A15-4615-83C5-2FC30EF4C69A}", "SHAPE_Leng": 5657.0947715072007, "SHAPE_Area": 574563.25920502562 }, "geometry": { "type": "Polygon", "coordinates": [ [ [ -75.954716710276088, 8.506729307977768 ], [ -75.954691268131256, 8.506727060373354 ], [ -75.954669260080806, 8.506727517756834 ], [ -75.954651942828292, 8.506730719378529 ], [ -75.95463633236956, 8.506736895779818 ], [ -75.954621741162384, 8.506746595332695 ], [ -75.954608930270268, 8.506759623371675 ], [ -75.954597846544715, 8.506776033621417 ], [ -75.954588430746512, 8.506795914194806 ], [ -75.954580981746531, 8.506818107844735 ], [ -75.954574924274027, 8.506843716080198 ], [ -75.954566733104741, 8.506906326863525 ], [ -75.954563306621864, 8.506986286614975 ], [ -75.954563735951439, 8.507184773761761 ], [ -75.954561177592879, 8.507274234224994 ], [ -75.954557674622194, 8.507320428242707 ], [ -75.95455257983069, 8.507361830999713 ], [ -75.954545804265862, 8.507399154413019 ], [ -75.954537284163081, 8.507432725216312 ], [ -75.954527988042571, 8.507460161931142 ], [ -75.95451716723494, 8.507484814074191 ], [ -75.954504169143163, 8.507507998831731 ], [ -75.954487730177192, 8.507532211988337 ], [ -75.95445108227949, 8.507577108945874 ], [ -75.954360283213546, 8.507676279322849 ], [ -75.954324652420354, 8.507722528670666 ], [ -75.954311838797139, 8.507743490640623 ], [ -75.954301920612934, 8.507763681404587 ], [ -75.954294761961776, 8.507783372212963 ], [ -75.954290308725575, 8.507802727053507 ], [ -75.954288505201333, 8.507823123644631 ], [ -75.95428964690251, 8.507849003414503 ], [ -75.954293540685768, 8.507876133823451 ], [ -75.954300148960399, 8.507904939913301 ], [ -75.954309354023053, 8.507934988784639 ], [ -75.954321065971541, 8.507966039822625 ], [ -75.954335101314243, 8.507997604596193 ], [ -75.954351132087055, 8.508028940918665 ], [ -75.954371395997256, 8.508062647194375 ], [ -75.954395112717904, 8.508090133912807 ], [ -75.954424313865289, 8.508116245926542 ], [ -75.954502671758775, 8.508178428347835 ], [ -75.954522369164636, 8.508197097120778 ], [ -75.954537642214959, 8.508214858735938 ], [ -75.954550773274903, 8.508235517746069 ], [ -75.954561066979153, 8.508260378107222 ], [ -75.954569684789519, 8.508291145378655 ], [ -75.954575643398627, 8.508325433037202 ], [ -75.954578580166697, 8.508357978670169 ], [ -75.954579280304529, 8.508391971921418 ], [ -75.954577725162281, 8.508426638430603 ], [ -75.954573954421733, 8.508461115731457 ], [ -75.954568070122576, 8.508494504734074 ], [ -75.954560210705168, 8.508526036209917 ], [ -75.954550559415907, 8.508554983065334 ], [ -75.954539305253178, 8.508580776316791 ], [ -75.954528316725131, 8.508600369722616 ], [ -75.95451638301131, 8.50861698436792 ], [ -75.954504233862835, 8.508629775133388 ], [ -75.954489756921959, 8.508641124060272 ], [ -75.954471983959522, 8.508651557253877 ], [ -75.95445147909976, 8.508660531798096 ], [ -75.954428138317837, 8.508668096381388 ], [ -75.954401766903345, 8.508674312130003 ], [ -75.954363185394868, 8.508680403800518 ], [ -75.954317830782173, 8.508684611151066 ], [ -75.954132114688008, 8.508691256424253 ], [ -75.95394733132018, 8.508705061156611 ], [ -75.953845801098893, 8.508708288314637 ], [ -75.953749361160362, 8.508707398192135 ], [ -75.953689716843911, 8.508704645045299 ], [ -75.95363185687826, 8.508700182012708 ], [ -75.95362166731438, 8.508699078268911 ], [ -75.953380978258593, 8.508673005440537 ], [ -75.953340648787318, 8.50866638024951 ], [ -75.953306491282007, 8.508658539619219 ], [ -75.953277397155702, 8.508649227180458 ], [ -75.953252994124043, 8.508638313817652 ], [ -75.953238807141588, 8.508629827078765 ], [ -75.953226670848053, 8.508620504162247 ], [ -75.953217361071452, 8.508611128135913 ], [ -75.953210148854566, 8.508600753807206 ], [ -75.95320453920624, 8.508588640257713 ], [ -75.953200674859247, 8.508574932808459 ], [ -75.95319853625864, 8.508559567442747 ], [ -75.953198108062566, 8.508542437636182 ], [ -75.953201266559375, 8.508509078364675 ], [ -75.953209453304581, 8.50846883687889 ], [ -75.953256663997252, 8.50830710491987 ], [ -75.953271535064204, 8.508241067867568 ], [ -75.953275381384131, 8.50820826188137 ], [ -75.95327556676591, 8.508179396897862 ], [ -75.953272093760418, 8.508153976745403 ], [ -75.953264927035008, 8.50813177395027 ], [ -75.953255269242348, 8.50811371022354 ], [ -75.953241637251608, 8.508093066699677 ], [ -75.953207620298684, 8.508051926756998 ], [ -75.953165341435778, 8.508011386405173 ], [ -75.953117037990936, 8.507973521698148 ], [ -75.953065465868406, 8.507940555675425 ], [ -75.953014253684572, 8.507914870131989 ], [ -75.952989306655411, 8.507905104999635 ], [ -75.95296558017445, 8.507897767069496 ], [ -75.952946011692049, 8.507893538036379 ], [ -75.952926541970768, 8.507891652548137 ], [ -75.952897173897924, 8.507892898703146 ], [ -75.952866302424027, 8.50789887288672 ], [ -75.952833643787073, 8.507909625152811 ], [ -75.952798687264703, 8.507925322958087 ], [ -75.952763757194489, 8.507944471936066 ], [ -75.952724864762473, 8.507968861968513 ], [ -75.952566489658011, 8.508080491094821 ], [ -75.952496767139095, 8.508124552924981 ], [ -75.952462927104648, 8.508142490730345 ], [ -75.952431112090864, 8.508156599374846 ], [ -75.952386492937165, 8.508172554016587 ], [ -75.95233852075323, 8.508187261661202 ], [ -75.952261944735653, 8.508206520005315 ], [ -75.952176363691535, 8.508223352419584 ], [ -75.952079364254914, 8.508238417075942 ], [ -75.951876072661449, 8.508264951338381 ], [ -75.951788921418355, 8.508277686302158 ], [ -75.95169801535819, 8.508294080988032 ], [ -75.951617777190961, 8.508312635910508 ], [ -75.951544228041087, 8.508334306721945 ], [ -75.951479517742612, 8.508358400199468 ], [ -75.951423479025109, 8.508384056354254 ], [ -75.951291668192681, 8.508449907834882 ], [ -75.951224507251354, 8.508478568411055 ], [ -75.951171106731792, 8.508495593678607 ], [ -75.951054611041357, 8.508522759016723 ], [ -75.95099474163311, 8.508534005168467 ], [ -75.950939004090245, 8.508542224946227 ], [ -75.950886834369825, 8.508547498548074 ], [ -75.95083802929463, 8.508549848303685 ], [ -75.95079234828215, 8.50854927242561 ], [ -75.950749833943135, 8.508545763361216 ], [ -75.950710439026906, 8.50853931514378 ], [ -75.950674138096502, 8.508529925255909 ], [ -75.950658536696906, 8.508523917253964 ], [ -75.950633952309843, 8.50851444925156 ], [ -75.950598347169986, 8.508494565268615 ], [ -75.950561393758974, 8.508466481944611 ], [ -75.950524210682175, 8.508431170440009 ], [ -75.950485780647199, 8.50838701897508 ], [ -75.950450124711381, 8.508337984322932 ], [ -75.950417812837301, 8.508284166087506 ], [ -75.950406172855338, 8.508261172932762 ], [ -75.950398499241615, 8.50824187126844 ], [ -75.950391015664479, 8.508214668570043 ], [ -75.950386367644455, 8.50818503678248 ], [ -75.950384505783433, 8.508152689795448 ], [ -75.950385396588786, 8.508117047662397 ], [ -75.950393179804607, 8.508046837571218 ], [ -75.950415788294379, 8.507916275250068 ], [ -75.950423074356266, 8.507866255774127 ], [ -75.950427229244639, 8.507816574568881 ], [ -75.950426767715939, 8.507773741702483 ], [ -75.950421286791965, 8.50773409466416 ], [ -75.950410560082631, 8.507699129053911 ], [ -75.95038588841706, 8.50764720487758 ], [ -75.950354000721177, 8.507594470592515 ], [ -75.950329620930901, 8.507560147240477 ], [ -75.95030265604133, 8.507526223982056 ], [ -75.950273356300116, 8.507493016129805 ], [ -75.950241997351128, 8.507460836092378 ], [ -75.950208883879341, 8.507429995154466 ], [ -75.950174314866857, 8.507400771205724 ], [ -75.950138600971826, 8.507373425780106 ], [ -75.950102042631542, 8.507348189762123 ], [ -75.950065282041848, 8.507325467671935 ], [ -75.950028243221283, 8.507305176942316 ], [ -75.949991176861232, 8.507287453943075 ], [ -75.949954300724585, 8.507272402759352 ], [ -75.949918038087304, 8.50726017291132 ], [ -75.949882334150871, 8.50725072143571 ], [ -75.949848040652896, 8.507244194601281 ], [ -75.94981175127667, 8.507239972084559 ], [ -75.949741358359944, 8.507237551053883 ], [ -75.949664068600896, 8.507241505819941 ], [ -75.949598884137046, 8.507250038339347 ], [ -75.949531681378915, 8.507264943979621 ], [ -75.949459771651433, 8.507287087236582 ], [ -75.94938552185414, 8.507316025391225 ], [ -75.949309186336251, 8.507351661620977 ], [ -75.949231249042271, 8.507393769933847 ], [ -75.949200196391217, 8.507413445917765 ], [ -75.949169349204368, 8.507436362963794 ], [ -75.94913840507013, 8.507462743879554 ], [ -75.949106811073932, 8.507493055575795 ], [ -75.949048784814238, 8.507556397116074 ], [ -75.948943974955654, 8.507682654179954 ], [ -75.948900709358213, 8.50773231766628 ], [ -75.948853988037143, 8.507780601148459 ], [ -75.948809401131484, 8.507820130161527 ], [ -75.948779730681395, 8.50784260808619 ], [ -75.948727591597773, 8.507877859144775 ], [ -75.948622837587791, 8.507942890898883 ], [ -75.948528110267532, 8.507994512769981 ], [ -75.948436323291361, 8.508037354161713 ], [ -75.948347576305537, 8.508071386301902 ], [ -75.948304271713411, 8.508085135365642 ], [ -75.948261682143581, 8.508096706406748 ], [ -75.948219236537398, 8.508106212206002 ], [ -75.948164569839832, 8.508116061040367 ], [ -75.94805593115872, 8.508131758880454 ], [ -75.9479693403391, 8.508138297229737 ], [ -75.947929809435607, 8.508138753415473 ], [ -75.947892426660914, 8.508137343344446 ], [ -75.947856948604311, 8.508134051692197 ], [ -75.947823366126585, 8.508128870394726 ], [ -75.947791598326958, 8.50812178560612 ], [ -75.947761597926274, 8.508112787744116 ], [ -75.947740536019595, 8.508104521898527 ], [ -75.947685449626803, 8.50808290193801 ], [ -75.947633429143949, 8.508057632902226 ], [ -75.947611702240323, 8.508044440370156 ], [ -75.947593009144327, 8.508030877791299 ], [ -75.947577191047912, 8.508016834306531 ], [ -75.947564183930481, 8.508002248043587 ], [ -75.947551463270159, 8.507982032004815 ], [ -75.947542820842145, 8.50795746966806 ], [ -75.947537426656979, 8.507927105073223 ], [ -75.947531551419274, 8.507858551076506 ], [ -75.947527338431541, 8.507829389441273 ], [ -75.947519738247721, 8.507802107067896 ], [ -75.947506139688841, 8.507772511415197 ], [ -75.947487114776237, 8.507742394783733 ], [ -75.947461866426366, 8.507710567565749 ], [ -75.947371659386789, 8.507616318910156 ], [ -75.947343707927558, 8.507584773357427 ], [ -75.947322411687097, 8.507556554621377 ], [ -75.947305996140173, 8.507529441204532 ], [ -75.947295621336863, 8.507506975115573 ], [ -75.947286477663482, 8.507480136422313 ], [ -75.947278014308623, 8.507448243360896 ], [ -75.947270600060421, 8.507412036011223 ], [ -75.947239662960271, 8.507197421185598 ], [ -75.947229301131628, 8.507103910892411 ], [ -75.947226659781279, 8.507059226394199 ], [ -75.947226211767486, 8.507018465582854 ], [ -75.947227948731182, 8.506980891971917 ], [ -75.947231889005693, 8.506946172845311 ], [ -75.947238211940032, 8.506913425694442 ], [ -75.94724689026269, 8.506883239062455 ], [ -75.947258122031755, 8.5068551586727 ], [ -75.94727015321466, 8.506833912648565 ], [ -75.947282822220643, 8.506816890399366 ], [ -75.947298152306956, 8.506800024203395 ], [ -75.947337596403898, 8.506765928782505 ], [ -75.947381282295794, 8.506735459546753 ], [ -75.947494726153067, 8.506663574266648 ], [ -75.947523700934951, 8.50664271489965 ], [ -75.94754757157871, 8.506622986858345 ], [ -75.947569848307921, 8.506600793744964 ], [ -75.947587270049482, 8.506578480193594 ], [ -75.947599169657366, 8.506557719571449 ], [ -75.947611513327502, 8.506527722951924 ], [ -75.947626762708438, 8.506476344353063 ], [ -75.947637585961473, 8.506419079805307 ], [ -75.947643566904063, 8.506358130365181 ], [ -75.947644456854164, 8.506295994957442 ], [ -75.947640261122629, 8.506235503157829 ], [ -75.947631144809819, 8.506178418722019 ], [ -75.947617399400897, 8.506126531559707 ], [ -75.947599354751034, 8.50608107006588 ], [ -75.947577544434282, 8.50604319240662 ], [ -75.94756553072321, 8.506027441798217 ], [ -75.947551712594816, 8.50601244322772 ], [ -75.947515789296148, 8.505981897986194 ], [ -75.947471315602286, 8.505953284698425 ], [ -75.94741785018941, 8.505926705214893 ], [ -75.947359149133462, 8.505904356972644 ], [ -75.947298164179401, 8.50588736805577 ], [ -75.947238265051624, 8.505876679922171 ], [ -75.947207277112113, 8.505873730055587 ], [ -75.947178940931749, 8.505872922739432 ], [ -75.947159036642347, 8.50587486575418 ], [ -75.947137732948505, 8.505879595673891 ], [ -75.947112178185478, 8.505888149923132 ], [ -75.947083598655468, 8.505900509263936 ], [ -75.946973153837988, 8.50595880917513 ], [ -75.946928065536866, 8.505978733262683 ], [ -75.946904081735738, 8.505986042888203 ], [ -75.946882348562127, 8.505989695176176 ], [ -75.946862409046275, 8.505989764082639 ], [ -75.946844035314143, 8.505986247720024 ], [ -75.94681834133776, 8.50597565360273 ], [ -75.946790827558274, 8.505959408617239 ], [ -75.946762427729809, 8.505938056064258 ], [ -75.946734326057395, 8.505912481672551 ], [ -75.946707669435327, 8.505883678095852 ], [ -75.946684215785666, 8.505853478356698 ], [ -75.946665313799187, 8.505823621879646 ], [ -75.946651917344624, 8.505795620627808 ], [ -75.946645112574529, 8.505769884802726 ], [ -75.946643967749381, 8.50574186118026 ], [ -75.946648463194904, 8.505711232696207 ], [ -75.946658688388766, 8.505677354303895 ], [ -75.94667110875568, 8.505647405015409 ], [ -75.946687911788302, 8.505613389104063 ], [ -75.946752963291686, 8.505498095389354 ], [ -75.946775610060541, 8.505454963414794 ], [ -75.946793979773801, 8.505413445408831 ], [ -75.946806157859399, 8.505376270726765 ], [ -75.946836136028708, 8.505256808191955 ], [ -75.946858953371162, 8.505145175739376 ], [ -75.946875075234061, 8.505038476960008 ], [ -75.946883483001358, 8.504943707312652 ], [ -75.946882496553059, 8.504900662288915 ], [ -75.946877390642896, 8.504854789949183 ], [ -75.946868119214997, 8.504805646904089 ], [ -75.946854510974077, 8.504752319863211 ], [ -75.946822032918419, 8.504652439441527 ], [ -75.946737434079978, 8.504424939736969 ], [ -75.94671982726048, 8.504370340689809 ], [ -75.946706712600289, 8.50432195788312 ], [ -75.946697133212808, 8.504275272624945 ], [ -75.946691843045912, 8.504232483431526 ], [ -75.946690764391576, 8.504192925737641 ], [ -75.94669388908595, 8.504156244434659 ], [ -75.946702787933049, 8.504117017813428 ], [ -75.946717414090088, 8.504080992227035 ], [ -75.946734716961473, 8.50405227480787 ], [ -75.946772368040683, 8.504001680818861 ], [ -75.946816706097408, 8.503949555822189 ], [ -75.946860745818071, 8.503904954937163 ], [ -75.946902325121883, 8.503870055397543 ], [ -75.946940644574042, 8.503845494977712 ], [ -75.946957928125983, 8.503837403825655 ], [ -75.946974268919732, 8.503831864757622 ], [ -75.94698964795505, 8.503828886051263 ], [ -75.947003976390107, 8.503828483743549 ], [ -75.947017753937985, 8.503830712790528 ], [ -75.947031778734157, 8.503835596063032 ], [ -75.947046123606427, 8.503843160121248 ], [ -75.947060897006082, 8.503853460175153 ], [ -75.947084017810056, 8.503874106271853 ], [ -75.947109295406975, 8.503901854800901 ], [ -75.947212360803135, 8.504036650398852 ], [ -75.947236899583729, 8.504065601067778 ], [ -75.947259340608412, 8.504088639986719 ], [ -75.947366056669381, 8.50418299608944 ], [ -75.947444984732343, 8.50424849391219 ], [ -75.94751799176224, 8.504303263985403 ], [ -75.947586876077935, 8.504348369943653 ], [ -75.947618138614914, 8.504366348779584 ], [ -75.947647607849007, 8.504380716296723 ], [ -75.947680902653772, 8.50439426313112 ], [ -75.947717575831476, 8.504406679073464 ], [ -75.947792445046304, 8.50442658756166 ], [ -75.947937318114441, 8.50445732804012 ], [ -75.947994779946526, 8.504471036843256 ], [ -75.948052385628543, 8.504488241123296 ], [ -75.948101627410608, 8.504507543132544 ], [ -75.948127399071069, 8.50452011759924 ], [ -75.948151243631415, 8.50453378212833 ], [ -75.9481980193666, 8.504567381940554 ], [ -75.948263616229667, 8.504622404116226 ], [ -75.948321489846847, 8.504679013969875 ], [ -75.948353028831278, 8.504714489779682 ], [ -75.948380927220413, 8.504749926315036 ], [ -75.948405063086099, 8.504785168154378 ], [ -75.948425364806823, 8.504820109200372 ], [ -75.948441304754198, 8.504853537922701 ], [ -75.948452620729881, 8.504884288676589 ], [ -75.948461887169344, 8.504919229354432 ], [ -75.948468755276792, 8.504957740827344 ], [ -75.948473268258439, 8.504999300405302 ], [ -75.948475875223167, 8.505046959329276 ], [ -75.948478711636909, 8.505255694890257 ], [ -75.94847243379327, 8.505315320758843 ], [ -75.94844926688998, 8.505438505621736 ], [ -75.94844230258461, 8.505487077612285 ], [ -75.948440602291029, 8.505511875619984 ], [ -75.948440823394478, 8.505533651404024 ], [ -75.948442971078379, 8.50555284504712 ], [ -75.948447073265157, 8.505569665101731 ], [ -75.948455409415359, 8.50558825781768 ], [ -75.948467208644615, 8.505603264431022 ], [ -75.948482489389605, 8.505614840245121 ], [ -75.948504730029882, 8.505626025273999 ], [ -75.948535669872598, 8.505636812651161 ], [ -75.948570383225999, 8.505644839395135 ], [ -75.948605452383461, 8.505649299984416 ], [ -75.948636421980865, 8.505649621800586 ], [ -75.94866686100778, 8.505644196228166 ], [ -75.948698373317328, 8.505632279976261 ], [ -75.948731197932744, 8.50561378989549 ], [ -75.948765906167267, 8.505588409862083 ], [ -75.948817011820239, 8.505542470056382 ], [ -75.948901536188856, 8.505456034072919 ], [ -75.948930995203597, 8.505423741367389 ], [ -75.948959299601668, 8.505388854644565 ], [ -75.94898965036451, 8.505346636614627 ], [ -75.949018179348627, 8.505301597367106 ], [ -75.949044693662998, 8.505254035696332 ], [ -75.949069002640456, 8.505204303700431 ], [ -75.949090930117265, 8.505152750656224 ], [ -75.94911028697075, 8.505099811794176 ], [ -75.949126918538369, 8.505045917564518 ], [ -75.949140686594106, 8.504991510945109 ], [ -75.949151891855607, 8.504934605943269 ], [ -75.949159750531592, 8.504878121261489 ], [ -75.949164200002627, 8.50482253364598 ], [ -75.949165202782581, 8.504768282598844 ], [ -75.949161366047534, 8.50467571800854 ], [ -75.949156300575737, 8.504619504876089 ], [ -75.949147457144534, 8.504571162159632 ], [ -75.949134450545216, 8.504531362452534 ], [ -75.949125931686609, 8.504513685725531 ], [ -75.949117262054855, 8.504500980717646 ], [ -75.949104806254994, 8.504487719705947 ], [ -75.949089025272841, 8.504474828239374 ], [ -75.949068671128188, 8.50446150874204 ], [ -75.949043708776884, 8.50444792686347 ], [ -75.94894137118547, 8.504401559372329 ], [ -75.948904455855825, 8.504381818765046 ], [ -75.948887612133248, 8.504369914098254 ], [ -75.948875129181673, 8.504357967320798 ], [ -75.94886671797299, 8.504345695946702 ], [ -75.948862278379451, 8.504332946195962 ], [ -75.948861957548857, 8.504315576914026 ], [ -75.948866417305013, 8.504294660341451 ], [ -75.948875454897674, 8.504271223762363 ], [ -75.948888945828841, 8.504245487730087 ], [ -75.948907029427772, 8.504217390637216 ], [ -75.948928795319105, 8.50418849472649 ], [ -75.948953205726454, 8.504160203244654 ], [ -75.94897807236859, 8.504135064166608 ], [ -75.949002872884449, 8.50411504528337 ], [ -75.949031704366917, 8.504097203667401 ], [ -75.949064720400116, 8.504081442356473 ], [ -75.949102253804924, 8.504067597959347 ], [ -75.949142607053929, 8.504056034904778 ], [ -75.949188715974245, 8.504045684392656 ], [ -75.949320780701669, 8.504024006027862 ], [ -75.949352983302717, 8.50402200218992 ], [ -75.949390946221399, 8.504024427270748 ], [ -75.949428940700287, 8.504029908559886 ], [ -75.949520011810989, 8.504046315631411 ], [ -75.949563861092869, 8.504051253629886 ], [ -75.949584967647667, 8.504051626731837 ], [ -75.949603732827327, 8.504050201074595 ], [ -75.949620498659925, 8.504046948759356 ], [ -75.949635433744859, 8.504041836876533 ], [ -75.949656823949482, 8.504028862284406 ], [ -75.949673434804708, 8.504010462641874 ], [ -75.949688094235626, 8.503983688377771 ], [ -75.949715499749175, 8.503914049705973 ], [ -75.949730028289537, 8.50388500081638 ], [ -75.949757432551451, 8.503849357262439 ], [ -75.949794315360975, 8.503811366185996 ], [ -75.949820128691613, 8.503788709703118 ], [ -75.949847419018994, 8.50376747715495 ], [ -75.949875634931502, 8.50374809386731 ], [ -75.949904260802043, 8.503730916210342 ], [ -75.949932713664367, 8.503716279375301 ], [ -75.949960674245588, 8.503704337612518 ], [ -75.94998777065112, 8.503695249186549 ], [ -75.950013720355642, 8.503689106614774 ], [ -75.950042658769163, 8.503685721273296 ], [ -75.950063193241903, 8.503687025029656 ], [ -75.950087085320945, 8.503693500722973 ], [ -75.95011263927347, 8.503705390767202 ], [ -75.950135358202289, 8.503719420685069 ], [ -75.950160694226724, 8.503737944024692 ], [ -75.950244683006204, 8.503808126604975 ], [ -75.950275946717326, 8.503832425046244 ], [ -75.950306568039935, 8.503852497949863 ], [ -75.950334390547397, 8.503866159263199 ], [ -75.950359653047883, 8.503873772286509 ], [ -75.950383714134787, 8.503875998191319 ], [ -75.950417154083368, 8.503872697956561 ], [ -75.950453417817954, 8.503864011692158 ], [ -75.950506998330368, 8.503843765332824 ], [ -75.950567599930096, 8.503813105217464 ], [ -75.95064059304994, 8.503769289315134 ], [ -75.950744527931803, 8.503701559722998 ], [ -75.950797955768422, 8.503662091045186 ], [ -75.950840616879702, 8.503625205618212 ], [ -75.950873746741536, 8.503589830367238 ], [ -75.950897563919952, 8.503555699743108 ], [ -75.950909045650945, 8.503531733098802 ], [ -75.9509157662511, 8.503508277951799 ], [ -75.950917810130733, 8.503485095074208 ], [ -75.950915562558691, 8.503459504665186 ], [ -75.950908713182429, 8.503430336025273 ], [ -75.950897214280559, 8.503398232978643 ], [ -75.950880973821825, 8.503362913352188 ], [ -75.950859557866977, 8.503323426992143 ], [ -75.950799853824321, 8.503227647110045 ], [ -75.950766968179053, 8.503184885858703 ], [ -75.950718425059534, 8.503135043311342 ], [ -75.950602317812411, 8.503032760557591 ], [ -75.9505539972387, 8.502985420550875 ], [ -75.950416241338544, 8.502826157568615 ], [ -75.950377057800779, 8.502776443666361 ], [ -75.950344745113057, 8.50273084206651 ], [ -75.95032210738276, 8.502694678929901 ], [ -75.950302885584961, 8.502659448744835 ], [ -75.950286877150717, 8.502624778900444 ], [ -75.950273982347824, 8.502590448737662 ], [ -75.950262586280573, 8.502544727306853 ], [ -75.950244726917987, 8.50243119575911 ], [ -75.950237311249779, 8.502403461096081 ], [ -75.950226366196731, 8.502374320777369 ], [ -75.950209491211154, 8.502339106215013 ], [ -75.950188499897777, 8.502303605662981 ], [ -75.95016315488445, 8.502267406103945 ], [ -75.950132862283226, 8.502229652584427 ], [ -75.950081360756897, 8.502172916003154 ], [ -75.949942902222972, 8.502031018870566 ], [ -75.949805157802146, 8.501872220806446 ], [ -75.949750137614643, 8.501812026010542 ], [ -75.949688134830893, 8.501751734135123 ], [ -75.949658364072704, 8.501726288251477 ], [ -75.949628918982327, 8.501703540271899 ], [ -75.949599517420097, 8.501683277246 ], [ -75.949576653267613, 8.501669704739495 ], [ -75.949551519970782, 8.501658194604524 ], [ -75.949522677677734, 8.501648023922051 ], [ -75.949461923211231, 8.501632821905867 ], [ -75.949317839430947, 8.501605892194382 ], [ -75.949284647415311, 8.501597439950794 ], [ -75.949256622374307, 8.501588129735334 ], [ -75.949230812102016, 8.501576650012545 ], [ -75.949209208328213, 8.501563478219452 ], [ -75.949191465358453, 8.501548400080154 ], [ -75.949177419614088, 8.501531274044442 ], [ -75.949163076371747, 8.501505045071406 ], [ -75.94914979740733, 8.501472215235767 ], [ -75.949138695686813, 8.501435514434519 ], [ -75.949130459011087, 8.501397275431389 ], [ -75.94912565500664, 8.501360497958705 ], [ -75.949124367399094, 8.501326396010297 ], [ -75.949126642381088, 8.501296379976312 ], [ -75.949132411766257, 8.501271267355948 ], [ -75.949139629155056, 8.501254825998467 ], [ -75.949150194742714, 8.501240196560691 ], [ -75.949164684073864, 8.501226548659186 ], [ -75.949183020215884, 8.5012140310905 ], [ -75.949205255568586, 8.501202610922171 ], [ -75.949231445344893, 8.501192266948877 ], [ -75.949261684546414, 8.5011829577812 ], [ -75.949296227661137, 8.501174604670576 ], [ -75.949341611266448, 8.501166078985763 ], [ -75.949395740059273, 8.501158197325591 ], [ -75.949487136680176, 8.501147121211655 ], [ -75.949521296845447, 8.501145314071492 ], [ -75.949556540153083, 8.501146966368609 ], [ -75.949592106578663, 8.501152170624882 ], [ -75.949628110644099, 8.501160944949975 ], [ -75.949664698773731, 8.501173324382671 ], [ -75.949704176786113, 8.50119037863657 ], [ -75.949744803679835, 8.501211652775451 ], [ -75.949786953090495, 8.501237334654189 ], [ -75.94983129173383, 8.50126783132116 ], [ -75.949874815941058, 8.501300681171685 ], [ -75.949922723855053, 8.501339456129839 ], [ -75.950110705010445, 8.501501865898824 ], [ -75.950193039021684, 8.501568947827444 ], [ -75.950238301668975, 8.501602621292493 ], [ -75.950281156745973, 8.501631774428054 ], [ -75.95032241913357, 8.501656958662137 ], [ -75.950362501080932, 8.501678425723405 ], [ -75.95040054406617, 8.501695853163714 ], [ -75.950437984890129, 8.501710039836102 ], [ -75.950474017713347, 8.501720785801337 ], [ -75.950510853584021, 8.501728639124817 ], [ -75.950583334131636, 8.501737564093723 ], [ -75.95075242699167, 8.501748629089969 ], [ -75.950792258004, 8.50175355955966 ], [ -75.950827260415451, 8.501760027770466 ], [ -75.950858895240344, 8.501768319065755 ], [ -75.950887541083105, 8.50177855890486 ], [ -75.950913184640811, 8.501790669667649 ], [ -75.950938126642725, 8.501805767188456 ], [ -75.950966480355419, 8.501826583895072 ], [ -75.950994775297758, 8.50185122567094 ], [ -75.951023258187533, 8.501879903022621 ], [ -75.951052404740508, 8.501913094033524 ], [ -75.951111410111892, 8.501990336300457 ], [ -75.95120538077164, 8.502126933834413 ], [ -75.95123007275572, 8.502172805552698 ], [ -75.951253807370506, 8.502227022432718 ], [ -75.951274012408007, 8.502280993163527 ], [ -75.951319135960887, 8.502411245612221 ], [ -75.951344230290104, 8.502474446173323 ], [ -75.951372490801432, 8.502531451969578 ], [ -75.951387408634574, 8.502555990962373 ], [ -75.951403072605089, 8.502578267654307 ], [ -75.951422326874123, 8.502601486810306 ], [ -75.951442887210959, 8.502622064363685 ], [ -75.951467654099432, 8.502642498830866 ], [ -75.95149636574692, 8.502662981982908 ], [ -75.951528801082659, 8.502683214551343 ], [ -75.95156457001508, 8.502702875053266 ], [ -75.951603902285683, 8.502722090978718 ], [ -75.951647324592258, 8.502741122220769 ], [ -75.951707872854882, 8.502764938908966 ], [ -75.951874166742968, 8.502825832264529 ], [ -75.95196795498326, 8.502856525287696 ], [ -75.95201430325497, 8.502868103726261 ], [ -75.952055283991371, 8.502875095760141 ], [ -75.95209160980508, 8.502877618890642 ], [ -75.952123560412346, 8.502875688167224 ], [ -75.952151391540596, 8.50286926821169 ], [ -75.952175091284957, 8.50285834555949 ], [ -75.952191124973794, 8.502844736446848 ], [ -75.952205134703036, 8.502825020772232 ], [ -75.952216733186987, 8.50280054714292 ], [ -75.952227288428546, 8.502769294355586 ], [ -75.952258653846513, 8.502636567254946 ], [ -75.952274904599903, 8.502585284148143 ], [ -75.95228599708922, 8.502561595191763 ], [ -75.952298399371429, 8.50254274485043 ], [ -75.952312334858419, 8.502528389814755 ], [ -75.952327967576139, 8.50251837429998 ], [ -75.952347557563968, 8.502510397401473 ], [ -75.95237006265782, 8.502504101919728 ], [ -75.952395184825733, 8.502499570549428 ], [ -75.952422476265056, 8.502496888025979 ], [ -75.952451563372918, 8.502496107794384 ], [ -75.952481556830065, 8.502497271851396 ], [ -75.952511633936695, 8.502500349389091 ], [ -75.952540872557464, 8.502505246189362 ], [ -75.952587304615463, 8.502517696039344 ], [ -75.952623909157268, 8.502533976431204 ], [ -75.952662871377314, 8.50255963508646 ], [ -75.952702282387904, 8.502593987906502 ], [ -75.952733393623717, 8.502626946006083 ], [ -75.952764313816417, 8.502664827310628 ], [ -75.952794778372521, 8.502707339210049 ], [ -75.952823590765576, 8.502752816162181 ], [ -75.952840107005358, 8.502784186938266 ], [ -75.952854592030789, 8.502818221088605 ], [ -75.952866980228933, 8.502854767283642 ], [ -75.952877208426088, 8.502893637122131 ], [ -75.95288617320179, 8.502940594164835 ], [ -75.952892168392879, 8.502989897266028 ], [ -75.952895137859898, 8.503041091368409 ], [ -75.952895050173836, 8.503093629045713 ], [ -75.952891898601493, 8.503146987085101 ], [ -75.952885721105204, 8.503200433170734 ], [ -75.952876596841918, 8.503253279860788 ], [ -75.952864646607154, 8.50330482403364 ], [ -75.952843216919831, 8.503374231178656 ], [ -75.952816997190666, 8.503437887157988 ], [ -75.95280155255972, 8.503468424263804 ], [ -75.952785053630961, 8.503496784136354 ], [ -75.952771200746426, 8.503517299350829 ], [ -75.952755341540268, 8.503536618790626 ], [ -75.952723451952778, 8.503567727214657 ], [ -75.952683014404016, 8.503599294573954 ], [ -75.952638822981299, 8.503628832622489 ], [ -75.952513778854694, 8.503706662200608 ], [ -75.95247805591066, 8.50373176907468 ], [ -75.952447991414871, 8.50375582712312 ], [ -75.952423554431078, 8.503778589861065 ], [ -75.952402660532712, 8.503801700748582 ], [ -75.952356335789361, 8.503861344952949 ], [ -75.95231867441062, 8.503913199125934 ], [ -75.952288016120505, 8.50395976296247 ], [ -75.95226562833075, 8.503999392880775 ], [ -75.952251494864612, 8.504032109789865 ], [ -75.952245639908512, 8.504057871030355 ], [ -75.952245734953834, 8.504067433671151 ], [ -75.952247599190684, 8.504075441101275 ], [ -75.952251550039691, 8.504082919365239 ], [ -75.952257602814953, 8.504089852983103 ], [ -75.952276330920057, 8.504102198649703 ], [ -75.95230337681727, 8.504112004917234 ], [ -75.952342684599969, 8.504119706359051 ], [ -75.952390287874834, 8.504123735278009 ], [ -75.952444188132731, 8.504123916157319 ], [ -75.952501408574079, 8.504120233641238 ], [ -75.952558539381684, 8.504112909731885 ], [ -75.952612196868785, 8.504102377709692 ], [ -75.952659436068458, 8.504089222064392 ], [ -75.952698290373561, 8.50407399455271 ], [ -75.952716037425446, 8.504064575684358 ], [ -75.952733572942449, 8.504052903594838 ], [ -75.95276939012308, 8.504021850283594 ], [ -75.952801064169321, 8.503987489120439 ], [ -75.952873907127881, 8.503900429236444 ], [ -75.952912260260419, 8.503861383884676 ], [ -75.952956823182689, 8.503826780241221 ], [ -75.953014672864938, 8.503789479253722 ], [ -75.953102983696297, 8.503741271975336 ], [ -75.953261404291609, 8.503663625264725 ], [ -75.953486534547764, 8.503548445706883 ], [ -75.953600370127205, 8.503491869276875 ], [ -75.953748873079121, 8.503423146255795 ], [ -75.953816704542717, 8.50339446513628 ], [ -75.95388170792603, 8.503368945977982 ], [ -75.953978176375287, 8.503335121939385 ], [ -75.954070799150855, 8.503307783394964 ], [ -75.954153295423367, 8.503288142976462 ], [ -75.954264307681285, 8.503267233959248 ], [ -75.954382305237047, 8.503247485564021 ], [ -75.954478304433252, 8.503235594167183 ], [ -75.954564825589244, 8.503230015966759 ], [ -75.954643709672695, 8.503230744209917 ], [ -75.954714249757686, 8.503237455311165 ], [ -75.954781072343735, 8.503250314750245 ], [ -75.954857104777261, 8.503271731265372 ], [ -75.954935190187271, 8.503300191249116 ], [ -75.955023670157331, 8.503339934904394 ], [ -75.955161837599363, 8.503412129167101 ], [ -75.955224553394501, 8.503449502844818 ], [ -75.955249860867482, 8.503467247875854 ], [ -75.95527196328409, 8.503484923273518 ], [ -75.95529637531844, 8.503508186088943 ], [ -75.9553161053624, 8.503531977924538 ], [ -75.955330253042902, 8.50355466263157 ], [ -75.955338727009959, 8.503577231400207 ], [ -75.95534397888278, 8.503604374968322 ], [ -75.955346324016702, 8.503637322731977 ], [ -75.955342660555189, 8.503760963617253 ], [ -75.955344625578761, 8.503803651123546 ], [ -75.955348610055495, 8.5038237949445 ], [ -75.955354889946648, 8.503839624053766 ], [ -75.955363594110622, 8.503851487217711 ], [ -75.955374926062518, 8.503859643165484 ], [ -75.955387815611886, 8.50386398706371 ], [ -75.955403184986665, 8.503865335206717 ], [ -75.955421216809512, 8.50386370789596 ], [ -75.955442290295537, 8.503859073329421 ], [ -75.955485936402852, 8.503844288142362 ], [ -75.955581161822124, 8.503804653099859 ], [ -75.955622237428358, 8.503789209637107 ], [ -75.955662828847679, 8.503777511318384 ], [ -75.955697247831679, 8.50377228186121 ], [ -75.955727463648216, 8.503773435806458 ], [ -75.9557543159153, 8.503781434003928 ], [ -75.955796888398524, 8.503801963199175 ], [ -75.955839389353471, 8.503829144427764 ], [ -75.955877270364624, 8.503859854611443 ], [ -75.955908747564635, 8.503892430882203 ], [ -75.95592214415268, 8.503909738610554 ], [ -75.955933098207893, 8.503926855239078 ], [ -75.955939079258215, 8.503939107808323 ], [ -75.955943174870569, 8.503952669763581 ], [ -75.955946129911183, 8.503979674421219 ], [ -75.955944095848423, 8.504012616592561 ], [ -75.955938564412023, 8.504046198987442 ], [ -75.955921591681687, 8.504127317197902 ], [ -75.955916742036521, 8.504165638119609 ], [ -75.955916609663205, 8.504183530383012 ], [ -75.955918387069971, 8.504199144270075 ], [ -75.955922105391224, 8.504212751568502 ], [ -75.955927803812898, 8.504224490251868 ], [ -75.955941036901379, 8.504240008013882 ], [ -75.955961554180746, 8.504256237670933 ], [ -75.955987207088839, 8.504271429655928 ], [ -75.956016976738482, 8.504285066643211 ], [ -75.956049561579334, 8.504296468976486 ], [ -75.9560819653951, 8.504304508978571 ], [ -75.95611177675994, 8.504308554293347 ], [ -75.956135726124202, 8.504308176103867 ], [ -75.956151178778498, 8.504304994958197 ], [ -75.956166568096677, 8.504299356132769 ], [ -75.95618193209981, 8.504291245782575 ], [ -75.956197325030544, 8.504280634575796 ], [ -75.95622840195783, 8.504251795072774 ], [ -75.95626080487007, 8.504211910876922 ], [ -75.956293284731473, 8.504163716247779 ], [ -75.956361101271455, 8.504051825184533 ], [ -75.956404388303923, 8.503986927789679 ], [ -75.956424225129467, 8.503953392079014 ], [ -75.956455513077245, 8.50388982222511 ], [ -75.956523727788735, 8.503732219915955 ], [ -75.95654402087591, 8.503692249757284 ], [ -75.95656420499833, 8.503658311052911 ], [ -75.956590549619534, 8.503622267703575 ], [ -75.956618784016513, 8.503592462929635 ], [ -75.956657969841018, 8.503560617396785 ], [ -75.956702898559072, 8.50353128034434 ], [ -75.956748330817589, 8.503506994954623 ], [ -75.956798276786117, 8.503484859568438 ], [ -75.956852625179067, 8.50346492292817 ], [ -75.956911206719482, 8.50344724777303 ], [ -75.956973738794474, 8.503431914874929 ], [ -75.957039935035681, 8.503418988767036 ], [ -75.957108367343238, 8.503408688166086 ], [ -75.957183079050154, 8.503400422910721 ], [ -75.957259234111419, 8.503394046316048 ], [ -75.957324302079314, 8.503391077056706 ], [ -75.957383208796799, 8.503391296929133 ], [ -75.957436803338297, 8.503394742857516 ], [ -75.957486378678396, 8.503401568586041 ], [ -75.957531511956475, 8.503411796310385 ], [ -75.957572413230039, 8.503425472332109 ], [ -75.957609187181973, 8.503442633813007 ], [ -75.957649187827258, 8.503467179562499 ], [ -75.957689036427368, 8.503497108200959 ], [ -75.957727744142844, 8.503531677149581 ], [ -75.95776419309388, 8.503569889958596 ], [ -75.957797094318607, 8.503610341184908 ], [ -75.957825703190807, 8.503652054134362 ], [ -75.957848429782658, 8.503692377597302 ], [ -75.957868282862492, 8.503736677656168 ], [ -75.957888200142264, 8.503794190722402 ], [ -75.957904234165454, 8.503856945160127 ], [ -75.957929003426329, 8.503991544180838 ], [ -75.957937189386342, 8.50405687611606 ], [ -75.957937477960201, 8.504100740274739 ], [ -75.957935197915972, 8.504118525033583 ], [ -75.957931289060909, 8.504133678760589 ], [ -75.957925777580655, 8.504146183181884 ], [ -75.957918633638357, 8.504156172277025 ], [ -75.957910048801608, 8.504163530718154 ], [ -75.957898846129382, 8.504169266084567 ], [ -75.957884863891522, 8.504173478113382 ], [ -75.957868127414613, 8.504176154863023 ], [ -75.957826456138108, 8.504176894803452 ], [ -75.95777296329743, 8.504171336165948 ], [ -75.957712292729326, 8.504160011165853 ], [ -75.957688080581775, 8.504151101962407 ], [ -75.957661012253823, 8.504136955652051 ], [ -75.957568987275849, 8.504075240108453 ], [ -75.957536403315743, 8.504056852941046 ], [ -75.95751962713274, 8.504050452867245 ], [ -75.957504759189931, 8.504047608029893 ], [ -75.957491687854429, 8.504048203600393 ], [ -75.957478160403781, 8.504052295573683 ], [ -75.957467499861608, 8.504058054821076 ], [ -75.957457093958979, 8.504066002784121 ], [ -75.957437045164113, 8.504088464864353 ], [ -75.957418014905514, 8.504119679096934 ], [ -75.957399990640951, 8.504159667267402 ], [ -75.957383164350759, 8.504207776323298 ], [ -75.957367157629207, 8.504264853231186 ], [ -75.957351463753483, 8.504332886446702 ], [ -75.957335841193384, 8.504412696590823 ], [ -75.957327345639541, 8.504476995955047 ], [ -75.957323036116577, 8.504542500693896 ], [ -75.957323048691279, 8.504607067920761 ], [ -75.957327379121736, 8.504669198371374 ], [ -75.957335859576261, 8.504727250331932 ], [ -75.957348391539028, 8.504780925414815 ], [ -75.957364830529187, 8.504829613793605 ], [ -75.957385047436247, 8.504872934169873 ], [ -75.957401467908028, 8.504900046925503 ], [ -75.957419250697384, 8.504923691628662 ], [ -75.957437117548423, 8.504941493046934 ], [ -75.957459229667663, 8.504958518397984 ], [ -75.9574822927067, 8.504973000634655 ], [ -75.957509971992479, 8.504987849012553 ], [ -75.957607809772838, 8.505033112077598 ], [ -75.957642744425229, 8.505050710441891 ], [ -75.957674449663514, 8.505069797418823 ], [ -75.95769967009943, 8.505089187673953 ], [ -75.957721865648907, 8.505112703892161 ], [ -75.957743224816809, 8.505144222712135 ], [ -75.957760248713939, 8.505178746892964 ], [ -75.957773833614695, 8.505217495080574 ], [ -75.957781792379549, 8.505249318277771 ], [ -75.957787963123948, 8.505283906044353 ], [ -75.957792406316102, 8.505321566997555 ], [ -75.957795193839488, 8.505362914226241 ], [ -75.957796341337669, 8.505443806883125 ], [ -75.95779172258095, 8.505615766619773 ], [ -75.957791707383393, 8.505687222291488 ], [ -75.957795328089517, 8.505755032652075 ], [ -75.957811368891072, 8.505944345956603 ], [ -75.95781315409485, 8.506000692855146 ], [ -75.957811823427491, 8.506050615316926 ], [ -75.957806785428545, 8.506099963195426 ], [ -75.95779789278744, 8.506145275405974 ], [ -75.957778349793941, 8.506209385890804 ], [ -75.957758044650276, 8.506266218077419 ], [ -75.957738882925398, 8.506310108223941 ], [ -75.95771903674968, 8.506345962150903 ], [ -75.957698118403044, 8.506374477779522 ], [ -75.957676000137099, 8.50639580610123 ], [ -75.957660295695234, 8.506405217784046 ], [ -75.957641509872246, 8.506411516048981 ], [ -75.957619476093299, 8.50641476090553 ], [ -75.957593824420044, 8.506415010295424 ], [ -75.957539455012991, 8.506408478749956 ], [ -75.957434173157864, 8.506386671007462 ], [ -75.957394846288423, 8.506380053917526 ], [ -75.957357413959386, 8.506377333773404 ], [ -75.957327792278349, 8.506380160975024 ], [ -75.957313186803844, 8.506384557596251 ], [ -75.957300789568009, 8.506391025044815 ], [ -75.957289133822698, 8.506400661671982 ], [ -75.957278367353723, 8.50641297020328 ], [ -75.957268699919581, 8.50642783969125 ], [ -75.957260235356671, 8.506445197047256 ], [ -75.957252926227227, 8.506465130294524 ], [ -75.957246713868585, 8.506487802551611 ], [ -75.957240330645192, 8.506520738015681 ], [ -75.9572353848327, 8.506559515130542 ], [ -75.957223090911157, 8.506740042896658 ], [ -75.957192722629884, 8.506981237606881 ], [ -75.957183782847039, 8.507075406992007 ], [ -75.957177779107511, 8.507163571317488 ], [ -75.957174275634685, 8.507267249109642 ], [ -75.957175185232316, 8.507364806674204 ], [ -75.957180515421229, 8.507457105212058 ], [ -75.957190297022251, 8.507544611718378 ], [ -75.957202363730701, 8.507616646974395 ], [ -75.957217771772321, 8.507685331062651 ], [ -75.957232148066268, 8.507731957413865 ], [ -75.957251622955681, 8.507780639827097 ], [ -75.957274216350399, 8.507827809155321 ], [ -75.95730240054435, 8.5078796579542 ], [ -75.957405843011813, 8.508050600300573 ], [ -75.957442492044194, 8.508115035140971 ], [ -75.957474494845414, 8.508179930988051 ], [ -75.957497918356097, 8.508239673951532 ], [ -75.957508345696937, 8.508274350420388 ], [ -75.957516061065746, 8.508308271217826 ], [ -75.957536914808941, 8.508445243370369 ], [ -75.957544781343273, 8.508529232608787 ], [ -75.95754555828249, 8.508565153751496 ], [ -75.957544268038319, 8.508597987201748 ], [ -75.957538125949981, 8.508643639089737 ], [ -75.957526873725669, 8.508683250445589 ], [ -75.957511875775495, 8.508714335557533 ], [ -75.957502233164888, 8.508727711004498 ], [ -75.957490494044094, 8.508740682169467 ], [ -75.957466049043163, 8.50876166673933 ], [ -75.957434450333864, 8.508782746415768 ], [ -75.957316330636885, 8.508845613451205 ], [ -75.95727497826978, 8.508870575679136 ], [ -75.957240077008521, 8.508898049998477 ], [ -75.957226463916754, 8.508912172318176 ], [ -75.957215200135082, 8.508926754836308 ], [ -75.957205581211369, 8.508943217258135 ], [ -75.957197657798829, 8.50896212674369 ], [ -75.957191333594778, 8.508983709959457 ], [ -75.957186519275353, 8.509008274854953 ], [ -75.95718130507062, 8.509061747841431 ], [ -75.957178448660159, 8.509166560317148 ], [ -75.957175979585983, 8.509206188890213 ], [ -75.957170241110788, 8.509244230983537 ], [ -75.957160991608561, 8.509273810111734 ], [ -75.957153478036332, 8.509288281854563 ], [ -75.957144445837471, 8.509300288920715 ], [ -75.957134121069785, 8.509309714815547 ], [ -75.957119922757201, 8.509319032818659 ], [ -75.957102467237902, 8.509327525192997 ], [ -75.957082403663819, 8.509334727901207 ], [ -75.957059894986969, 8.50934058186389 ], [ -75.95703517132651, 8.509345026586773 ], [ -75.95700492092449, 8.509348289706104 ], [ -75.95697275297988, 8.509349628903164 ], [ -75.956939312727656, 8.509349015770566 ], [ -75.956905397345295, 8.50934646593166 ], [ -75.956871807932728, 8.509342032937109 ], [ -75.956839484096349, 8.509335837967878 ], [ -75.956809272248819, 8.50932804267868 ], [ -75.956781901002472, 8.509318836732849 ], [ -75.956761073758742, 8.509309933450353 ], [ -75.956743112040812, 8.509300264589978 ], [ -75.956725175836723, 8.509288243112218 ], [ -75.956707503790881, 8.509273972938242 ], [ -75.956689854285571, 8.509257199245596 ], [ -75.956672550588863, 8.509238169909201 ], [ -75.956639175633114, 8.50919355881404 ], [ -75.956604655594717, 8.509134712656877 ], [ -75.95657351927899, 8.509067391730415 ], [ -75.956546792795947, 8.508993643322526 ], [ -75.956526865131693, 8.508920042007615 ], [ -75.956522259308159, 8.508884616287984 ], [ -75.956521695639836, 8.508844063654351 ], [ -75.956524378289529, 8.508802800389002 ], [ -75.956535395001765, 8.508693467653048 ], [ -75.956536751418398, 8.508661674776908 ], [ -75.956536141931082, 8.508633601266684 ], [ -75.956532883946608, 8.508603817251897 ], [ -75.956526615270548, 8.508575636773177 ], [ -75.956516124989349, 8.508542686864399 ], [ -75.956502308751496, 8.508508941664649 ], [ -75.956476365869349, 8.508458383442912 ], [ -75.956442098222084, 8.50840319002454 ], [ -75.956314229351648, 8.508225359576619 ], [ -75.956158392944531, 8.507993007029969 ], [ -75.956079248030861, 8.507884593185734 ], [ -75.956042072380683, 8.507837980187427 ], [ -75.956005560997141, 8.507795237348613 ], [ -75.955958024791386, 8.50774427663454 ], [ -75.955910369906903, 8.50769855124981 ], [ -75.955868333247068, 8.507662855263648 ], [ -75.955824697123163, 8.507631784100967 ], [ -75.955780837652057, 8.50760508599933 ], [ -75.955730002137685, 8.507577854415377 ], [ -75.955542651889786, 8.507489493808363 ], [ -75.95546979271964, 8.507451811649986 ], [ -75.955432583811884, 8.507429838266088 ], [ -75.955399202661056, 8.507407685752717 ], [ -75.955368770302599, 8.50738473540884 ], [ -75.955342274756347, 8.507361739765098 ], [ -75.955318817030346, 8.507337717874181 ], [ -75.955295964046073, 8.507310519269017 ], [ -75.955273476731492, 8.507279865609011 ], [ -75.955250918407415, 8.507245161940757 ], [ -75.955212476246501, 8.507177684841164 ], [ -75.955128711644988, 8.507016686634454 ], [ -75.955085521368161, 8.506944667275656 ], [ -75.955063795196025, 8.506913941831161 ], [ -75.955041893384148, 8.506886828146284 ], [ -75.955019497919281, 8.506862934609666 ], [ -75.954996421179516, 8.506842062921933 ], [ -75.954972386375346, 8.506823988349398 ], [ -75.954947378171425, 8.506808723660885 ], [ -75.954911717862885, 8.506791339345931 ], [ -75.954870942031633, 8.50677383124007 ], [ -75.954828546893566, 8.506757889864582 ], [ -75.954787920210833, 8.506744913756396 ], [ -75.954750404251172, 8.506735327410883 ], [ -75.954716710276088, 8.506729307977768 ] ] ] } },
{ "type": "Feature", "properties": { "OBJECTID": 8944.0, "NOMBRE_GEO": null, "PROYECTO": null, "SYMBOL": "3", "FECHA": null, "RULEID": 1, "PK_CUE": 706610.0, "GLOBALID": "{74C40494-86B0-4A50-8C0D-D364AD4705CA}", "SHAPE_Leng": 3518.0878152463047, "SHAPE_Area": 209777.40950102423 }, "geometry": { "type": "Polygon", "coordinates": [ [ [ -75.822700124861072, 8.381713659169838 ], [ -75.821834740065256, 8.381177944102198 ], [ -75.821751373207803, 8.381189533999535 ], [ -75.821031207959109, 8.381079612946387 ], [ -75.820419810750835, 8.380754780300771 ], [ -75.819628979207408, 8.380214115709657 ], [ -75.81909021168039, 8.379710131422714 ], [ -75.818117872649466, 8.379599401077606 ], [ -75.817326354868868, 8.379273990443505 ], [ -75.816462095149973, 8.379163599863526 ], [ -75.815632357421137, 8.379519712205358 ], [ -75.814873049395871, 8.380378311234059 ], [ -75.81360822220951, 8.381594053374137 ], [ -75.812490039783071, 8.38202098423554 ], [ -75.811568675673328, 8.381899587783874 ], [ -75.811933063761884, 8.381535199368674 ], [ -75.812349470045916, 8.381475712499224 ], [ -75.812706389129985, 8.381297252752926 ], [ -75.813360740554643, 8.380761874330151 ], [ -75.813360740227935, 8.380404955146789 ], [ -75.81353920074983, 8.379691116566979 ], [ -75.813717660344309, 8.379334198107589 ], [ -75.81413406525067, 8.378858305324826 ], [ -75.814609957272296, 8.378322926977148 ], [ -75.815145336691756, 8.378144467533886 ], [ -75.816037634544088, 8.378025493984291 ], [ -75.81710839220176, 8.378084980614171 ], [ -75.817386837611622, 8.378084980837215 ], [ -75.817402217347691, 8.378090316685977 ], [ -75.818662406813175, 8.37830959366813 ], [ -75.819743279670561, 8.378277162642572 ], [ -75.820750721280447, 8.378675009694845 ], [ -75.821648015983627, 8.379718278427521 ], [ -75.822149150358072, 8.380724406773611 ], [ -75.822126238058416, 8.380792134754744 ], [ -75.823116530892037, 8.381237766852514 ], [ -75.823651909802848, 8.381416226402569 ], [ -75.824008828836469, 8.381832631975342 ], [ -75.824127801708826, 8.382308523632409 ], [ -75.8240088283234, 8.382962875360155 ], [ -75.823116531179949, 8.382070577546839 ], [ -75.822700124861072, 8.381713659169838 ] ] ] } },
{ "type": "Feature", "properties": { "OBJECTID": 8945.0, "NOMBRE_GEO": null, "PROYECTO": null, "SYMBOL": "3", "FECHA": null, "RULEID": 1, "PK_CUE": 706611.0, "GLOBALID": "{46532041-FF9B-4C83-8702-613A0312915C}", "SHAPE_Leng": 916.93903269104464, "SHAPE_Area": 35427.883892303587 }, "geometry": { "type": "Polygon", "coordinates": [ [ [ -75.735946700036934, 8.49380581511144 ], [ -75.736055800675857, 8.493519191202989 ], [ -75.736344077700593, 8.493520182567373 ], [ -75.736501845921353, 8.493498299389071 ], [ -75.736596447327727, 8.49348517692275 ], [ -75.737028738004184, 8.493522540022248 ], [ -75.737207541890513, 8.493917779355296 ], [ -75.737097321325166, 8.494527273936923 ], [ -75.736950815308532, 8.495208393038522 ], [ -75.73694857302614, 8.495854133367938 ], [ -75.736802315171815, 8.496463502786828 ], [ -75.736584857617544, 8.496821505247746 ], [ -75.736188471632374, 8.496820138653945 ], [ -75.736166231868282, 8.496722657322772 ], [ -75.736081988367602, 8.49635339905884 ], [ -75.736083858355187, 8.495815281296249 ], [ -75.736121638845475, 8.495313163919736 ], [ -75.736267646857669, 8.494775541695406 ], [ -75.736161038814558, 8.494344675975507 ], [ -75.735945328680515, 8.49420043409391 ], [ -75.735946700036934, 8.49380581511144 ] ] ] } },
{ "type": "Feature", "properties": { "OBJECTID": 8947.0, "NOMBRE_GEO": null, "PROYECTO": null, "SYMBOL": "3", "FECHA": null, "RULEID": 1, "PK_CUE": 706613.0, "GLOBALID": "{FCD659B6-F7B7-4C6A-A924-8BD8024D2285}", "SHAPE_Leng": 1963.4394814011894, "SHAPE_Area": 125124.70158067462 }, "geometry": { "type": "Polygon", "coordinates": [ [ [ -75.81667380404329, 8.546669608252124 ], [ -75.816386302025492, 8.546417540586303 ], [ -75.815989615850611, 8.546488000239769 ], [ -75.815772782068663, 8.546666673969757 ], [ -75.815520850093705, 8.5465582247136 ], [ -75.815378339367768, 8.546055498010587 ], [ -75.815056214202684, 8.545372805692693 ], [ -75.814914058237122, 8.544762451769524 ], [ -75.814879432819154, 8.544331829299594 ], [ -75.81502524814114, 8.543830041252871 ], [ -75.815134785038182, 8.543399887155418 ], [ -75.815532175092528, 8.543114175183037 ], [ -75.815965250637205, 8.54293620616928 ], [ -75.816650020731089, 8.542938434834422 ], [ -75.81719004028372, 8.543119570654895 ], [ -75.817945478388637, 8.543552540004477 ], [ -75.81801626395719, 8.543947405923689 ], [ -75.817293921413906, 8.544411443135607 ], [ -75.817147519273576, 8.545092609823762 ], [ -75.817145750930123, 8.545630742254858 ], [ -75.817324424414736, 8.546097710565334 ], [ -75.817467291712575, 8.546492811971824 ], [ -75.817718047357303, 8.546960014243082 ], [ -75.818004607140637, 8.547499085443599 ], [ -75.818364428255748, 8.54767963518727 ], [ -75.818363367689173, 8.548002515196011 ], [ -75.817965738763263, 8.548359981324086 ], [ -75.817604150681888, 8.548717564418666 ], [ -75.817242679620406, 8.549039270394877 ], [ -75.816845992232288, 8.549109730836953 ], [ -75.816774852739485, 8.548822492113786 ], [ -75.817244328551823, 8.548537013271263 ], [ -75.817281783778427, 8.54810662370074 ], [ -75.817067659549835, 8.547460159777184 ], [ -75.81667380404329, 8.546669608252124 ] ] ] } },
{ "type": "Feature", "properties": { "OBJECTID": 9491.0, "NOMBRE_GEO": null, "PROYECTO": "HERNANDEZN", "SYMBOL": "3", "FECHA": null, "RULEID": 1, "PK_CUE": 781857.0, "GLOBALID": "{4AF96350-DC43-4F21-8BCE-41E44CAC52C1}", "SHAPE_Leng": 943.20297693929786, "SHAPE_Area": 65088.153182887254 }, "geometry": { "type": "Polygon", "coordinates": [ [ [ -75.446217734302707, 8.936181490007082 ], [ -75.446709048794872, 8.936048197938689 ], [ -75.447216399574884, 8.936269004019431 ], [ -75.447610651558563, 8.936677090985537 ], [ -75.447903656311297, 8.937128081068909 ], [ -75.448219117375942, 8.937568274110951 ], [ -75.448324219617959, 8.938070287886143 ], [ -75.44818190903338, 8.938406581168731 ], [ -75.447720552405329, 8.938684582653554 ], [ -75.44717864365029, 8.938847277245461 ], [ -75.446630869115182, 8.938799486741992 ], [ -75.446277570633399, 8.938437007426062 ], [ -75.445957555141888, 8.937956201987111 ], [ -75.445552503563945, 8.937554861980932 ], [ -75.445472338976941, 8.937100449166911 ], [ -75.445779615660229, 8.936592083034837 ], [ -75.446217734302707, 8.936181490007082 ] ] ] } },
{ "type": "Feature", "properties": { "OBJECTID": 9493.0, "NOMBRE_GEO": null, "PROYECTO": "HERNANDEZN", "SYMBOL": "3", "FECHA": null, "RULEID": 1, "PK_CUE": 781859.0, "GLOBALID": "{CB1738F8-AB2C-4063-8DAF-C799E0F52174}", "SHAPE_Leng": 654.37095687089902, "SHAPE_Area": 15381.50132422221 }, "geometry": { "type": "Polygon", "coordinates": [ [ [ -75.570408860118945, 9.261783383335564 ], [ -75.570485603173168, 9.261232392634239 ], [ -75.571158153871536, 9.26144763793627 ], [ -75.571173515190196, 9.262036430100181 ], [ -75.570625723307018, 9.262409599047004 ], [ -75.570923433197308, 9.262926174907909 ], [ -75.57070969693909, 9.263571004239147 ], [ -75.570561708715474, 9.263040576431507 ], [ -75.570092742679819, 9.262686208198026 ], [ -75.570067473738575, 9.26234408498404 ], [ -75.570408860118945, 9.261783383335564 ] ] ] } },
{ "type": "Feature", "properties": { "OBJECTID": 9496.0, "NOMBRE_GEO": null, "PROYECTO": "HERNANDEZN", "SYMBOL": "3", "FECHA": null, "RULEID": 1, "PK_CUE": 781862.0, "GLOBALID": "{72563099-A8C3-4370-B6C1-7CE5EB4A9438}", "SHAPE_Leng": 579.21161458825475, "SHAPE_Area": 22584.25409314124 }, "geometry": { "type": "Polygon", "coordinates": [ [ [ -75.562921232233649, 9.167611986381864 ], [ -75.563228060270006, 9.167121955004776 ], [ -75.563689848255521, 9.167442051729759 ], [ -75.564253972110976, 9.167981822833234 ], [ -75.564156262700322, 9.168431304086297 ], [ -75.564036409303256, 9.168982591439789 ], [ -75.56378151156747, 9.168983857299645 ], [ -75.563184401778443, 9.168935456046244 ], [ -75.56290929278191, 9.168394275073434 ], [ -75.56277061967775, 9.167852537241867 ], [ -75.562921232233649, 9.167611986381864 ] ] ] } },
{ "type": "Feature", "properties": { "OBJECTID": 9502.0, "NOMBRE_GEO": null, "PROYECTO": "HERNANDEZN", "SYMBOL": "3", "FECHA": null, "RULEID": 1, "PK_CUE": 781868.0, "GLOBALID": "{124EB2E0-E145-4D1A-9005-520C71AD15C8}", "SHAPE_Leng": 2419.6976780795708, "SHAPE_Area": 145541.71255802334 }, "geometry": { "type": "Polygon", "coordinates": [ [ [ -75.480397460965108, 9.176039641651677 ], [ -75.480395347122098, 9.175501558759178 ], [ -75.480574014678069, 9.175034519407914 ], [ -75.480355864209955, 9.174640765022357 ], [ -75.480389566595605, 9.174030797350358 ], [ -75.480495752879122, 9.173492292117702 ], [ -75.48078271913235, 9.17302483335463 ], [ -75.481179393788963, 9.172915674814845 ], [ -75.481542607414909, 9.172991990342092 ], [ -75.481661644189529, 9.172953944248892 ], [ -75.482198332706062, 9.173104088000194 ], [ -75.482248841832202, 9.173118545883121 ], [ -75.482464092050805, 9.173180162248965 ], [ -75.482768915109006, 9.17319648410983 ], [ -75.483058419299383, 9.173374721559901 ], [ -75.483240047747842, 9.17366099802117 ], [ -75.483385719364648, 9.173983287423418 ], [ -75.483531955005446, 9.174449063696203 ], [ -75.483714715866313, 9.175022317210729 ], [ -75.483752510715547, 9.175452643006583 ], [ -75.484042866161076, 9.175846113941805 ], [ -75.484332657156443, 9.17609609485622 ], [ -75.484442511910075, 9.176490268249928 ], [ -75.484045411038352, 9.176491813242663 ], [ -75.483683279021349, 9.176206239698677 ], [ -75.483320017267403, 9.175633688907517 ], [ -75.482884838566108, 9.17513316185582 ], [ -75.482559091903596, 9.174919192367687 ], [ -75.482482513604097, 9.174934721143853 ], [ -75.482198374307686, 9.17499233892984 ], [ -75.482197413891839, 9.174993301108707 ], [ -75.482293824436184, 9.1751686675995 ], [ -75.482459138790276, 9.175631414175591 ], [ -75.482497795443663, 9.175739620267965 ], [ -75.482140157951818, 9.175920189603605 ], [ -75.481785825325076, 9.175886512846255 ], [ -75.482819982714986, 9.176998798020511 ], [ -75.482532310945999, 9.177286897795851 ], [ -75.482280598116347, 9.177538986136337 ], [ -75.482281869333434, 9.177861835737401 ], [ -75.482357599701558, 9.178758359997357 ], [ -75.482359435966586, 9.179224699359372 ], [ -75.482180063405394, 9.179512377848935 ], [ -75.481998432339864, 9.179226102399296 ], [ -75.481996878341221, 9.178831508286848 ], [ -75.481923407275204, 9.178508938611396 ], [ -75.48166929286613, 9.178151198267127 ], [ -75.481306877571697, 9.177793878701703 ], [ -75.48112552987439, 9.177579345990949 ], [ -75.481015676957583, 9.177185171637458 ], [ -75.480869724611708, 9.176791138370588 ], [ -75.480651431118943, 9.176361511842961 ], [ -75.480397460965108, 9.176039641651677 ] ] ] } },
{ "type": "Feature", "properties": { "OBJECTID": 9503.0, "NOMBRE_GEO": null, "PROYECTO": "HERNANDEZN", "SYMBOL": "3", "FECHA": null, "RULEID": 1, "PK_CUE": 781869.0, "GLOBALID": "{A273CE2C-A618-41DD-B479-47EF11E949A4}", "SHAPE_Leng": 628.7974538111024, "SHAPE_Area": 21641.97074765899 }, "geometry": { "type": "Polygon", "coordinates": [ [ [ -75.511363531131934, 9.076390817773289 ], [ -75.511684598237963, 9.075660820054939 ], [ -75.512146762640739, 9.076116598310044 ], [ -75.512149449284308, 9.076794494346082 ], [ -75.512560796680432, 9.077335199049475 ], [ -75.512016265261451, 9.077608493835179 ], [ -75.511965312603039, 9.077659536369493 ], [ -75.511282772930642, 9.077526620943585 ], [ -75.5108206070297, 9.077070842723034 ], [ -75.511363531131934, 9.076390817773289 ] ] ] } },
{ "type": "Feature", "properties": { "OBJECTID": 9505.0, "NOMBRE_GEO": null, "PROYECTO": null, "SYMBOL": "3", "FECHA": "1899/12/30 00:00:00.000", "RULEID": 1, "PK_CUE": 781953.0, "GLOBALID": "{CF5B9577-6F79-4FD6-A9B5-D39A150FB4FF}", "SHAPE_Leng": 9725.3778148712463, "SHAPE_Area": 3277240.3739350298 }, "geometry": { "type": "Polygon", "coordinates": [ [ [ -75.853146576033382, 9.313487775257405 ], [ -75.853555580037337, 9.311952166571931 ], [ -75.857030501927639, 9.312595667110767 ], [ -75.857374843531971, 9.313147141984858 ], [ -75.857129127846164, 9.314109328002154 ], [ -75.856438260409803, 9.314902424173797 ], [ -75.855829981787906, 9.31570224768396 ], [ -75.856028789325762, 9.316571664125066 ], [ -75.857100813188765, 9.317845035235996 ], [ -75.857212824054756, 9.319922136671575 ], [ -75.857164216045362, 9.323946024035754 ], [ -75.854184250035814, 9.324624566412009 ], [ -75.853931113426725, 9.324741604913887 ], [ -75.853581883100262, 9.32490307060506 ], [ -75.853267994362881, 9.325048185062204 ], [ -75.852937062129001, 9.325201195013818 ], [ -75.849736621373196, 9.32668086400613 ], [ -75.844342805540208, 9.329936691623134 ], [ -75.840771117764675, 9.331594927874665 ], [ -75.837868170595485, 9.33439150011019 ], [ -75.837850457312314, 9.33940336316288 ], [ -75.835966121149852, 9.339530438756405 ], [ -75.833949114330494, 9.339122432576072 ], [ -75.831932347801839, 9.338647591848261 ], [ -75.830872993102048, 9.338116860012333 ], [ -75.830648033118891, 9.338004156436705 ], [ -75.830454779233747, 9.337907335614853 ], [ -75.82971993019639, 9.336434593366095 ], [ -75.83012764833687, 9.335299993814257 ], [ -75.831611371107968, 9.334302809771618 ], [ -75.833634415279747, 9.3330001085506 ], [ -75.834245611890623, 9.331398431197893 ], [ -75.834989705029514, 9.330264990126068 ], [ -75.836205460196936, 9.328932725547519 ], [ -75.836802301392609, 9.328592678079596 ], [ -75.837293707045816, 9.32796273428173 ], [ -75.837626587607431, 9.32659878602426 ], [ -75.837741176917291, 9.325923567217487 ], [ -75.837987997808042, 9.325292769793117 ], [ -75.83810555120759, 9.324328375050198 ], [ -75.839119671180839, 9.322928574857045 ], [ -75.841076617175659, 9.321264725346939 ], [ -75.843841804924338, 9.319336364907121 ], [ -75.847888272393007, 9.316543662649893 ], [ -75.851057514918722, 9.314482981907874 ], [ -75.853146576033382, 9.313487775257405 ] ] ] } },
{ "type": "Feature", "properties": { "OBJECTID": 9783.0, "NOMBRE_GEO": null, "PROYECTO": null, "SYMBOL": "3", "FECHA": null, "RULEID": 1, "PK_CUE": 780810.0, "GLOBALID": "{E1AA251E-EF4F-4D47-AEE5-2DB527795C20}", "SHAPE_Leng": 5648.5237663334347, "SHAPE_Area": 565968.01025741652 }, "geometry": { "type": "Polygon", "coordinates": [ [ [ -76.15173177308823, 8.079516964156495 ], [ -76.151157353847097, 8.079018516025613 ], [ -76.151042855153904, 8.078750557972302 ], [ -76.150966470839265, 8.078597421673544 ], [ -76.150928536420409, 8.078406125705918 ], [ -76.150852592043591, 8.078061783318681 ], [ -76.150853031865665, 8.077870577293991 ], [ -76.150892019146951, 8.077602978157621 ], [ -76.150929919556759, 8.077233773152702 ], [ -76.151051278213203, 8.077189400156344 ], [ -76.151482266872776, 8.076603320016774 ], [ -76.151914578898314, 8.076276741765348 ], [ -76.151804651671213, 8.07599616605269 ], [ -76.151348763947382, 8.075955224879298 ], [ -76.151241265563826, 8.076150402424982 ], [ -76.150996828640359, 8.076136419573201 ], [ -76.150857344347173, 8.075996763056786 ], [ -76.150742673944578, 8.075805295741109 ], [ -76.150781921099806, 8.075422972862766 ], [ -76.150820728882152, 8.075231856951227 ], [ -76.150974826037654, 8.074964518316692 ], [ -76.151128923098639, 8.074697187830955 ], [ -76.151206545608787, 8.07431494612362 ], [ -76.151322446869472, 8.073971044288855 ], [ -76.151438347049933, 8.073627132559956 ], [ -76.151592184043992, 8.073474517765121 ], [ -76.151746540713589, 8.073092455580991 ], [ -76.151977470679583, 8.072787055751196 ], [ -76.152246498955691, 8.072596459795964 ], [ -76.152400335356802, 8.072443853992707 ], [ -76.152592798822496, 8.072176596586457 ], [ -76.152746805615848, 8.071947498752548 ], [ -76.152824159559458, 8.071679990155687 ], [ -76.152901424907384, 8.071450722183405 ], [ -76.152863667833373, 8.07118294342383 ], [ -76.152749087523318, 8.070953234961999 ], [ -76.152519127991198, 8.070837980649538 ], [ -76.152365911627044, 8.070722916357957 ], [ -76.152213134881904, 8.07041663530411 ], [ -76.152098546195433, 8.070186927400801 ], [ -76.151983794792045, 8.070033700577788 ], [ -76.151869206409742, 8.069803993418461 ], [ -76.151908102759393, 8.069574626279042 ], [ -76.152023743751499, 8.069345447695508 ], [ -76.152215856593713, 8.069231156102646 ], [ -76.152484704793395, 8.069117052101548 ], [ -76.152715014959099, 8.069079330836395 ], [ -76.152868492028261, 8.069079681549642 ], [ -76.153098623016376, 8.0691184440131 ], [ -76.153290214633088, 8.069233608191148 ], [ -76.153443432289109, 8.069348682183421 ], [ -76.15367330224953, 8.069502167748855 ], [ -76.153788152389325, 8.069617153262142 ], [ -76.154018372168522, 8.069617682621695 ], [ -76.154210306289102, 8.069579873189429 ], [ -76.154363963010809, 8.06950374033317 ], [ -76.154517530282604, 8.069465848899172 ], [ -76.15470964299513, 8.069351566313896 ], [ -76.154863470935481, 8.069198951405895 ], [ -76.155017218406442, 8.069084567915446 ], [ -76.155158526945328, 8.068972425441254 ], [ -76.155500955127053, 8.068970688217645 ], [ -76.155956723413126, 8.068989999303728 ], [ -76.156067424208644, 8.069421951012467 ], [ -76.156091663794427, 8.069919217674803 ], [ -76.155724014030866, 8.070158967246543 ], [ -76.155204035024937, 8.070312987224368 ], [ -76.155053805130734, 8.070638133722957 ], [ -76.155293699586579, 8.070874798929452 ], [ -76.156009846903743, 8.070892788209212 ], [ -76.156812233599354, 8.070802209784009 ], [ -76.157528491662418, 8.070841821082064 ], [ -76.157552623740955, 8.071317464041119 ], [ -76.157836358879962, 8.071640406315074 ], [ -76.158401726835422, 8.071875414186898 ], [ -76.15933507821623, 8.071935544278869 ], [ -76.159507887539064, 8.071783284591437 ], [ -76.159591357235954, 8.071134092250366 ], [ -76.159893135583189, 8.070743294967654 ], [ -76.160072214531496, 8.070581008598721 ], [ -76.160116944300214, 8.070625789832992 ], [ -76.160193247215531, 8.070817166719122 ], [ -76.160192815982683, 8.071008373779604 ], [ -76.16015374809146, 8.071314214308218 ], [ -76.160191423736705, 8.071620233569412 ], [ -76.160229180058465, 8.071888004387915 ], [ -76.160151744697288, 8.072193762791649 ], [ -76.160035934296587, 8.072499432814036 ], [ -76.159920303100463, 8.072728620336838 ], [ -76.159689292176225, 8.073072270839676 ], [ -76.159458811722459, 8.073186473727967 ], [ -76.159074754548968, 8.073338566581517 ], [ -76.158805906675937, 8.073452679791201 ], [ -76.158460307416775, 8.07356662308611 ], [ -76.158191539796476, 8.073642493855123 ], [ -76.157884136528097, 8.073833008896523 ], [ -76.157461803155826, 8.073946771599187 ], [ -76.157303286790977, 8.07399903466731 ], [ -76.157624246516491, 8.072593011943988 ], [ -76.157794069583062, 8.071856876832239 ], [ -76.157577641962931, 8.071966106097813 ], [ -76.157190726372875, 8.072681717999467 ], [ -76.156977395791785, 8.07339644898458 ], [ -76.157009114521387, 8.074113778114306 ], [ -76.156808898182277, 8.074212979022009 ], [ -76.156731543768828, 8.074480496583631 ], [ -76.156538640075937, 8.074938952220093 ], [ -76.156422829284153, 8.075244621609544 ], [ -76.156268731944067, 8.075511960088992 ], [ -76.156114635353035, 8.075779298578517 ], [ -76.155998881520929, 8.075980128921886 ], [ -76.155948773724177, 8.075949091711166 ], [ -76.156011594949589, 8.075477418605308 ], [ -76.156137027947281, 8.074546878855232 ], [ -76.156241095227713, 8.073681323879329 ], [ -76.155979387594613, 8.073423145057621 ], [ -76.155895360912794, 8.073964213697469 ], [ -76.155444342065351, 8.074874783405562 ], [ -76.154840217059416, 8.075548247009191 ], [ -76.154171214232861, 8.07626529144726 ], [ -76.154129697632868, 8.076633139225466 ], [ -76.154413213623087, 8.07691283308065 ], [ -76.154825151678807, 8.076845864184049 ], [ -76.15510734235859, 8.076866056232916 ], [ -76.155286100626014, 8.077098007114055 ], [ -76.155228788788207, 8.07723045555289 ], [ -76.155113148593202, 8.077459643277015 ], [ -76.154882488392914, 8.077650318825823 ], [ -76.154536538231795, 8.077917227179155 ], [ -76.15419067839494, 8.078145884001625 ], [ -76.153998384020781, 8.078336649984569 ], [ -76.153844197047988, 8.078642230036355 ], [ -76.153651724072574, 8.078909478955888 ], [ -76.153420884126419, 8.079176647153911 ], [ -76.153228680805228, 8.079329171582387 ], [ -76.152921447837059, 8.079443195173999 ], [ -76.152576108966997, 8.079442404283236 ], [ -76.152115569264481, 8.07947959413762 ], [ -76.15173177308823, 8.079516964156495 ] ] ] } },
{ "type": "Feature", "properties": { "OBJECTID": 9784.0, "NOMBRE_GEO": null, "PROYECTO": null, "SYMBOL": "3", "FECHA": null, "RULEID": 1, "PK_CUE": 780812.0, "GLOBALID": "{B01F5757-93B5-4C44-AB6C-0579240DEE95}", "SHAPE_Leng": 3046.6616506547002, "SHAPE_Area": 145054.01187746777 }, "geometry": { "type": "Polygon", "coordinates": [ [ [ -76.157247734272815, 8.066871640623244 ], [ -76.157516672133866, 8.066719285828421 ], [ -76.157708786009678, 8.066604993582548 ], [ -76.157939347118912, 8.066452549805716 ], [ -76.158170008044195, 8.066261863646099 ], [ -76.158400568734109, 8.066109419748747 ], [ -76.158746339780578, 8.065918995394254 ], [ -76.158976811794716, 8.065804791720142 ], [ -76.159092362254796, 8.0656138470939 ], [ -76.159092883179426, 8.065384399405792 ], [ -76.159016930094865, 8.065040057441795 ], [ -76.158825516834867, 8.064848418609918 ], [ -76.158557360561858, 8.064656601912768 ], [ -76.158250927618965, 8.064426461905986 ], [ -76.157944323768646, 8.064272805968686 ], [ -76.15771427376896, 8.064195802280629 ], [ -76.157446388005965, 8.063889261287759 ], [ -76.157332068154759, 8.06354482931909 ], [ -76.15721747874889, 8.063315121362452 ], [ -76.157256465708812, 8.063047520887755 ], [ -76.157372097152404, 8.062818333614864 ], [ -76.157640945326065, 8.062704221107834 ], [ -76.157948241264634, 8.062551948093436 ], [ -76.158025334050393, 8.062399161657614 ], [ -76.158025855380842, 8.062169714619911 ], [ -76.157988099246978, 8.061901936291127 ], [ -76.157873420111798, 8.061710468919241 ], [ -76.157605273125228, 8.061518661392753 ], [ -76.157259951143587, 8.061517879433213 ], [ -76.157182776798479, 8.061708906183828 ], [ -76.157259079751611, 8.061900283026702 ], [ -76.157373660307201, 8.062129991192922 ], [ -76.157373049236284, 8.062397679737945 ], [ -76.157257678675862, 8.062512143819625 ], [ -76.156874080101105, 8.062473040404569 ], [ -76.156567467184843, 8.062319373700278 ], [ -76.156299410286124, 8.062089315695307 ], [ -76.156261734836747, 8.061783303566147 ], [ -76.156262344984327, 8.061515614747792 ], [ -76.156454979970491, 8.061171874686515 ], [ -76.156531894393865, 8.061095572107462 ], [ -76.156762545148666, 8.06090488678554 ], [ -76.156839459390568, 8.060828575154233 ], [ -76.157146584042891, 8.060752793080244 ], [ -76.157415171016851, 8.060753395312997 ], [ -76.157645211624327, 8.060830407238839 ], [ -76.157913358952314, 8.061022215809174 ], [ -76.158066754657725, 8.061060806993529 ], [ -76.158296876549599, 8.061099569937346 ], [ -76.158603749976521, 8.061138503403082 ], [ -76.158833611294455, 8.06129198899184 ], [ -76.158986486109271, 8.061560028401217 ], [ -76.158909221642645, 8.061789295588692 ], [ -76.158831867972864, 8.06205681404534 ], [ -76.158869543567064, 8.062362826094594 ], [ -76.158907308570747, 8.062630604033039 ], [ -76.158868240736922, 8.062936444585935 ], [ -76.158752520184748, 8.063203873289821 ], [ -76.158713631641078, 8.063433231248842 ], [ -76.158751387862736, 8.063701010164625 ], [ -76.158904345162568, 8.063930808004073 ], [ -76.159134213896067, 8.064084284578421 ], [ -76.159479104671107, 8.064276273157191 ], [ -76.159670606873078, 8.064429677621115 ], [ -76.159861841114207, 8.064697799437695 ], [ -76.16001471582517, 8.06496582865349 ], [ -76.160052381675698, 8.065271849234984 ], [ -76.159936319551022, 8.065692243172103 ], [ -76.159935619376057, 8.065998173223939 ], [ -76.159973033991207, 8.066418908428652 ], [ -76.159972163391586, 8.066801320935532 ], [ -76.159971470819102, 8.067107250907741 ], [ -76.160009146530342, 8.067413271332095 ], [ -76.159970078687167, 8.06771911089781 ], [ -76.159777874705483, 8.067871645444496 ], [ -76.15962430831064, 8.067909535733779 ], [ -76.159471010579821, 8.06783270302104 ], [ -76.159356241880076, 8.067679478293586 ], [ -76.159203285842011, 8.067449689406343 ], [ -76.159088706290689, 8.067219980036677 ], [ -76.158897634208202, 8.066875378362457 ], [ -76.15862922616148, 8.066798284259603 ], [ -76.158322002668896, 8.066912315881336 ], [ -76.158168085225057, 8.067103171718479 ], [ -76.158090740361956, 8.067370682353525 ], [ -76.15801347556193, 8.067599958973842 ], [ -76.157821192280537, 8.06779073411974 ], [ -76.157398858176151, 8.067904497127593 ], [ -76.157053356825656, 8.06798019798423 ], [ -76.156631283356674, 8.067979236253183 ], [ -76.156324760259082, 8.06778733766409 ], [ -76.15632555102313, 8.067443167008348 ], [ -76.156364268300877, 8.067290292290151 ], [ -76.156402986392763, 8.067137406729175 ], [ -76.156518275245901, 8.067061193590325 ], [ -76.156595189362505, 8.066984881563897 ], [ -76.156940690173215, 8.066909181385482 ], [ -76.157247734272815, 8.066871640623244 ] ] ] } },
{ "type": "Feature", "properties": { "OBJECTID": 9785.0, "NOMBRE_GEO": null, "PROYECTO": null, "SYMBOL": "3", "FECHA": null, "RULEID": 1, "PK_CUE": 780814.0, "GLOBALID": "{1D3479D2-6A90-4325-B2B1-A68EB2DFB65E}", "SHAPE_Leng": 619.62161054912508, "SHAPE_Area": 23433.37910430758 }, "geometry": { "type": "Polygon", "coordinates": [ [ [ -76.157290494145798, 8.06532361835175 ], [ -76.157599729636786, 8.065300612234056 ], [ -76.158004044272658, 8.065301527597629 ], [ -76.158194144837765, 8.065373069707093 ], [ -76.158360306828072, 8.065515669137016 ], [ -76.158383600118185, 8.065729053609106 ], [ -76.158311986104167, 8.065847415678167 ], [ -76.158192852165115, 8.065941955443027 ], [ -76.158026152254209, 8.066036395056381 ], [ -76.157764265888929, 8.066154316811273 ], [ -76.157573723887737, 8.066272409101003 ], [ -76.157478430630974, 8.066343304124299 ], [ -76.157169033065571, 8.066437421238358 ], [ -76.156931095800829, 8.066484285988674 ], [ -76.156740824242789, 8.066483855191825 ], [ -76.156360289176931, 8.066482992365266 ], [ -76.156194136125521, 8.066340393746373 ], [ -76.156123107182367, 8.066198011158258 ], [ -76.156099705110776, 8.066032029148785 ], [ -76.15612387002588, 8.065866154723471 ], [ -76.15626683664469, 8.065747963643544 ], [ -76.156457370073184, 8.065629880110921 ], [ -76.156743043399302, 8.065512003432104 ], [ -76.156957308745646, 8.065417679971185 ], [ -76.157290494145798, 8.06532361835175 ] ] ] } },
{ "type": "Feature", "properties": { "OBJECTID": 9786.0, "NOMBRE_GEO": null, "PROYECTO": null, "SYMBOL": "3", "FECHA": null, "RULEID": 1, "PK_CUE": 780816.0, "GLOBALID": "{E9D0D282-376C-44D4-A9CD-C260B37D0175}", "SHAPE_Leng": 1173.3308362772102, "SHAPE_Area": 57316.851596362569 }, "geometry": { "type": "Polygon", "coordinates": [ [ [ -76.153997845405243, 8.064804428552376 ], [ -76.15385563318749, 8.064590763691598 ], [ -76.153832339756121, 8.064377378029569 ], [ -76.153832824831753, 8.064164046813328 ], [ -76.153856989174315, 8.06399818214809 ], [ -76.153905049256053, 8.063784957010283 ], [ -76.154095744101653, 8.063595753733784 ], [ -76.154262552222974, 8.063453918972177 ], [ -76.154429251857295, 8.06335947915569 ], [ -76.15459589865641, 8.063288746258225 ], [ -76.154786215545982, 8.063265479859709 ], [ -76.155047831882939, 8.063266072582735 ], [ -76.155190421905814, 8.063313800044472 ], [ -76.155404086193599, 8.063480212628708 ], [ -76.155498894270877, 8.063622649997924 ], [ -76.1555935952656, 8.063812500298551 ], [ -76.155688402601612, 8.063954936669754 ], [ -76.155711857627068, 8.064097211889225 ], [ -76.155663861223246, 8.064286728972256 ], [ -76.15563958785286, 8.064500007365602 ], [ -76.155686723279956, 8.064689740787617 ], [ -76.155853099607143, 8.064737531109117 ], [ -76.155924498388757, 8.064713986170322 ], [ -76.155996013366916, 8.064643037227365 ], [ -76.156067528320051, 8.064572088281338 ], [ -76.156162928780631, 8.064453788825954 ], [ -76.156210925754579, 8.064264262725461 ], [ -76.156258931844661, 8.064074744697049 ], [ -76.15640222201327, 8.063814332135053 ], [ -76.156616703575821, 8.06362518327162 ], [ -76.156854641205726, 8.063578318413571 ], [ -76.157092146017575, 8.063721078019475 ], [ -76.157162959552991, 8.063958278183728 ], [ -76.157162367360229, 8.064219014425772 ], [ -76.15713798695333, 8.064479706423691 ], [ -76.157018582697233, 8.064692767718862 ], [ -76.156851666856582, 8.064882016359086 ], [ -76.1566849132752, 8.06500016229789 ], [ -76.156399194738754, 8.065141727595048 ], [ -76.156184929340043, 8.065236059793493 ], [ -76.155994602900535, 8.065259335368548 ], [ -76.155661480360749, 8.06532969081813 ], [ -76.155423587687437, 8.06535285034564 ], [ -76.155233324548803, 8.0653524185786 ], [ -76.154971708717639, 8.065351825575155 ], [ -76.154733987568093, 8.065303873697605 ], [ -76.154472532555232, 8.06523217030816 ], [ -76.154258751842903, 8.065113170557042 ], [ -76.154116323814065, 8.064994322943717 ], [ -76.153997845405243, 8.064804428552376 ] ] ] } },
{ "type": "Feature", "properties": { "OBJECTID": 9787.0, "NOMBRE_GEO": null, "PROYECTO": null, "SYMBOL": "3", "FECHA": null, "RULEID": 1, "PK_CUE": 780818.0, "GLOBALID": "{C9F7E565-0FE2-4D53-BB22-2FA3939269AC}", "SHAPE_Leng": 879.9007174604036, "SHAPE_Area": 44791.178865060712 }, "geometry": { "type": "Polygon", "coordinates": [ [ [ -76.151716833646077, 8.063851082255493 ], [ -76.151931045666856, 8.063780456596644 ], [ -76.152144988597627, 8.063828355105866 ], [ -76.152311248899551, 8.063923550418421 ], [ -76.152406004369325, 8.064089693169047 ], [ -76.152381730989532, 8.064302971107907 ], [ -76.152357404714607, 8.064539947024356 ], [ -76.152428102214799, 8.06482455133831 ], [ -76.152522963798106, 8.064943289890504 ], [ -76.152689117174916, 8.065085888907024 ], [ -76.152831545014152, 8.065204736262523 ], [ -76.152950076962995, 8.065370933190088 ], [ -76.152973432964728, 8.065560611981848 ], [ -76.152901756908193, 8.065702671713463 ], [ -76.152806400590933, 8.065797264844637 ], [ -76.152639699533751, 8.065891703616932 ], [ -76.152473171325411, 8.065915024845534 ], [ -76.152282844612728, 8.065938299791721 ], [ -76.152044961533392, 8.065961459285981 ], [ -76.151783130291676, 8.066055674411745 ], [ -76.151616698612315, 8.066031599433218 ], [ -76.151402756187522, 8.065983701060761 ], [ -76.151141139861352, 8.065983099426832 ], [ -76.150951038061137, 8.06591155728912 ], [ -76.150689530285732, 8.065863551180813 ], [ -76.150523270058031, 8.065768357175434 ], [ -76.150404673933551, 8.065625866348393 ], [ -76.150333653207156, 8.065483482773836 ], [ -76.150262794191278, 8.065269988830874 ], [ -76.150286958995935, 8.065104115672556 ], [ -76.150382476691931, 8.064938402702579 ], [ -76.150572901267921, 8.064867732820947 ], [ -76.150810954795475, 8.064773464026766 ], [ -76.151072732794319, 8.064702945943171 ], [ -76.151263265559862, 8.06458486174529 ], [ -76.151453914957713, 8.064419375109452 ], [ -76.151501920686499, 8.064229847764175 ], [ -76.151597538219221, 8.06401674064619 ], [ -76.151716833646077, 8.063851082255493 ] ] ] } },
{ "type": "Feature", "properties": { "OBJECTID": 9788.0, "NOMBRE_GEO": null, "PROYECTO": null, "SYMBOL": "3", "FECHA": null, "RULEID": 1, "PK_CUE": 780820.0, "GLOBALID": "{F48E03F9-4C9A-4CB7-BE51-5EAD0C2E41A8}", "SHAPE_Leng": 575.60450815536137, "SHAPE_Area": 25236.260798852927 }, "geometry": { "type": "Polygon", "coordinates": [ [ [ -76.15465731206956, 8.065930587316819 ], [ -76.154871470373607, 8.065883667756077 ], [ -76.155204431155042, 8.065884421837966 ], [ -76.155489726788176, 8.065932472765361 ], [ -76.155608313399824, 8.066074964186814 ], [ -76.155679118946097, 8.066312163920598 ], [ -76.155749932790357, 8.066549364448514 ], [ -76.155725499206113, 8.066833752827318 ], [ -76.155677502081758, 8.067023270923363 ], [ -76.155582037634403, 8.06716527574882 ], [ -76.155415230130274, 8.067307119562344 ], [ -76.155177292716132, 8.067353985363903 ], [ -76.154963241834125, 8.067353499587247 ], [ -76.154677837892535, 8.067352854441802 ], [ -76.154464111174462, 8.067210147380717 ], [ -76.154345417136241, 8.067115061408106 ], [ -76.154250447237033, 8.067043734013978 ], [ -76.154131958737509, 8.066853839098531 ], [ -76.154060991985972, 8.066687749778056 ], [ -76.154013803880872, 8.066521713912865 ], [ -76.154037968748582, 8.066355840185134 ], [ -76.154109752565773, 8.06616637725674 ], [ -76.154300286240897, 8.066048292614742 ], [ -76.15446687769284, 8.066001266329629 ], [ -76.15465731206956, 8.065930587316819 ] ] ] } },
{ "type": "Feature", "properties": { "OBJECTID": 9789.0, "NOMBRE_GEO": null, "PROYECTO": null, "SYMBOL": "3", "FECHA": null, "RULEID": 1, "PK_CUE": 780822.0, "GLOBALID": "{FA8B124D-7BC0-494D-B439-4D165C82209F}", "SHAPE_Leng": 1609.0580458580698, "SHAPE_Area": 65677.605220254671 }, "geometry": { "type": "Polygon", "coordinates": [ [ [ -76.147834083011517, 8.067812114726554 ], [ -76.147667984883157, 8.067645810009216 ], [ -76.147644691059014, 8.067432423761451 ], [ -76.147645077114404, 8.06726649557122 ], [ -76.147764374213935, 8.067100847315018 ], [ -76.147883508357012, 8.067006307750926 ], [ -76.148097612655647, 8.066983095640722 ], [ -76.14833544160733, 8.066983635305393 ], [ -76.148644740904061, 8.0669369398965 ], [ -76.148811387212888, 8.066866206636657 ], [ -76.149049539522991, 8.066724534120683 ], [ -76.149335050526219, 8.066677775553568 ], [ -76.149739419036806, 8.066654995155588 ], [ -76.150048600722329, 8.066655704905351 ], [ -76.150452977956647, 8.066632922851479 ], [ -76.150904749039697, 8.066681360770531 ], [ -76.151261496754884, 8.06668217776056 ], [ -76.151594358998153, 8.066730336790526 ], [ -76.151879537526142, 8.066825809722378 ], [ -76.15199823288927, 8.066920886714895 ], [ -76.152283528029983, 8.066968946987581 ], [ -76.152545199321651, 8.06694584334118 ], [ -76.152854758064535, 8.066780623549796 ], [ -76.153140270390864, 8.066733866973079 ], [ -76.153520805014395, 8.066734730015009 ], [ -76.153710907246293, 8.066806270631487 ], [ -76.153852894285748, 8.06711474428055 ], [ -76.153852300809248, 8.067375489436857 ], [ -76.153828136798694, 8.067541354156896 ], [ -76.153685224200487, 8.067635847835549 ], [ -76.153518631030025, 8.067682874098935 ], [ -76.153328304612501, 8.067706140784384 ], [ -76.153161658595963, 8.067776873914525 ], [ -76.152994957956381, 8.067871314001902 ], [ -76.152780799906949, 8.067918233048363 ], [ -76.152495342145201, 8.067941283590626 ], [ -76.152257674663517, 8.067869633660733 ], [ -76.152091468808621, 8.067750732825505 ], [ -76.1519966073147, 8.067632003419238 ], [ -76.151949255787741, 8.06753707818048 ], [ -76.151902068218916, 8.067371041782515 ], [ -76.15183099280641, 8.067252365820901 ], [ -76.151735969292787, 8.067204736577724 ], [ -76.15152197336694, 8.067180544632579 ], [ -76.151355379784391, 8.067227571846068 ], [ -76.15126013213802, 8.067274760741089 ], [ -76.151141113937626, 8.067321895016882 ], [ -76.151022086709531, 8.06736903927726 ], [ -76.150855602286143, 8.067368653139471 ], [ -76.15064171379403, 8.067297056586836 ], [ -76.150451449812465, 8.067296625644998 ], [ -76.150237292080533, 8.067343536119949 ], [ -76.150118156925899, 8.067438083438795 ], [ -76.14999891490271, 8.067580034924596 ], [ -76.149713349643164, 8.0676504903959 ], [ -76.149523077170002, 8.067650059147722 ], [ -76.149308918971542, 8.06769696924818 ], [ -76.149166060350126, 8.067767755578641 ], [ -76.149094382618017, 8.067909816195508 ], [ -76.14895140789325, 8.068028006789939 ], [ -76.148808602050778, 8.068075087787816 ], [ -76.148546985555512, 8.068074485898933 ], [ -76.148214124218768, 8.068026318327194 ], [ -76.148024023130702, 8.067954775892387 ], [ -76.147834083011517, 8.067812114726554 ] ] ] } },
{ "type": "Feature", "properties": { "OBJECTID": 9790.0, "NOMBRE_GEO": null, "PROYECTO": null, "SYMBOL": "3", "FECHA": null, "RULEID": 1, "PK_CUE": 780824.0, "GLOBALID": "{29CFBF82-CF13-4390-992F-AE08FB0A7078}", "SHAPE_Leng": 3583.6252049659674, "SHAPE_Area": 450920.58635639952 }, "geometry": { "type": "Polygon", "coordinates": [ [ [ -76.140260774384302, 8.06890851556647 ], [ -76.139963548998367, 8.068818899581439 ], [ -76.139696002835507, 8.068758990983273 ], [ -76.139398642579067, 8.068728664421561 ], [ -76.139130954156641, 8.068728043586455 ], [ -76.138863327766998, 8.068697780350668 ], [ -76.138625248161432, 8.068756520959347 ], [ -76.138446510352225, 8.068874676233644 ], [ -76.138297658889243, 8.068933623217701 ], [ -76.138029897956116, 8.068962647650528 ], [ -76.137732601114294, 8.068902667676202 ], [ -76.137464713849184, 8.068990980804877 ], [ -76.137405084151439, 8.069050126159789 ], [ -76.13728590418053, 8.069138780787542 ], [ -76.137077566862871, 8.069197583567414 ], [ -76.136899035766476, 8.069226815930337 ], [ -76.13675031998747, 8.069226474214348 ], [ -76.136512509145021, 8.069166637278675 ], [ -76.136274707395714, 8.069106801011552 ], [ -76.135977616111603, 8.068957887218984 ], [ -76.135769899092907, 8.068749899981317 ], [ -76.135681090749884, 8.068571835911079 ], [ -76.135473580241296, 8.068274924894723 ], [ -76.135146889555614, 8.068066658683316 ], [ -76.13490935703264, 8.067888244576894 ], [ -76.134761332755076, 8.067591468996799 ], [ -76.13461296659878, 8.067442905229228 ], [ -76.134464807911215, 8.067205417779803 ], [ -76.134376197913937, 8.06693841057381 ], [ -76.134228246115214, 8.066611990274195 ], [ -76.134110179901583, 8.066226352694779 ], [ -76.134111150334277, 8.065811348983337 ], [ -76.134141719752208, 8.065455696971659 ], [ -76.134172155118591, 8.065159334279295 ], [ -76.134232341541903, 8.064863033866382 ], [ -76.134352069959377, 8.064537232998433 ], [ -76.13444199111197, 8.064241013103485 ], [ -76.134531848704142, 8.063974429268375 ], [ -76.134532603783896, 8.063648350242905 ], [ -76.134622390616713, 8.063411409769445 ], [ -76.134860884043491, 8.063174820809511 ], [ -76.135009878759035, 8.063056583630045 ], [ -76.135277765620856, 8.062968279696193 ], [ -76.135575475604071, 8.062850393650493 ], [ -76.135872970741474, 8.062821440931758 ], [ -76.136170331799562, 8.062851777213227 ], [ -76.13643794012556, 8.062882042078606 ], [ -76.136646006918724, 8.062941807417742 ], [ -76.136943296387244, 8.063001778206702 ], [ -76.137210635284717, 8.063150619900226 ], [ -76.137477837814714, 8.063358742358371 ], [ -76.137685762964438, 8.06347779528835 ], [ -76.137952823188968, 8.063745206425924 ], [ -76.138130518319912, 8.064071699386995 ], [ -76.138368113560389, 8.06422045975787 ], [ -76.138516766916439, 8.064250453752088 ], [ -76.138813848804901, 8.064399358599768 ], [ -76.139021700779153, 8.064548057323707 ], [ -76.139348391400304, 8.064756314443963 ], [ -76.139555902113514, 8.065053224938287 ], [ -76.139942006888219, 8.0652912691359 ], [ -76.140149661549415, 8.065528891808581 ], [ -76.140267943128151, 8.06582560510253 ], [ -76.1402969936575, 8.066122102948459 ], [ -76.140207351112394, 8.066299762711511 ], [ -76.140058365884528, 8.0664179898379 ], [ -76.14005795267822, 8.066595847833721 ], [ -76.140117295271168, 8.066655271433701 ], [ -76.140266010620081, 8.066655622215686 ], [ -76.140414727684728, 8.066655962990517 ], [ -76.140622857559364, 8.066686084061317 ], [ -76.140860804079722, 8.066686630872727 ], [ -76.141009592201286, 8.066657337321297 ], [ -76.141247537718741, 8.066657884824199 ], [ -76.141485132590617, 8.066806645982789 ], [ -76.141633508165427, 8.066955209934576 ], [ -76.141752067254416, 8.067133346176963 ], [ -76.141781119297136, 8.067429844353084 ], [ -76.141780498645986, 8.067696634083877 ], [ -76.141809693791686, 8.067933852311823 ], [ -76.141987678284465, 8.068141768295757 ], [ -76.14219552963273, 8.068290466035625 ], [ -76.142403462886435, 8.068409518619946 ], [ -76.142700545090406, 8.068558415314419 ], [ -76.142938086193524, 8.06873682969699 ], [ -76.1431460097632, 8.06885587367438 ], [ -76.143443513786224, 8.068826922044952 ], [ -76.143533084866178, 8.06867890588409 ], [ -76.143533498923816, 8.068501049366192 ], [ -76.143444888579083, 8.0682340510134 ], [ -76.143356342010023, 8.067937409575627 ], [ -76.143327353182144, 8.067611267140036 ], [ -76.143476410876517, 8.067463395932476 ], [ -76.14386300051919, 8.067493919776467 ], [ -76.144219370839124, 8.06773189284938 ], [ -76.144486583706808, 8.067940015341913 ], [ -76.144664352310471, 8.068236854259924 ], [ -76.144752557094733, 8.068681709201579 ], [ -76.144722059858665, 8.069007724559029 ], [ -76.144691426657445, 8.069393022342489 ], [ -76.144631320611467, 8.069659668589129 ], [ -76.144541614883764, 8.069866972749647 ], [ -76.144303596570467, 8.069896069134954 ], [ -76.144154880659585, 8.069895728412192 ], [ -76.144006299854055, 8.0698360979629 ], [ -76.143917276724537, 8.069746958198127 ], [ -76.143828253704143, 8.069657827434046 ], [ -76.143679672094791, 8.069598196820392 ], [ -76.143531027891356, 8.069568210947203 ], [ -76.143382447235453, 8.069508581092405 ], [ -76.143204121834003, 8.069448887827502 ], [ -76.14302579820864, 8.06938918631862 ], [ -76.142728437224307, 8.069358858847888 ], [ -76.142490625823186, 8.069299022154651 ], [ -76.142282559287992, 8.069239256842133 ], [ -76.142014941246572, 8.069208993118668 ], [ -76.141866297092946, 8.069179007440599 ], [ -76.141539318616779, 8.069089327622159 ], [ -76.141331324030375, 8.068999918593468 ], [ -76.140944733854312, 8.068969375650841 ], [ -76.140587886737862, 8.068938914854611 ], [ -76.140260774384302, 8.06890851556647 ] ] ] } },
{ "type": "Feature", "properties": { "OBJECTID": 9791.0, "NOMBRE_GEO": null, "PROYECTO": null, "SYMBOL": "3", "FECHA": null, "RULEID": 1, "PK_CUE": 780826.0, "GLOBALID": "{964B4C5A-445A-4E58-86B2-3AB25B04DEBD}", "SHAPE_Leng": 302.18621016255599, "SHAPE_Area": 6046.623259090893 }, "geometry": { "type": "Polygon", "coordinates": [ [ [ -76.176525653786669, 8.039239319346008 ], [ -76.176608865126695, 8.039222924561624 ], [ -76.176725304660565, 8.039228710160296 ], [ -76.17679177975856, 8.039256494794897 ], [ -76.176830426329346, 8.039333956176403 ], [ -76.176824659356811, 8.039433426993229 ], [ -76.176807814709278, 8.039527355178022 ], [ -76.176774272330235, 8.039648870260809 ], [ -76.176729752102645, 8.039720626615695 ], [ -76.176679697735054, 8.039786841722128 ], [ -76.176629633798044, 8.039858581334084 ], [ -76.17654071028673, 8.039946813585036 ], [ -76.176473974075094, 8.040035100067833 ], [ -76.176407291895941, 8.04009575493335 ], [ -76.176301758188558, 8.040172893325124 ], [ -76.176190878846214, 8.040161600797717 ], [ -76.176141013672336, 8.040144909966944 ], [ -76.176091201610134, 8.040100579378185 ], [ -76.176052485031363, 8.040056274087304 ], [ -76.176008314787339, 8.039967745019863 ], [ -76.176002924673369, 8.039901413079541 ], [ -76.176003131304654, 8.039807449103481 ], [ -76.176025471679097, 8.039735646583891 ], [ -76.176058889804295, 8.039669395756848 ], [ -76.176131122552619, 8.039603235026581 ], [ -76.176192281089058, 8.039531514445201 ], [ -76.176264532410698, 8.039459828227862 ], [ -76.176320128648513, 8.03939362179435 ], [ -76.176381276726289, 8.039327434758446 ], [ -76.176447958829954, 8.039266779942716 ], [ -76.176525653786669, 8.039239319346008 ] ] ] } },
{ "type": "Feature", "properties": { "OBJECTID": 9792.0, "NOMBRE_GEO": null, "PROYECTO": null, "SYMBOL": "3", "FECHA": null, "RULEID": 1, "PK_CUE": 780828.0, "GLOBALID": "{0D0AD2CF-4F49-4717-AC93-CEC2DC905DA0}", "SHAPE_Leng": 1694.4618844885442, "SHAPE_Area": 62657.997384529102 }, "geometry": { "type": "Polygon", "coordinates": [ [ [ -76.192561768013221, 8.08678268179149 ], [ -76.192523292778176, 8.086430525406643 ], [ -76.192484557614236, 8.086195732089037 ], [ -76.19236739980353, 8.085921638237998 ], [ -76.192328663910772, 8.085686835818644 ], [ -76.192368342602862, 8.085491335810614 ], [ -76.192408120348361, 8.085256704738518 ], [ -76.192369205414906, 8.085100147136346 ], [ -76.192055360736987, 8.085021220924579 ], [ -76.191976686000586, 8.085099284256041 ], [ -76.191780341553354, 8.085137975074435 ], [ -76.191663012583589, 8.084942123729432 ], [ -76.191663443544741, 8.084746533781663 ], [ -76.191821052638758, 8.084473042256473 ], [ -76.192017578019488, 8.084356116605024 ], [ -76.192214093297508, 8.08423919188383 ], [ -76.192528368788146, 8.084122519366515 ], [ -76.192720868924937, 8.084007984166663 ], [ -76.192857718106822, 8.083981015676159 ], [ -76.193019080795764, 8.083923980330864 ], [ -76.193259110195072, 8.084106019585564 ], [ -76.193195134370782, 8.084358685851539 ], [ -76.193076690772145, 8.084671381067533 ], [ -76.1929970739792, 8.085179754806809 ], [ -76.192996040821981, 8.085649178933258 ], [ -76.193034515211082, 8.086001336064317 ], [ -76.193073169716342, 8.086275251085139 ], [ -76.193229746291181, 8.086471191301779 ], [ -76.193543681091398, 8.086510995968883 ], [ -76.193701119018215, 8.086315746817261 ], [ -76.193858818329133, 8.086003132892843 ], [ -76.194134179220114, 8.085729901619679 ], [ -76.1942521996192, 8.085612805647866 ], [ -76.194487800713986, 8.085574196848381 ], [ -76.194722880817466, 8.085770308229696 ], [ -76.194761706031187, 8.085965988012958 ], [ -76.194486426390924, 8.086200097787611 ], [ -76.194250565321241, 8.08635606330583 ], [ -76.194014712127895, 8.086512019658393 ], [ -76.193818017110715, 8.086707188386047 ], [ -76.193699654886103, 8.086980761083646 ], [ -76.193581211746192, 8.087293454752352 ], [ -76.193541363188885, 8.087567199381244 ], [ -76.193540841995826, 8.087801910892358 ], [ -76.19354024007383, 8.088075744251643 ], [ -76.193500471549953, 8.088310375195755 ], [ -76.193460702960522, 8.08854499711666 ], [ -76.193342681783591, 8.088662101398114 ], [ -76.193224841156493, 8.088700962704051 ], [ -76.193168659018284, 8.088700841127705 ], [ -76.193067833787211, 8.088700620626138 ], [ -76.192871659646869, 8.088661067873341 ], [ -76.192714903914208, 8.088543370783603 ], [ -76.192676509615936, 8.088152100797725 ], [ -76.192598437193624, 8.087956330824925 ], [ -76.192480848399882, 8.087877836062216 ], [ -76.192363266897161, 8.087799341190841 ], [ -76.192285104752557, 8.087642693038491 ], [ -76.192285535811507, 8.087447103220448 ], [ -76.192403727268655, 8.087251764441691 ], [ -76.192482743130213, 8.087017223143025 ], [ -76.192561768013221, 8.08678268179149 ] ] ] } },
{ "type": "Feature", "properties": { "OBJECTID": 9793.0, "NOMBRE_GEO": null, "PROYECTO": null, "SYMBOL": "3", "FECHA": null, "RULEID": 1, "PK_CUE": 780830.0, "GLOBALID": "{2CB5380D-A583-4E77-AD84-1CC3612486A3}", "SHAPE_Leng": 1403.8103740811837, "SHAPE_Area": 50311.606027702612 }, "geometry": { "type": "Polygon", "coordinates": [ [ [ -76.188983148839995, 8.089787007844961 ], [ -76.1891797550809, 8.089630961188238 ], [ -76.18937567663292, 8.089787870017258 ], [ -76.189571419740602, 8.090023012872114 ], [ -76.189649322154992, 8.090297007986536 ], [ -76.189530779876961, 8.090648824137507 ], [ -76.189294317025087, 8.091078613853018 ], [ -76.189215291947704, 8.09131315557657 ], [ -76.189254026972932, 8.091547947895215 ], [ -76.189371177071266, 8.091822041932023 ], [ -76.189488415670283, 8.092057014721803 ], [ -76.189645171797437, 8.092174711975819 ], [ -76.189762329717269, 8.092448805662983 ], [ -76.189840141520634, 8.092761923451794 ], [ -76.189839621149034, 8.092996633923558 ], [ -76.189878096107122, 8.093348792042081 ], [ -76.189838327731536, 8.093583413651341 ], [ -76.189563298834258, 8.093700167896888 ], [ -76.189366946214705, 8.093738858373737 ], [ -76.189248754081589, 8.09393419660673 ], [ -76.18913039167002, 8.094207769888069 ], [ -76.189129781178394, 8.09448160258156 ], [ -76.189090183563451, 8.094637991076969 ], [ -76.188972082050341, 8.094794199156192 ], [ -76.188736301231003, 8.094911043032372 ], [ -76.188540037007371, 8.094910612180406 ], [ -76.188343853774811, 8.094871059199811 ], [ -76.188226525050268, 8.094675208268525 ], [ -76.188226875627166, 8.094518730750403 ], [ -76.188384664636573, 8.094167013085443 ], [ -76.188542112815355, 8.093971764726554 ], [ -76.188660393659219, 8.09373730357837 ], [ -76.188739238812943, 8.093581005861342 ], [ -76.188818523661809, 8.09322910863175 ], [ -76.188858472047144, 8.092916243636255 ], [ -76.18881982693388, 8.092642330068134 ], [ -76.188702667626444, 8.092368235900006 ], [ -76.188624686372265, 8.092133352601627 ], [ -76.188546702550539, 8.091898471079169 ], [ -76.188468882049989, 8.091585345428907 ], [ -76.18843014736116, 8.091350542921948 ], [ -76.188469833924287, 8.091155043245902 ], [ -76.188587945068903, 8.090998825609548 ], [ -76.188745122685617, 8.090920933101676 ], [ -76.188902391330018, 8.090803919362704 ], [ -76.189059577836545, 8.090726025811373 ], [ -76.189138431739295, 8.090569728214442 ], [ -76.189138862793001, 8.090374128803321 ], [ -76.189021363602336, 8.090256511878904 ], [ -76.188943200825875, 8.090099872728572 ], [ -76.188983148839995, 8.089787007844961 ] ] ] } },
{ "type": "Feature", "properties": { "OBJECTID": 9794.0, "NOMBRE_GEO": null, "PROYECTO": null, "SYMBOL": "3", "FECHA": null, "RULEID": 1, "PK_CUE": 780832.0, "GLOBALID": "{0EAFC54A-6674-4E57-A3C4-A7230C99ED99}", "SHAPE_Leng": 1466.7849868429637, "SHAPE_Area": 96643.762619639077 }, "geometry": { "type": "Polygon", "coordinates": [ [ [ -76.17215856685479, 8.038105959228675 ], [ -76.17197066576469, 8.038105545624383 ], [ -76.171800740842983, 8.03814748822216 ], [ -76.17167428482, 8.038140903774339 ], [ -76.171587606221706, 8.038117970014916 ], [ -76.171359371380547, 8.037974536192811 ], [ -76.171264393222501, 8.037974329009129 ], [ -76.171255489852456, 8.037974311018166 ], [ -76.171154250086616, 8.03800290483527 ], [ -76.17106754536681, 8.037995502704291 ], [ -76.170995419167156, 8.037930517869771 ], [ -76.171038663799408, 8.037866180993655 ], [ -76.1710534320557, 8.037844207662422 ], [ -76.171105741162748, 8.037805284335251 ], [ -76.171292374602658, 8.037635844148999 ], [ -76.171510181033455, 8.037432421006187 ], [ -76.171718275416367, 8.03673952312673 ], [ -76.172083009086634, 8.036265337768738 ], [ -76.173590687797102, 8.035006187785406 ], [ -76.174192783679473, 8.034945003231696 ], [ -76.174593917187664, 8.035020884108757 ], [ -76.175044332553043, 8.035496865846985 ], [ -76.175330078165032, 8.035872864449212 ], [ -76.17536488658881, 8.035937632679397 ], [ -76.175415273799246, 8.036031389945377 ], [ -76.175415048618305, 8.036132234827427 ], [ -76.175414069955266, 8.036146383293078 ], [ -76.175407584414629, 8.036240265756632 ], [ -76.175384218650436, 8.036278876203248 ], [ -76.175320538118186, 8.036384140362696 ], [ -76.175317958996786, 8.036394974249825 ], [ -76.174836391117097, 8.036904705373521 ], [ -76.174694421168155, 8.036833567546573 ], [ -76.174589075281673, 8.036266677077357 ], [ -76.174162142232746, 8.03651365108845 ], [ -76.17408857022896, 8.03764679415359 ], [ -76.173928616359703, 8.037805517719702 ], [ -76.173785101248484, 8.037893444863222 ], [ -76.173720854321715, 8.037970609559363 ], [ -76.173647415645547, 8.038058815571739 ], [ -76.173076447326039, 8.038079163020745 ], [ -76.172808973585902, 8.038114592255546 ], [ -76.172700232658258, 8.038265626268016 ], [ -76.172461622195556, 8.038322723234522 ], [ -76.17215856685479, 8.038105959228675 ] ] ] } },
{ "type": "Feature", "properties": { "OBJECTID": 9795.0, "NOMBRE_GEO": null, "PROYECTO": null, "SYMBOL": "3", "FECHA": null, "RULEID": 1, "PK_CUE": 780834.0, "GLOBALID": "{FC711430-B069-4636-BECB-9F5FA8A581E6}", "SHAPE_Leng": 393.16428233851167, "SHAPE_Area": 10586.511917687629 }, "geometry": { "type": "Polygon", "coordinates": [ [ [ -76.170601831377368, 8.036179271266072 ], [ -76.170710249229629, 8.036172309058838 ], [ -76.170869187874587, 8.03619426431586 ], [ -76.17099912878777, 8.036259382178653 ], [ -76.171150826567072, 8.036288533258951 ], [ -76.171248743618023, 8.036400992595455 ], [ -76.171248428531598, 8.036542656676803 ], [ -76.17121250598953, 8.036719651690561 ], [ -76.17117666277305, 8.036861244916793 ], [ -76.171134703084462, 8.037044832961421 ], [ -76.1710549950228, 8.037138294371967 ], [ -76.170989670330329, 8.037267813055426 ], [ -76.170924379732242, 8.037375709818662 ], [ -76.170830335930575, 8.037418729558576 ], [ -76.170700285997697, 8.037404033956065 ], [ -76.170606483964079, 8.037338995855738 ], [ -76.170556151579717, 8.037223633619611 ], [ -76.1704297765381, 8.037178331616639 ], [ -76.170310678264755, 8.037115046443466 ], [ -76.170245971800512, 8.036963634859081 ], [ -76.170318510981645, 8.036841337937934 ], [ -76.170362222632036, 8.036682965070653 ], [ -76.170427692988881, 8.036488623674572 ], [ -76.170493215685084, 8.036272669251016 ], [ -76.170601831377368, 8.036179271266072 ] ] ] } },
{ "type": "Feature", "properties": { "OBJECTID": 9796.0, "NOMBRE_GEO": null, "PROYECTO": null, "SYMBOL": "3", "FECHA": null, "RULEID": 1, "PK_CUE": 780836.0, "GLOBALID": "{582D3C9E-9196-4CD0-B8B4-473A78A96193}", "SHAPE_Leng": 1531.7774705925285, "SHAPE_Area": 60455.576639650913 }, "geometry": { "type": "Polygon", "coordinates": [ [ [ -76.176141688368773, 8.038324205197217 ], [ -76.175828274006918, 8.038273521701843 ], [ -76.175577949626259, 8.038995866168046 ], [ -76.175312173798545, 8.039147366840465 ], [ -76.174285201607049, 8.038520128044651 ], [ -76.174888960108689, 8.037708967205676 ], [ -76.175202454101736, 8.037722162717426 ], [ -76.17579443458844, 8.036560983137923 ], [ -76.176370838687632, 8.036774745738768 ], [ -76.177009757128417, 8.037076139937424 ], [ -76.177677564233448, 8.037548420104439 ], [ -76.177597604914979, 8.037789905228568 ], [ -76.177371157981597, 8.038114404400607 ], [ -76.177144485971738, 8.038538901647065 ], [ -76.178271915874589, 8.039103852548793 ], [ -76.178773140183395, 8.039292444591274 ], [ -76.179023582185465, 8.039463826436748 ], [ -76.178987739281098, 8.039605408546262 ], [ -76.176538185646137, 8.038608405246706 ], [ -76.176141688368773, 8.038324205197217 ] ] ] } },
{ "type": "Feature", "properties": { "OBJECTID": 9797.0, "NOMBRE_GEO": null, "PROYECTO": null, "SYMBOL": "3", "FECHA": null, "RULEID": 1, "PK_CUE": 780838.0, "GLOBALID": "{20647ECC-DE26-4944-BC27-4C6DD88CD541}", "SHAPE_Leng": 1678.8962898831396, "SHAPE_Area": 37682.860146106868 }, "geometry": { "type": "Polygon", "coordinates": [ [ [ -76.190816269769911, 8.077312075716982 ], [ -76.191130796702865, 8.07707804744992 ], [ -76.19144455141064, 8.077196086173512 ], [ -76.19164046459727, 8.077352995095142 ], [ -76.191796780544891, 8.077666290775463 ], [ -76.191913758878954, 8.078018610030531 ], [ -76.192030657209614, 8.07841006011715 ], [ -76.19222613853384, 8.078762559233043 ], [ -76.192382625550266, 8.078997612218647 ], [ -76.192774632530757, 8.079233186828102 ], [ -76.193088387338477, 8.079351225262009 ], [ -76.193317691138063, 8.079504298233026 ], [ -76.193342323352624, 8.079603409177553 ], [ -76.193356939041848, 8.079706994194222 ], [ -76.193371580665954, 8.079795783285913 ], [ -76.193371293667639, 8.079928913564327 ], [ -76.193370960821156, 8.08007683901546 ], [ -76.193400453314126, 8.080165664728979 ], [ -76.193429782572309, 8.08032844861331 ], [ -76.193518679693668, 8.080402604293733 ], [ -76.193587472748902, 8.080451804579322 ], [ -76.193596168794642, 8.080486786413093 ], [ -76.193700849736331, 8.080731701688945 ], [ -76.193710694645404, 8.080832016921089 ], [ -76.193740060945615, 8.080980005614578 ], [ -76.193754614184826, 8.081113171625171 ], [ -76.193768869961119, 8.081379476971144 ], [ -76.193842730388951, 8.081542359841757 ], [ -76.193886998600817, 8.081660794158289 ], [ -76.193916229907416, 8.08186796306857 ], [ -76.193960463273214, 8.082001192432232 ], [ -76.193989891683245, 8.082119599070557 ], [ -76.193989407251635, 8.082341483373002 ], [ -76.193989010555782, 8.082518998836736 ], [ -76.19397570717824, 8.082629618448442 ], [ -76.193958999244558, 8.082666861703931 ], [ -76.193899403736367, 8.082770285066255 ], [ -76.193795209192899, 8.082903191390946 ], [ -76.193720765421688, 8.083006578159528 ], [ -76.193705691610262, 8.083110090721739 ], [ -76.19367577782981, 8.083213576563356 ], [ -76.19364586405068, 8.083317063311762 ], [ -76.193644951690999, 8.083318869423836 ], [ -76.193528598128808, 8.083261640869345 ], [ -76.193572273634004, 8.083035836176354 ], [ -76.193572947908464, 8.082725189575319 ], [ -76.193588506300799, 8.082399783588649 ], [ -76.193589188912057, 8.082089136920931 ], [ -76.193589584043607, 8.081911621400586 ], [ -76.193575157009903, 8.081719283278366 ], [ -76.193560901329974, 8.081452986919423 ], [ -76.193531642590216, 8.081260612022925 ], [ -76.193472784614684, 8.081023806655155 ], [ -76.193413675723889, 8.080905329195337 ], [ -76.193401136340356, 8.080888071719844 ], [ -76.19336022669232, 8.080681864042244 ], [ -76.193282235289573, 8.080446980893367 ], [ -76.193165085655608, 8.08017288672732 ], [ -76.19304775675235, 8.079977037263014 ], [ -76.192773339242919, 8.079819966102171 ], [ -76.192498831563583, 8.079702007610594 ], [ -76.19230283820518, 8.079584220672503 ], [ -76.19202842022176, 8.079427150605964 ], [ -76.191871843588061, 8.079231210428008 ], [ -76.19171517765632, 8.079074391221862 ], [ -76.191519614189914, 8.078761013698214 ], [ -76.191402285666683, 8.078565163287564 ], [ -76.191403057966411, 8.078213096190996 ], [ -76.191364152301546, 8.078056528038026 ], [ -76.191207666307562, 8.077821475184715 ], [ -76.19109016638707, 8.077703858559873 ], [ -76.190933337700656, 8.077625282630542 ], [ -76.190815749214252, 8.077546787897388 ], [ -76.190816269769911, 8.077312075716982 ] ] ] } },
{ "type": "Feature", "properties": { "OBJECTID": 12808.0, "NOMBRE_GEO": null, "PROYECTO": null, "SYMBOL": "3", "FECHA": null, "RULEID": 1, "PK_CUE": 2100404.0, "GLOBALID": "{1713BCA3-A84A-4105-8C2A-13503FB790D9}", "SHAPE_Leng": 1335.8132157319749, "SHAPE_Area": 47564.12403761821 }, "geometry": { "type": "Polygon", "coordinates": [ [ [ -75.95957861987587, 8.260837039451289 ], [ -75.959757078929968, 8.26125344504827 ], [ -75.959400160149627, 8.26184831062376 ], [ -75.959162214024047, 8.262562149097951 ], [ -75.959340673707089, 8.263513932796895 ], [ -75.959281186829912, 8.263930338947151 ], [ -75.958329402472302, 8.264287258303106 ], [ -75.958269916252405, 8.263275987359771 ], [ -75.957496591283274, 8.262681121559032 ], [ -75.956901726162044, 8.262026769902107 ], [ -75.957139671572307, 8.261431904715973 ], [ -75.957556077497898, 8.261729337063535 ], [ -75.957912996967792, 8.261312931503539 ], [ -75.957912996787456, 8.262264715861617 ], [ -75.958388888874879, 8.262086256297568 ], [ -75.958983754079711, 8.261669851063898 ], [ -75.95957861987587, 8.260837039451289 ] ] ] } },
{ "type": "Feature", "properties": { "OBJECTID": 12809.0, "NOMBRE_GEO": null, "PROYECTO": null, "SYMBOL": "3", "FECHA": null, "RULEID": 1, "PK_CUE": 2100405.0, "GLOBALID": "{16F3A8E4-3AE0-4EA7-8F02-A91FE4C1B5DB}", "SHAPE_Leng": 1110.7732455822672, "SHAPE_Area": 36947.336257034745 }, "geometry": { "type": "Polygon", "coordinates": [ [ [ -75.945777745450613, 8.240492647742061 ], [ -75.945539799699262, 8.241265973098738 ], [ -75.945242366853222, 8.241920324641638 ], [ -75.944706987926295, 8.243110055581807 ], [ -75.944052636074829, 8.243348001405689 ], [ -75.943219824798732, 8.243050568804998 ], [ -75.942565473256153, 8.24275313614487 ], [ -75.942803419757254, 8.242574676179975 ], [ -75.943457771606944, 8.242515189710454 ], [ -75.944052636932597, 8.242634163313255 ], [ -75.944469042120289, 8.242336730301542 ], [ -75.944469042260067, 8.241682378406992 ], [ -75.944647501887857, 8.24108751299506 ], [ -75.944825960952798, 8.240611621376903 ], [ -75.945301853746486, 8.240314187966945 ], [ -75.945777745450613, 8.240492647742061 ] ] ] } },
{ "type": "Feature", "properties": { "OBJECTID": 12810.0, "NOMBRE_GEO": null, "PROYECTO": null, "SYMBOL": "3", "FECHA": null, "RULEID": 1, "PK_CUE": 2100410.0, "GLOBALID": "{7F11FD72-0C02-4761-9B9F-7E68B4B8D8B0}", "SHAPE_Leng": 512.77396617540694, "SHAPE_Area": 11779.214061557925 }, "geometry": { "type": "Polygon", "coordinates": [ [ [ -75.733946229758047, 8.240552134468809 ], [ -75.733529824145762, 8.240671107334766 ], [ -75.733470337890026, 8.240968540465595 ], [ -75.733113418380057, 8.24120648641966 ], [ -75.732697012771624, 8.241384946160419 ], [ -75.732221120210752, 8.241206486644701 ], [ -75.731983173967464, 8.241087513333326 ], [ -75.732221120925487, 8.240790080672138 ], [ -75.732994445718219, 8.240552134791155 ], [ -75.733529823991361, 8.240314188303641 ], [ -75.733946229758047, 8.240552134468809 ] ] ] } },
{ "type": "Feature", "properties": { "OBJECTID": 12811.0, "NOMBRE_GEO": null, "PROYECTO": null, "SYMBOL": "3", "FECHA": null, "RULEID": 1, "PK_CUE": 2100412.0, "GLOBALID": "{4E0F364C-550B-4381-897D-BF3DC3FB38C7}", "SHAPE_Leng": 436.67282096990772, "SHAPE_Area": 6040.4682506638874 }, "geometry": { "type": "Polygon", "coordinates": [ [ [ -75.738348232442121, 8.254471981757542 ], [ -75.738288745787713, 8.254888387448354 ], [ -75.737991313039103, 8.254353008298033 ], [ -75.73763439429429, 8.254353008808078 ], [ -75.737277475438418, 8.254353008095544 ], [ -75.737217988355155, 8.253936603113409 ], [ -75.737634394557574, 8.25399608933296 ], [ -75.738169772680024, 8.253758143591581 ], [ -75.73811028620436, 8.253936602463575 ], [ -75.738169772709682, 8.25417454916602 ], [ -75.738348232442121, 8.254471981757542 ] ] ] } },
{ "type": "Feature", "properties": { "OBJECTID": 12812.0, "NOMBRE_GEO": null, "PROYECTO": null, "SYMBOL": "3", "FECHA": null, "RULEID": 1, "PK_CUE": 2100411.0, "GLOBALID": "{7724DFB0-2263-49E7-9111-23E89B2AEE21}", "SHAPE_Leng": 626.67953265941162, "SHAPE_Area": 9276.7204339289965 }, "geometry": { "type": "Polygon", "coordinates": [ [ [ -75.730852930482612, 8.237101916286184 ], [ -75.730733957299819, 8.236685510703309 ], [ -75.730436524849054, 8.236447563907015 ], [ -75.730198578304822, 8.236804483629282 ], [ -75.730258065040886, 8.237101916150108 ], [ -75.730436524976085, 8.237101916281853 ], [ -75.730436524744121, 8.237518322003442 ], [ -75.730020119224292, 8.237577808384527 ], [ -75.729663200087487, 8.237518322007874 ], [ -75.729841659615374, 8.236923456360286 ], [ -75.730020118984569, 8.236447564156222 ], [ -75.730258064865069, 8.236209617900371 ], [ -75.730733957204052, 8.236328590814907 ], [ -75.730852930421747, 8.236685510699274 ], [ -75.730852930482612, 8.237101916286184 ] ] ] } },
{ "type": "Feature", "properties": { "OBJECTID": 12817.0, "NOMBRE_GEO": null, "PROYECTO": null, "SYMBOL": "3", "FECHA": null, "RULEID": 1, "PK_CUE": 2100419.0, "GLOBALID": "{F25CE4B4-558D-4903-8822-7B77D31F9DA7}", "SHAPE_Leng": 469.14752118335252, "SHAPE_Area": 10314.391341561886 }, "geometry": { "type": "Polygon", "coordinates": [ [ [ -75.941197283489132, 8.297897144393049 ], [ -75.940007553095413, 8.298729955702507 ], [ -75.940186012725476, 8.297183306373949 ], [ -75.941197283489132, 8.297897144393049 ] ] ] } },
{ "type": "Feature", "properties": { "OBJECTID": 12818.0, "NOMBRE_GEO": null, "PROYECTO": null, "SYMBOL": "3", "FECHA": null, "RULEID": 1, "PK_CUE": 2100420.0, "GLOBALID": "{17EF8A49-7A63-422D-B673-374763BACB6B}", "SHAPE_Leng": 813.2680117276135, "SHAPE_Area": 20175.465928148933 }, "geometry": { "type": "Polygon", "coordinates": [ [ [ -75.94054293122143, 8.30021711892732 ], [ -75.939948066629682, 8.300455065220048 ], [ -75.940007552465588, 8.300574038169279 ], [ -75.940483445263027, 8.301109416874546 ], [ -75.940364472316318, 8.301406849266028 ], [ -75.939888579292557, 8.302001714799326 ], [ -75.939829093605113, 8.301466335798285 ], [ -75.939412687484833, 8.301168904120505 ], [ -75.939055768256068, 8.301168903277986 ], [ -75.938639362966398, 8.301168903843422 ], [ -75.938758335749228, 8.300455065047954 ], [ -75.938936795344191, 8.300752497697024 ], [ -75.939174741049897, 8.300514551623712 ], [ -75.93941268753656, 8.300157632405977 ], [ -75.939948066606746, 8.300157633081659 ], [ -75.94054293122143, 8.30021711892732 ] ] ] } },
{ "type": "Feature", "properties": { "OBJECTID": 12828.0, "NOMBRE_GEO": null, "PROYECTO": null, "SYMBOL": "3", "FECHA": null, "RULEID": 1, "PK_CUE": 2100428.0, "GLOBALID": "{14B74FC4-1A78-466E-97AB-971EB7E859A7}", "SHAPE_Leng": 687.91976286620832, "SHAPE_Area": 13065.837792512646 }, "geometry": { "type": "Polygon", "coordinates": [ [ [ -75.660420884447433, 8.431027987741825 ], [ -75.660123452327582, 8.43257463754383 ], [ -75.658576802027312, 8.432812583474616 ], [ -75.658636288633787, 8.432574637588228 ], [ -75.659469099800461, 8.432455665055949 ], [ -75.659826019631069, 8.431622852987013 ], [ -75.660004479072256, 8.430968501534666 ], [ -75.660420884447433, 8.431027987741825 ] ] ] } },
{ "type": "Feature", "properties": { "OBJECTID": 12829.0, "NOMBRE_GEO": null, "PROYECTO": null, "SYMBOL": "3", "FECHA": null, "RULEID": 1, "PK_CUE": 2100427.0, "GLOBALID": "{4C166AB4-9F1A-4C9F-A272-258A42A9F7CC}", "SHAPE_Leng": 517.98090151928068, "SHAPE_Area": 8430.3274820082443 }, "geometry": { "type": "Polygon", "coordinates": [ [ [ -75.660208673395218, 8.429233690739199 ], [ -75.660182938448358, 8.429362365689634 ], [ -75.660301912001657, 8.430016717306842 ], [ -75.660063965013975, 8.430552096225117 ], [ -75.659826019311808, 8.430254663216454 ], [ -75.660004478654301, 8.429838257395417 ], [ -75.659847672372962, 8.42940704018079 ], [ -75.660208673395218, 8.429233690739199 ] ] ] } },
{ "type": "Feature", "properties": { "OBJECTID": 12834.0, "NOMBRE_GEO": null, "PROYECTO": null, "SYMBOL": "3", "FECHA": null, "RULEID": 1, "PK_CUE": 2100434.0, "GLOBALID": "{DB897B22-AFFB-495E-B1D0-096F1DF2345C}", "SHAPE_Leng": 1024.9433082111127, "SHAPE_Area": 30528.679570235308 }, "geometry": { "type": "Polygon", "coordinates": [ [ [ -75.82728058735826, 8.55654455581808 ], [ -75.827221101070663, 8.557853259686738 ], [ -75.827518534065632, 8.558210179165412 ], [ -75.827161614469375, 8.558626584697135 ], [ -75.826804695902041, 8.558210178633047 ], [ -75.826031370669511, 8.558329152233313 ], [ -75.824901126535067, 8.558388638256941 ], [ -75.824901126479247, 8.557972232748458 ], [ -75.825555478689097, 8.557972232580514 ], [ -75.826269316651562, 8.557793772781935 ], [ -75.82632880280724, 8.557020448260401 ], [ -75.826031370484287, 8.556425583076784 ], [ -75.82728058735826, 8.55654455581808 ] ] ] } },
{ "type": "Feature", "properties": { "OBJECTID": 12835.0, "NOMBRE_GEO": null, "PROYECTO": null, "SYMBOL": "3", "FECHA": null, "RULEID": 1, "PK_CUE": 2100435.0, "GLOBALID": "{216BADB1-1DB5-445B-8DE6-95E6A69629D5}", "SHAPE_Leng": 714.94201153205313, "SHAPE_Area": 18541.597359277344 }, "geometry": { "type": "Polygon", "coordinates": [ [ [ -75.822105259521763, 8.551369228000425 ], [ -75.821629367544787, 8.551488201315891 ], [ -75.821212961722097, 8.551369228057647 ], [ -75.820677583415829, 8.55047693064709 ], [ -75.820142204476099, 8.54928720022018 ], [ -75.820499124043977, 8.549287200421894 ], [ -75.820915529112071, 8.549346686470555 ], [ -75.821391421628931, 8.550476930839775 ], [ -75.821629368066723, 8.551071795466815 ], [ -75.822105259521763, 8.551369228000425 ] ] ] } },
{ "type": "Feature", "properties": { "OBJECTID": 12836.0, "NOMBRE_GEO": null, "PROYECTO": null, "SYMBOL": "3", "FECHA": null, "RULEID": 1, "PK_CUE": 2100436.0, "GLOBALID": "{1168BECF-7038-4E59-97E8-B5F2AA835627}", "SHAPE_Leng": 433.42978467109219, "SHAPE_Area": 7308.7615303281127 }, "geometry": { "type": "Polygon", "coordinates": [ [ [ -75.817762743215241, 8.551964093412888 ], [ -75.818119662763664, 8.552737418380099 ], [ -75.818536068871197, 8.553272797169395 ], [ -75.818119662365888, 8.553272796908262 ], [ -75.817227365254766, 8.552202039416219 ], [ -75.817762743215241, 8.551964093412888 ] ] ] } },
{ "type": "Feature", "properties": { "OBJECTID": 12837.0, "NOMBRE_GEO": null, "PROYECTO": null, "SYMBOL": "3", "FECHA": null, "RULEID": 1, "PK_CUE": 2100437.0, "GLOBALID": "{E47B5B0A-03A4-4AEE-8479-8FD0AF0D138A}", "SHAPE_Leng": 406.57146366596925, "SHAPE_Area": 7394.9053055620843 }, "geometry": { "type": "Polygon", "coordinates": [ [ [ -75.807174141852784, 8.550833849611884 ], [ -75.807233628474265, 8.550060525006479 ], [ -75.808125926107763, 8.550357957436665 ], [ -75.807709520953495, 8.551309742334313 ], [ -75.8075310613265, 8.550774362894773 ], [ -75.807174141852784, 8.550833849611884 ] ] ] } },
{ "type": "Feature", "properties": { "OBJECTID": 12838.0, "NOMBRE_GEO": null, "PROYECTO": null, "SYMBOL": "3", "FECHA": null, "RULEID": 1, "PK_CUE": 2100438.0, "GLOBALID": "{1893455F-B3FB-48F7-A6E7-866DCF7748B2}", "SHAPE_Leng": 737.47436405590452, "SHAPE_Area": 25441.69337749554 }, "geometry": { "type": "Polygon", "coordinates": [ [ [ -75.823889855923895, 8.538103733071685 ], [ -75.823116531234277, 8.538698598825455 ], [ -75.822105259553936, 8.538996031159964 ], [ -75.822224233309655, 8.538163220275971 ], [ -75.822997557507122, 8.53750886840017 ], [ -75.824068315236588, 8.536676056447964 ], [ -75.823889855923895, 8.538103733071685 ] ] ] } },
{ "type": "Feature", "properties": { "OBJECTID": 12839.0, "NOMBRE_GEO": null, "PROYECTO": null, "SYMBOL": "3", "FECHA": null, "RULEID": 1, "PK_CUE": 2101229.0, "GLOBALID": "{38BB18CB-8FE5-4DFC-90DD-9F4A41129E2C}", "SHAPE_Leng": 1719.5623706676477, "SHAPE_Area": 53454.694679986729 }, "geometry": { "type": "Polygon", "coordinates": [ [ [ -75.985930071168028, 8.447411515151675 ], [ -75.985692125056701, 8.448065867295858 ], [ -75.984799826768921, 8.448065867342882 ], [ -75.984204961842451, 8.448482273272482 ], [ -75.983848042273024, 8.44895816516374 ], [ -75.983134203968007, 8.449374571101373 ], [ -75.982063446343801, 8.449255597448188 ], [ -75.980814229449095, 8.448482273095511 ], [ -75.980457310996954, 8.44782792072712 ], [ -75.980159877689289, 8.446757163704261 ], [ -75.980814229271772, 8.44681665020107 ], [ -75.980754743202183, 8.447292542124194 ], [ -75.981290121932375, 8.448065867447694 ], [ -75.981766013983247, 8.448363299729372 ], [ -75.982717798417269, 8.44866073241697 ], [ -75.983372150370755, 8.448601245499663 ], [ -75.984085988303249, 8.447827920877446 ], [ -75.985037773452831, 8.447352029108554 ], [ -75.985751611331523, 8.447173569559357 ], [ -75.985930071168028, 8.447411515151675 ] ] ] } },
{ "type": "Feature", "properties": { "OBJECTID": 12840.0, "NOMBRE_GEO": null, "PROYECTO": null, "SYMBOL": "3", "FECHA": null, "RULEID": 1, "PK_CUE": 2101230.0, "GLOBALID": "{31DB50D3-5E85-4339-8EC3-090EAC83CEF8}", "SHAPE_Leng": 823.6332627030207, "SHAPE_Area": 16389.120161761304 }, "geometry": { "type": "Polygon", "coordinates": [ [ [ -75.921625137124209, 8.533964409898839 ], [ -75.921030272381046, 8.534202355833308 ], [ -75.920732839207787, 8.534559274668011 ], [ -75.92019746072792, 8.534559275261582 ], [ -75.919840541687151, 8.534142869223729 ], [ -75.920316434057, 8.534083382789101 ], [ -75.920851812379013, 8.534023895726371 ], [ -75.920851812515465, 8.533726463105321 ], [ -75.920673352998548, 8.533191084507205 ], [ -75.920078487474797, 8.53319108433592 ], [ -75.92031643324259, 8.532953138305373 ], [ -75.920732838978068, 8.532953138350674 ], [ -75.920911299180915, 8.532953138228022 ], [ -75.921446677596194, 8.532774678797319 ], [ -75.92126821821897, 8.533191084667564 ], [ -75.921506163787527, 8.533726463445381 ], [ -75.921625137124209, 8.533964409898839 ] ] ] } },
{ "type": "Feature", "properties": { "OBJECTID": 12841.0, "NOMBRE_GEO": null, "PROYECTO": null, "SYMBOL": "3", "FECHA": null, "RULEID": 1, "PK_CUE": 2101231.0, "GLOBALID": "{31110BE7-73E2-4926-8EBA-78D41A243E9A}", "SHAPE_Leng": 873.66801481787013, "SHAPE_Area": 15655.904911201556 }, "geometry": { "type": "Polygon", "coordinates": [ [ [ -75.923231273467053, 8.535927464619514 ], [ -75.922695894603208, 8.536105924067371 ], [ -75.922874354642985, 8.535570545711622 ], [ -75.92275538092683, 8.535273112751945 ], [ -75.922338975204781, 8.535273113005887 ], [ -75.921744110764763, 8.535451572266105 ], [ -75.921446677588548, 8.535570545775977 ], [ -75.921565650430992, 8.535035166861693 ], [ -75.921327704267341, 8.534499788445899 ], [ -75.921565651072697, 8.534678247944528 ], [ -75.921803596974314, 8.535035166648409 ], [ -75.922160515647306, 8.534975680059079 ], [ -75.922398461682988, 8.534856707513086 ], [ -75.922755380828505, 8.534797220454452 ], [ -75.922993327338133, 8.534975680601281 ], [ -75.923231273729129, 8.534559274716331 ], [ -75.923231273094132, 8.534797221228249 ], [ -75.923469219319543, 8.535213626561928 ], [ -75.923409733313051, 8.535570545456835 ], [ -75.923231273467053, 8.535927464619514 ] ] ] } },
{ "type": "Feature", "properties": { "OBJECTID": 12842.0, "NOMBRE_GEO": null, "PROYECTO": null, "SYMBOL": "3", "FECHA": null, "RULEID": 1, "PK_CUE": 2101232.0, "GLOBALID": "{9AE54020-6FB2-4ACF-93C1-C4BDA777AEC1}", "SHAPE_Leng": 416.44282002183127, "SHAPE_Area": 8021.9919465922721 }, "geometry": { "type": "Polygon", "coordinates": [ [ [ -75.924539976683846, 8.538782818175047 ], [ -75.923588192082391, 8.538723331631383 ], [ -75.923826138533485, 8.538247439427405 ], [ -75.924837409880595, 8.538009493277704 ], [ -75.925134842216139, 8.53812846659809 ], [ -75.924777922673712, 8.538306925764841 ], [ -75.924539976683846, 8.538782818175047 ] ] ] } },
{ "type": "Feature", "properties": { "OBJECTID": 12843.0, "NOMBRE_GEO": null, "PROYECTO": null, "SYMBOL": "3", "FECHA": null, "RULEID": 1, "PK_CUE": 2101233.0, "GLOBALID": "{69DD467F-8C2D-456E-A100-C69B1595991E}", "SHAPE_Leng": 449.05644529103495, "SHAPE_Area": 4334.4668360983078 }, "geometry": { "type": "Polygon", "coordinates": [ [ [ -75.929298899079257, 8.542233036860624 ], [ -75.92840660100731, 8.541459711938531 ], [ -75.929001466317374, 8.540567413611011 ], [ -75.928823006601647, 8.54140022495719 ], [ -75.929298899079257, 8.542233036860624 ] ] ] } },
{ "type": "Feature", "properties": { "OBJECTID": 12844.0, "NOMBRE_GEO": null, "PROYECTO": null, "SYMBOL": "3", "FECHA": null, "RULEID": 1, "PK_CUE": 2101234.0, "GLOBALID": "{48378844-B7BD-4671-8558-A032964CE6A1}", "SHAPE_Leng": 407.9106720045055, "SHAPE_Area": 6038.0526989742475 }, "geometry": { "type": "Polygon", "coordinates": [ [ [ -75.927811735663369, 8.541162279076817 ], [ -75.926562519226408, 8.540329467926432 ], [ -75.927038411073255, 8.539853575808015 ], [ -75.927811735663369, 8.541162279076817 ] ] ] } },
{ "type": "Feature", "properties": { "OBJECTID": 12845.0, "NOMBRE_GEO": null, "PROYECTO": null, "SYMBOL": "3", "FECHA": null, "RULEID": 1, "PK_CUE": 2101235.0, "GLOBALID": "{A55E6F43-B075-4F7C-A632-FEB8591E40CE}", "SHAPE_Leng": 351.76905094200572, "SHAPE_Area": 7483.0621480883419 }, "geometry": { "type": "Polygon", "coordinates": [ [ [ -75.897176175425543, 8.511359530344683 ], [ -75.897235662101451, 8.510407745092905 ], [ -75.897949500651535, 8.510526718907087 ], [ -75.897771040559448, 8.511419016708549 ], [ -75.897176175425543, 8.511359530344683 ] ] ] } },
{ "type": "Feature", "properties": { "OBJECTID": 12846.0, "NOMBRE_GEO": null, "PROYECTO": null, "SYMBOL": "3", "FECHA": null, "RULEID": 1, "PK_CUE": 2101236.0, "GLOBALID": "{C28F11E4-1324-43A6-88AD-0C4FFB77B83F}", "SHAPE_Leng": 304.46010056219018, "SHAPE_Area": 5650.033051875821 }, "geometry": { "type": "Polygon", "coordinates": [ [ [ -75.899972042450045, 8.511716449017085 ], [ -75.900209988276558, 8.512370800865883 ], [ -75.89961512293435, 8.512727719765946 ], [ -75.899377177068956, 8.512132854965643 ], [ -75.899972042450045, 8.511716449017085 ] ] ] } },
{ "type": "Feature", "properties": { "OBJECTID": 12847.0, "NOMBRE_GEO": null, "PROYECTO": null, "SYMBOL": "3", "FECHA": null, "RULEID": 1, "PK_CUE": 2101237.0, "GLOBALID": "{933596E1-A817-47A3-A82A-5F6C8A2A53A3}", "SHAPE_Leng": 284.53652259322553, "SHAPE_Area": 3558.3075335023909 }, "geometry": { "type": "Polygon", "coordinates": [ [ [ -75.902946368445427, 8.505886769307837 ], [ -75.902292016233332, 8.505886769888043 ], [ -75.902470475958566, 8.504994471378911 ], [ -75.902946368445427, 8.505886769307837 ] ] ] } },
{ "type": "Feature", "properties": { "OBJECTID": 12848.0, "NOMBRE_GEO": null, "PROYECTO": null, "SYMBOL": "3", "FECHA": null, "RULEID": 1, "PK_CUE": 2101271.0, "GLOBALID": "{75086C19-01A8-4B89-A322-FCBED75B96F6}", "SHAPE_Leng": 1259.5995215215512, "SHAPE_Area": 43413.101431036077 }, "geometry": { "type": "Polygon", "coordinates": [ [ [ -75.911242304954115, 8.495367995647308 ], [ -75.911123331650018, 8.496319779907132 ], [ -75.909695655545718, 8.495605941907588 ], [ -75.909219763624037, 8.495546455654024 ], [ -75.909041304068907, 8.495308509375702 ], [ -75.909279249471183, 8.494475697824191 ], [ -75.909457709440019, 8.493761859826755 ], [ -75.908803357568331, 8.492810075301856 ], [ -75.909160277097968, 8.49221520985245 ], [ -75.91029052077333, 8.493583399607882 ], [ -75.909755141873518, 8.494237752160988 ], [ -75.909933601178039, 8.494773130367008 ], [ -75.911242304954115, 8.495367995647308 ] ] ] } },
{ "type": "Feature", "properties": { "OBJECTID": 12849.0, "NOMBRE_GEO": null, "PROYECTO": null, "SYMBOL": "3", "FECHA": null, "RULEID": 1, "PK_CUE": 2101272.0, "GLOBALID": "{32B67B92-B4DC-49DE-8686-1BADE6EBCC8C}", "SHAPE_Leng": 598.90019800608832, "SHAPE_Area": 12206.501621310777 }, "geometry": { "type": "Polygon", "coordinates": [ [ [ -75.907256707801182, 8.493226480838636 ], [ -75.907383614499793, 8.493429531200219 ], [ -75.907554140152044, 8.493702373190665 ], [ -75.906840302511398, 8.494594670601197 ], [ -75.90660235652642, 8.495486968845746 ], [ -75.906359542220386, 8.4954060305882 ], [ -75.906245437293293, 8.49536799586301 ], [ -75.906602356413771, 8.49405929263745 ], [ -75.907256707801182, 8.493226480838636 ] ] ] } },
{ "type": "Feature", "properties": { "OBJECTID": 12857.0, "NOMBRE_GEO": null, "PROYECTO": null, "SYMBOL": "3", "FECHA": null, "RULEID": 1, "PK_CUE": 2103375.0, "GLOBALID": "{8CA7A3A5-4C13-461F-AED9-348D63931F29}", "SHAPE_Leng": 539.09215791679264, "SHAPE_Area": 17551.46265146738 }, "geometry": { "type": "Polygon", "coordinates": [ [ [ -75.886267912540376, 8.55740602958393 ], [ -75.885910993630432, 8.557762948989041 ], [ -75.884780749580457, 8.557881922088647 ], [ -75.884542803015776, 8.557525003138258 ], [ -75.884542803201569, 8.55681116420153 ], [ -75.884959208938071, 8.556513732198141 ], [ -75.88537561439162, 8.556870651036123 ], [ -75.885732534009364, 8.557108596653293 ], [ -75.886267912540376, 8.55740602958393 ] ] ] } },
{ "type": "Feature", "properties": { "OBJECTID": 12876.0, "NOMBRE_GEO": null, "PROYECTO": null, "SYMBOL": "3", "FECHA": null, "RULEID": 1, "PK_CUE": 2108302.0, "GLOBALID": "{EAE5AFA9-E802-4603-9283-81945A817567}", "SHAPE_Leng": 1078.9826222259624, "SHAPE_Area": 26113.668568115459 }, "geometry": { "type": "Polygon", "coordinates": [ [ [ -76.052268760541068, 8.765009879127838 ], [ -76.052382975043216, 8.764971807699377 ], [ -76.052516224768098, 8.765028914728672 ], [ -76.052516225074385, 8.765371557128095 ], [ -76.052611403318053, 8.765523843354183 ], [ -76.05272561698041, 8.765485771788335 ], [ -76.05283983148081, 8.765352521470756 ], [ -76.05304922403208, 8.765352521837428 ], [ -76.053011152778254, 8.765561914317543 ], [ -76.053125366411962, 8.765695163745276 ], [ -76.053563187151013, 8.765847449251419 ], [ -76.054001008262546, 8.765809378696988 ], [ -76.054381722228271, 8.765714200014919 ], [ -76.054667257191099, 8.765485771892452 ], [ -76.054838578763849, 8.765124093156828 ], [ -76.055009900105915, 8.764762415354484 ], [ -76.055238327824171, 8.764686272858626 ], [ -76.055352541938035, 8.764724343831372 ], [ -76.055200256596351, 8.764990843651935 ], [ -76.055086042632439, 8.765143128806727 ], [ -76.05502893576201, 8.765257342975207 ], [ -76.05499086388231, 8.765409629251412 ], [ -76.05495279257822, 8.765657093162407 ], [ -76.054686293621799, 8.766094913558916 ], [ -76.054419793769313, 8.766266234493354 ], [ -76.054134258246123, 8.766437555693653 ], [ -76.053848723320215, 8.766475627402183 ], [ -76.05342993741283, 8.766418519948592 ], [ -76.053068259349899, 8.766266235043055 ], [ -76.052535260873086, 8.766094913308935 ], [ -76.052325868029641, 8.766018771235558 ], [ -76.052154546772883, 8.76592359218936 ], [ -76.052059368685264, 8.76579034302288 ], [ -76.052021296674752, 8.765638056760658 ], [ -76.052135510616125, 8.765276379122703 ], [ -76.052268760541068, 8.765009879127838 ] ] ] } },
{ "type": "Feature", "properties": { "OBJECTID": 12891.0, "NOMBRE_GEO": null, "PROYECTO": null, "SYMBOL": "3", "FECHA": null, "RULEID": 1, "PK_CUE": 2111617.0, "GLOBALID": "{4ECE31D9-A841-4F79-B31A-D59633F4FC9E}", "SHAPE_Leng": 743.55686303764173, "SHAPE_Area": 26461.943776226159 }, "geometry": { "type": "Polygon", "coordinates": [ [ [ -75.439668942879365, 9.203579633182979 ], [ -75.43933581836805, 9.203294098052922 ], [ -75.439383406996981, 9.203103740527967 ], [ -75.439479382704221, 9.202969375857011 ], [ -75.439621353941348, 9.202770616034405 ], [ -75.43988309414496, 9.202508875470965 ], [ -75.440240013833659, 9.202627849090137 ], [ -75.44035898621587, 9.202913383633353 ], [ -75.440668316364267, 9.203032357131478 ], [ -75.441001441217139, 9.203151330040701 ], [ -75.441453538113294, 9.203270302910155 ], [ -75.441382154633814, 9.20357963268671 ], [ -75.441096619663313, 9.203888963328691 ], [ -75.440787289047279, 9.203793784831511 ], [ -75.440525548993207, 9.203888962567335 ], [ -75.440477959707337, 9.204388650085754 ], [ -75.44031139718696, 9.204674184726363 ], [ -75.440073450965599, 9.204531417063681 ], [ -75.439883094161843, 9.204198292541792 ], [ -75.439764121419458, 9.203912757872086 ], [ -75.439668942879365, 9.203579633182979 ] ] ] } },
{ "type": "Feature", "properties": { "OBJECTID": 12892.0, "NOMBRE_GEO": null, "PROYECTO": null, "SYMBOL": "3", "FECHA": null, "RULEID": 1, "PK_CUE": 2111586.0, "GLOBALID": "{18FEF180-4D0A-473C-9711-89815A6C0047}", "SHAPE_Leng": 494.08046377025482, "SHAPE_Area": 10355.429224097152 }, "geometry": { "type": "Polygon", "coordinates": [ [ [ -75.490235661309242, 9.233999455677013 ], [ -75.490544991812172, 9.234427758359555 ], [ -75.490687759247663, 9.234975034343179 ], [ -75.490878115775047, 9.235688872727852 ], [ -75.490755325870381, 9.235893522906604 ], [ -75.490735348204225, 9.235926819071464 ], [ -75.49063844918993, 9.235799638681723 ], [ -75.490354635177937, 9.235427132434506 ], [ -75.490188072645964, 9.235141597209871 ], [ -75.490092894214641, 9.234713293912074 ], [ -75.489926332045542, 9.234380169549674 ], [ -75.489926331749075, 9.234118428990008 ], [ -75.490235661309242, 9.233999455677013 ] ] ] } },
{ "type": "Feature", "properties": { "OBJECTID": 12893.0, "NOMBRE_GEO": null, "PROYECTO": null, "SYMBOL": "3", "FECHA": null, "RULEID": 1, "PK_CUE": 2111594.0, "GLOBALID": "{9B25DE89-96EF-482E-8121-13E1574BBFFA}", "SHAPE_Leng": 280.69774733754798, "SHAPE_Area": 4315.3993851717196 }, "geometry": { "type": "Polygon", "coordinates": [ [ [ -75.504201392696828, 9.191451044572577 ], [ -75.504486927916844, 9.191489115715965 ], [ -75.504544034847655, 9.191850793766081 ], [ -75.504544034650152, 9.192117293600871 ], [ -75.504677284525286, 9.192288614362692 ], [ -75.504315606390819, 9.19221247163963 ], [ -75.504163320796366, 9.192098257903586 ], [ -75.504030071122031, 9.191907900575016 ], [ -75.503915857269902, 9.191812722675833 ], [ -75.503992000409369, 9.191660437206924 ], [ -75.504201392696828, 9.191451044572577 ] ] ] } },
{ "type": "Feature", "properties": { "OBJECTID": 12894.0, "NOMBRE_GEO": null, "PROYECTO": null, "SYMBOL": "3", "FECHA": null, "RULEID": 1, "PK_CUE": 2111607.0, "GLOBALID": "{276E60C8-D2E7-44B7-B306-CF1417063B58}", "SHAPE_Leng": 401.52961282664126, "SHAPE_Area": 9402.5116244632227 }, "geometry": { "type": "Polygon", "coordinates": [ [ [ -75.523583450834451, 9.174598908584068 ], [ -75.523907057316464, 9.17459890876629 ], [ -75.524154521114625, 9.174675051213738 ], [ -75.524249699887605, 9.175036728989308 ], [ -75.524268735169372, 9.175322264739272 ], [ -75.52405934288673, 9.175550692442938 ], [ -75.523697664554547, 9.175779121485272 ], [ -75.523488272732422, 9.175722013941259 ], [ -75.523488271951322, 9.175569728391604 ], [ -75.523640557838831, 9.175303229000257 ], [ -75.523564415155263, 9.175169978758506 ], [ -75.523374057826899, 9.175112871918909 ], [ -75.523316951315039, 9.17492251525373 ], [ -75.523374058412131, 9.174770229602336 ], [ -75.523583450834451, 9.174598908584068 ] ] ] } },
{ "type": "Feature", "properties": { "OBJECTID": 12895.0, "NOMBRE_GEO": null, "PROYECTO": null, "SYMBOL": "3", "FECHA": null, "RULEID": 1, "PK_CUE": 2111595.0, "GLOBALID": "{C54BF243-1947-4694-8715-CCEEB16EAE41}", "SHAPE_Leng": 274.0425237264875, "SHAPE_Area": 4343.072980173486 }, "geometry": { "type": "Polygon", "coordinates": [ [ [ -75.504230054723848, 9.177888017166001 ], [ -75.503881464538637, 9.17751087253996 ], [ -75.504030180303545, 9.177243183521455 ], [ -75.504357356532182, 9.177183697523553 ], [ -75.504803505399636, 9.177213440234945 ], [ -75.504535815720089, 9.177570359926687 ], [ -75.504230054723848, 9.177888017166001 ] ] ] } },
{ "type": "Feature", "properties": { "OBJECTID": 12896.0, "NOMBRE_GEO": null, "PROYECTO": null, "SYMBOL": "3", "FECHA": null, "RULEID": 1, "PK_CUE": 2111587.0, "GLOBALID": "{018AB8AE-D463-4FCB-8BFC-7815F57A9E31}", "SHAPE_Leng": 367.67584247920377, "SHAPE_Area": 6464.7817193012052 }, "geometry": { "type": "Polygon", "coordinates": [ [ [ -75.510454724745969, 9.177302670163865 ], [ -75.510127548829729, 9.177124210990995 ], [ -75.510008575924104, 9.176678061984813 ], [ -75.509889603425009, 9.176321142713888 ], [ -75.509889603539449, 9.176053453120494 ], [ -75.510187035765469, 9.175993966461261 ], [ -75.510335752525066, 9.17629139880623 ], [ -75.510395238743456, 9.1766780615622 ], [ -75.510692671179186, 9.176975494513385 ], [ -75.510454724745969, 9.177302670163865 ] ] ] } },
{ "type": "Feature", "properties": { "OBJECTID": 12897.0, "NOMBRE_GEO": null, "PROYECTO": null, "SYMBOL": "3", "FECHA": null, "RULEID": 1, "PK_CUE": 2111608.0, "GLOBALID": "{B71B2815-C5F5-4170-B25B-93AB98596B2D}", "SHAPE_Leng": 414.34623012810692, "SHAPE_Area": 10616.835186522663 }, "geometry": { "type": "Polygon", "coordinates": [ [ [ -75.44779899604687, 9.18737254882198 ], [ -75.448334374300899, 9.187872235503722 ], [ -75.448512833894029, 9.188407614470128 ], [ -75.448262991065874, 9.18890730169832 ], [ -75.447763303802063, 9.188586074106626 ], [ -75.44758484451468, 9.18815777112493 ], [ -75.447584844522552, 9.187765160172811 ], [ -75.44779899604687, 9.18737254882198 ] ] ] } },
{ "type": "Feature", "properties": { "OBJECTID": 12902.0, "NOMBRE_GEO": null, "PROYECTO": null, "SYMBOL": "3", "FECHA": null, "RULEID": 1, "PK_CUE": 2111621.0, "GLOBALID": "{537560C1-D78A-412F-BB6A-CF42E027BFC7}", "SHAPE_Leng": 432.85993588830672, "SHAPE_Area": 9992.8426468164198 }, "geometry": { "type": "Polygon", "coordinates": [ [ [ -75.560829035220493, 9.132186680964844 ], [ -75.561007494360652, 9.131758377502294 ], [ -75.561257337539715, 9.131508534515721 ], [ -75.561792716317427, 9.131294382521945 ], [ -75.562363787481885, 9.13129438322699 ], [ -75.562185327491363, 9.13172268597377 ], [ -75.561792717028865, 9.132079605146787 ], [ -75.560829035220493, 9.132186680964844 ] ] ] } },
{ "type": "Feature", "properties": { "OBJECTID": 12903.0, "NOMBRE_GEO": null, "PROYECTO": null, "SYMBOL": "3", "FECHA": null, "RULEID": 1, "PK_CUE": 2111601.0, "GLOBALID": "{BA3137A4-929C-48A5-8D65-FA93D43FB37E}", "SHAPE_Leng": 335.32189559158911, "SHAPE_Area": 7111.1728556005546 }, "geometry": { "type": "Polygon", "coordinates": [ [ [ -75.554118955025274, 9.128224878051636 ], [ -75.553833419543523, 9.127867958839865 ], [ -75.553547884673421, 9.127511040145277 ], [ -75.553583576240968, 9.127261196808931 ], [ -75.554047570664494, 9.127225504830774 ], [ -75.554368798469511, 9.127511039467507 ], [ -75.554547257566725, 9.127939343116557 ], [ -75.554118955025274, 9.128224878051636 ] ] ] } },
{ "type": "Feature", "properties": { "OBJECTID": 12904.0, "NOMBRE_GEO": null, "PROYECTO": null, "SYMBOL": "3", "FECHA": null, "RULEID": 1, "PK_CUE": 2111588.0, "GLOBALID": "{1BF9529A-6E1E-4599-84FF-EAD27DE0C351}", "SHAPE_Leng": 381.46697276644909, "SHAPE_Area": 8578.3336524316619 }, "geometry": { "type": "Polygon", "coordinates": [ [ [ -75.539460751463494, 9.101640349690998 ], [ -75.539803393322046, 9.101278671752313 ], [ -75.540222179304322, 9.101107350969961 ], [ -75.540621928636284, 9.101012172231414 ], [ -75.540793249851731, 9.101183493079839 ], [ -75.540812285151389, 9.101583243365278 ], [ -75.540698071155262, 9.101754564620537 ], [ -75.540431571402507, 9.101792635908941 ], [ -75.540050858045149, 9.101754563757137 ], [ -75.539803393515157, 9.101716493068992 ], [ -75.539460751463494, 9.101640349690998 ] ] ] } },
{ "type": "Feature", "properties": { "OBJECTID": 12906.0, "NOMBRE_GEO": null, "PROYECTO": null, "SYMBOL": "3", "FECHA": null, "RULEID": 1, "PK_CUE": 2111609.0, "GLOBALID": "{B8A38213-C8C3-4D41-8F8A-CDE2A7D526F8}", "SHAPE_Leng": 323.92215178558695, "SHAPE_Area": 7180.8617714109441 }, "geometry": { "type": "Polygon", "coordinates": [ [ [ -75.504400979409638, 9.101436410711583 ], [ -75.504864974497949, 9.101721945520939 ], [ -75.505007742271516, 9.102078864527089 ], [ -75.504757899124925, 9.102364399835089 ], [ -75.504508055057087, 9.102542859735722 ], [ -75.50432959596283, 9.102400092527123 ], [ -75.504115444112728, 9.101864713812901 ], [ -75.504400979409638, 9.101436410711583 ] ] ] } },
{ "type": "Feature", "properties": { "OBJECTID": 12907.0, "NOMBRE_GEO": null, "PROYECTO": null, "SYMBOL": "3", "FECHA": null, "RULEID": 1, "PK_CUE": 2111592.0, "GLOBALID": "{7D836A63-46D2-485A-8559-833201BB3D34}", "SHAPE_Leng": 296.8555725805129, "SHAPE_Area": 6101.1948462930195 }, "geometry": { "type": "Polygon", "coordinates": [ [ [ -75.514430408125534, 9.076559145359345 ], [ -75.514846813715991, 9.076428274801238 ], [ -75.515108553879003, 9.076642426768846 ], [ -75.515275116856159, 9.076927962045851 ], [ -75.515275116934191, 9.077165908155479 ], [ -75.515084759939015, 9.077308676227551 ], [ -75.514799223962413, 9.077261086512758 ], [ -75.514585072594016, 9.077070729917164 ], [ -75.514430408125534, 9.076559145359345 ] ] ] } },
{ "type": "Feature", "properties": { "OBJECTID": 12908.0, "NOMBRE_GEO": null, "PROYECTO": null, "SYMBOL": "3", "FECHA": null, "RULEID": 1, "PK_CUE": 2111602.0, "GLOBALID": "{16ACED9C-4D29-4B2F-8BA6-EAE3C53679C0}", "SHAPE_Leng": 261.31526241334871, "SHAPE_Area": 4400.0442580231993 }, "geometry": { "type": "Polygon", "coordinates": [ [ [ -75.530845516396568, 9.106033528791009 ], [ -75.531107257089815, 9.106152502505431 ], [ -75.531297614012374, 9.106461832290828 ], [ -75.531154846238834, 9.106723572956751 ], [ -75.530845516595804, 9.106628394169201 ], [ -75.530678954341653, 9.106461831750366 ], [ -75.530464802675851, 9.106271475308393 ], [ -75.530512391238091, 9.106033529506554 ], [ -75.530845516396568, 9.106033528791009 ] ] ] } },
{ "type": "Feature", "properties": { "OBJECTID": 12909.0, "NOMBRE_GEO": null, "PROYECTO": null, "SYMBOL": "3", "FECHA": null, "RULEID": 1, "PK_CUE": 2111624.0, "GLOBALID": "{AE986E30-9DE4-48E4-932D-DE8C533D994A}", "SHAPE_Leng": 191.79216036770887, "SHAPE_Area": 2526.7420101285261 }, "geometry": { "type": "Polygon", "coordinates": [ [ [ -75.448555902268993, 9.113799772476744 ], [ -75.44850831317477, 9.113585620785933 ], [ -75.448484518967263, 9.113276291459838 ], [ -75.448651080925785, 9.113204907323137 ], [ -75.448889027388134, 9.113323880213233 ], [ -75.448936616243856, 9.113585621429877 ], [ -75.44879384876954, 9.113799772626084 ], [ -75.448555902268993, 9.113799772476744 ] ] ] } },
{ "type": "Feature", "properties": { "OBJECTID": 12918.0, "NOMBRE_GEO": null, "PROYECTO": null, "SYMBOL": "3", "FECHA": null, "RULEID": 1, "PK_CUE": 2111618.0, "GLOBALID": "{15D0AC9C-0093-4AB7-A2EF-844713483A20}", "SHAPE_Leng": 530.26695510125523, "SHAPE_Area": 12534.951633772223 }, "geometry": { "type": "Polygon", "coordinates": [ [ [ -75.498238710893162, 9.058422191814685 ], [ -75.498488554954591, 9.057993888494009 ], [ -75.498774090169206, 9.057851120911714 ], [ -75.499059624739829, 9.058172348776804 ], [ -75.499059625536688, 9.058529267489766 ], [ -75.498809781464601, 9.058743419122292 ], [ -75.498559938007361, 9.059100338371286 ], [ -75.498131635559957, 9.059171722081167 ], [ -75.49770333236323, 9.059136030162565 ], [ -75.49731072163253, 9.058993262060518 ], [ -75.497631948188982, 9.058814802879656 ], [ -75.498095943095734, 9.058707727605935 ], [ -75.498238710893162, 9.058422191814685 ] ] ] } },
{ "type": "Feature", "properties": { "OBJECTID": 12919.0, "NOMBRE_GEO": null, "PROYECTO": null, "SYMBOL": "3", "FECHA": null, "RULEID": 1, "PK_CUE": 2111623.0, "GLOBALID": "{689671A6-D125-4DC4-BA84-82550F97FAF2}", "SHAPE_Leng": 326.81359345851024, "SHAPE_Area": 4768.5432053116929 }, "geometry": { "type": "Polygon", "coordinates": [ [ [ -75.496489807282927, 9.059028954138046 ], [ -75.496375592795502, 9.058743419230543 ], [ -75.49616144173055, 9.05854354465799 ], [ -75.495804522532879, 9.058386500284744 ], [ -75.495961566853936, 9.058258008986201 ], [ -75.496175718828852, 9.058286562365302 ], [ -75.496475530226419, 9.058400776278587 ], [ -75.496689682312038, 9.05850071373103 ], [ -75.496918110177901, 9.058614927933888 ], [ -75.496918110414896, 9.058757695821066 ], [ -75.496832449673519, 9.059000401207657 ], [ -75.496489807282927, 9.059028954138046 ] ] ] } },
{ "type": "Feature", "properties": { "OBJECTID": 12924.0, "NOMBRE_GEO": null, "PROYECTO": null, "SYMBOL": "3", "FECHA": null, "RULEID": 1, "PK_CUE": 2111613.0, "GLOBALID": "{5E6C5A1C-BC16-4BEC-A2C3-F6F23DD8EEE9}", "SHAPE_Leng": 650.05385753286043, "SHAPE_Area": 13820.075217468699 }, "geometry": { "type": "Polygon", "coordinates": [ [ [ -75.464275659514882, 8.99373750563357 ], [ -75.464308971694038, 8.993492420829647 ], [ -75.46427089997897, 8.993340135325631 ], [ -75.464099579059692, 8.99326399309113 ], [ -75.46387115094717, 8.993263992855894 ], [ -75.46360465128646, 8.993263993005931 ], [ -75.463376222906987, 8.993321099905176 ], [ -75.46314779511448, 8.993435314126604 ], [ -75.462805152041142, 8.99313074305482 ], [ -75.462690938582369, 8.993035564627759 ], [ -75.462748045390882, 8.992864243848956 ], [ -75.463033580342852, 8.992902315056721 ], [ -75.463376223154015, 8.992978457970743 ], [ -75.463585615137859, 8.992921350936525 ], [ -75.463814044048632, 8.992769065238631 ], [ -75.464118615041315, 8.992597744043431 ], [ -75.464525502779722, 8.992631056271225 ], [ -75.4646682701446, 8.993130742731637 ], [ -75.464811038373895, 8.993701813468906 ], [ -75.464275659514882, 8.99373750563357 ] ] ] } },
{ "type": "Feature", "properties": { "OBJECTID": 12925.0, "NOMBRE_GEO": null, "PROYECTO": null, "SYMBOL": "3", "FECHA": null, "RULEID": 1, "PK_CUE": 2111619.0, "GLOBALID": "{25E109BA-5E1B-4898-AE54-83835600C66C}", "SHAPE_Leng": 618.20624922039178, "SHAPE_Area": 13055.5943060848 }, "geometry": { "type": "Polygon", "coordinates": [ [ [ -75.459208063870918, 8.968383068535363 ], [ -75.458898734105873, 8.968240301112806 ], [ -75.458565609137494, 8.968192711803775 ], [ -75.458256279643578, 8.968549630571948 ], [ -75.457946949772605, 8.96838306883695 ], [ -75.457494851872653, 8.968359274314778 ], [ -75.457827976202282, 8.968192711732115 ], [ -75.458161100959813, 8.968002354568595 ], [ -75.45839904680517, 8.967788203340969 ], [ -75.458470430773289, 8.967407489751105 ], [ -75.458684582425292, 8.967574051759588 ], [ -75.458922529083836, 8.967574052134324 ], [ -75.459136680152213, 8.967502667702142 ], [ -75.459350832007388, 8.967312310580537 ], [ -75.459422215613159, 8.967478873105323 ], [ -75.459469804956086, 8.96783579225619 ], [ -75.459422215460776, 8.968121327351453 ], [ -75.459208063870918, 8.968383068535363 ] ] ] } },
{ "type": "Feature", "properties": { "OBJECTID": 12926.0, "NOMBRE_GEO": null, "PROYECTO": null, "SYMBOL": "3", "FECHA": null, "RULEID": 1, "PK_CUE": 2112140.0, "GLOBALID": "{443726A0-1D99-4A18-8515-4AC9A1204788}", "SHAPE_Leng": 1091.4634051639507, "SHAPE_Area": 24252.854815713748 }, "geometry": { "type": "Polygon", "coordinates": [ [ [ -75.688292246175834, 8.187188060838425 ], [ -75.688249415386281, 8.187359382067594 ], [ -75.688206585057245, 8.187402212601327 ], [ -75.68810664816651, 8.187430766072985 ], [ -75.688006710345746, 8.18738793569737 ], [ -75.687849666171289, 8.187359382082851 ], [ -75.687606961628518, 8.187330828573099 ], [ -75.687435640102279, 8.18735938277792 ], [ -75.687278595389245, 8.187516426638908 ], [ -75.68715010456873, 8.187687748004338 ], [ -75.686978783703211, 8.187716301164429 ], [ -75.686864569278399, 8.187602087655129 ], [ -75.686836015779804, 8.187473596222572 ], [ -75.686864569772425, 8.187359382038814 ], [ -75.686993059884756, 8.187216614679846 ], [ -75.687092998053146, 8.187016739780946 ], [ -75.687135827764621, 8.186774034650714 ], [ -75.687092997333423, 8.186559883454592 ], [ -75.686950230156697, 8.186374285364648 ], [ -75.686593310681971, 8.186103027399234 ], [ -75.686507650450196, 8.185746107644601 ], [ -75.686593310952119, 8.185703277823055 ], [ -75.68677890845602, 8.185803214908102 ], [ -75.686878845985646, 8.185931705718478 ], [ -75.687192935431227, 8.186103026979039 ], [ -75.687449917181027, 8.186217240741851 ], [ -75.687635514556433, 8.186103026618849 ], [ -75.687821112447779, 8.185931705542485 ], [ -75.688078094726407, 8.185988812897488 ], [ -75.688092371495273, 8.186088750443908 ], [ -75.688049541111454, 8.186274348593731 ], [ -75.687949603780055, 8.186431392674752 ], [ -75.687821112375715, 8.186645544010293 ], [ -75.687806835611227, 8.186888249626893 ], [ -75.687906772907752, 8.18694535614768 ], [ -75.688092371616221, 8.186888249529506 ], [ -75.688320799425327, 8.186759758441564 ], [ -75.688463567572711, 8.186531329878219 ], [ -75.688549227403101, 8.186288625184741 ], [ -75.688663442326387, 8.186045920091757 ], [ -75.688863316891812, 8.185960259210216 ], [ -75.688920423853915, 8.186060196942371 ], [ -75.688948977035196, 8.186217241026903 ], [ -75.688948976901756, 8.186374285531144 ], [ -75.688891870385163, 8.186517053051531 ], [ -75.68879193286395, 8.186659821221197 ], [ -75.68863488861804, 8.186759758498845 ], [ -75.688477843930755, 8.186873972684966 ], [ -75.688349352951931, 8.187045293307076 ], [ -75.688292246175834, 8.187188060838425 ] ] ] } },
{ "type": "Feature", "properties": { "OBJECTID": 12927.0, "NOMBRE_GEO": null, "PROYECTO": null, "SYMBOL": "3", "FECHA": null, "RULEID": 1, "PK_CUE": 2112141.0, "GLOBALID": "{ACEEAF1D-662B-4AD3-A262-5B8A9E8265B1}", "SHAPE_Leng": 557.70182418686443, "SHAPE_Area": 15951.555480462068 }, "geometry": { "type": "Polygon", "coordinates": [ [ [ -75.711626954160081, 8.187248023844006 ], [ -75.711512739984826, 8.187362237380897 ], [ -75.711284311175405, 8.187362237489635 ], [ -75.711093955004472, 8.187343202495244 ], [ -75.7108845620144, 8.187267059289345 ], [ -75.710732276739975, 8.187190916476535 ], [ -75.710618062374081, 8.187114773656186 ], [ -75.710503848155625, 8.186943452236394 ], [ -75.710427705799759, 8.18677213174661 ], [ -75.710313491719944, 8.186638882000963 ], [ -75.710180241085212, 8.186448524904808 ], [ -75.710180241660382, 8.186220096853976 ], [ -75.710237348683876, 8.186067811238274 ], [ -75.710503848618629, 8.186067811166479 ], [ -75.710732276827997, 8.18606781083729 ], [ -75.71086552664039, 8.186182025074405 ], [ -75.710903597278019, 8.186353346309126 ], [ -75.711017811375598, 8.18654370350289 ], [ -75.711322383220164, 8.18665791719553 ], [ -75.711436596518311, 8.186657917218232 ], [ -75.711665024816639, 8.186600810437399 ], [ -75.711798274813759, 8.186600809893541 ], [ -75.711969595962415, 8.186772131178522 ], [ -75.711931524705562, 8.18696248811735 ], [ -75.711874417436562, 8.187095737934733 ], [ -75.711626954160081, 8.187248023844006 ] ] ] } }
]
}
