{
"type": "FeatureCollection",
"name": "infra_relleno_sanitario",
"crs": { "type": "name", "properties": { "name": "urn:ogc:def:crs:OGC:1.3:CRS84" } },
"features": [
{ "type": "Feature", "properties": { "OBJECTID_1": 42.0, "OBJECTID": 935, "MpCodigo": "05837", "MpNombre": "Turbo", "MpArea": 2919.20647693, "MpNorma": null, "MpCategor": 2, "SHAPE_Leng": 722098.16988900001, "MpAltitud": 1, "Restriccio": "“No es apropiada su aplicación para la ubicación exacta de puntos ni para el cálculo de áreas y distancias", "COD_DANE": "05837", "MUNICIPIO": "TURBO", "DEPARTAMEN": "ANTIOQUIA", "TIPO": "RELLENO SANITARIO", "NOMBRE_SIT": "RELLENO SANITARIO CENTRO INFUSTRIAL DE RESIDUOS SOLIDOS DE URABA-EL TEJAR", "TONELADA_D": 291.66, "NUN_MUNI": 9.0, "Shape_Le_1": 722098.16988941981, "Shape_Area": 2919206476.9302435 }, "geometry": { "type": "MultiPolygon", "coordinates": [ [ [ [ -76.424937693332296, 8.073850404027516 ], [ -76.424843585111347, 8.073480018863687 ], [ -76.42486087385484, 8.073192834111957 ], [ -76.424872616039124, 8.072997796143193 ], [ -76.424937693332296, 8.073850404027516 ] ] ], [ [ [ -76.424971537683987, 8.074293809256602 ], [ -76.424859305954428, 8.074338865203767 ], [ -76.424971537667957, 8.074293809046573 ], [ -76.424971537683987, 8.074293809256602 ] ] ], [ [ [ -76.424409161574317, 8.074519577397162 ], [ -76.42262802843355, 8.07411750568237 ], [ -76.420348997584711, 8.074603142192531 ], [ -76.420756545360163, 8.074494828761228 ], [ -76.421422406261001, 8.074326675167555 ], [ -76.422162983922064, 8.074187300337737 ], [ -76.422628032051151, 8.074117504822036 ], [ -76.423116233833355, 8.074140048131706 ], [ -76.423443666344625, 8.074180087300727 ], [ -76.423840139033359, 8.074283545963924 ], [ -76.424409165093067, 8.074519575984549 ], [ -76.424409161574317, 8.074519577397162 ] ] ], [ [ [ -76.419223835448065, 8.074842897229843 ], [ -76.418741274273842, 8.074768393787577 ], [ -76.418526436769341, 8.074509567616756 ], [ -76.418741274587987, 8.074768393307629 ], [ -76.419223836206697, 8.074842896904602 ], [ -76.419223842919166, 8.074842895637875 ], [ -76.419223835448065, 8.074842897229843 ] ] ], [ [ [ -76.418005295622564, 8.073348428248675 ], [ -76.418159240768603, 8.073753069961038 ], [ -76.418286498694101, 8.074220490943262 ], [ -76.418005295622564, 8.073348428248675 ] ] ], [ [ [ -76.417478880557979, 8.07237995420142 ], [ -76.415432243131391, 8.071279674906448 ], [ -76.416139286903984, 8.071625236138818 ], [ -76.416817714049472, 8.072011244768163 ], [ -76.417478880863854, 8.072379953045951 ], [ -76.417732124127127, 8.072662529712295 ], [ -76.417847365943146, 8.072858662402561 ], [ -76.417478880557979, 8.07237995420142 ] ] ], [ [ [ -76.414248632509754, 8.071003895656741 ], [ -76.412992070658902, 8.071594085114105 ], [ -76.413651724098585, 8.071189278991069 ], [ -76.414248632891187, 8.071003894876876 ], [ -76.414817322342131, 8.071072534973879 ], [ -76.415432217714383, 8.071279663675035 ], [ -76.414248632509754, 8.071003895656741 ] ] ], [ [ [ -76.41204691326574, 8.072847772845938 ], [ -76.41218715380667, 8.072618080209301 ], [ -76.412441921168067, 8.072200811933488 ], [ -76.412992068031045, 8.071594087176232 ], [ -76.41204691326574, 8.072847772845938 ] ] ], [ [ [ -76.412046909855007, 8.072847777370026 ], [ -76.411983553779095, 8.072885424615095 ], [ -76.412046910449945, 8.072847776580883 ], [ -76.412046909855007, 8.072847777370026 ] ] ], [ [ [ -76.409481181444079, 8.073566390039472 ], [ -76.409075902594807, 8.073758347737511 ], [ -76.409481180953648, 8.073566388838342 ], [ -76.409481198839302, 8.073566387952477 ], [ -76.409481181444079, 8.073566390039472 ] ] ], [ [ [ -76.408694357399042, 8.074038301034673 ], [ -76.408723797608332, 8.073925120829353 ], [ -76.408723797755087, 8.073925120759839 ], [ -76.408694357399042, 8.074038301034673 ] ] ], [ [ [ -76.408394242567297, 8.076291164764589 ], [ -76.408374975188593, 8.076289545418907 ], [ -76.408405804146327, 8.075795775670597 ], [ -76.408472964700152, 8.074889456753905 ], [ -76.408394242567297, 8.076291164764589 ] ] ], [ [ [ -76.408334527182888, 8.077354460664719 ], [ -76.408344528181075, 8.076777181758109 ], [ -76.408370529552272, 8.076360737952237 ], [ -76.408392688598667, 8.07631883463505 ], [ -76.408334527182888, 8.077354460664719 ] ] ], [ [ [ -76.408206468964948, 8.07963472466791 ], [ -76.408187602865894, 8.078786202628391 ], [ -76.40830691166002, 8.077846189551215 ], [ -76.408206468964948, 8.07963472466791 ] ] ], [ [ [ -76.408536237957648, 8.080887021255187 ], [ -76.40827667009107, 8.080298518866568 ], [ -76.40820647079174, 8.079634763299268 ], [ -76.408536237957648, 8.080887021255187 ] ] ], [ [ [ -76.408888761887042, 8.082018075932531 ], [ -76.408888761700126, 8.082018076004941 ], [ -76.408944491155594, 8.081754220279167 ], [ -76.408888761887042, 8.082018075932531 ] ] ], [ [ [ -76.408096802310951, 8.082324887446676 ], [ -76.407925867953139, 8.083029323756454 ], [ -76.40792586796222, 8.083029323644149 ], [ -76.408096802692313, 8.082324885650399 ], [ -76.408583775198252, 8.082136230434363 ], [ -76.408096802310951, 8.082324887446676 ] ] ], [ [ [ -76.408025413309858, 8.084262229966912 ], [ -76.407996991583033, 8.084172216871858 ], [ -76.407864165183526, 8.083791372108635 ], [ -76.407925867896594, 8.083029324454609 ], [ -76.408025413309858, 8.084262229966912 ] ] ], [ [ [ -76.408114149554805, 8.08536123716938 ], [ -76.406973032766572, 8.08628031278422 ], [ -76.407229971053582, 8.08597053341864 ], [ -76.407821693966596, 8.085592457873654 ], [ -76.408114149501174, 8.085361236504983 ], [ -76.408114149554805, 8.08536123716938 ] ] ], [ [ [ -76.406265132444105, 8.088491965359639 ], [ -76.406287215813435, 8.088030145441797 ], [ -76.406492814852101, 8.087429575236982 ], [ -76.406624476079543, 8.087204301190425 ], [ -76.406715586592384, 8.086800123012177 ], [ -76.406973028130608, 8.086280320000645 ], [ -76.406265132444105, 8.088491965359639 ] ] ], [ [ [ -76.406819230894911, 8.089804009776252 ], [ -76.406726845263734, 8.089663303048578 ], [ -76.406436064363916, 8.089156563595838 ], [ -76.406415686111202, 8.08912105299139 ], [ -76.406819230894911, 8.089804009776252 ] ] ], [ [ [ -76.407823665075597, 8.095169343950772 ], [ -76.407816620184235, 8.095082451008611 ], [ -76.40778761510046, 8.094724688395102 ], [ -76.407752286524939, 8.094274465740082 ], [ -76.407768298940155, 8.093779981829476 ], [ -76.407773970174318, 8.093604825895079 ], [ -76.407808524295859, 8.093346425928928 ], [ -76.407823665075597, 8.095169343950772 ] ] ], [ [ [ -76.408406865796167, 8.099070015698008 ], [ -76.408335620793963, 8.098943835396184 ], [ -76.408294749917374, 8.098597525879827 ], [ -76.408190346197983, 8.098066565638343 ], [ -76.408022453229222, 8.09737403780318 ], [ -76.407906197276503, 8.096652596708781 ], [ -76.407830191695055, 8.095954235308909 ], [ -76.408406865796167, 8.099070015698008 ] ] ], [ [ [ -76.405718511128029, 8.099910689806746 ], [ -76.406355939697349, 8.099869592396354 ], [ -76.406430603248936, 8.099869511275303 ], [ -76.407200192008801, 8.099857133127392 ], [ -76.40752760871986, 8.099879868898848 ], [ -76.407912555472265, 8.099954491709116 ], [ -76.405718511128029, 8.099910689806746 ] ] ], [ [ [ -76.403657863212686, 8.100553661658054 ], [ -76.402377133659328, 8.100572352646241 ], [ -76.403025904741142, 8.100456205552652 ], [ -76.403657862798937, 8.100553660097416 ], [ -76.404116968085731, 8.100362673393596 ], [ -76.40456467426992, 8.100217875982811 ], [ -76.404764838949404, 8.100208258566306 ], [ -76.403657863212686, 8.100553661658054 ] ] ], [ [ [ -76.4016313919536, 8.101046498251939 ], [ -76.401992604973231, 8.100722850961237 ], [ -76.402377119055174, 8.100572356485733 ], [ -76.4016313919536, 8.101046498251939 ] ] ], [ [ [ -76.401631395774572, 8.101046593820142 ], [ -76.401631390996755, 8.10104649910928 ], [ -76.401631391575464, 8.101046498590751 ], [ -76.401631395774572, 8.101046593820142 ] ] ], [ [ [ -76.401679984243287, 8.102148489905469 ], [ -76.40167361295363, 8.102102833226869 ], [ -76.401632328102025, 8.101537166705103 ], [ -76.40164258528597, 8.101300354181641 ], [ -76.401679984243287, 8.102148489905469 ] ] ] ] } },
{ "type": "Feature", "properties": { "OBJECTID_1": 44.0, "OBJECTID": 966, "MpCodigo": "23001", "MpNombre": "Montería", "MpArea": 3137.3468650200002, "MpNorma": "Ordenanza No. 42 de 1923", "MpCategor": 1, "SHAPE_Leng": 409302.90862100001, "MpAltitud": 17, "Restriccio": "“No es apropiada su aplicación para la ubicación exacta de puntos ni para el cálculo de áreas y distancias", "COD_DANE": "23001", "MUNICIPIO": "MONTERIA", "DEPARTAMEN": "CORDOBA", "TIPO": "RELLENO SANITARIO", "NOMBRE_SIT": "RELLENO SANITARIO LOMA GRANDE", "TONELADA_D": 461.04, "NUN_MUNI": 25.0, "Shape_Le_1": 409302.90862103994, "Shape_Area": 3137346865.0233922 }, "geometry": { "type": "Polygon", "coordinates": [ [ [ -75.668059362068888, 8.501101580589427 ], [ -75.667817110976799, 8.501020259961674 ], [ -75.666366881714396, 8.500533433685009 ], [ -75.666364712516582, 8.499819347616423 ], [ -75.666362681859923, 8.499150969773241 ], [ -75.666324156834989, 8.49735152166053 ], [ -75.666298876220054, 8.496679398181346 ], [ -75.666302837476636, 8.496431322264291 ], [ -75.666325693901769, 8.494999969411261 ], [ -75.666350573358358, 8.494426431481887 ], [ -75.666360032061164, 8.494208368520203 ], [ -75.666455332226249, 8.493001334377373 ], [ -75.667141953756413, 8.492632180406618 ], [ -75.667150022285952, 8.492607542325992 ], [ -75.668390761563103, 8.491483604031069 ], [ -75.668803529916431, 8.490661031011811 ], [ -75.669372158381336, 8.490213057208779 ], [ -75.669724405226759, 8.489935554001235 ], [ -75.670098178825739, 8.489188802058393 ], [ -75.670245778008052, 8.488449623418742 ], [ -75.671384974400084, 8.488840751726222 ], [ -75.671508608103409, 8.488535247951191 ], [ -75.672000009411263, 8.488464922570047 ], [ -75.671318274024273, 8.485404247554827 ], [ -75.66826293463005, 8.484181573277795 ], [ -75.668151774549884, 8.479850468905509 ], [ -75.669623226873142, 8.478813601716368 ], [ -75.670822267217844, 8.478461223979952 ], [ -75.67210903933767, 8.478117752644224 ], [ -75.670725118584343, 8.47699552664589 ], [ -75.67159967422171, 8.475533746602089 ], [ -75.672018739990889, 8.474529901070964 ], [ -75.672146105574427, 8.473958255839314 ], [ -75.672697366562218, 8.471749551921263 ], [ -75.672785698647502, 8.47123996995942 ], [ -75.673285986574498, 8.469673790793438 ], [ -75.673309747019601, 8.469180466611709 ], [ -75.673282419167421, 8.468593235727129 ], [ -75.67313851010708, 8.467648462416939 ], [ -75.673081005267775, 8.467008556039064 ], [ -75.673093109680465, 8.466480853053298 ], [ -75.673223042730882, 8.465989497759253 ], [ -75.673287030241795, 8.465796586668612 ], [ -75.673536352987185, 8.465814178632463 ], [ -75.67333460276123, 8.465525726582671 ], [ -75.672557419344542, 8.46291501074349 ], [ -75.672307985340794, 8.462863007705725 ], [ -75.672002099956913, 8.462489988676772 ], [ -75.671463340416437, 8.462186510287868 ], [ -75.671273837573807, 8.462111381330596 ], [ -75.670857264439917, 8.461766232391222 ], [ -75.670533576162399, 8.461592864828175 ], [ -75.670064479619157, 8.461417642950396 ], [ -75.669575362380115, 8.461469609728264 ], [ -75.669012978652674, 8.461700747725835 ], [ -75.667781041806634, 8.460570667240912 ], [ -75.667765911061011, 8.460539082554584 ], [ -75.668601952326995, 8.459285950486603 ], [ -75.668655609994531, 8.459205523653463 ], [ -75.669886854895921, 8.459344229808666 ], [ -75.670437134002384, 8.458243627426748 ], [ -75.670470412630465, 8.457837450431004 ], [ -75.672922255227348, 8.456682839251451 ], [ -75.673219264258222, 8.456466277441555 ], [ -75.673754094226666, 8.456281096212509 ], [ -75.674016710982045, 8.456133463804701 ], [ -75.674210074748771, 8.455981451581794 ], [ -75.674336358421357, 8.455783763277008 ], [ -75.674446788019253, 8.455677889791779 ], [ -75.674575460795964, 8.45550542787263 ], [ -75.674745973750746, 8.455422313410054 ], [ -75.674928405911757, 8.455453874391514 ], [ -75.675078662816588, 8.455526823841737 ], [ -75.675410479094893, 8.455367503983155 ], [ -75.675636099420274, 8.455199334077385 ], [ -75.675852449956096, 8.455019721185867 ], [ -75.676314075679542, 8.455727211664133 ], [ -75.67641940786423, 8.456171966362035 ], [ -75.676441402979847, 8.456541264079585 ], [ -75.676545462175383, 8.457298030675611 ], [ -75.678349402991373, 8.457033232796006 ], [ -75.678716743179535, 8.456451668395097 ], [ -75.680296242895977, 8.456710633139458 ], [ -75.680205410722309, 8.454975407430281 ], [ -75.677894933789418, 8.454386837816772 ], [ -75.674644448565317, 8.453492649359637 ], [ -75.674794791612896, 8.452455843868771 ], [ -75.674874601873441, 8.452396565991792 ], [ -75.673016400876691, 8.451126445107773 ], [ -75.672721776678998, 8.451143592602529 ], [ -75.673254856392035, 8.449715399895286 ], [ -75.673651477069399, 8.44929485999295 ], [ -75.673941910026187, 8.449211361236681 ], [ -75.673906274162604, 8.449015647706164 ], [ -75.673853350903087, 8.448823151003454 ], [ -75.674258710694218, 8.448258037961851 ], [ -75.676691214280552, 8.447547531711482 ], [ -75.676890545115214, 8.445319885334891 ], [ -75.677510609017631, 8.443757172142563 ], [ -75.680766660236557, 8.442427354678964 ], [ -75.680670458159767, 8.441796683446839 ], [ -75.68063814043721, 8.441031942172335 ], [ -75.680955359661013, 8.440248999869759 ], [ -75.681208890892208, 8.438132950876224 ], [ -75.681287704850973, 8.437579815570512 ], [ -75.680843667695669, 8.43602000874928 ], [ -75.685286851008229, 8.435069000649515 ], [ -75.685974366113626, 8.433409670070635 ], [ -75.684437904566707, 8.432029511878277 ], [ -75.683760558431061, 8.431993309140069 ], [ -75.683261010593995, 8.431881514926136 ], [ -75.683020198668686, 8.431692596234159 ], [ -75.682903760170319, 8.431062308101172 ], [ -75.682242642772025, 8.430673441604155 ], [ -75.681599910596276, 8.42989432663313 ], [ -75.677931588610505, 8.431281108584608 ], [ -75.678391747650124, 8.425686709142978 ], [ -75.680747911757138, 8.420937100914564 ], [ -75.679552962739479, 8.416763383214743 ], [ -75.676940201624774, 8.41667447269486 ], [ -75.675967572875351, 8.417209951714737 ], [ -75.675404673554411, 8.416371550267478 ], [ -75.674662224376192, 8.41655318432681 ], [ -75.673666972063131, 8.416375721012278 ], [ -75.673503796012042, 8.416386014796096 ], [ -75.672618655398068, 8.416441867152761 ], [ -75.672257986196854, 8.416333199039546 ], [ -75.671722422875348, 8.416152763947681 ], [ -75.671476005440169, 8.416119903385669 ], [ -75.671092145917697, 8.41615608180093 ], [ -75.670532489847318, 8.416074304155014 ], [ -75.67036380776733, 8.415580751296581 ], [ -75.668770498439997, 8.415131610338204 ], [ -75.668679528719451, 8.415211316929744 ], [ -75.668650952284992, 8.415376483408087 ], [ -75.66872937561827, 8.415542503181605 ], [ -75.668698110108394, 8.416013862305411 ], [ -75.66867227531786, 8.416615084431195 ], [ -75.668581089665551, 8.417275307737881 ], [ -75.668607051768475, 8.418603351375266 ], [ -75.66833392466539, 8.419422988453734 ], [ -75.667080268301831, 8.419487242725335 ], [ -75.666001222826054, 8.419608826135418 ], [ -75.664654254939492, 8.419336939448954 ], [ -75.663169902664308, 8.419729028983236 ], [ -75.662908517249491, 8.415014740895721 ], [ -75.662629699905963, 8.409986129818991 ], [ -75.664012234089896, 8.410156261322657 ], [ -75.66464446923203, 8.407738450964585 ], [ -75.662460589201217, 8.404438389031013 ], [ -75.662192690243671, 8.403056409283131 ], [ -75.659192193206877, 8.40624344170633 ], [ -75.656725958033945, 8.407092905585525 ], [ -75.6560083044956, 8.406963764064697 ], [ -75.655955890367451, 8.406950797640045 ], [ -75.655947331260919, 8.406952791882992 ], [ -75.655936677571717, 8.406950874742124 ], [ -75.649341049626486, 8.408487575757407 ], [ -75.649337759277941, 8.408013613383943 ], [ -75.649322101695475, 8.405757934679023 ], [ -75.649298304634414, 8.402328956524466 ], [ -75.645273168182001, 8.39679886829577 ], [ -75.647010232433132, 8.393293270950673 ], [ -75.648236309038779, 8.390818871782066 ], [ -75.646919235334479, 8.38919190074088 ], [ -75.648778124567428, 8.388962540528887 ], [ -75.64948629457254, 8.388875159948263 ], [ -75.654689165704852, 8.388233144863559 ], [ -75.657497369853587, 8.383936106264088 ], [ -75.657628055900645, 8.38291724957171 ], [ -75.65817982640381, 8.378615512744865 ], [ -75.661409270857888, 8.378911716423199 ], [ -75.661409417591443, 8.378909890856843 ], [ -75.661428481789486, 8.378911639339059 ], [ -75.661560707082046, 8.377266579221232 ], [ -75.664417853218637, 8.377691750176407 ], [ -75.664418454956689, 8.377688903998513 ], [ -75.664437063792732, 8.377691673103524 ], [ -75.664873158330934, 8.375628973322458 ], [ -75.664923104352283, 8.375392731416133 ], [ -75.665618214863258, 8.374075442007952 ], [ -75.665873123371739, 8.373632599092391 ], [ -75.666557373718703, 8.372803580928897 ], [ -75.667441883926472, 8.372012866265043 ], [ -75.668415985644401, 8.370441081442996 ], [ -75.66970254906559, 8.368593210481617 ], [ -75.668700255151791, 8.368594693928209 ], [ -75.668604064809486, 8.367977751447041 ], [ -75.668584869820336, 8.367977891265495 ], [ -75.668584854725097, 8.367977829432666 ], [ -75.664413505159345, 8.36800819121353 ], [ -75.663699911483548, 8.366139027744174 ], [ -75.663641081594207, 8.364849202626774 ], [ -75.663605645705118, 8.363695457076805 ], [ -75.663524475896025, 8.362292550237168 ], [ -75.663452944489833, 8.360724105689844 ], [ -75.661989418988099, 8.360474075300424 ], [ -75.660134448438086, 8.360157160836478 ], [ -75.659555610135413, 8.35892132299362 ], [ -75.658133694245947, 8.355885444475431 ], [ -75.65813435782627, 8.355883507803695 ], [ -75.662200052188098, 8.355471652069308 ], [ -75.661532819143659, 8.351861514365384 ], [ -75.667607625227006, 8.351413326195507 ], [ -75.669556234560972, 8.35125329378436 ], [ -75.672881892089791, 8.350947195761963 ], [ -75.673531605196928, 8.349427693729798 ], [ -75.673974588875794, 8.348074557620311 ], [ -75.674910573663269, 8.3484289735941 ], [ -75.677632985940463, 8.345467428637287 ], [ -75.67711106059221, 8.344921410422634 ], [ -75.678500685679765, 8.342608924282125 ], [ -75.674458208614695, 8.34196193226142 ], [ -75.674883461579398, 8.340128192039806 ], [ -75.674742157025463, 8.338318055068722 ], [ -75.672346571760727, 8.338392106664909 ], [ -75.671179577562754, 8.338787685449104 ], [ -75.669881424881495, 8.339999938257749 ], [ -75.669461046931744, 8.336268296757865 ], [ -75.672060650306378, 8.334086341423422 ], [ -75.664828581713564, 8.333252683733416 ], [ -75.665653966418432, 8.332147459556094 ], [ -75.664874006710434, 8.330844388378736 ], [ -75.66539685634892, 8.33045527638774 ], [ -75.662451820754086, 8.32728200157216 ], [ -75.665669821749091, 8.323947612410926 ], [ -75.666017944870674, 8.323599618676468 ], [ -75.665358574576857, 8.322352765310635 ], [ -75.6691578847024, 8.321573951387418 ], [ -75.667717862126139, 8.317851082309216 ], [ -75.670618219731068, 8.317449249943 ], [ -75.671179494115563, 8.32100811912305 ], [ -75.67627354666476, 8.319852035847092 ], [ -75.677439585866054, 8.320201859228654 ], [ -75.677443178118182, 8.32052819727153 ], [ -75.677875116065735, 8.320257991202542 ], [ -75.677962655016515, 8.320280756431654 ], [ -75.677981676405366, 8.320479402289813 ], [ -75.678438163360113, 8.320554980829654 ], [ -75.678802397953916, 8.320789982250092 ], [ -75.679663830670734, 8.321491976407625 ], [ -75.680919814017557, 8.321543775936114 ], [ -75.681229859867273, 8.321566985436093 ], [ -75.681552642400462, 8.321621500072517 ], [ -75.68179881657565, 8.321713520319532 ], [ -75.682082611923676, 8.321807034555576 ], [ -75.682330980056648, 8.321803633411626 ], [ -75.682565136606328, 8.321806530080323 ], [ -75.682908442564283, 8.321868956321335 ], [ -75.683205106187089, 8.321843539085554 ], [ -75.683294229557418, 8.321831577979372 ], [ -75.682183132932096, 8.319330228779153 ], [ -75.680288168307186, 8.316652728876258 ], [ -75.682590770689231, 8.315414835651557 ], [ -75.686456443833094, 8.31632641382652 ], [ -75.686571828197671, 8.315091375056642 ], [ -75.686860317077361, 8.313234545689033 ], [ -75.686978647700982, 8.311924281997198 ], [ -75.687067035317824, 8.311354740631078 ], [ -75.68771007164915, 8.310013508658045 ], [ -75.688074826638299, 8.306189244626463 ], [ -75.684779247862721, 8.301532527389915 ], [ -75.690498017038124, 8.302704854702826 ], [ -75.692936754245693, 8.303322445686954 ], [ -75.698306641916929, 8.303897973157172 ], [ -75.69793523904265, 8.305853232079874 ], [ -75.698118558013803, 8.30757704629456 ], [ -75.699429535894993, 8.31108795041327 ], [ -75.704821267227018, 8.314927350831672 ], [ -75.705911351284342, 8.313257216781935 ], [ -75.706275381642655, 8.312439326211567 ], [ -75.706538434390438, 8.312020704639899 ], [ -75.706642527585572, 8.311850944926434 ], [ -75.706831524224143, 8.311544009012206 ], [ -75.706983427073553, 8.311298991687865 ], [ -75.707076206608363, 8.31114602716791 ], [ -75.707240521757456, 8.310882128129304 ], [ -75.707998651116824, 8.309554838240942 ], [ -75.707922748176813, 8.308939935770059 ], [ -75.70775302675321, 8.307654989847753 ], [ -75.707750279249012, 8.306433786658301 ], [ -75.707790547304569, 8.305668737893805 ], [ -75.70796551124532, 8.302290094633875 ], [ -75.707996320136388, 8.300968164290286 ], [ -75.709630760824226, 8.295112367326992 ], [ -75.70975891039663, 8.29189341636885 ], [ -75.71673559343543, 8.293156016568597 ], [ -75.723619688904904, 8.293859151915019 ], [ -75.727175189671627, 8.293968876227387 ], [ -75.728883422226332, 8.29432208820802 ], [ -75.733669653151935, 8.293555583109168 ], [ -75.735422054854752, 8.293188633304048 ], [ -75.736285219344566, 8.289085542120484 ], [ -75.739835277124683, 8.287098669312048 ], [ -75.740819226977024, 8.287747663383495 ], [ -75.741668944786326, 8.288796117893744 ], [ -75.743842168739803, 8.291454729008668 ], [ -75.746470142395765, 8.293872224056544 ], [ -75.746645047366457, 8.294033118686153 ], [ -75.748900772863735, 8.292483784740602 ], [ -75.753497721063212, 8.284831117841868 ], [ -75.758857318595517, 8.28741672569293 ], [ -75.758507646178458, 8.289026223142592 ], [ -75.759221836038876, 8.296071890243887 ], [ -75.764004296022833, 8.297498496096969 ], [ -75.765608080651575, 8.297797458561025 ], [ -75.766681053611705, 8.297708414192076 ], [ -75.766766284011211, 8.297691421084563 ], [ -75.767220337305034, 8.297891241413014 ], [ -75.767633845047499, 8.298057561012955 ], [ -75.768625626789031, 8.298307149375502 ], [ -75.769368154873135, 8.298804501172354 ], [ -75.77110033467612, 8.300541263734665 ], [ -75.772254761032428, 8.301698719220539 ], [ -75.773328004719147, 8.302360990990042 ], [ -75.773741543756913, 8.302807541892749 ], [ -75.774399623270227, 8.303518160990548 ], [ -75.774313276885167, 8.304589070739649 ], [ -75.774557087780408, 8.305990999824083 ], [ -75.774966037761288, 8.30646946680428 ], [ -75.775545905118619, 8.307147907227387 ], [ -75.77595666225092, 8.307809135959154 ], [ -75.777314045644061, 8.309009054305285 ], [ -75.777359283134658, 8.309049878445046 ], [ -75.778799603599069, 8.308628742064654 ], [ -75.780040180338744, 8.308264248737169 ], [ -75.781165136971879, 8.307778322309959 ], [ -75.78259606835536, 8.307078476601314 ], [ -75.784222399862045, 8.306544282230673 ], [ -75.786291760225694, 8.305482293579416 ], [ -75.787956962218914, 8.304826762733084 ], [ -75.789422005704466, 8.304007825324589 ], [ -75.790859145272009, 8.303469086845844 ], [ -75.792835694570883, 8.302729721071405 ], [ -75.793035287678237, 8.303272892259558 ], [ -75.793546657877044, 8.304599850045799 ], [ -75.794057006959932, 8.30592713403338 ], [ -75.794269566125251, 8.306460851066443 ], [ -75.794468234796994, 8.306972159101488 ], [ -75.794765039186004, 8.307687504776924 ], [ -75.795049057693632, 8.308396281835183 ], [ -75.795340813927751, 8.309204103721655 ], [ -75.795419276753151, 8.309435644897393 ], [ -75.795440206167257, 8.309497455022399 ], [ -75.795616383417851, 8.310013574434835 ], [ -75.795739244852783, 8.310415599401637 ], [ -75.79580801927392, 8.310630231160015 ], [ -75.795994761781174, 8.311263751948777 ], [ -75.796132348271087, 8.31192938896532 ], [ -75.796272925735266, 8.312576981676777 ], [ -75.796498618004009, 8.313043891373407 ], [ -75.79684335714677, 8.313460518243893 ], [ -75.797495720668294, 8.313921338006681 ], [ -75.798551877685256, 8.314173989315901 ], [ -75.799602395845923, 8.314407297383864 ], [ -75.800243458208243, 8.314540544575063 ], [ -75.800649994072501, 8.314633313309956 ], [ -75.800837731173431, 8.314694469819511 ], [ -75.801448998655147, 8.314893617294132 ], [ -75.802001511056901, 8.31523334663021 ], [ -75.802631523407939, 8.315712334627532 ], [ -75.803226103352984, 8.316232602635427 ], [ -75.803717616784766, 8.316699093770303 ], [ -75.804137441559334, 8.317100654102562 ], [ -75.8044054213712, 8.317356774585743 ], [ -75.804961891289039, 8.317906667381914 ], [ -75.805500743869004, 8.318423005566761 ], [ -75.806126257600994, 8.318683152294517 ], [ -75.806291019349942, 8.318751174202896 ], [ -75.807088337334648, 8.318824977631783 ], [ -75.807709413692223, 8.319312635914404 ], [ -75.808292706888736, 8.320019467191942 ], [ -75.808798476313214, 8.320269300366807 ], [ -75.809411726851479, 8.320376629159218 ], [ -75.809749604585335, 8.3198670316371 ], [ -75.810526792538283, 8.319221907213455 ], [ -75.811299168268647, 8.318605293819932 ], [ -75.812351561643112, 8.317762072395478 ], [ -75.813468144837813, 8.316877939653892 ], [ -75.813914012774816, 8.316950894909143 ], [ -75.81450044502057, 8.31704850529001 ], [ -75.815292929394275, 8.317039173764959 ], [ -75.815790412406741, 8.316905335359996 ], [ -75.816094155174056, 8.316826514755423 ], [ -75.816316100578518, 8.316768925742995 ], [ -75.816441227416206, 8.316594753863578 ], [ -75.816400963292892, 8.316512471717569 ], [ -75.816410480754641, 8.316450605389916 ], [ -75.816524694740068, 8.316341147824231 ], [ -75.816634150661173, 8.316260246730408 ], [ -75.816691258156837, 8.316226933727563 ], [ -75.816767399575738, 8.316222174872319 ], [ -75.8168911319827, 8.316245971091519 ], [ -75.817081489091379, 8.316284042170226 ], [ -75.817200461963822, 8.316279282388187 ], [ -75.817276604692182, 8.3162792821865 ], [ -75.817347989243288, 8.316255490260058 ], [ -75.817405096270576, 8.316198379754212 ], [ -75.817409855311197, 8.316131755890931 ], [ -75.8173765416512, 8.3160651316947 ], [ -75.817295640580127, 8.315988989288867 ], [ -75.817119561136764, 8.315884293807473 ], [ -75.817057695120468, 8.31580815016107 ], [ -75.817024381990848, 8.315665383883978 ], [ -75.817057694573521, 8.315579721404788 ], [ -75.817138595639051, 8.315465507066492 ], [ -75.817262327793969, 8.315398883143837 ], [ -75.81734798888229, 8.315370329824756 ], [ -75.817452685002081, 8.315413158551133 ], [ -75.817519309724062, 8.315489301838518 ], [ -75.817581175597624, 8.315593997064024 ], [ -75.817600212257915, 8.315732007167565 ], [ -75.817619247315463, 8.315822426957027 ], [ -75.817700148956348, 8.315865256152973 ], [ -75.817790568820584, 8.315965194363908 ], [ -75.817880987616505, 8.315984229111837 ], [ -75.818042792333799, 8.315927121839078 ], [ -75.818166524380501, 8.315850979217212 ], [ -75.818204595381104, 8.315793874391447 ], [ -75.818199836421243, 8.315703454669215 ], [ -75.818166523598464, 8.315636827852682 ], [ -75.818128452410207, 8.3156130355811 ], [ -75.818047550285144, 8.315584479136076 ], [ -75.817933335608814, 8.315570202863254 ], [ -75.817861952784881, 8.315551168704141 ], [ -75.817814362876049, 8.315494060255217 ], [ -75.817771533307123, 8.315384606028646 ], [ -75.817766773740146, 8.315256116187555 ], [ -75.817828640200688, 8.314780223648041 ], [ -75.817871469647187, 8.314680285217831 ], [ -75.817923818123944, 8.314637456729043 ], [ -75.817990443065568, 8.314627937759973 ], [ -75.818066585700251, 8.314670766344348 ], [ -75.818118934140742, 8.314746908620782 ], [ -75.818123692950081, 8.314856367009494 ], [ -75.818099898673921, 8.315027685640704 ], [ -75.818104658436667, 8.315127624696624 ], [ -75.81819983600829, 8.315208524799917 ], [ -75.818299773025174, 8.315218044090338 ], [ -75.818452058551713, 8.315146659306857 ], [ -75.818509166317824, 8.315032443649727 ], [ -75.818518683702465, 8.314884918850948 ], [ -75.818461576631393, 8.314742151642127 ], [ -75.818456817737356, 8.314642214418608 ], [ -75.818475852874698, 8.314556551956144 ], [ -75.818542478342295, 8.314504204082732 ], [ -75.818637657427786, 8.314475650872783 ], [ -75.818723317187178, 8.314466133293189 ], [ -75.818766148049136, 8.314432822854712 ], [ -75.818766147746715, 8.314361436989682 ], [ -75.818756629993203, 8.314299570149755 ], [ -75.818718558091732, 8.314247221752366 ], [ -75.818675727971367, 8.314190117601719 ], [ -75.818690004732119, 8.314137770363581 ], [ -75.818742352565451, 8.314090179450755 ], [ -75.818832772821679, 8.314061627438413 ], [ -75.818908915015868, 8.314061627066472 ], [ -75.819013612314748, 8.314014036363758 ], [ -75.819175415171102, 8.313918859818664 ], [ -75.819251558257818, 8.313880784826639 ], [ -75.819332458652696, 8.313885544642007 ], [ -75.81944191533799, 8.313942650650008 ], [ -75.819513297850847, 8.313961688213226 ], [ -75.819598959224805, 8.31396168798258 ], [ -75.819641788564155, 8.313914097626764 ], [ -75.819679861019978, 8.31382843664203 ], [ -75.819670342794652, 8.313676153560225 ], [ -75.819613236095691, 8.313576216271297 ], [ -75.819465709108528, 8.313385857713934 ], [ -75.819437156076276, 8.313309714987547 ], [ -75.819432396574683, 8.313243090936272 ], [ -75.819446673714197, 8.313176467448141 ], [ -75.81952757537816, 8.313119358039414 ], [ -75.819622753983168, 8.313109839740667 ], [ -75.81971793210009, 8.313133635406592 ], [ -75.819827387224706, 8.313176466920748 ], [ -75.819941601067342, 8.313143151722057 ], [ -75.820017743960591, 8.313086047975704 ], [ -75.820046297971814, 8.313019419936509 ], [ -75.820027261864766, 8.312890930384643 ], [ -75.819965395651963, 8.312819546871287 ], [ -75.819860700229142, 8.312786232553961 ], [ -75.819789316170315, 8.312757680205365 ], [ -75.819751244829348, 8.312710090649347 ], [ -75.819741727084221, 8.312638708168345 ], [ -75.819765520665968, 8.312572084984035 ], [ -75.819860700058555, 8.312524493935483 ], [ -75.819998707642483, 8.312534013228213 ], [ -75.820079610417253, 8.312529251842939 ], [ -75.820141475723773, 8.312486421703895 ], [ -75.820179547133719, 8.312372208246561 ], [ -75.820189064991339, 8.312300822731638 ], [ -75.820141476339543, 8.312205645420272 ], [ -75.820046297691135, 8.312058117725826 ], [ -75.820032020839705, 8.311953421600181 ], [ -75.820036779607662, 8.311896316266116 ], [ -75.820084369249031, 8.311839208124681 ], [ -75.820155753180728, 8.311820172954304 ], [ -75.820246172234661, 8.311863002096208 ], [ -75.820303279203046, 8.31185348715225 ], [ -75.820346110104822, 8.311786859997268 ], [ -75.820346110147938, 8.311710717273044 ], [ -75.820312797154898, 8.311648853002778 ], [ -75.820293761559668, 8.311582226319555 ], [ -75.820336591554536, 8.311534638703096 ], [ -75.820422253242981, 8.311525119155815 ], [ -75.820531708322591, 8.311563190945282 ], [ -75.820631645155757, 8.3116774060415 ], [ -75.820741100296388, 8.31175354864958 ], [ -75.820817243274007, 8.311748788398081 ], [ -75.820883867982602, 8.31172499559074 ], [ -75.820921939185254, 8.311667887136823 ], [ -75.820921939113504, 8.311582226048538 ], [ -75.820874349545534, 8.311487047954794 ], [ -75.820774412760827, 8.311391872441694 ], [ -75.820755376662547, 8.311320486151933 ], [ -75.820783930968858, 8.311182476898432 ], [ -75.820845797341406, 8.311030190989337 ], [ -75.82090766324545, 8.310854113152734 ], [ -75.82090290366078, 8.310701827188218 ], [ -75.820861617196059, 8.310487449424079 ], [ -75.820773834539793, 8.310510857167101 ], [ -75.820709461276778, 8.310475745638875 ], [ -75.820686052946115, 8.310382113243392 ], [ -75.82068605317933, 8.310235805866588 ], [ -75.820668496332388, 8.310101206710407 ], [ -75.820627531011766, 8.31002512769197 ], [ -75.820557304609352, 8.309978311237062 ], [ -75.820475375032643, 8.309943197613237 ], [ -75.820334922571902, 8.309925642260445 ], [ -75.820258844716278, 8.309861270246452 ], [ -75.820229584583188, 8.309779337988454 ], [ -75.820235436855526, 8.309668148681226 ], [ -75.820323219144555, 8.309568661647965 ], [ -75.820375887707272, 8.309469175064621 ], [ -75.820381741130248, 8.309375541168517 ], [ -75.82035247978925, 8.30927020110965 ], [ -75.820288106253415, 8.309199975904715 ], [ -75.820176915163842, 8.309153158763117 ], [ -75.82010083701033, 8.309118045079332 ], [ -75.820077428903758, 8.309018558353442 ], [ -75.820106688952592, 8.308913221778857 ], [ -75.820188620019451, 8.308755210664929 ], [ -75.820212027750785, 8.308638169203743 ], [ -75.820212028339995, 8.308550389434261 ], [ -75.820194471885259, 8.308480160310229 ], [ -75.820065724418001, 8.308281185657474 ], [ -75.81985504690492, 8.307959319938924 ], [ -75.819808228770299, 8.307859832793374 ], [ -75.819819933766652, 8.307777901065233 ], [ -75.819849195328459, 8.307713529550666 ], [ -75.820030610832035, 8.307660858905969 ], [ -75.820252992999812, 8.307555518944699 ], [ -75.820323218590119, 8.307514555855889 ], [ -75.820416853739118, 8.307362398294519 ], [ -75.820569010378392, 8.307186833768126 ], [ -75.8208148000992, 8.30699371243551 ], [ -75.820849913364611, 8.306917634387721 ], [ -75.820832356910543, 8.306841555608999 ], [ -75.820762131106889, 8.306788886599115 ], [ -75.820674347968961, 8.306788887153731 ], [ -75.820451965958341, 8.306864965148399 ], [ -75.820364183759693, 8.306870817135124 ], [ -75.820311515411319, 8.306835707312187 ], [ -75.820293957918153, 8.306742070359237 ], [ -75.820317366895509, 8.306578208770878 ], [ -75.820370036387672, 8.306490428919979 ], [ -75.820545600795143, 8.306355828090641 ], [ -75.820674348206467, 8.306203672022697 ], [ -75.820709461395623, 8.306051518167054 ], [ -75.820715312580148, 8.305916915674503 ], [ -75.820686053192276, 8.305852544196735 ], [ -75.820615827396551, 8.305782318784308 ], [ -75.820498783604791, 8.305671125782245 ], [ -75.820422706139766, 8.305554082778549 ], [ -75.820405148885669, 8.30546630273939 ], [ -75.820422705989898, 8.305390223551282 ], [ -75.820481226946825, 8.30533755375575 ], [ -75.820545601355846, 8.305325848166483 ], [ -75.820691905389381, 8.305366816405636 ], [ -75.820832357334837, 8.305478004298996 ], [ -75.820937695052848, 8.305513120307289 ], [ -75.821236154882229, 8.30556578991585 ], [ -75.82144683273863, 8.305554082592804 ], [ -75.821610693264091, 8.305489711085132 ], [ -75.821663361798798, 8.305366815904499 ], [ -75.821675067039493, 8.305261474663224 ], [ -75.821598988683391, 8.305156135874711 ], [ -75.821493650009188, 8.305044946961967 ], [ -75.821522911257276, 8.304986423356439 ], [ -75.821581432291026, 8.304892789374088 ], [ -75.821593136860102, 8.30473478376366 ], [ -75.821505354162568, 8.304407060753054 ], [ -75.821517059372027, 8.304290019226048 ], [ -75.821581431971794, 8.304231496150885 ], [ -75.821680919303304, 8.304219790946876 ], [ -75.821780405674588, 8.304266610625499 ], [ -75.821879891704654, 8.304412914729648 ], [ -75.821973526972556, 8.304459730634816 ], [ -75.822113977733267, 8.304448024950215 ], [ -75.822213464961365, 8.304371946845079 ], [ -75.822266133789341, 8.304225643002669 ], [ -75.822271987002424, 8.304009114316749 ], [ -75.822277838793966, 8.303757471258026 ], [ -75.822330507876742, 8.303628726435122 ], [ -75.822634819558274, 8.303148847368444 ], [ -75.822786975832145, 8.302979134311252 ], [ -75.823126401201606, 8.30281527493627 ], [ -75.823582868964223, 8.302587040316594 ], [ -75.82375843391182, 8.302540223014537 ], [ -75.823916442044109, 8.302551929373502 ], [ -75.823992519714864, 8.302587039928808 ], [ -75.824214902192267, 8.302715788199395 ], [ -75.824437283665702, 8.302879647914018 ], [ -75.824583587836102, 8.30289135295342 ], [ -75.824683074139344, 8.302862090889263 ], [ -75.824759152326109, 8.30278601316078 ], [ -75.824782560724543, 8.302715788328937 ], [ -75.824712335387076, 8.302522667203981 ], [ -75.824688926405599, 8.302341250295084 ], [ -75.824688925795328, 8.30226517470712 ], [ -75.824765003686778, 8.302224206809464 ], [ -75.824852786673915, 8.302235913164139 ], [ -75.824940569273664, 8.302317840884594 ], [ -75.825069315920857, 8.302311992149304 ], [ -75.825180506568927, 8.302224207171754 ], [ -75.825315107068676, 8.302013531325084 ], [ -75.825402889296313, 8.301785295317552 ], [ -75.825401354963432, 8.301656698408705 ], [ -75.825365662580893, 8.301485377055426 ], [ -75.82537280231395, 8.301385439088756 ], [ -75.825422770292306, 8.301299777945204 ], [ -75.82557267558532, 8.301185567315599 ], [ -75.825651198572757, 8.301107042691687 ], [ -75.825651198644323, 8.30100710480535 ], [ -75.825679752024755, 8.300864337225518 ], [ -75.825758274053356, 8.300785815325739 ], [ -75.825851072910694, 8.300742985151309 ], [ -75.825972425633708, 8.30070015564114 ], [ -75.82604380990314, 8.300600218122957 ], [ -75.826129470366794, 8.30044317392572 ], [ -75.826136609188993, 8.300371789300979 ], [ -75.826115192735926, 8.300286127820071 ], [ -75.826079501554347, 8.300121945121859 ], [ -75.826079501858132, 8.300029145813008 ], [ -75.826158024075767, 8.299936348624856 ], [ -75.826265099924299, 8.299864964136546 ], [ -75.826300791138507, 8.299779303114976 ], [ -75.826257961429363, 8.299693643601822 ], [ -75.826193716017769, 8.299515183134584 ], [ -75.826222269114595, 8.299393830345398 ], [ -75.826329344606677, 8.299265339332692 ], [ -75.826543496305788, 8.299058327999571 ], [ -75.826714817886852, 8.298908422611921 ], [ -75.826857584718155, 8.298858451621273 ], [ -75.826986076159031, 8.298837035779792 ], [ -75.827093152310496, 8.298737098851079 ], [ -75.827178813418413, 8.298565779406616 ], [ -75.827243057761805, 8.298423011625568 ], [ -75.827364409916527, 8.298365903085452 ], [ -75.827492901400149, 8.298423011977187 ], [ -75.827592839198587, 8.298408734813112 ], [ -75.827671360663544, 8.298265968683305 ], [ -75.827785575427967, 8.298080368244491 ], [ -75.827928342697717, 8.297937601450514 ], [ -75.828128216562632, 8.297873357919833 ], [ -75.828270985338861, 8.297752002141419 ], [ -75.828320954311678, 8.297623510667389 ], [ -75.828320953791888, 8.297495019759161 ], [ -75.82824956963708, 8.297316560783063 ], [ -75.828270984888675, 8.297230899939297 ], [ -75.828363783755904, 8.297102408928666 ], [ -75.828485137045149, 8.296881122077949 ], [ -75.828570797354217, 8.296688383441577 ], [ -75.828563659309197, 8.296517064138014 ], [ -75.82850655222245, 8.296352879380283 ], [ -75.828477997530484, 8.296181557584081 ], [ -75.828499412641605, 8.295974548010911 ], [ -75.828585073619905, 8.295753257100454 ], [ -75.828656457674413, 8.295610490214361 ], [ -75.828720702673209, 8.295574795075906 ], [ -75.828763534156465, 8.295596213829311 ], [ -75.82879922512349, 8.295639041938296 ], [ -75.828892024267589, 8.295667594153619 ], [ -75.828977685392772, 8.295617627999743 ], [ -75.82901337718144, 8.295496275284037 ], [ -75.829006238791209, 8.295339232197673 ], [ -75.828941993072547, 8.295239292555626 ], [ -75.82883491731701, 8.295199137867799 ], [ -75.828722487804185, 8.295204491571106 ], [ -75.828647534845402, 8.295177723278227 ], [ -75.828610058337489, 8.295092062150861 ], [ -75.828620766243588, 8.294984988559593 ], [ -75.82869036476599, 8.294802957996756 ], [ -75.828759963682231, 8.294679820786369 ], [ -75.828824210381498, 8.294572744865421 ], [ -75.828920578130024, 8.294578101868181 ], [ -75.828968762189135, 8.294669112682701 ], [ -75.828968762283822, 8.294765481954185 ], [ -75.828936639051506, 8.29485649811912 ], [ -75.828952701307841, 8.294910033316658 ], [ -75.829011592401812, 8.294942156087862 ], [ -75.829150790706777, 8.294968928133386 ], [ -75.829236450719918, 8.294942156338012 ], [ -75.829300696748504, 8.294867204660965 ], [ -75.829322112203528, 8.294722653261307 ], [ -75.829343526794361, 8.294556683571345 ], [ -75.829402418644477, 8.294471025076687 ], [ -75.829509495095337, 8.29446567221277 ], [ -75.829557679038871, 8.29455133037656 ], [ -75.829605863187922, 8.294663759360876 ], [ -75.829712937694723, 8.294744067861457 ], [ -75.829814659828031, 8.294722652825184 ], [ -75.829836075916589, 8.294620929904003 ], [ -75.829782538115168, 8.294465671679015 ], [ -75.829702230863489, 8.294262226436246 ], [ -75.829696876667057, 8.294181917617843 ], [ -75.829745060597745, 8.29408555325937 ], [ -75.829820014091055, 8.293973122827175 ], [ -75.830132674782675, 8.293551421966129 ], [ -75.830184071590736, 8.293435779394265 ], [ -75.830209769830319, 8.293320138592412 ], [ -75.830241892853039, 8.293236617999128 ], [ -75.830222619131987, 8.293165949917999 ], [ -75.830151948729252, 8.293024607806005 ], [ -75.830139099687699, 8.292928240401462 ], [ -75.830132674601899, 8.29276120224679 ], [ -75.830151949097555, 8.292510644845697 ], [ -75.830100553356104, 8.292382153961382 ], [ -75.830042732181326, 8.292337181899875 ], [ -75.829959213189355, 8.29233718209586 ], [ -75.829888543220775, 8.292272937384867 ], [ -75.829869268656807, 8.292125171717133 ], [ -75.829862845306053, 8.291906740262206 ], [ -75.829772900686649, 8.291720425978157 ], [ -75.829612287341604, 8.291546965270417 ], [ -75.829464522537691, 8.291437745863698 ], [ -75.82926536242806, 8.291334953283412 ], [ -75.829066201103501, 8.291277132063019 ], [ -75.828944135037602, 8.291277131725883 ], [ -75.828809219139373, 8.291334952665157 ], [ -75.82864860611204, 8.291328528376908 ], [ -75.828475142983251, 8.291257858014971 ], [ -75.828314528896385, 8.29112936714542 ], [ -75.828153915923309, 8.290910934935106 ], [ -75.827768442557328, 8.290210661176049 ], [ -75.827556432794864, 8.289703120642276 ], [ -75.827530734804029, 8.28956177939515 ], [ -75.827524310300618, 8.289330494822041 ], [ -75.827550007566472, 8.288951447435645 ], [ -75.827588556045527, 8.288726591068199 ], [ -75.827569282315977, 8.288655919002549 ], [ -75.827479337596927, 8.288527427757186 ], [ -75.827325149007606, 8.2885210021803 ], [ -75.827151686996714, 8.288521002146931 ], [ -75.827048893941452, 8.288469609201705 ], [ -75.827016770725479, 8.288398937802246 ], [ -75.827055318819703, 8.288347541349369 ], [ -75.827145261868708, 8.288341115363664 ], [ -75.827293026824762, 8.288398938364065 ], [ -75.827350847931868, 8.288379663335943 ], [ -75.827408668069694, 8.288264024310624 ], [ -75.827382970017879, 8.288129104794759 ], [ -75.827318724744458, 8.288064860670474 ], [ -75.827235206107446, 8.288071285406366 ], [ -75.827145261838425, 8.288052010653011 ], [ -75.827036044598799, 8.287936371119805 ], [ -75.8270167706969, 8.287840000942392 ], [ -75.827016770965557, 8.287692236312378 ], [ -75.827068167905736, 8.287589443087187 ], [ -75.827170960053166, 8.287525200371544 ], [ -75.827228780917295, 8.287396708754542 ], [ -75.827222357345789, 8.287287489748241 ], [ -75.827170959713058, 8.287165426060648 ], [ -75.827170960188681, 8.286998385205489 ], [ -75.827209507616658, 8.286767101636928 ], [ -75.827254478664798, 8.286690006841312 ], [ -75.827344423196919, 8.286619336745764 ], [ -75.827395819276347, 8.286529395281535 ], [ -75.82740224406524, 8.286394481156361 ], [ -75.827402244060082, 8.286188895091144 ], [ -75.827415093153121, 8.286086103151728 ], [ -75.827479338302751, 8.286002580978295 ], [ -75.827594979567422, 8.285874089809086 ], [ -75.827652800563101, 8.285771297177313 ], [ -75.827736320128565, 8.285501467745069 ], [ -75.827896934100451, 8.285148117249291 ], [ -75.828102518617001, 8.284749795439909 ], [ -75.828243858721351, 8.284550635983942 ], [ -75.828385198670119, 8.284415717941366 ], [ -75.828449444710131, 8.284390019897788 ], [ -75.828487991848675, 8.284428569244112 ], [ -75.828545813275809, 8.284505662686577 ], [ -75.828629331837618, 8.284550635752526 ], [ -75.828693577139376, 8.284537784868306 ], [ -75.828732125117341, 8.284479964843994 ], [ -75.828751397583176, 8.284274379700868 ], [ -75.828777095862435, 8.2841715871081 ], [ -75.828873465237152, 8.284010975364414 ], [ -75.828937709677916, 8.283978849169145 ], [ -75.829008379581069, 8.284023821108557 ], [ -75.829111172660475, 8.284068793871276 ], [ -75.829213964715478, 8.284049518906334 ], [ -75.82928463531762, 8.283966001710155 ], [ -75.829297484707297, 8.283850358175313 ], [ -75.829271785621202, 8.283721867902033 ], [ -75.829207541244855, 8.283638348626761 ], [ -75.8291047477815, 8.283619074760011 ], [ -75.828982681728533, 8.28361265006034 ], [ -75.82889916268644, 8.283580528731482 ], [ -75.828764246987717, 8.283497007969839 ], [ -75.82868072798324, 8.283336394734713 ], [ -75.828622906632347, 8.283182206329252 ], [ -75.828597209330624, 8.283028016996385 ], [ -75.828616483266799, 8.282912376679471 ], [ -75.828674304279687, 8.282848129322099 ], [ -75.828783520716001, 8.282822430608507 ], [ -75.828847765933105, 8.282854554012811 ], [ -75.828886313789397, 8.282925224051112 ], [ -75.828918436314652, 8.282950922042311 ], [ -75.829008379824074, 8.282912377157858 ], [ -75.829098323644615, 8.282867404141385 ], [ -75.829201116154337, 8.282867403679878 ], [ -75.829316758033954, 8.282835281763296 ], [ -75.829355304554809, 8.282783886268195 ], [ -75.829342456321186, 8.282681093219056 ], [ -75.82925893709249, 8.282623270299464 ], [ -75.829143295986341, 8.282642544079728 ], [ -75.829021228799945, 8.282661818205664 ], [ -75.828937709984558, 8.282629696817098 ], [ -75.828924861131114, 8.282539750914857 ], [ -75.828982682064165, 8.282443382851694 ], [ -75.829085474668716, 8.282456233263366 ], [ -75.829188266908432, 8.282507628837704 ], [ -75.829265362352885, 8.282507628944096 ], [ -75.829323182676816, 8.2824690813529 ], [ -75.829323182642227, 8.282404837269809 ], [ -75.82925251339833, 8.282289193997512 ], [ -75.829130445798981, 8.28214143203162 ], [ -75.8290854754257, 8.282090035852598 ], [ -75.829091899121309, 8.282019364187702 ], [ -75.829162569348398, 8.281987243117918 ], [ -75.829278210991234, 8.282019363575976 ], [ -75.829342456057844, 8.282019364438506 ], [ -75.829361730195032, 8.281961544655218 ], [ -75.829361730324763, 8.281845900967257 ], [ -75.829271785851105, 8.281601769693561 ], [ -75.8291240216559, 8.28138975776435 ], [ -75.829091898708398, 8.281216298056263 ], [ -75.82907262577082, 8.280952889186402 ], [ -75.829117596886391, 8.280689483089366 ], [ -75.829220389989075, 8.280464622603374 ], [ -75.829368155161802, 8.280271889352324 ], [ -75.829509495377252, 8.280136972419488 ], [ -75.829740777559081, 8.279976357854601 ], [ -75.830017034349765, 8.279783623584501 ], [ -75.830184072006972, 8.279661555882546 ], [ -75.830312562958341, 8.279745074166206 ], [ -75.830441054166215, 8.279841443182804 ], [ -75.830511723905488, 8.279841442695421 ], [ -75.830620940662826, 8.279757926064082 ], [ -75.830685185791879, 8.279648705945263 ], [ -75.830710884081867, 8.279488093045797 ], [ -75.830717308811955, 8.279263233641613 ], [ -75.830775130217489, 8.279128317749596 ], [ -75.830871497616812, 8.27902552479031 ], [ -75.831006412887731, 8.27898698079308 ], [ -75.831089933157699, 8.278993403978607 ], [ -75.831224847763011, 8.279083346094639 ], [ -75.831366187995414, 8.279147593413809 ], [ -75.831507528024218, 8.279147593079179 ], [ -75.831655291644182, 8.279089773736869 ], [ -75.831899424560504, 8.278884185307465 ], [ -75.832047189772709, 8.278652904762817 ], [ -75.832162830610699, 8.27843446793346 ], [ -75.83223992554268, 8.278216036172125 ], [ -75.832336293715485, 8.27806826985416 ], [ -75.83244551110829, 8.277971901321974 ], [ -75.832567577567602, 8.277965477450399 ], [ -75.832638247582366, 8.278004022681973 ], [ -75.832683219936115, 8.278010447081229 ], [ -75.832747464650751, 8.277965477143901 ], [ -75.832792436646855, 8.277907657625587 ], [ -75.832824559626999, 8.277792014057844 ], [ -75.832843832929711, 8.277721342664369 ], [ -75.8329337766191, 8.277663523054974 ], [ -75.833100815033873, 8.277631401034743 ], [ -75.833222880706472, 8.277618549815084 ], [ -75.833261428706535, 8.277573577830227 ], [ -75.833306399794452, 8.277367992579196 ], [ -75.833422041923228, 8.277014645292507 ], [ -75.83355053327, 8.276693415995412 ], [ -75.833691872676766, 8.276391462058102 ], [ -75.833801089687199, 8.27626939912205 ], [ -75.834038798184082, 8.27603168832915 ], [ -75.834128742011174, 8.275922471024801 ], [ -75.834199412410641, 8.275742583925991 ], [ -75.834244384155951, 8.275607669801573 ], [ -75.834270081665281, 8.275511300147603 ], [ -75.83437287503898, 8.275408507398408 ], [ -75.834430696254472, 8.275357110607457 ], [ -75.8345142150024, 8.275337837236755 ], [ -75.834642706308486, 8.275350687813718 ], [ -75.834893262970695, 8.275376385650146 ], [ -75.83518236720063, 8.275357111289434 ], [ -75.835259461752699, 8.275318562983191 ], [ -75.835310858105203, 8.275260742066154 ], [ -75.835310858091432, 8.275183648445292 ], [ -75.835259461751747, 8.275087283014058 ], [ -75.835143820282255, 8.275003760792874 ], [ -75.835073150214939, 8.274920241906555 ], [ -75.835047452112576, 8.274823872925458 ], [ -75.835085999403532, 8.274746778573613 ], [ -75.835175943254868, 8.274721081126863 ], [ -75.835368678748495, 8.274695382313386 ], [ -75.83546504695056, 8.274682536034909 ], [ -75.835516443812566, 8.2746311386871 ], [ -75.835542142229599, 8.274528347308278 ], [ -75.835490746246165, 8.274444825404773 ], [ -75.835426500039119, 8.274406279234354 ], [ -75.835394376952706, 8.27434845933452 ], [ -75.835400801935293, 8.274290635983311 ], [ -75.835458622549353, 8.274264937918238 ], [ -75.835580689035311, 8.274264937981247 ], [ -75.835657784255787, 8.274207117177941 ], [ -75.835689906105429, 8.274136446820245 ], [ -75.835689906085761, 8.2740593523167 ], [ -75.835664208282665, 8.273975833238797 ], [ -75.835593538088531, 8.273879464579979 ], [ -75.835606386852575, 8.27377024779244 ], [ -75.835664208297175, 8.273667455214127 ], [ -75.835760576220352, 8.273558240147723 ], [ -75.836023983201187, 8.273429748701272 ], [ -75.836178172281052, 8.273333378656417 ], [ -75.836229567689557, 8.273269133288538 ], [ -75.836261690629328, 8.273211312764717 ], [ -75.836487834691809, 8.273131342430624 ], [ -75.836741204144644, 8.273004657326462 ], [ -75.837055382290131, 8.272867840233211 ], [ -75.837192201781946, 8.272842501888013 ], [ -75.837445571191736, 8.272857703163703 ], [ -75.837622929951095, 8.272903309702297 ], [ -75.837754681591647, 8.272994525004947 ], [ -75.837840827952064, 8.273116141180111 ], [ -75.837891500588725, 8.273232690311406 ], [ -75.837901636293694, 8.273470857292837 ], [ -75.837916837810937, 8.273698888825258 ], [ -75.838023253723165, 8.27395732700038 ], [ -75.838322229321975, 8.274479266934776 ], [ -75.838621204923129, 8.274970805019541 ], [ -75.838864439940266, 8.275502879084874 ], [ -75.839411534182744, 8.275327633964721 ], [ -75.846585545720075, 8.272940182788187 ], [ -75.846474621129005, 8.272119243684047 ], [ -75.84639445080046, 8.271466465699151 ], [ -75.846335766848611, 8.27096254413595 ], [ -75.846367799590666, 8.270484114923795 ], [ -75.84646210415039, 8.27001153363871 ], [ -75.846559189563038, 8.269658745832913 ], [ -75.846673844877259, 8.269402050789775 ], [ -75.849404516908464, 8.271057959639824 ], [ -75.850645114249048, 8.272314855270686 ], [ -75.852634648094266, 8.274111389296877 ], [ -75.853422595093591, 8.271758663645826 ], [ -75.865566467834725, 8.272615723328897 ], [ -75.865760121145684, 8.273017562118442 ], [ -75.865987390348266, 8.273374698169631 ], [ -75.866376993088195, 8.273959103029798 ], [ -75.866630236130561, 8.274166892091863 ], [ -75.866727637291888, 8.274251305832705 ], [ -75.866857503935464, 8.27444610768282 ], [ -75.866935425371878, 8.274660389885996 ], [ -75.867019839329203, 8.275011033295421 ], [ -75.86714970717469, 8.275212327891284 ], [ -75.867234120940722, 8.275335702173859 ], [ -75.867435416419127, 8.27543310385842 ], [ -75.867688658626548, 8.275530504694018 ], [ -75.867974368346268, 8.275582450810694 ], [ -75.868188650334289, 8.27555647795576 ], [ -75.86840942539763, 8.275485049970948 ], [ -75.86862370668986, 8.275374666386185 ], [ -75.86881201630176, 8.2751928486386 ], [ -75.86910421865214, 8.274725322812284 ], [ -75.86928603408289, 8.274394159921403 ], [ -75.869344474129932, 8.274290266364817 ], [ -75.869389927909822, 8.27424481160528 ], [ -75.869506809377228, 8.274199360582365 ], [ -75.869740571213867, 8.274147410881058 ], [ -75.869967839829414, 8.274108452094657 ], [ -75.870084721263908, 8.274056504351535 ], [ -75.870240561792428, 8.27395261028828 ], [ -75.870350949932572, 8.273835727951415 ], [ -75.870500297741302, 8.27371884666379 ], [ -75.870688607057886, 8.273640929608074 ], [ -75.870786007944872, 8.273965596351834 ], [ -75.870844448255113, 8.274212347323754 ], [ -75.870850940538929, 8.274543509727932 ], [ -75.870824967673883, 8.274790256553457 ], [ -75.870714580051526, 8.275413623926982 ], [ -75.870591206276373, 8.275965562678186 ], [ -75.870591206014794, 8.276160366166204 ], [ -75.870610686224865, 8.276446073026452 ], [ -75.870669126349895, 8.276933079056713 ], [ -75.870747046852586, 8.277296706911518 ], [ -75.87087691508242, 8.277725271257237 ], [ -75.870941848681667, 8.278030461670294 ], [ -75.870948342413783, 8.278296689798031 ], [ -75.870941848610173, 8.278614865580213 ], [ -75.870954835765332, 8.278751226557777 ], [ -75.871039250111295, 8.279075896622976 ], [ -75.871208078155519, 8.279517450883473 ], [ -75.871350932677927, 8.279868093316525 ], [ -75.871441839911611, 8.280127827429366 ], [ -75.871480801016702, 8.28026418759527 ], [ -75.871467814339866, 8.280387565971223 ], [ -75.871422359863118, 8.280861581906796 ], [ -75.871402879837404, 8.281348584860879 ], [ -75.871311972342951, 8.281874549882335 ], [ -75.871208077902708, 8.282407008287656 ], [ -75.871156131167069, 8.282634277019445 ], [ -75.871110677423815, 8.282718691806526 ], [ -75.87097431606449, 8.282835573090416 ], [ -75.870863928102096, 8.282971933422623 ], [ -75.870850941099562, 8.283049854784897 ], [ -75.870870421584613, 8.283140763415751 ], [ -75.870928861652757, 8.283244657770586 ], [ -75.87099379572463, 8.283413483809742 ], [ -75.871039249770263, 8.283601793341495 ], [ -75.871071717015298, 8.283861527634176 ], [ -75.871169118296237, 8.284335547614013 ], [ -75.871337946095878, 8.284958914697294 ], [ -75.871415867359175, 8.285445916864676 ], [ -75.871532747807791, 8.286069284314676 ], [ -75.87166261611182, 8.287010824220753 ], [ -75.871740536262379, 8.287764058108344 ], [ -75.87183144354168, 8.28848482570799 ], [ -75.871883390632547, 8.288828975018372 ], [ -75.871935337810768, 8.289023778142083 ], [ -75.872065205621823, 8.289413379749503 ], [ -75.872156113994706, 8.289679610182924 ], [ -75.872188580631487, 8.289828957349611 ], [ -75.872195073563503, 8.290108175429877 ], [ -75.872234033868011, 8.290380895251634 ], [ -75.872311955419804, 8.290738034615545 ], [ -75.872370396006218, 8.291108155611317 ], [ -75.872383381769197, 8.291309452053433 ], [ -75.872389875880643, 8.291705547740996 ], [ -75.872324941779638, 8.292322419797859 ], [ -75.872298968401012, 8.293030203438027 ], [ -75.872260008245462, 8.293465257335535 ], [ -75.872260008135285, 8.293647071800862 ], [ -75.872266501176881, 8.294426279790597 ], [ -75.872260007540703, 8.295244447823393 ], [ -75.872272994808228, 8.295971709587475 ], [ -75.872272994991519, 8.296582086067245 ], [ -75.872266500766727, 8.297289868419298 ], [ -75.87229247510426, 8.297796351048303 ], [ -75.87230546170359, 8.29811452685286 ], [ -75.872311954747531, 8.298315822108489 ], [ -75.872272995126266, 8.298491146224789 ], [ -75.872136633217536, 8.298893733960794 ], [ -75.871909365034597, 8.299354767802722 ], [ -75.87176651002541, 8.299659954802863 ], [ -75.871682096408904, 8.299809304211832 ], [ -75.871688589081032, 8.299900212990927 ], [ -75.871740536011387, 8.300133974243479 ], [ -75.87178598999192, 8.300419681656557 ], [ -75.87175352255818, 8.300588511258495 ], [ -75.871649628573721, 8.300848245921994 ], [ -75.871558721099973, 8.301114475684122 ], [ -75.871552227628698, 8.30128330323139 ], [ -75.871591188146084, 8.301465118687753 ], [ -75.871594646759036, 8.301693563716643 ], [ -75.871452451800963, 8.302070378383116 ], [ -75.871096965254182, 8.302838232369844 ], [ -75.871004539123959, 8.303293251651988 ], [ -75.870876563960792, 8.304302833083767 ], [ -75.870791246587615, 8.305020916090115 ], [ -75.870734369234455, 8.305675011298833 ], [ -75.870755697915556, 8.306634824809041 ], [ -75.870784137330205, 8.307047189105432 ], [ -75.870855235030859, 8.307260481808145 ], [ -75.871111184864617, 8.307672846189147 ], [ -75.871274708721955, 8.308021225326119 ], [ -75.871409794087853, 8.308469135362985 ], [ -75.871559097602187, 8.309052135042078 ], [ -75.871615975864756, 8.309642240622296 ], [ -75.871715511929708, 8.310424312270746 ], [ -75.871836376693608, 8.311199273085338 ], [ -75.871879036293691, 8.311568980073917 ], [ -75.871879036266307, 8.311867586262876 ], [ -75.871829268297418, 8.312450586960184 ], [ -75.871779499985166, 8.312969593610449 ], [ -75.87170129273062, 8.313531263898533 ], [ -75.871672854049123, 8.313879640363064 ], [ -75.871701292985776, 8.314292003991714 ], [ -75.871793719275558, 8.314747027710151 ], [ -75.871928803743856, 8.315386903333112 ], [ -75.872014120692697, 8.315870366766443 ], [ -75.872014120640472, 8.316133427949051 ], [ -75.871999901184964, 8.31647469167552 ], [ -75.871943023080149, 8.316837288090188 ], [ -75.871908206195855, 8.317066102612268 ], [ -75.872863412974482, 8.316957360155756 ], [ -75.877442425176909, 8.316436081355993 ], [ -75.878048656324893, 8.316472384761024 ], [ -75.878174227278379, 8.31984209564142 ], [ -75.882378798943165, 8.319567468697961 ], [ -75.882861776897812, 8.31819824082379 ], [ -75.887898240311443, 8.32339144199149 ], [ -75.8910464866007, 8.323942449799851 ], [ -75.891036507328963, 8.327936442416521 ], [ -75.892898037028417, 8.327568403338297 ], [ -75.897745772881962, 8.326591843581825 ], [ -75.89992686105181, 8.325200719073663 ], [ -75.901589149035516, 8.325886921427536 ], [ -75.906173689926561, 8.326163388950288 ], [ -75.907149200910453, 8.326222208393707 ], [ -75.914744714275983, 8.326687606195977 ], [ -75.915861925659769, 8.326754682289275 ], [ -75.915913440662322, 8.326808368412053 ], [ -75.915821987216916, 8.327084328671322 ], [ -75.917149505555841, 8.326877050095165 ], [ -75.917328735905528, 8.326887064158653 ], [ -75.918123088828978, 8.326934386842279 ], [ -75.918333450722514, 8.326943926606871 ], [ -75.919188320807152, 8.32699461416599 ], [ -75.919533855291206, 8.327015172803108 ], [ -75.919819076850814, 8.327033298160437 ], [ -75.920098950794568, 8.327045769804686 ], [ -75.920369905678555, 8.327063248687521 ], [ -75.920637969621012, 8.327077439952243 ], [ -75.921155338167992, 8.327115810173025 ], [ -75.921504905793995, 8.327130019987175 ], [ -75.921795725133705, 8.327132531625761 ], [ -75.933960115662487, 8.327596986335294 ], [ -75.942303454148416, 8.327998648154617 ], [ -75.953454932618328, 8.328385615007772 ], [ -75.969697334814384, 8.328889370578802 ], [ -75.969740395110961, 8.33588818381811 ], [ -75.976744009074906, 8.33595412999381 ], [ -75.977799778934724, 8.331823767265748 ], [ -75.977738426853463, 8.331774166061265 ], [ -75.977607210726219, 8.331712145278869 ], [ -75.977498994714225, 8.331640396702966 ], [ -75.977404788731207, 8.331572976591325 ], [ -75.977204291611727, 8.331526291342703 ], [ -75.977027847260018, 8.331520739235827 ], [ -75.976939334565969, 8.331504091798156 ], [ -75.976771207056501, 8.331452104303954 ], [ -75.976626750056496, 8.331422750021128 ], [ -75.976342089836038, 8.331345445930841 ], [ -75.976188547007865, 8.331325532177214 ], [ -75.976095205897465, 8.331299730764735 ], [ -75.975926597836164, 8.331224624622593 ], [ -75.975838182722796, 8.331212596917327 ], [ -75.975674116700731, 8.331132765320676 ], [ -75.975580779267631, 8.331106964635223 ], [ -75.975410634535351, 8.330957860884808 ], [ -75.975255267824821, 8.330850085644233 ], [ -75.975105117183389, 8.330769964987043 ], [ -75.974977487819203, 8.330656975813556 ], [ -75.974850239792389, 8.330562492939777 ], [ -75.974727438083534, 8.330458662853632 ], [ -75.974608603045169, 8.330322363686586 ], [ -75.974490056234785, 8.330199936310349 ], [ -75.974434718546362, 8.329992914238007 ], [ -75.97443145589834, 8.329835682061054 ], [ -75.974498151868431, 8.329695492021957 ], [ -75.974631923988738, 8.329433612011016 ], [ -75.97492454873192, 8.32922391505126 ], [ -75.975156971701097, 8.329020108036659 ], [ -75.975317295060705, 8.328919589898526 ], [ -75.975450363612893, 8.328847402783731 ], [ -75.975611263171885, 8.328774634588472 ], [ -75.975690206124483, 8.328777602326625 ], [ -75.975939235959174, 8.328785008639198 ], [ -75.984301266795541, 8.329033589126517 ], [ -75.984653050327736, 8.329059861985906 ], [ -76.008711527031323, 8.329725967722373 ], [ -76.062659827836384, 8.332306204603427 ], [ -76.063361593190535, 8.332339767421738 ], [ -76.063270711835514, 8.332607211395317 ], [ -76.063118474886338, 8.332864114652526 ], [ -76.062766424753903, 8.333263736699914 ], [ -76.061891057249355, 8.334129593281871 ], [ -76.061405799408021, 8.334567272777294 ], [ -76.06101568912031, 8.334928837963348 ], [ -76.060720728613575, 8.335166711357957 ], [ -76.060520915569569, 8.335404583913549 ], [ -76.060297222866822, 8.33584116361169 ], [ -76.060083233210491, 8.336460735134093 ], [ -76.059845360603546, 8.337288525932475 ], [ -76.059721667649896, 8.337983110025077 ], [ -76.059664577925119, 8.338554004129596 ], [ -76.059664578410604, 8.338944110756833 ], [ -76.059712152773002, 8.339239071646567 ], [ -76.059845360973497, 8.339667242806838 ], [ -76.060054688343982, 8.340228619765302 ], [ -76.060321103520323, 8.340694846674706 ], [ -76.060673153596142, 8.341246710006832 ], [ -76.061044234303324, 8.341922263702822 ], [ -76.061148896610405, 8.342188680825318 ], [ -76.061244045520766, 8.342493155706343 ], [ -76.061272591268036, 8.34268345400953 ], [ -76.061282106224482, 8.34285472106744 ], [ -76.061263076284277, 8.34306405027379 ], [ -76.061177441767342, 8.343425614653354 ], [ -76.061053748900278, 8.343787178618097 ], [ -76.060825391905595, 8.344300980998248 ], [ -76.060549460757002, 8.344719635427142 ], [ -76.060216441324542, 8.345157319277918 ], [ -76.059864391002193, 8.345518884133991 ], [ -76.059474280743018, 8.345813845149147 ], [ -76.059027082061419, 8.346089774996548 ], [ -76.058522794546661, 8.346327647866257 ], [ -76.05818977413837, 8.346460857700819 ], [ -76.057656941539776, 8.346603578036024 ], [ -76.057019446034957, 8.346736786122532 ], [ -76.056553218184334, 8.346822421805069 ], [ -76.056201167148274, 8.346908054020979 ], [ -76.055972810725507, 8.347031747699729 ], [ -76.055563672253683, 8.347355251735424 ], [ -76.055002294073944, 8.347811966282849 ], [ -76.054498006682309, 8.348344800043147 ], [ -76.054326739209102, 8.348563640328285 ], [ -76.054203045670221, 8.348791999600083 ], [ -76.054079353049488, 8.349105989041576 ], [ -76.05398420362701, 8.349562703253394 ], [ -76.053965173690415, 8.349943295698353 ], [ -76.053974688712586, 8.350295346186568 ], [ -76.054003234415774, 8.350542732182904 ], [ -76.05408886698784, 8.350761573698083 ], [ -76.054298193814702, 8.351075566794872 ], [ -76.054564611271104, 8.351389557247948 ], [ -76.05479296699518, 8.351608397333061 ], [ -76.055040354211613, 8.351770149626438 ], [ -76.055401918910604, 8.351922388283043 ], [ -76.055944265612965, 8.352103172227276 ], [ -76.05659127672709, 8.352283952784832 ], [ -76.056990900934238, 8.352360073072067 ], [ -76.057381011381267, 8.352407646603272 ], [ -76.057828209206875, 8.352426675620332 ], [ -76.05818025911239, 8.352417160990621 ], [ -76.058551339036953, 8.352369585938984 ], [ -76.058865330160813, 8.35233152736372 ], [ -76.059074657393793, 8.352322011951957 ], [ -76.059312528064453, 8.352322011749822 ], [ -76.059550399846202, 8.352350558857729 ], [ -76.059845360675226, 8.352464735922124 ], [ -76.06022595598597, 8.352597945584904 ], [ -76.060806362110313, 8.352721637007562 ], [ -76.061301135243781, 8.352854846779755 ], [ -76.061586581405606, 8.352949992548732 ], [ -76.061748334162644, 8.35307368665994 ], [ -76.061938631349577, 8.353378162972254 ], [ -76.062195533252421, 8.353768273567775 ], [ -76.062290680893042, 8.354006142850444 ], [ -76.062366800018793, 8.354148866169293 ], [ -76.062604671676738, 8.35404420309934 ], [ -76.06287108793984, 8.353863420010763 ], [ -76.063070900111725, 8.353682638352325 ], [ -76.063213622991015, 8.353492340421372 ], [ -76.063289741927846, 8.353378163403331 ], [ -76.063337315814039, 8.353225924973549 ], [ -76.063356345738271, 8.353026112350708 ], [ -76.063356345674052, 8.352826299780634 ], [ -76.063308771641871, 8.352521823726869 ], [ -76.063246120042805, 8.352245455082805 ], [ -76.06318132130302, 8.35204295965468 ], [ -76.063124622662869, 8.351913361702108 ], [ -76.063631636055845, 8.351353383311812 ], [ -76.063641499183404, 8.351328648018933 ], [ -76.063662231483292, 8.351292983815224 ], [ -76.063690407853173, 8.351260011800143 ], [ -76.063735159965418, 8.351231717087673 ], [ -76.063764945988325, 8.351220833291274 ], [ -76.063856683299321, 8.351192737770473 ], [ -76.063907799085044, 8.351174727064629 ], [ -76.064027792898671, 8.351137184612391 ], [ -76.064081196234525, 8.351118842609042 ], [ -76.064128828670277, 8.351099321736907 ], [ -76.064249709377265, 8.351044290269305 ], [ -76.06428547013553, 8.351030482943836 ], [ -76.064318234772145, 8.351020157101313 ], [ -76.064367179847068, 8.351008505005252 ], [ -76.064421801907969, 8.350999021088366 ], [ -76.064483013196224, 8.350991401885251 ], [ -76.064567576192232, 8.350983562978778 ], [ -76.064605482918509, 8.350981622965396 ], [ -76.064647989943012, 8.35098201037755 ], [ -76.064790485047567, 8.350991192213202 ], [ -76.064843327001185, 8.350992883056925 ], [ -76.064895277340014, 8.350990895698835 ], [ -76.064941444398286, 8.350984516186156 ], [ -76.065007986704316, 8.350969042627039 ], [ -76.06507257435652, 8.350949243046024 ], [ -76.065133871302649, 8.350925527207941 ], [ -76.065190913257283, 8.350898273081713 ], [ -76.065240220259966, 8.350868027224955 ], [ -76.06535321043097, 8.350786986215109 ], [ -76.065444580185641, 8.35072848350519 ], [ -76.065510383862431, 8.350688501298716 ], [ -76.065571115603277, 8.350654582127413 ], [ -76.065627795856813, 8.350626335842026 ], [ -76.065703241118996, 8.350594153361136 ], [ -76.065814920602222, 8.350552343685875 ], [ -76.06587086061937, 8.350533417062739 ], [ -76.066007805044904, 8.350491470355074 ], [ -76.066076851523604, 8.35046613196141 ], [ -76.06613571222762, 8.35043930192564 ], [ -76.066199659956794, 8.350405441813502 ], [ -76.066391202817002, 8.350290515009112 ], [ -76.066451262633734, 8.350256091296439 ], [ -76.066641300794444, 8.350156013148643 ], [ -76.066725815167871, 8.350107853268238 ], [ -76.06675969845125, 8.350085228029382 ], [ -76.066853652005719, 8.350016056464122 ], [ -76.066884261929545, 8.349997659471477 ], [ -76.066913067718204, 8.349984214917018 ], [ -76.066968348014953, 8.349963326950277 ], [ -76.067008643933789, 8.349951674754209 ], [ -76.067044225161538, 8.349946279831867 ], [ -76.067087546994046, 8.349950643099724 ], [ -76.067126917956699, 8.349966351606939 ], [ -76.06715272276638, 8.349982008911894 ], [ -76.067212066210075, 8.350022212442919 ], [ -76.067241119223766, 8.35004273332285 ], [ -76.067310006889585, 8.35009777673395 ], [ -76.067339458436905, 8.350116581190203 ], [ -76.067390644078813, 8.350140196315065 ], [ -76.06743455251366, 8.350154950598835 ], [ -76.067479195894876, 8.350165639976721 ], [ -76.067523239737739, 8.350171944959541 ], [ -76.067565932375274, 8.350174165060945 ], [ -76.067607999552607, 8.350172863957026 ], [ -76.067648079704753, 8.350168088348221 ], [ -76.067685280852942, 8.350159947262028 ], [ -76.067722460084738, 8.350147144404689 ], [ -76.067761478703346, 8.350128677657855 ], [ -76.067802675875257, 8.350104407941236 ], [ -76.067847512994689, 8.350073479012718 ], [ -76.067875546477453, 8.350050501440318 ], [ -76.067904515526394, 8.350021847106259 ], [ -76.068009968870271, 8.349900132857956 ], [ -76.068298941003846, 8.349591848667687 ], [ -76.06844565867739, 8.349441499495596 ], [ -76.068521578228328, 8.349367921230911 ], [ -76.068594275036943, 8.349300866099712 ], [ -76.068665058962964, 8.349239128416796 ], [ -76.068734626682911, 8.349182106371043 ], [ -76.068865956882675, 8.349078135228668 ], [ -76.068950403334597, 8.349015098775816 ], [ -76.069025912230714, 8.348964109499388 ], [ -76.069096700939539, 8.348922384892409 ], [ -76.069141756038192, 8.3488996412815 ], [ -76.069190147560462, 8.348878539031807 ], [ -76.069242387293386, 8.348858851875704 ], [ -76.069299517408993, 8.348840184968173 ], [ -76.069406683628571, 8.348810694704671 ], [ -76.069661267162118, 8.348749113920494 ], [ -76.069725467940629, 8.348731233429037 ], [ -76.069782664152015, 8.348713137060212 ], [ -76.07000475376482, 8.348635893918471 ], [ -76.070194297630209, 8.348565242215448 ], [ -76.070301267141588, 8.348522460601055 ], [ -76.070418993578897, 8.348472887738929 ], [ -76.070768195653869, 8.348318468914789 ], [ -76.071041754654772, 8.348196354795602 ], [ -76.071229838027477, 8.348108646851999 ], [ -76.071331559912764, 8.348057725023159 ], [ -76.071570499065345, 8.347932614376507 ], [ -76.071691543228695, 8.347873998907131 ], [ -76.071786387802064, 8.347832299685123 ], [ -76.071971486424161, 8.347756759697781 ], [ -76.072215495112786, 8.347664329644383 ], [ -76.07229810978049, 8.347634954312159 ], [ -76.072499450024495, 8.347566904945539 ], [ -76.072602171765794, 8.347528785244284 ], [ -76.072738471512963, 8.347473762428264 ], [ -76.072841147925672, 8.347429510881955 ], [ -76.072932276445286, 8.34738651104291 ], [ -76.073013898979497, 8.347343653654571 ], [ -76.073103341446412, 8.347291704504103 ], [ -76.07318964633572, 8.347237091347077 ], [ -76.073272316183136, 8.347180130709239 ], [ -76.073350949385684, 8.347121098611812 ], [ -76.073428021701929, 8.34705716639936 ], [ -76.073508521515492, 8.346983446378864 ], [ -76.073594487032693, 8.346898242848395 ], [ -76.073700746221121, 8.346786873003238 ], [ -76.073783117857289, 8.346696704713855 ], [ -76.073862811741961, 8.346604543885013 ], [ -76.073939594077927, 8.34651065981261 ], [ -76.074013250986141, 8.346415316215971 ], [ -76.074077731559655, 8.346326987482096 ], [ -76.074140983380175, 8.346235503718146 ], [ -76.074202921246879, 8.346140992096943 ], [ -76.074263443797889, 8.346043601604235 ], [ -76.074330165589515, 8.345928523805309 ], [ -76.074398056726665, 8.345801716638213 ], [ -76.074468892627991, 8.345660021631193 ], [ -76.074551497913944, 8.345485810617756 ], [ -76.074581316166018, 8.345417736060446 ], [ -76.074615410250715, 8.345331643037955 ], [ -76.074661270736058, 8.345211955078851 ], [ -76.074691191430162, 8.345139004561275 ], [ -76.074721481690375, 8.345072929728662 ], [ -76.0747520963006, 8.34501467704886 ], [ -76.074810256076375, 8.344911278509375 ], [ -76.074831233146512, 8.344879933523229 ], [ -76.074852203923257, 8.344853580325664 ], [ -76.074885875696054, 8.344816473621149 ], [ -76.074913220194205, 8.344790087198714 ], [ -76.074939331722931, 8.344769508140677 ], [ -76.074964616390318, 8.344754572444565 ], [ -76.074993388316102, 8.344743743848657 ], [ -76.075027888790899, 8.344736698612609 ], [ -76.075065403752063, 8.344733174064741 ], [ -76.075139148954889, 8.344730189593022 ], [ -76.075202807156444, 8.344728451851225 ], [ -76.075263770317321, 8.344730504133249 ], [ -76.075307088531375, 8.344734742898524 ], [ -76.075354229396609, 8.34474200448715 ], [ -76.075475530796524, 8.344768273940625 ], [ -76.07551117130069, 8.344778204728323 ], [ -76.075600545718359, 8.344807383321969 ], [ -76.075649874230834, 8.344818362645515 ], [ -76.075704194941295, 8.344824600619408 ], [ -76.075752729246275, 8.344826735796421 ], [ -76.075796823147954, 8.34482482369101 ], [ -76.075846653269025, 8.344816202644896 ], [ -76.075877905447442, 8.344805678232056 ], [ -76.075954464496164, 8.344769705878079 ], [ -76.075986509238163, 8.344757156560091 ], [ -76.07602168464615, 8.344747553203664 ], [ -76.07610181128527, 8.344730351642077 ], [ -76.076136149313101, 8.344720296633831 ], [ -76.076179691477137, 8.34470111470282 ], [ -76.076271759504095, 8.34465032405218 ], [ -76.076310839811896, 8.344633857885141 ], [ -76.076356875207381, 8.344621964347366 ], [ -76.07645586314608, 8.34460636385794 ], [ -76.076497866053458, 8.344597095092254 ], [ -76.076565624803479, 8.344577457522938 ], [ -76.076610119734482, 8.344560145025071 ], [ -76.076642546806823, 8.344544171499239 ], [ -76.076668914237487, 8.344529175802265 ], [ -76.076691284228261, 8.344513979827246 ], [ -76.076719755659937, 8.344486462248398 ], [ -76.076740299726936, 8.344457433012176 ], [ -76.076752138371162, 8.344433201986723 ], [ -76.076779629433503, 8.34436936913767 ], [ -76.076797620247589, 8.344337208730751 ], [ -76.076830788375489, 8.344285762308045 ], [ -76.076847938364637, 8.344261861416845 ], [ -76.076875804255238, 8.344233375316563 ], [ -76.076911449205539, 8.344212026304394 ], [ -76.076944314999409, 8.344202027869361 ], [ -76.076982564779826, 8.344195493741074 ], [ -76.077047240869604, 8.344188899776164 ], [ -76.077102054909588, 8.344186435270171 ], [ -76.077196785672783, 8.34418927675549 ], [ -76.077271984023014, 8.34419310947275 ], [ -76.077459481260561, 8.344210155558281 ], [ -76.077545662381681, 8.344214980021048 ], [ -76.077658682113267, 8.344220026032865 ], [ -76.07769135365244, 8.344218938977047 ], [ -76.077720130954361, 8.344215420656894 ], [ -76.077747098341902, 8.344209032873907 ], [ -76.077776502599988, 8.344198797414004 ], [ -76.077871665520689, 8.344155474559837 ], [ -76.077907252324138, 8.344141422851473 ], [ -76.078000093713342, 8.344110303648348 ], [ -76.078066160592499, 8.344090734148541 ], [ -76.078126398888131, 8.344076501675437 ], [ -76.078181608262639, 8.344067645197583 ], [ -76.078240936858919, 8.344063416783877 ], [ -76.078307126338586, 8.3440640128998 ], [ -76.078379782419645, 8.344069021833565 ], [ -76.0784931291211, 8.344080840590246 ], [ -76.078609316802812, 8.344092794461604 ], [ -76.078676671227541, 8.344102183841896 ], [ -76.078738250533007, 8.344114930858188 ], [ -76.078792092891959, 8.34413124233614 ], [ -76.078847359065549, 8.344153485993736 ], [ -76.07890181853908, 8.344180001105689 ], [ -76.078954296376253, 8.344210214860453 ], [ -76.079003665137662, 8.344243479075692 ], [ -76.079044401540472, 8.344276038685157 ], [ -76.079086499350922, 8.344315480687538 ], [ -76.079130682967957, 8.344362197051868 ], [ -76.079190124389299, 8.344430123445102 ], [ -76.079223362568925, 8.344472853081072 ], [ -76.079297095211828, 8.344579773443527 ], [ -76.079318371848629, 8.344606492263418 ], [ -76.079339165203947, 8.34462908519418 ], [ -76.079375874423491, 8.344662964653057 ], [ -76.079418907169838, 8.344697354288858 ], [ -76.079468984323356, 8.344733007552488 ], [ -76.079538180846754, 8.344778523577185 ], [ -76.079577110349675, 8.344802222478725 ], [ -76.079621736262339, 8.344826643364147 ], [ -76.079771108327776, 8.344900356579096 ], [ -76.079824432294771, 8.344928186097238 ], [ -76.080009945547943, 8.34503702821152 ], [ -76.08008575914269, 8.345077781044361 ], [ -76.08018254918764, 8.345124084420668 ], [ -76.080267655030255, 8.345161057286569 ], [ -76.080346919720043, 8.345191229578877 ], [ -76.080421890048029, 8.345215154949962 ], [ -76.080481989326373, 8.345230058368603 ], [ -76.080550228823085, 8.345242608623892 ], [ -76.080820520935944, 8.345278214763317 ], [ -76.081117234017995, 8.345321065640018 ], [ -76.081197765121459, 8.345336400936748 ], [ -76.081268969810353, 8.345353815772262 ], [ -76.081377078002745, 8.345379077094533 ], [ -76.081419041544308, 8.345391072590278 ], [ -76.081460242142043, 8.345408055787406 ], [ -76.081485351932017, 8.34542338131404 ], [ -76.081517235862577, 8.345450624646125 ], [ -76.08154132033728, 8.345477972045019 ], [ -76.081565700586935, 8.345511215199933 ], [ -76.081592482271148, 8.345553214010645 ], [ -76.081606676489002, 8.345578426258955 ], [ -76.081619818427598, 8.345605516327108 ], [ -76.081643073768745, 8.345665608149771 ], [ -76.081662533683129, 8.345734129746624 ], [ -76.081679057292249, 8.345814072710395 ], [ -76.081683417865037, 8.345850377761396 ], [ -76.08168476895365, 8.345894445009256 ], [ -76.081684390191171, 8.345928852251543 ], [ -76.081684012393694, 8.34596326671541 ], [ -76.081685638767155, 8.346010964454109 ], [ -76.081690922064396, 8.346049924446303 ], [ -76.081706761001982, 8.346120773073231 ], [ -76.081723305853558, 8.346176012144264 ], [ -76.081742649970479, 8.346222598758068 ], [ -76.08177219739396, 8.346270162308215 ], [ -76.081795860175149, 8.346296832507774 ], [ -76.081815188577096, 8.3463141268372 ], [ -76.081837549047336, 8.346331393046393 ], [ -76.081884947384182, 8.346362440062668 ], [ -76.08198907133665, 8.346423022870875 ], [ -76.082029360005507, 8.346445993348194 ], [ -76.082075187387929, 8.346468781543901 ], [ -76.082276277889392, 8.346554505923944 ], [ -76.082322318707782, 8.346576278535888 ], [ -76.082362496524468, 8.346597722678478 ], [ -76.082473415701855, 8.34666156063162 ], [ -76.082545759428356, 8.346706961917238 ], [ -76.082608338176058, 8.346751973839059 ], [ -76.082661086607757, 8.346797057767827 ], [ -76.082685988524346, 8.346822295000498 ], [ -76.082711911271886, 8.346852166277341 ], [ -76.08279843429483, 8.346964889362967 ], [ -76.082835024344121, 8.34700849239926 ], [ -76.082945485706176, 8.347134534812639 ], [ -76.083002454642283, 8.34719365726529 ], [ -76.083032726408817, 8.347221119872314 ], [ -76.083062266260754, 8.347244806445858 ], [ -76.083091587326336, 8.347265125953417 ], [ -76.083120964176487, 8.347282265117595 ], [ -76.083145124669798, 8.347293378774157 ], [ -76.083173584154949, 8.347303345665525 ], [ -76.083297489416154, 8.347336690949938 ], [ -76.083334080341999, 8.347351852771856 ], [ -76.083374176605602, 8.34737549143294 ], [ -76.083403084970072, 8.347397096385734 ], [ -76.083431973844995, 8.347422227485451 ], [ -76.083461118193725, 8.347451121150819 ], [ -76.083489916786817, 8.347483010356884 ], [ -76.083520038752312, 8.34751958275073 ], [ -76.083593680881251, 8.347618564821421 ], [ -76.083618727601177, 8.347655756868788 ], [ -76.083642604844201, 8.347696192144824 ], [ -76.083665566346511, 8.347740292479608 ], [ -76.083688066235524, 8.347788925443256 ], [ -76.083723563962678, 8.347876535904081 ], [ -76.08378823567304, 8.348054449203602 ], [ -76.083816713748632, 8.34812800310573 ], [ -76.083854279708987, 8.348226863079981 ], [ -76.083920625159891, 8.348419966989129 ], [ -76.083949161859508, 8.348498664818507 ], [ -76.083981776286606, 8.348579232126523 ], [ -76.084014792059776, 8.348649786699161 ], [ -76.084076113039515, 8.348764592376202 ], [ -76.084140198684622, 8.348872003705418 ], [ -76.08418277695155, 8.348937022146432 ], [ -76.084225772292612, 8.348997842639962 ], [ -76.084261060617877, 8.349043628809403 ], [ -76.084299956975528, 8.34908993717317 ], [ -76.084342855257759, 8.349137243588354 ], [ -76.084390572798114, 8.349186449839918 ], [ -76.084483407431662, 8.349275499202735 ], [ -76.084710577807741, 8.349483109774628 ], [ -76.08488721228521, 8.349647712319731 ], [ -76.085044079320738, 8.349788821531751 ], [ -76.085191416936055, 8.349915638901335 ], [ -76.085332314253861, 8.350030778986509 ], [ -76.085413193544355, 8.350093531366825 ], [ -76.085504891153562, 8.350161845301395 ], [ -76.085842328776138, 8.350404405335698 ], [ -76.086180449121514, 8.350643277287782 ], [ -76.086265527165509, 8.350706642754096 ], [ -76.086339913842068, 8.350765587851596 ], [ -76.086558164336338, 8.350939529005485 ], [ -76.086614413641897, 8.350986955871189 ], [ -76.086663109441631, 8.351030810832764 ], [ -76.086712556131644, 8.351079346183209 ], [ -76.086756066794919, 8.351126925694356 ], [ -76.08679439923668, 8.351174380224585 ], [ -76.086827911783132, 8.351222162413341 ], [ -76.086869694905829, 8.351285776840012 ], [ -76.086891775271269, 8.351322626551898 ], [ -76.08690926579537, 8.351357791543995 ], [ -76.086920956585644, 8.351389950200435 ], [ -76.086927314060134, 8.351420493193732 ], [ -76.086929424724161, 8.351453397082274 ], [ -76.086926179604291, 8.351498210200466 ], [ -76.086916279415007, 8.351549282310494 ], [ -76.086902790631157, 8.351598382670575 ], [ -76.086867771982313, 8.351710738323268 ], [ -76.086854590695879, 8.351762135136166 ], [ -76.086840895307915, 8.351815307990236 ], [ -76.086806028198211, 8.351925821761352 ], [ -76.086792771842099, 8.351973442868662 ], [ -76.08678278275957, 8.352023827107891 ], [ -76.086779008599223, 8.352073130910854 ], [ -76.086779970703546, 8.352109279682944 ], [ -76.086782953905342, 8.352142718045405 ], [ -76.086794915820974, 8.352213725504114 ], [ -76.086814939826809, 8.352290781352492 ], [ -76.086843695104875, 8.352376482837498 ], [ -76.086868081512947, 8.352441644422026 ], [ -76.086886855605144, 8.352485294462134 ], [ -76.086906525230148, 8.35252259850807 ], [ -76.086933101976499, 8.352559615523148 ], [ -76.086960049897201, 8.352588105643122 ], [ -76.086980295889191, 8.352604441739967 ], [ -76.087003614104489, 8.352620544220976 ], [ -76.087043114903139, 8.352643825425659 ], [ -76.087144424786217, 8.352696214794699 ], [ -76.087188657996236, 8.352721767841405 ], [ -76.087345110594455, 8.35281834656867 ], [ -76.08741262937248, 8.352861958653989 ], [ -76.087471554769891, 8.352904417876228 ], [ -76.087613502154852, 8.353014984960536 ], [ -76.087654403662995, 8.353043649846533 ], [ -76.08769251677451, 8.353067452340785 ], [ -76.087730734659559, 8.353087157834301 ], [ -76.087830149462263, 8.353131383846769 ], [ -76.0878567629386, 8.353145955981759 ], [ -76.08787921911815, 8.353161005150808 ], [ -76.087902062773551, 8.353180671578849 ], [ -76.087924617636517, 8.35320537802332 ], [ -76.087947308319286, 8.353235236834928 ], [ -76.088011342765583, 8.353327468925739 ], [ -76.088033871333721, 8.353354135547445 ], [ -76.088056268719129, 8.353375546747301 ], [ -76.088083428003159, 8.353395597853121 ], [ -76.088149608231191, 8.353437316236828 ], [ -76.088177566543152, 8.353459629218628 ], [ -76.088204952036676, 8.353487438960181 ], [ -76.088230411181854, 8.353517199321468 ], [ -76.088253276339913, 8.353548123930869 ], [ -76.088273109128579, 8.353579618908698 ], [ -76.088289498423407, 8.353610979919264 ], [ -76.088302378362897, 8.353642024039631 ], [ -76.088311620366099, 8.353672438713067 ], [ -76.088317670639512, 8.353710613414357 ], [ -76.088316434380033, 8.353745829570842 ], [ -76.088308167966417, 8.353804781257065 ], [ -76.088307154272371, 8.353834728390531 ], [ -76.088314027367772, 8.35389109857776 ], [ -76.088323902627494, 8.353933837493974 ], [ -76.08833715969871, 8.353970140527634 ], [ -76.088353795617195, 8.35399997697791 ], [ -76.088373844000614, 8.354023583334213 ], [ -76.088401163322985, 8.354046551885741 ], [ -76.088434390543483, 8.354068509227723 ], [ -76.088493741269531, 8.354102721014048 ], [ -76.088562971171669, 8.354135325800973 ], [ -76.088587091865648, 8.354149499836065 ], [ -76.088620518962358, 8.354174139388636 ], [ -76.088643456176129, 8.354194382430508 ], [ -76.088663616637447, 8.35422138826268 ], [ -76.088677418098897, 8.354257222551208 ], [ -76.088679561780296, 8.354288180587044 ], [ -76.088676846127143, 8.354318956078577 ], [ -76.088666663123121, 8.354354233949911 ], [ -76.088649315105712, 8.354381821814572 ], [ -76.088594281221262, 8.354436560849265 ], [ -76.088576972257158, 8.354456662702287 ], [ -76.088538293567183, 8.354513642458507 ], [ -76.088483127971983, 8.354605365562055 ], [ -76.088417984791647, 8.354710633434427 ], [ -76.088401376695174, 8.354742890927026 ], [ -76.088386083712649, 8.354783841055013 ], [ -76.088378564342051, 8.354820234003025 ], [ -76.088375864415909, 8.354850127431595 ], [ -76.088371230862862, 8.354942365951867 ], [ -76.088367043658593, 8.354971088135912 ], [ -76.08836063364015, 8.354996028796544 ], [ -76.088347574345576, 8.355032230056869 ], [ -76.08833204558843, 8.35506801143276 ], [ -76.088314357498462, 8.355102658438687 ], [ -76.088294854995439, 8.35513549607731 ], [ -76.088245849252374, 8.355211083694648 ], [ -76.088227466569236, 8.355235528668791 ], [ -76.088203023885285, 8.355261720695069 ], [ -76.088166067313878, 8.355289780646922 ], [ -76.088124091994359, 8.355303403554966 ], [ -76.088029525982975, 8.355301441823984 ], [ -76.087932680601611, 8.355290704595143 ], [ -76.087892660052916, 8.355295383404322 ], [ -76.08786373961712, 8.355306938057778 ], [ -76.087792567716406, 8.355351791682901 ], [ -76.087761496540153, 8.355366878261879 ], [ -76.087704488826162, 8.35538552251522 ], [ -76.087658611083725, 8.355394547429363 ], [ -76.087626253204277, 8.355394406951179 ], [ -76.087555198272568, 8.355384613205727 ], [ -76.087527777976575, 8.355384911294157 ], [ -76.087491412411708, 8.355390541980105 ], [ -76.087458609793813, 8.355398684968961 ], [ -76.087430103610927, 8.355409154712737 ], [ -76.08739944041757, 8.355427316770223 ], [ -76.087376820957331, 8.355455295481979 ], [ -76.087340039953375, 8.355524814607286 ], [ -76.087312510415657, 8.355561385458188 ], [ -76.08723822925721, 8.355604553613965 ], [ -76.08720831849368, 8.35563231905051 ], [ -76.087182396673143, 8.355664383571003 ], [ -76.08715427327148, 8.355712543661081 ], [ -76.087115483251708, 8.355793464275882 ], [ -76.08708356454575, 8.355862163806139 ], [ -76.087064756439545, 8.3559113111518 ], [ -76.087053308113681, 8.355955885584372 ], [ -76.087049532970326, 8.355997086492447 ], [ -76.087052734053913, 8.35603478377023 ], [ -76.087061583102638, 8.35607521473702 ], [ -76.087076027712541, 8.35611909909467 ], [ -76.087095850289472, 8.356165766235431 ], [ -76.08711216661824, 8.356194298574142 ], [ -76.087133431910573, 8.356220793438116 ], [ -76.087159863420297, 8.356245531968348 ], [ -76.087191961190129, 8.35626898737959 ], [ -76.087223608321381, 8.356287985960558 ], [ -76.08726113158697, 8.356307350724149 ], [ -76.087403346783177, 8.356370705845212 ], [ -76.087459055397787, 8.356398294467724 ], [ -76.087486922980133, 8.356414351373715 ], [ -76.087511626422881, 8.356430610092298 ], [ -76.087533613566748, 8.356447367134686 ], [ -76.087553096211693, 8.35646478711667 ], [ -76.087608625109795, 8.356520605767299 ], [ -76.087652820692909, 8.356569319956376 ], [ -76.087689993155635, 8.356615694338815 ], [ -76.087720846912475, 8.356660691210793 ], [ -76.087742143288523, 8.356696658579949 ], [ -76.087761862075496, 8.356733929558692 ], [ -76.087779662482589, 8.356771859805708 ], [ -76.087795247361171, 8.356809816386312 ], [ -76.087805176112937, 8.356840661245332 ], [ -76.087812193254763, 8.356873473460471 ], [ -76.087816361765746, 8.356908530859894 ], [ -76.087817741952207, 8.356946348044877 ], [ -76.087816345192849, 8.356988024650475 ], [ -76.087812082333656, 8.357035144541374 ], [ -76.087785376715985, 8.357231574670621 ], [ -76.087782186418593, 8.357271558316031 ], [ -76.087781135027541, 8.357307775174966 ], [ -76.08778425426523, 8.357364103295204 ], [ -76.087790390648379, 8.357398906767155 ], [ -76.087814155477247, 8.357488052725586 ], [ -76.087833463807385, 8.357545554753617 ], [ -76.087854350643781, 8.357595414159695 ], [ -76.087877281011416, 8.357638496608995 ], [ -76.087899962649132, 8.357671191908722 ], [ -76.087929411672164, 8.357704972032966 ], [ -76.087960232628589, 8.357735412448852 ], [ -76.08803694505103, 8.357806246580051 ], [ -76.088073050010976, 8.357843779005973 ], [ -76.08810984141931, 8.357890245721771 ], [ -76.088136509324855, 8.357913984664155 ], [ -76.088171120506701, 8.357928894503001 ], [ -76.088203276010901, 8.357934421200449 ], [ -76.08824269292262, 8.357934979927386 ], [ -76.088333441672248, 8.357928675831882 ], [ -76.088371940270619, 8.357928303746128 ], [ -76.088504771148962, 8.357931244924984 ], [ -76.088689736292636, 8.357929097990397 ], [ -76.088942126748094, 8.357920422303682 ], [ -76.089055498337913, 8.35791918690812 ], [ -76.08912906502097, 8.357920890228758 ], [ -76.089216911935367, 8.357923219331813 ], [ -76.089255274010341, 8.357925677503665 ], [ -76.089293037761649, 8.357931197338811 ], [ -76.089334950414766, 8.357943922858945 ], [ -76.089364069594765, 8.3579579320921 ], [ -76.089404515132969, 8.357985293470623 ], [ -76.089440743714221, 8.358015814363901 ], [ -76.089530537725267, 8.358098755769328 ], [ -76.089615222165605, 8.358175896884827 ], [ -76.089754326013633, 8.358313414578587 ], [ -76.089865544657528, 8.358430811135909 ], [ -76.089894643299715, 8.358458444546585 ], [ -76.08992214890884, 8.358481390607761 ], [ -76.089981266188943, 8.358525823794208 ], [ -76.09002665478188, 8.35855579860319 ], [ -76.090068959760032, 8.358578347051056 ], [ -76.090108807021352, 8.358593562744039 ], [ -76.090141902503234, 8.358600923511029 ], [ -76.090180265909382, 8.358604581580991 ], [ -76.090323763826362, 8.358603405773932 ], [ -76.090359809867294, 8.358603150232907 ], [ -76.090400394583071, 8.358600146507047 ], [ -76.090581809711196, 8.358574455972137 ], [ -76.090623657138806, 8.358570492636701 ], [ -76.090660259768384, 8.358569251373604 ], [ -76.090701373902959, 8.358571485451975 ], [ -76.090738008871341, 8.358578031432886 ], [ -76.090770918860073, 8.358589027099052 ], [ -76.090800457818474, 8.358604597999909 ], [ -76.090843323310196, 8.35863356136888 ], [ -76.090874275931469, 8.358658687965461 ], [ -76.090897311781092, 8.358683218605494 ], [ -76.090915513337606, 8.358718692070862 ], [ -76.090925291688364, 8.358777035449243 ], [ -76.090921932108856, 8.358823006895381 ], [ -76.090911943280986, 8.358874828777184 ], [ -76.090901091788311, 8.358906995269722 ], [ -76.09088351880601, 8.358941483331638 ], [ -76.090863289276129, 8.358973230662341 ], [ -76.090808681731104, 8.359051436826384 ], [ -76.090788255518234, 8.35907952869486 ], [ -76.09072381540193, 8.35915824637482 ], [ -76.090707301224626, 8.359184439851472 ], [ -76.090696120747708, 8.35920940516136 ], [ -76.090687815701301, 8.359237483596564 ], [ -76.090681776956743, 8.359268061834511 ], [ -76.090678096212358, 8.359300686438454 ], [ -76.090676966738343, 8.359341804218271 ], [ -76.090679008008237, 8.359380563127159 ], [ -76.090682797975347, 8.359410257582436 ], [ -76.090691181013071, 8.359445485215662 ], [ -76.090706742027521, 8.35948381131135 ], [ -76.090722919924104, 8.359504625608741 ], [ -76.090744199336996, 8.359523417451037 ], [ -76.090771021637664, 8.35954058279205 ], [ -76.090796968259198, 8.359553478084957 ], [ -76.090828134792545, 8.359566248526409 ], [ -76.090940135032469, 8.359604298612199 ], [ -76.090981514273281, 8.359620006415657 ], [ -76.09101943751682, 8.359637913567486 ], [ -76.091050181948404, 8.359657104881956 ], [ -76.091107418723311, 8.359696721675506 ], [ -76.091128308754648, 8.359716069554104 ], [ -76.091153006836393, 8.359752322621944 ], [ -76.091167777221443, 8.359788182523669 ], [ -76.091177300602098, 8.359827290442873 ], [ -76.091180545256634, 8.359868602620365 ], [ -76.091176205678536, 8.359901898344081 ], [ -76.091164911704311, 8.359935596346867 ], [ -76.091147434833246, 8.359971915338006 ], [ -76.091114675258268, 8.360029617198846 ], [ -76.091097896077628, 8.360056952247083 ], [ -76.091077380917142, 8.36008619154547 ], [ -76.091011506665694, 8.360168988674113 ], [ -76.09094400075449, 8.360249341583993 ], [ -76.090880274787551, 8.360317602349127 ], [ -76.090849809428661, 8.36034670799893 ], [ -76.090758482608265, 8.360429002013749 ], [ -76.09071740850537, 8.360473650855388 ], [ -76.090641610731552, 8.360569956251856 ], [ -76.090608641925797, 8.36060826689387 ], [ -76.090571071282241, 8.360644078826841 ], [ -76.090545540070295, 8.360662481220428 ], [ -76.090507838290435, 8.360683386047217 ], [ -76.090477572779321, 8.360694802421863 ], [ -76.090357373580019, 8.360727112696102 ], [ -76.090309030678938, 8.360744377738065 ], [ -76.090274018122813, 8.360762616591924 ], [ -76.090236829866924, 8.360787549395745 ], [ -76.090202078887728, 8.360814800841192 ], [ -76.090118708795899, 8.360884829026025 ], [ -76.090073854449528, 8.360917611069342 ], [ -76.090049886511977, 8.360931978250365 ], [ -76.090026726826977, 8.360943327303465 ], [ -76.089995779138675, 8.360953617637659 ], [ -76.089941780973618, 8.360963096880594 ], [ -76.089896822323368, 8.360964805595529 ], [ -76.089845933505273, 8.360962984083081 ], [ -76.089775712711372, 8.360957148837381 ], [ -76.089720629644589, 8.360951470857449 ], [ -76.08967844028345, 8.360945472499887 ], [ -76.089641002860816, 8.360937992987273 ], [ -76.08960753704217, 8.360928800764928 ], [ -76.089555933021686, 8.360910489881107 ], [ -76.089511133056703, 8.360890541737341 ], [ -76.089472375904364, 8.360868614387217 ], [ -76.089431492080436, 8.360837151345196 ], [ -76.089407003099893, 8.360811310879152 ], [ -76.089346312854687, 8.360732665789437 ], [ -76.08928457479665, 8.360650355600347 ], [ -76.089265378472305, 8.3606267075353 ], [ -76.089240633716017, 8.360601682319315 ], [ -76.089215829579814, 8.360583399574843 ], [ -76.089171848290619, 8.360560136771921 ], [ -76.089129397422553, 8.360544091974859 ], [ -76.089090890368738, 8.360536165320195 ], [ -76.089065199944343, 8.360535870895584 ], [ -76.089025889490443, 8.360545974390764 ], [ -76.088944743838752, 8.360592032377166 ], [ -76.088923101338025, 8.360606276503523 ], [ -76.088866865558884, 8.360649032225224 ], [ -76.08884075602613, 8.360662800703272 ], [ -76.088805781023467, 8.360672000104724 ], [ -76.088774707721157, 8.360673838736444 ], [ -76.088739948790817, 8.360672113317074 ], [ -76.088682841324911, 8.360665847363526 ], [ -76.088633316647318, 8.360658548032982 ], [ -76.088580070786321, 8.360646971955234 ], [ -76.088554931148877, 8.360638966100646 ], [ -76.088527616698386, 8.360626828652714 ], [ -76.088438207889965, 8.360576050814164 ], [ -76.088404397743943, 8.360559427863295 ], [ -76.088348960899779, 8.360545467005533 ], [ -76.088290985276103, 8.36054383076249 ], [ -76.088254470338015, 8.360549096879419 ], [ -76.088220797634676, 8.360568582065952 ], [ -76.088207908762882, 8.360603382323937 ], [ -76.088204385721212, 8.360638772677415 ], [ -76.088209549178657, 8.360676055148561 ], [ -76.088229729308196, 8.360710795845391 ], [ -76.088249866450965, 8.360731440179565 ], [ -76.088299608523542, 8.360775778733851 ], [ -76.088317978937823, 8.360795256719204 ], [ -76.088457737683768, 8.360972473451881 ], [ -76.088511253808903, 8.36104011520769 ], [ -76.088541602664776, 8.361075078228184 ], [ -76.08859850998499, 8.361131711597935 ], [ -76.088653509176154, 8.361177753008137 ], [ -76.088683668347471, 8.361198311758253 ], [ -76.088719205387221, 8.361218405578606 ], [ -76.088842539559394, 8.361276212297293 ], [ -76.088886880189804, 8.361299352123249 ], [ -76.088971994877227, 8.361343588499816 ], [ -76.089001162350144, 8.361360119337162 ], [ -76.089031128563164, 8.361380713895143 ], [ -76.0890548679982, 8.361402165867736 ], [ -76.08908079623383, 8.361432976833955 ], [ -76.089104157917788, 8.361467747699221 ], [ -76.089123770477102, 8.361504714777571 ], [ -76.089141470355216, 8.361554465145888 ], [ -76.089146134202934, 8.361596495548879 ], [ -76.08914080709512, 8.361695627839739 ], [ -76.089144953568749, 8.361735101388165 ], [ -76.089158320091627, 8.36177577609053 ], [ -76.089172835817124, 8.361805113858443 ], [ -76.089190897717174, 8.361834594693756 ], [ -76.089212305380215, 8.361863887625088 ], [ -76.089236924567615, 8.361892768696118 ], [ -76.089264222903537, 8.361920577896779 ], [ -76.089293662543724, 8.361946767310499 ], [ -76.089324500567812, 8.361970672247981 ], [ -76.089362838741039, 8.361993417024767 ], [ -76.089442408959357, 8.362029159038473 ], [ -76.089473866226655, 8.362045518297846 ], [ -76.089529355501412, 8.362078421361073 ], [ -76.089565766492868, 8.362101975469212 ], [ -76.089597040013118, 8.362125182076493 ], [ -76.089623160738711, 8.362148284381613 ], [ -76.089659362401434, 8.362188562748566 ], [ -76.08969333293534, 8.362236445456121 ], [ -76.089724844853336, 8.362291619818613 ], [ -76.08975350441186, 8.36235340124993 ], [ -76.089766581048707, 8.362390439236789 ], [ -76.089777156642143, 8.362433300811425 ], [ -76.089799240176646, 8.362574909082056 ], [ -76.089808906356907, 8.362623493241728 ], [ -76.089843887288623, 8.362759826457125 ], [ -76.089883003133892, 8.362893632398483 ], [ -76.089906161334881, 8.362963913005359 ], [ -76.089966517132552, 8.363135865971808 ], [ -76.090025807325873, 8.363293262487931 ], [ -76.090042845854541, 8.363342188379685 ], [ -76.090059053732134, 8.363400036909566 ], [ -76.090068538287781, 8.363452618327223 ], [ -76.090071266480933, 8.363483659369784 ], [ -76.090072155924119, 8.363518442276527 ], [ -76.090067915844699, 8.363669310722431 ], [ -76.090071311026932, 8.363801511852222 ], [ -76.090076759870669, 8.363899457370772 ], [ -76.090085348710559, 8.364005753199859 ], [ -76.090095009113185, 8.364076371550947 ], [ -76.090105831224577, 8.36412366618673 ], [ -76.090138530807153, 8.364232069573866 ], [ -76.090150575906833, 8.364281301064661 ], [ -76.090161826905813, 8.364350417780033 ], [ -76.090169752944206, 8.364426733534684 ], [ -76.090174674254015, 8.364511850676271 ], [ -76.090177751356805, 8.364625790050201 ], [ -76.090180318250134, 8.364707937291291 ], [ -76.090177422581277, 8.364756111813044 ], [ -76.090169094533067, 8.364798533827987 ], [ -76.090155433997978, 8.364843383141574 ], [ -76.090136370491535, 8.364890926876949 ], [ -76.090111524115926, 8.364942122241613 ], [ -76.09008153752157, 8.364994123187776 ], [ -76.090047520240262, 8.365043226082612 ], [ -76.090010366759543, 8.365088143481621 ], [ -76.089970849166903, 8.365127944928794 ], [ -76.089936645287381, 8.365157530812921 ], [ -76.089903460841541, 8.365182803815745 ], [ -76.089871171362958, 8.365203858888339 ], [ -76.08983975515558, 8.365220706140185 ], [ -76.089799062638832, 8.365236477422545 ], [ -76.089751328429656, 8.365248268148893 ], [ -76.089698061776375, 8.3652563466392 ], [ -76.089607130770474, 8.365265506742565 ], [ -76.089567536807351, 8.365267438405819 ], [ -76.089468753188186, 8.365266208467734 ], [ -76.089429775139777, 8.365270073594207 ], [ -76.089385653089849, 8.365281170056544 ], [ -76.089350762970554, 8.365295424811698 ], [ -76.089243738384027, 8.365351935471853 ], [ -76.089207277965471, 8.36536922876587 ], [ -76.089087980317032, 8.365417800259037 ], [ -76.088949330889179, 8.365474614174 ], [ -76.088908003440736, 8.365489504789672 ], [ -76.088870447744782, 8.365501036924876 ], [ -76.088806446447435, 8.365517235260269 ], [ -76.088745638636198, 8.365529465160792 ], [ -76.088687559568655, 8.365537819720483 ], [ -76.088631990799001, 8.365542327756733 ], [ -76.088561269110286, 8.365540172479767 ], [ -76.088525012910694, 8.365544014442463 ], [ -76.088498138630257, 8.365551853926284 ], [ -76.088460149333528, 8.365570081732269 ], [ -76.088422105458761, 8.365594508892226 ], [ -76.088351313042239, 8.365646350790762 ], [ -76.088320676131943, 8.365670335996148 ], [ -76.088255103818625, 8.365727940216836 ], [ -76.088224863275684, 8.365750756632311 ], [ -76.088190274001207, 8.36577153681618 ], [ -76.088115656095439, 8.365809569440021 ], [ -76.088084462772741, 8.365827201918549 ], [ -76.088003104691566, 8.365884662042657 ], [ -76.087972104041867, 8.365903717137897 ], [ -76.087922163288397, 8.365929026141348 ], [ -76.087879490119818, 8.36594702847249 ], [ -76.087840206577155, 8.365959352070888 ], [ -76.087803696701684, 8.365966130067667 ], [ -76.087770423516091, 8.36596797150801 ], [ -76.087733964370017, 8.365966219695284 ], [ -76.087694039790719, 8.365960874101729 ], [ -76.087649505305507, 8.365951783727862 ], [ -76.087614765472324, 8.365941377909753 ], [ -76.087530434655321, 8.36590959473741 ], [ -76.087436572069677, 8.365880015001782 ], [ -76.087405003826603, 8.365872299796036 ], [ -76.087376312626219, 8.365867319995974 ], [ -76.087341732614092, 8.365863953119288 ], [ -76.087304748037937, 8.365862769237223 ], [ -76.087265092947632, 8.365863756873226 ], [ -76.087222085135949, 8.3658669331054 ], [ -76.087146253433687, 8.365874620160273 ], [ -76.08711560435512, 8.365883142394843 ], [ -76.087080515917378, 8.365902424565258 ], [ -76.087059371017432, 8.365925047849748 ], [ -76.087041843224839, 8.365950362809684 ], [ -76.087003627421097, 8.366013564400303 ], [ -76.086983293406803, 8.366040872118122 ], [ -76.086870827906111, 8.366159276873939 ], [ -76.086798926033651, 8.366239875526944 ], [ -76.086779681878966, 8.366266393985818 ], [ -76.086765336741834, 8.366291662387685 ], [ -76.086753564804866, 8.366318876089222 ], [ -76.086743616446341, 8.366348133118999 ], [ -76.086735689427158, 8.366378851797824 ], [ -76.086729986357383, 8.366410259741361 ], [ -76.086725804224983, 8.366446297775379 ], [ -76.086724435269787, 8.366477540824288 ], [ -76.086725744518276, 8.366504708332775 ], [ -76.086732869697386, 8.366538745915481 ], [ -76.086746506035396, 8.366569427118415 ], [ -76.086791701953445, 8.366636080306961 ], [ -76.086806465071021, 8.366661786319582 ], [ -76.086830085818164, 8.366711889941588 ], [ -76.086846966106279, 8.366751909254493 ], [ -76.086859917840499, 8.366788519127011 ], [ -76.086869152387663, 8.366822519432757 ], [ -76.086875508337087, 8.366854854243178 ], [ -76.086880102680567, 8.366887829039335 ], [ -76.08688288048252, 8.36692103580766 ], [ -76.086883809739362, 8.366954097982498 ], [ -76.086882842097452, 8.366987327696133 ], [ -76.086879948727713, 8.367019714909773 ], [ -76.086875155428118, 8.367050963933158 ], [ -76.086868499340085, 8.367080836820035 ], [ -76.086859953001564, 8.36710849701875 ], [ -76.086847976191976, 8.367138728664496 ], [ -76.086805035807529, 8.367227287071511 ], [ -76.086765471912784, 8.367301819069901 ], [ -76.086706450397486, 8.367401579014883 ], [ -76.086655486453296, 8.367477173322722 ], [ -76.086636064219434, 8.367513109975427 ], [ -76.086622748733717, 8.367548372684917 ], [ -76.086612240368055, 8.367586362316343 ], [ -76.086604787945021, 8.367626183229635 ], [ -76.086600458593253, 8.36767209373417 ], [ -76.08660269900696, 8.367705271275184 ], [ -76.086629557158702, 8.367826857882905 ], [ -76.086634402617477, 8.367867285714151 ], [ -76.08663319322666, 8.367914283306407 ], [ -76.086623414741226, 8.367989854857484 ], [ -76.086620706899012, 8.368025289494398 ], [ -76.086622199407628, 8.368101500385162 ], [ -76.086610270144021, 8.368132702172812 ], [ -76.086587727047174, 8.36815788104774 ], [ -76.086546507043408, 8.368186805973544 ], [ -76.086508129615154, 8.368203957804843 ], [ -76.086480500591591, 8.368210472072546 ], [ -76.086448151178871, 8.368212581860167 ], [ -76.086410988137402, 8.368210315003941 ], [ -76.086367922109233, 8.368203606820789 ], [ -76.086333158285726, 8.368193179449351 ], [ -76.086268665587426, 8.368164369499759 ], [ -76.086241858670448, 8.368154420311866 ], [ -76.086195433784411, 8.368142905710238 ], [ -76.086103983081415, 8.368127003374907 ], [ -76.086066688305564, 8.368119072618331 ], [ -76.085919575779386, 8.368076815080144 ], [ -76.085851974130733, 8.368062592336049 ], [ -76.085787672854323, 8.368051971890903 ], [ -76.085726192229529, 8.368044874360637 ], [ -76.085667290687496, 8.368041273621884 ], [ -76.085594137130286, 8.368037342344367 ], [ -76.085559514204235, 8.368037197172647 ], [ -76.085526668884526, 8.368040515302789 ], [ -76.085490693942305, 8.368051424931922 ], [ -76.085465507943127, 8.36806432592274 ], [ -76.085431146864607, 8.368089359427984 ], [ -76.085395821791366, 8.3681229868166 ], [ -76.085358516774605, 8.368166169362661 ], [ -76.085337128595441, 8.368194450392991 ], [ -76.085319559538874, 8.368221116608709 ], [ -76.085305582787271, 8.368246516778331 ], [ -76.085295158138507, 8.368270730736075 ], [ -76.085287448995231, 8.36830124622468 ], [ -76.085284944938607, 8.368336993769191 ], [ -76.085286470319289, 8.368371216123274 ], [ -76.085293668405555, 8.368446765351838 ], [ -76.085294710905686, 8.368481658361574 ], [ -76.085287842088519, 8.36856690055202 ], [ -76.085286988350276, 8.36860400421296 ], [ -76.085293215475701, 8.36866433746034 ], [ -76.08530349923501, 8.368712659504117 ], [ -76.085317808216104, 8.368756271068667 ], [ -76.085335895363045, 8.368794449366998 ], [ -76.0853530671192, 8.368820321864359 ], [ -76.085376044281091, 8.368847116797223 ], [ -76.08540105112526, 8.36887182292755 ], [ -76.085461746132665, 8.368927413020536 ], [ -76.085508274598482, 8.368970489084333 ], [ -76.085558473294995, 8.369013780443 ], [ -76.085612691233024, 8.369057590700248 ], [ -76.085671616975944, 8.369102478342455 ], [ -76.085703455895398, 8.36912458641549 ], [ -76.085784680701749, 8.369176876774084 ], [ -76.085825579525405, 8.369207588038156 ], [ -76.085868268672471, 8.369245331858906 ], [ -76.085905451044795, 8.369282050608286 ], [ -76.08593776222753, 8.369318373673982 ], [ -76.085965416526435, 8.369354552401004 ], [ -76.085983857646951, 8.369382481542162 ], [ -76.086001631290941, 8.369412758122198 ], [ -76.08603520278362, 8.36948039405457 ], [ -76.086049945369595, 8.369521209928713 ], [ -76.086075378405141, 8.369615648041428 ], [ -76.086090845012876, 8.369655072074567 ], [ -76.086121958781575, 8.369711003423477 ], [ -76.086160666560119, 8.369766954029625 ], [ -76.086205939466893, 8.36982051651299 ], [ -76.086258546948784, 8.369871919801776 ], [ -76.086349505633052, 8.369941966224227 ], [ -76.086382187569157, 8.369971897616846 ], [ -76.086414169177658, 8.370004152304448 ], [ -76.086445291288925, 8.37003856706955 ], [ -76.086475358041497, 8.37007492837802 ], [ -76.086521752647684, 8.370134144208137 ], [ -76.086550069338003, 8.370174682234619 ], [ -76.08657197118464, 8.370213188427478 ], [ -76.086587083194829, 8.370249747047247 ], [ -76.086597343531437, 8.370291035267952 ], [ -76.086607832073881, 8.370361504609013 ], [ -76.086616098956171, 8.370447002507463 ], [ -76.086621552846779, 8.370480223593496 ], [ -76.086634637415131, 8.370535727409534 ], [ -76.086646260848667, 8.370572435283686 ], [ -76.086660384096007, 8.370602924674968 ], [ -76.08668354203725, 8.370633172645348 ], [ -76.086705839746571, 8.370651674657422 ], [ -76.086768242344306, 8.370690040394061 ], [ -76.086841302937742, 8.370735875370849 ], [ -76.086943238391015, 8.370795202649051 ], [ -76.087024146483387, 8.370840978930397 ], [ -76.087083252831135, 8.370872350931702 ], [ -76.087150273261855, 8.370905437584002 ], [ -76.08720228916583, 8.37092849915128 ], [ -76.087288480387258, 8.370956248098063 ], [ -76.087321359728918, 8.370970687704498 ], [ -76.087348271154482, 8.370988684597204 ], [ -76.087412318813207, 8.371040730102276 ], [ -76.087456757093179, 8.371070796218328 ], [ -76.087495494788456, 8.371094939304637 ], [ -76.087531759834079, 8.371115164586795 ], [ -76.087566320330595, 8.37113187540545 ], [ -76.087597617487063, 8.371144392671885 ], [ -76.087633501569826, 8.371156119526782 ], [ -76.087755459636796, 8.371188200763918 ], [ -76.087889933301383, 8.371224896518193 ], [ -76.087975586434439, 8.371246077350188 ], [ -76.088054698578475, 8.371262235417825 ], [ -76.088126801524936, 8.371272910824542 ], [ -76.088185701573906, 8.371276157704246 ], [ -76.08823859893667, 8.371274641486645 ], [ -76.088362353057164, 8.3712653509369 ], [ -76.088417588365033, 8.371263213682957 ], [ -76.0884753581973, 8.371265590124745 ], [ -76.088526038265428, 8.371273781784263 ], [ -76.088605670106915, 8.371293937859004 ], [ -76.088664933199283, 8.371313532172037 ], [ -76.088725107496671, 8.371342352673496 ], [ -76.088762704753904, 8.371368805170984 ], [ -76.088786272703501, 8.371391422163818 ], [ -76.088806006479984, 8.371415126404225 ], [ -76.088826355644485, 8.371443799426975 ], [ -76.088895206644779, 8.371555353747285 ], [ -76.088950920529598, 8.371634346292709 ], [ -76.088971207734076, 8.371665628574419 ], [ -76.088989138196979, 8.371699635676872 ], [ -76.089000443162405, 8.371731021673101 ], [ -76.089007429730728, 8.371767560542336 ], [ -76.089009767370115, 8.371807611162378 ], [ -76.089006830601022, 8.371856081542893 ], [ -76.088998087681318, 8.371907334462032 ], [ -76.088983767056561, 8.371959962982798 ], [ -76.088964508649596, 8.372011580120304 ], [ -76.088945901101468, 8.372046325847599 ], [ -76.088895424494538, 8.372118561490066 ], [ -76.08887608911833, 8.372151684565555 ], [ -76.088842605658428, 8.372223080598225 ], [ -76.088821695256811, 8.372277964650481 ], [ -76.088808429071989, 8.372335779012081 ], [ -76.088804998987584, 8.372375892843094 ], [ -76.088810044188392, 8.372431689784523 ], [ -76.088820970090353, 8.372480465561441 ], [ -76.088832662920453, 8.372512129553353 ], [ -76.088852066809608, 8.372547373943284 ], [ -76.088879166425812, 8.372574135342283 ], [ -76.088969659948319, 8.372624654173222 ], [ -76.088998142353233, 8.372643126552768 ], [ -76.089067598773966, 8.372700037819682 ], [ -76.089093387044073, 8.372723898854371 ], [ -76.089115462146694, 8.37274670458566 ], [ -76.089134762697142, 8.372769538354131 ], [ -76.08915084648298, 8.372792015058875 ], [ -76.089168812133991, 8.37282540918917 ], [ -76.089182516925419, 8.372866763334811 ], [ -76.089187666106895, 8.37290261082858 ], [ -76.089189520461616, 8.372937293119938 ], [ -76.089190915052939, 8.373029501588128 ], [ -76.089192204155879, 8.373082126325565 ], [ -76.089190747789218, 8.373142373912822 ], [ -76.089186303362737, 8.37320962906751 ], [ -76.089158531002113, 8.373486257891393 ], [ -76.089155233028706, 8.373542872830384 ], [ -76.08915420883001, 8.373614532634972 ], [ -76.089153031172856, 8.373746653931423 ], [ -76.089154043591634, 8.373799973017256 ], [ -76.089157230309254, 8.373845384559258 ], [ -76.089162847012503, 8.373886427894377 ], [ -76.08917104521224, 8.373924019927767 ], [ -76.089191954490943, 8.373997650564599 ], [ -76.089211752589136, 8.374051551836143 ], [ -76.089234304540597, 8.374096247021594 ], [ -76.089251697499293, 8.374121103561677 ], [ -76.089280816287001, 8.374152702491022 ], [ -76.089307302213371, 8.374173081734307 ], [ -76.089411111971827, 8.374236805682115 ], [ -76.089490951441704, 8.374290311003104 ], [ -76.089538955118513, 8.374318274943482 ], [ -76.089585498804965, 8.374338650753174 ], [ -76.089684038460845, 8.374372019456365 ], [ -76.089725031985452, 8.374388296444099 ], [ -76.089802067743605, 8.374421349117206 ], [ -76.089832473900074, 8.374440040353843 ], [ -76.089866352696035, 8.37447115374446 ], [ -76.089894755957843, 8.374507966741383 ], [ -76.089905671296719, 8.374537094815709 ], [ -76.089906842643174, 8.374570989034636 ], [ -76.089898971171365, 8.374655363198883 ], [ -76.08989438052167, 8.37473200007539 ], [ -76.089884283332552, 8.374790641754233 ], [ -76.089870941953052, 8.374828904811539 ], [ -76.089830658582088, 8.374903964193329 ], [ -76.089818136855271, 8.374930425717544 ], [ -76.089808280932616, 8.374964575259222 ], [ -76.089803184081447, 8.375018930716907 ], [ -76.089808572043708, 8.375077647241694 ], [ -76.089819722947951, 8.375115001948613 ], [ -76.089832129101282, 8.375138147143005 ], [ -76.08985738459107, 8.375169429239746 ], [ -76.089889717702746, 8.375199791137794 ], [ -76.089953946219367, 8.375252309750229 ], [ -76.090007501012863, 8.375293433988373 ], [ -76.090067919890046, 8.375332334842607 ], [ -76.090135245730579, 8.375369041793487 ], [ -76.090209662628169, 8.375403656409581 ], [ -76.090259212452338, 8.375423432924839 ], [ -76.090312448655055, 8.375441672400022 ], [ -76.090369500440602, 8.37545841990703 ], [ -76.090430663397342, 8.3754737625888 ], [ -76.090463282111855, 8.375479844294743 ], [ -76.09049793910269, 8.375483434081985 ], [ -76.09053498674912, 8.37548457166103 ], [ -76.090575132089896, 8.375483280409988 ], [ -76.0906506795029, 8.375475828325769 ], [ -76.090833053589549, 8.375449872579933 ], [ -76.090881217676198, 8.375445616928124 ], [ -76.090924033139189, 8.375444287559295 ], [ -76.090968523541591, 8.375446277659382 ], [ -76.091009365340184, 8.375452059056927 ], [ -76.091047253472752, 8.375461731130287 ], [ -76.091082547128593, 8.375475391369342 ], [ -76.091143366738137, 8.375505623948113 ], [ -76.091187167839749, 8.375533615090783 ], [ -76.091207948300379, 8.375551698426522 ], [ -76.091228396485405, 8.375574699214914 ], [ -76.091247153961277, 8.375600080760796 ], [ -76.09129529445201, 8.375671178156008 ], [ -76.091316726719342, 8.375696994170545 ], [ -76.091361588618966, 8.375739806464688 ], [ -76.091403465461823, 8.375772656107415 ], [ -76.091547187182229, 8.375870701796398 ], [ -76.091580727708958, 8.375895719892416 ], [ -76.091657223919725, 8.375957481914671 ], [ -76.091694166573802, 8.37598391824474 ], [ -76.091724361795897, 8.376001039497011 ], [ -76.091769300841847, 8.376019153069235 ], [ -76.091819485261482, 8.376028278682769 ], [ -76.091861375013593, 8.376030484219044 ], [ -76.091903092751323, 8.376028490118671 ], [ -76.091952853747443, 8.376019512980521 ], [ -76.091985287385327, 8.376007680601196 ], [ -76.092062301741151, 8.375967121247587 ], [ -76.092094100139789, 8.375953214585678 ], [ -76.092163715755731, 8.375922546508706 ], [ -76.092202924709241, 8.375916669260841 ], [ -76.092224603927249, 8.375932734897129 ], [ -76.092256954773845, 8.375999993416933 ], [ -76.092316880130767, 8.37609743666701 ], [ -76.092329968413807, 8.376125239105594 ], [ -76.092338873563349, 8.376158543099445 ], [ -76.092342665880182, 8.376195214331116 ], [ -76.092339795870814, 8.376238394217646 ], [ -76.092325953805272, 8.376336353237626 ], [ -76.092319107093317, 8.376384173711408 ], [ -76.092295851830116, 8.376505217461474 ], [ -76.092291678585966, 8.376539986630984 ], [ -76.092290364087276, 8.37657550419193 ], [ -76.092292433956544, 8.376614326913414 ], [ -76.09229676603502, 8.376651782783911 ], [ -76.09231329262532, 8.376742066909204 ], [ -76.092330283318475, 8.376824940334004 ], [ -76.092338281596113, 8.376849464526416 ], [ -76.092352472780718, 8.376876511007119 ], [ -76.092375314229741, 8.376902653827091 ], [ -76.09239855481205, 8.376921203924061 ], [ -76.092427048159522, 8.376938820963261 ], [ -76.09250175607707, 8.376978289696888 ], [ -76.09253382658504, 8.376997657030136 ], [ -76.092741602844697, 8.377138556988985 ], [ -76.092809101680601, 8.377181708420352 ], [ -76.092870858403671, 8.377218755648352 ], [ -76.093007299846192, 8.377293931558452 ], [ -76.093138247883473, 8.377358534629888 ], [ -76.093248530402619, 8.377412382021747 ], [ -76.093297294973752, 8.377434139498668 ], [ -76.093347798858673, 8.377452319414227 ], [ -76.093394084359986, 8.377463507582162 ], [ -76.093443875835874, 8.377469852810316 ], [ -76.093497497373733, 8.377472062809485 ], [ -76.093554743821016, 8.377470127440191 ], [ -76.093615261379526, 8.377464057608568 ], [ -76.093672879208327, 8.377456418312658 ], [ -76.093708878776354, 8.377449735600319 ], [ -76.093740325084156, 8.37744087560373 ], [ -76.09377628421008, 8.377424030084617 ], [ -76.093816946037009, 8.377394065843017 ], [ -76.093842276567685, 8.377370063794102 ], [ -76.093860140225317, 8.377349508911397 ], [ -76.093877059260166, 8.377327229179322 ], [ -76.093906748416686, 8.377279300991779 ], [ -76.093922378057471, 8.377244285681927 ], [ -76.09393501124228, 8.377203271183157 ], [ -76.093944957886535, 8.377155631561015 ], [ -76.093953777096687, 8.377093934889562 ], [ -76.093956590683689, 8.377042728558337 ], [ -76.093953553180825, 8.376935607262064 ], [ -76.093954243126817, 8.376908453216835 ], [ -76.093957782927035, 8.376819645699417 ], [ -76.093961241477857, 8.376776332029635 ], [ -76.093967926480644, 8.376735170804594 ], [ -76.093978048544329, 8.376699846276189 ], [ -76.093993190373197, 8.376666714347301 ], [ -76.094015357151378, 8.376631740854382 ], [ -76.094039670523983, 8.376600059617719 ], [ -76.094096530741353, 8.376531858703924 ], [ -76.094118234127734, 8.376503119367221 ], [ -76.094136164715493, 8.376474739441926 ], [ -76.09417718980265, 8.376398928548285 ], [ -76.094197224650927, 8.376366537177626 ], [ -76.094237723526902, 8.376325162289769 ], [ -76.094273765624024, 8.376306891095032 ], [ -76.094321546502542, 8.376298822881283 ], [ -76.094385008646242, 8.376298419153779 ], [ -76.094479594860573, 8.376306941339882 ], [ -76.094525583756052, 8.376312427129761 ], [ -76.094575499153493, 8.376321615007797 ], [ -76.094630484447464, 8.376334630644575 ], [ -76.094700654124679, 8.376353864321457 ], [ -76.094740705326913, 8.376367641362002 ], [ -76.094841711056091, 8.376409288914937 ], [ -76.094871333407227, 8.376418443451477 ], [ -76.094898374123545, 8.376423911552072 ], [ -76.094954103049048, 8.376428153395501 ], [ -76.095014440510965, 8.376425731869642 ], [ -76.095078148214455, 8.376416683796132 ], [ -76.095142888567821, 8.376401332938499 ], [ -76.09517069563185, 8.376392183339995 ], [ -76.095199068844423, 8.376380387993558 ], [ -76.095228293134682, 8.376365833517811 ], [ -76.09525891712822, 8.376348247231366 ], [ -76.095314584565784, 8.376311453950795 ], [ -76.09544601586407, 8.376216607291944 ], [ -76.095514550019146, 8.376166742378436 ], [ -76.095665840541983, 8.376047503677395 ], [ -76.095737588609396, 8.375997067738924 ], [ -76.095854983433256, 8.37592264740206 ], [ -76.095896864025818, 8.375899742571946 ], [ -76.095935773672167, 8.375881634010499 ], [ -76.096005091469323, 8.375852961103158 ], [ -76.096052127319197, 8.375836877055804 ], [ -76.09609505933868, 8.375827135235477 ], [ -76.096133812874697, 8.375824162740562 ], [ -76.096183761003928, 8.375826720252238 ], [ -76.096225457381195, 8.375833406119996 ], [ -76.096275543510458, 8.375854207675104 ], [ -76.096304132139124, 8.375879167430288 ], [ -76.096321163599384, 8.375907245928405 ], [ -76.096336242730985, 8.375942938346743 ], [ -76.096354553194573, 8.375998600869293 ], [ -76.096363359106633, 8.376038016660734 ], [ -76.096366230424522, 8.376083242357142 ], [ -76.096364061322504, 8.376130773905002 ], [ -76.096353812725255, 8.37623562267733 ], [ -76.096352179425367, 8.376276673724693 ], [ -76.096353768798068, 8.376311601805302 ], [ -76.096361414286946, 8.376390820635239 ], [ -76.096367942313961, 8.376439248100423 ], [ -76.096376795668078, 8.376482706342649 ], [ -76.096388168247628, 8.376520357081166 ], [ -76.096400876527596, 8.376550672534181 ], [ -76.096417120652021, 8.376581187047014 ], [ -76.096437029621171, 8.376612149007579 ], [ -76.096460896506372, 8.376644015157499 ], [ -76.096486504743467, 8.376674400147493 ], [ -76.096516841403357, 8.376707311613769 ], [ -76.096620259031042, 8.376810749572959 ], [ -76.0966762881568, 8.376865076830112 ], [ -76.096733921761526, 8.376916334510081 ], [ -76.096792792479775, 8.376964194768597 ], [ -76.09685258252081, 8.377008402566382 ], [ -76.096980429297673, 8.377089872109897 ], [ -76.09707538606159, 8.377154258291046 ], [ -76.097164798246581, 8.37721812591017 ], [ -76.097249227999257, 8.377281878997985 ], [ -76.097329016719868, 8.377345775122651 ], [ -76.097421896457817, 8.37742069027218 ], [ -76.097464774278734, 8.377457159221773 ], [ -76.09750496893345, 8.377495228769726 ], [ -76.097538087545544, 8.377531777042426 ], [ -76.097562856417625, 8.377565119744377 ], [ -76.097586918535683, 8.377604663253527 ], [ -76.097608799190866, 8.377646599521471 ], [ -76.097664832119548, 8.377762458029309 ], [ -76.097683439641827, 8.377796231328993 ], [ -76.097701781918659, 8.37782538375855 ], [ -76.097750012574238, 8.377896012862918 ], [ -76.097784195421426, 8.37794262093772 ], [ -76.0978173130692, 8.377982934580441 ], [ -76.09784972455482, 8.378017032298869 ], [ -76.097874325856935, 8.378038830647926 ], [ -76.097903560349948, 8.378060981168392 ], [ -76.098015410699062, 8.378133665140973 ], [ -76.098058890534645, 8.378165357201693 ], [ -76.098121730395533, 8.378216411905401 ], [ -76.098164533144526, 8.378253350294569 ], [ -76.098201545894355, 8.378288460032069 ], [ -76.09823311324358, 8.378322287818074 ], [ -76.098262770563153, 8.378357607125791 ], [ -76.098288162633381, 8.378390568033684 ], [ -76.098310096277658, 8.37842222144778 ], [ -76.098328824009798, 8.378452944004749 ], [ -76.098351925915338, 8.378497026642718 ], [ -76.098371378760007, 8.378541165952427 ], [ -76.098386870203612, 8.378584649620517 ], [ -76.09839823499675, 8.378627006349863 ], [ -76.098404057013681, 8.378665640305574 ], [ -76.098405865595467, 8.378712629984015 ], [ -76.098404824594851, 8.378780535673446 ], [ -76.098406443842009, 8.378835697419946 ], [ -76.098413944100798, 8.378910132481346 ], [ -76.098423616070662, 8.378982889618332 ], [ -76.098435434801786, 8.379053797337583 ], [ -76.098449380174301, 8.379122721156419 ], [ -76.098464214881531, 8.379183407766563 ], [ -76.098483230959005, 8.379249835692827 ], [ -76.098544634847187, 8.379435961882699 ], [ -76.098572156032574, 8.379512138155507 ], [ -76.098608182542364, 8.379601987223564 ], [ -76.09869075470327, 8.379800429715834 ], [ -76.09871528048167, 8.379864785677812 ], [ -76.098735492759175, 8.379923329071717 ], [ -76.098748928149789, 8.379968638805016 ], [ -76.098781395569276, 8.380090961353082 ], [ -76.098792829650378, 8.380126813200171 ], [ -76.098804752338481, 8.380158252420234 ], [ -76.098826444221885, 8.380202659609617 ], [ -76.098855444670306, 8.380248723545112 ], [ -76.098894538845371, 8.380300499495002 ], [ -76.098985002765218, 8.380407986884272 ], [ -76.099022505507378, 8.380455881595353 ], [ -76.099057595465837, 8.380508695617506 ], [ -76.099071464589301, 8.380533955896494 ], [ -76.099083135262404, 8.380558892784171 ], [ -76.099108256441397, 8.380620958733818 ], [ -76.09912764893528, 8.38067634221219 ], [ -76.099142310896113, 8.38072790890398 ], [ -76.099152438055157, 8.380776427160594 ], [ -76.099159094584451, 8.380835841489823 ], [ -76.09916109561334, 8.380909953717063 ], [ -76.09916066868476, 8.380976422287306 ], [ -76.099159143567249, 8.381029692108838 ], [ -76.099151459853672, 8.381167677259992 ], [ -76.099146605236655, 8.381309075758905 ], [ -76.099145377041424, 8.38138996344143 ], [ -76.099146657579766, 8.38146040448072 ], [ -76.099150569138843, 8.381524150668843 ], [ -76.099161909873473, 8.381636139918912 ], [ -76.099168436432691, 8.381677887591396 ], [ -76.099176283103034, 8.381715494418907 ], [ -76.099187170653281, 8.381757247573036 ], [ -76.099199501760509, 8.381797383638737 ], [ -76.099213218708897, 8.381835718729976 ], [ -76.099228276014699, 8.381872123985714 ], [ -76.099256614616692, 8.381927959405139 ], [ -76.099306505161138, 8.382011432655059 ], [ -76.099339515204619, 8.382064080402442 ], [ -76.099377321829309, 8.382120515482425 ], [ -76.09948049134708, 8.382264003378387 ], [ -76.099550175915283, 8.382360751530449 ], [ -76.099572387279224, 8.382388467286475 ], [ -76.099593620693767, 8.382412090080877 ], [ -76.099636106067081, 8.382451830014102 ], [ -76.099715591257947, 8.382516726921963 ], [ -76.099797936682634, 8.382587129689449 ], [ -76.099822929354815, 8.382606045748195 ], [ -76.099846292120219, 8.382621385424175 ], [ -76.099890193604054, 8.382645969438611 ], [ -76.099932412374329, 8.382665809999466 ], [ -76.09997301763778, 8.382680938190619 ], [ -76.100012003027004, 8.382691352255986 ], [ -76.100039841496297, 8.382696100589294 ], [ -76.100070329604918, 8.382699137406162 ], [ -76.100142942918083, 8.382700370985422 ], [ -76.100195215944893, 8.382697703606118 ], [ -76.100239003653883, 8.382691914958192 ], [ -76.100271930704707, 8.382683834273468 ], [ -76.100307782990598, 8.382671035354951 ], [ -76.100431275833401, 8.382614139888673 ], [ -76.100563965475317, 8.382551114180234 ], [ -76.10062356969749, 8.382527669916144 ], [ -76.100659307557635, 8.382517609853601 ], [ -76.10076334955545, 8.382493237782821 ], [ -76.100839443605395, 8.382468504460833 ], [ -76.100981813956977, 8.382415530325863 ], [ -76.101134772676716, 8.382361187016725 ], [ -76.101217762241944, 8.382329168612284 ], [ -76.101410055659287, 8.38224269656164 ], [ -76.101530936879087, 8.382191896452156 ], [ -76.101568289308901, 8.382180284756027 ], [ -76.101602307250772, 8.382173615898353 ], [ -76.101632412517077, 8.38217129532593 ], [ -76.101666453828045, 8.382171805561503 ], [ -76.101776899668891, 8.382182741651997 ], [ -76.101890024387046, 8.382194510557559 ], [ -76.101980745166301, 8.382207718951374 ], [ -76.102061685832936, 8.38222421664474 ], [ -76.102134710402964, 8.382244489584595 ], [ -76.102181437849637, 8.382260538047886 ], [ -76.102229041237692, 8.382279026621203 ], [ -76.102277455039172, 8.382299930518023 ], [ -76.102326591856794, 8.382323213376836 ], [ -76.102413764116079, 8.382367221519921 ], [ -76.102442068856931, 8.382384426055621 ], [ -76.102466090299686, 8.382401808871961 ], [ -76.102487690948905, 8.382420580625677 ], [ -76.102510054797733, 8.382443136162376 ], [ -76.102567000739484, 8.382510110902714 ], [ -76.102599887989726, 8.382552034985375 ], [ -76.102651165387272, 8.382619456420979 ], [ -76.102688062812348, 8.382677665630515 ], [ -76.10271651682298, 8.382721795080634 ], [ -76.102747790143013, 8.382763755333807 ], [ -76.102774153861702, 8.382790546266465 ], [ -76.102805004040221, 8.382814516022162 ], [ -76.102830382056453, 8.382830066423281 ], [ -76.102877060302347, 8.382853854674742 ], [ -76.102960715312165, 8.38289107339164 ], [ -76.10301364075562, 8.382911403089169 ], [ -76.103078330419763, 8.3829330850752 ], [ -76.103196458151785, 8.382968914620244 ], [ -76.103383080196323, 8.383015783970665 ], [ -76.103520345179447, 8.383052105231881 ], [ -76.103575444599542, 8.383067498408826 ], [ -76.10362056352588, 8.383081855077384 ], [ -76.103711254242924, 8.383114349194692 ], [ -76.103753432263673, 8.383131214857743 ], [ -76.103792580517776, 8.383150483601339 ], [ -76.103824882218078, 8.38317120504677 ], [ -76.103855720166848, 8.383197854017833 ], [ -76.10388768414424, 8.383233297193321 ], [ -76.103926516904721, 8.383281058660089 ], [ -76.10398406136747, 8.383358573603978 ], [ -76.104064121883738, 8.383470707869973 ], [ -76.104097892270048, 8.38351537540707 ], [ -76.104166859677932, 8.383597419663467 ], [ -76.104244636128172, 8.383682437021504 ], [ -76.104310581875296, 8.383750070592065 ], [ -76.104374146267318, 8.3838120581 ], [ -76.104433865106301, 8.383867414385316 ], [ -76.104527450779202, 8.383950889366471 ], [ -76.104604105247304, 8.384015379763273 ], [ -76.104636575794359, 8.384039067259186 ], [ -76.10466876841565, 8.38405975059575 ], [ -76.104709149624199, 8.384082520955072 ], [ -76.104756054053524, 8.384105970056133 ], [ -76.104833888954573, 8.384142221998099 ], [ -76.104915430294042, 8.384176952848978 ], [ -76.104990048090073, 8.38420607070932 ], [ -76.10506921091428, 8.384230031937021 ], [ -76.10512992902764, 8.384243131445984 ], [ -76.105180870921998, 8.384247785917202 ], [ -76.105219188824591, 8.384247833774634 ], [ -76.105344624210275, 8.384243909790728 ], [ -76.105418500758319, 8.384240254595905 ], [ -76.105452989828038, 8.38424160760094 ], [ -76.105508220395691, 8.384253157195888 ], [ -76.10555267421995, 8.384269211286401 ], [ -76.105591548266716, 8.384288894891739 ], [ -76.105623853092325, 8.38431158869701 ], [ -76.105645852370387, 8.38433322242005 ], [ -76.105660504723133, 8.384354660107638 ], [ -76.10567128755936, 8.384378905102732 ], [ -76.105690029727327, 8.384435200208966 ], [ -76.105699676211103, 8.384458950838932 ], [ -76.105727201203891, 8.384510921598707 ], [ -76.105761689895033, 8.384567730584459 ], [ -76.105795089340731, 8.384618210161021 ], [ -76.105819112849773, 8.384651696049106 ], [ -76.105853259540027, 8.384696635060493 ], [ -76.105939660887884, 8.38480443372511 ], [ -76.105981860022169, 8.384862869874249 ], [ -76.106008791332357, 8.384904522324915 ], [ -76.106029863930061, 8.384945989612417 ], [ -76.106047462348272, 8.384988743015482 ], [ -76.106062864323121, 8.385034624884838 ], [ -76.106076002889154, 8.385083429723478 ], [ -76.106086793015507, 8.3851348482606 ], [ -76.106093774189929, 8.385184363068239 ], [ -76.106095023569267, 8.385213581679528 ], [ -76.10609455859499, 8.385239339386052 ], [ -76.106094477697397, 8.385273007056552 ], [ -76.106098498964229, 8.3853218385585 ], [ -76.106112634700068, 8.385382393420919 ], [ -76.106122166186083, 8.385413588037103 ], [ -76.106139462075305, 8.385450694383291 ], [ -76.106165618294341, 8.385481696533349 ], [ -76.10619158357963, 8.385497121796599 ], [ -76.106216411663866, 8.385506237917175 ], [ -76.106304670935884, 8.385532990651281 ], [ -76.106427464232212, 8.385561945284929 ], [ -76.106528356479515, 8.38559054568756 ], [ -76.106567930764456, 8.385600355193917 ], [ -76.10659899976622, 8.385606709430741 ], [ -76.106663574155533, 8.385613255893544 ], [ -76.106699106504749, 8.38562130446557 ], [ -76.106730075238517, 8.385637190847508 ], [ -76.106753795902506, 8.385655502743312 ], [ -76.106785838026468, 8.385689189167751 ], [ -76.106820768288728, 8.385735646248589 ], [ -76.1068456943092, 8.385775459266265 ], [ -76.106866541300377, 8.385817862578799 ], [ -76.106883984033672, 8.385866124676722 ], [ -76.106892763716743, 8.385902956522791 ], [ -76.106896425573822, 8.385943885055067 ], [ -76.106892968333071, 8.386003007133453 ], [ -76.106894650118164, 8.386036727750723 ], [ -76.106901371743604, 8.386078571020423 ], [ -76.106912301302216, 8.386120682925073 ], [ -76.106926441140374, 8.386155362562077 ], [ -76.106943965294576, 8.386182586872257 ], [ -76.106969011940564, 8.386208231990524 ], [ -76.107001094117592, 8.3862315381968 ], [ -76.107034440336648, 8.386249597966707 ], [ -76.107071498558895, 8.386264782974179 ], [ -76.10711083211244, 8.386276490084843 ], [ -76.107150279899415, 8.386284075792018 ], [ -76.107192058404777, 8.38628601990408 ], [ -76.107228656011031, 8.38628549731993 ], [ -76.107309471574169, 8.38628034565758 ], [ -76.107343501972792, 8.386280258064836 ], [ -76.10736970342785, 8.386281666239698 ], [ -76.107403216996332, 8.386289045696115 ], [ -76.107437161316383, 8.386302897077629 ], [ -76.107461484748868, 8.386315754432594 ], [ -76.107519188700579, 8.386349955883006 ], [ -76.107585310114075, 8.386384666551088 ], [ -76.10765110679715, 8.386416424031358 ], [ -76.107693445422612, 8.386435403183215 ], [ -76.107730928081097, 8.386448959157974 ], [ -76.107766558948427, 8.386458091162172 ], [ -76.107798366989499, 8.386462322268832 ], [ -76.107827280421901, 8.38646244486079 ], [ -76.107896956607547, 8.386458645976932 ], [ -76.107931335867036, 8.386460323052034 ], [ -76.107959581067462, 8.386464619290873 ], [ -76.107994501076874, 8.386472792718399 ], [ -76.108024491290294, 8.386481321287505 ], [ -76.108049110669668, 8.386490085585796 ], [ -76.10809055459265, 8.386509746743268 ], [ -76.108115854707989, 8.386526863222777 ], [ -76.108141461599971, 8.386552660137729 ], [ -76.10819669556524, 8.386634195231249 ], [ -76.108221334592514, 8.386664139240096 ], [ -76.108244216352261, 8.38668842419815 ], [ -76.108271535539615, 8.386714336809439 ], [ -76.108297374423046, 8.386736670119294 ], [ -76.108337165604183, 8.386756851201888 ], [ -76.108369973186711, 8.386760458100472 ], [ -76.108412347382355, 8.386752644625915 ], [ -76.108454624940336, 8.386732111694476 ], [ -76.108492181689144, 8.386697026199601 ], [ -76.108514213325535, 8.386663485458421 ], [ -76.108548613127638, 8.386601351600246 ], [ -76.108564933243727, 8.38657461225502 ], [ -76.1085889518492, 8.386542298314097 ], [ -76.10861737941589, 8.386514308642125 ], [ -76.108637844363557, 8.386498158617009 ], [ -76.108668725227659, 8.386479257144858 ], [ -76.108708224237986, 8.386463737697607 ], [ -76.108751228730071, 8.386458054474483 ], [ -76.108800637583983, 8.386461148157116 ], [ -76.108853313211014, 8.386473385060278 ], [ -76.108890542195198, 8.386490640508617 ], [ -76.108911675797643, 8.386516228668299 ], [ -76.108936309355769, 8.386599662238075 ], [ -76.108952086737276, 8.386637701109318 ], [ -76.108974027307212, 8.38667712539581 ], [ -76.108992484592548, 8.386705854847003 ], [ -76.109011606323449, 8.386727883256439 ], [ -76.109040134934531, 8.386745447681124 ], [ -76.109083307589188, 8.386752232088126 ], [ -76.109125485961371, 8.386748780035767 ], [ -76.109161418976257, 8.38674171218536 ], [ -76.109207297911041, 8.386730643262606 ], [ -76.10923391267302, 8.386721044703602 ], [ -76.109290366842032, 8.386696342610431 ], [ -76.109324262178589, 8.386691942035004 ], [ -76.109356663692481, 8.386705188216391 ], [ -76.109383274928916, 8.386726624373289 ], [ -76.109426748978805, 8.386769351307924 ], [ -76.10947182168394, 8.3868106857983 ], [ -76.109539444808092, 8.386887681558813 ], [ -76.109562362042112, 8.386911854077528 ], [ -76.109586826673365, 8.386933552933558 ], [ -76.109618955401515, 8.386953338896674 ], [ -76.109658429837992, 8.386968716882885 ], [ -76.109687482900299, 8.386974300580274 ], [ -76.109753759161393, 8.386982492947199 ], [ -76.109782664773704, 8.3869874497873 ], [ -76.109828350777818, 8.386996494990129 ], [ -76.10985990958811, 8.387004982095602 ], [ -76.1098860147507, 8.387015270673269 ], [ -76.109915626917413, 8.387041168641391 ], [ -76.109933147088242, 8.387072767163529 ], [ -76.109941874934549, 8.387100535067843 ], [ -76.109950609878695, 8.387147551736188 ], [ -76.109955765190591, 8.387186935800951 ], [ -76.109957907386828, 8.387228302683956 ], [ -76.109955522590326, 8.387286090557202 ], [ -76.109962792141346, 8.387324675403603 ], [ -76.109982485321638, 8.387354876042618 ], [ -76.110011721361914, 8.387386525762677 ], [ -76.110044339698362, 8.387414921069057 ], [ -76.110086052882394, 8.387447075918189 ], [ -76.110113343913, 8.387466581926189 ], [ -76.110197116812031, 8.387519817763181 ], [ -76.110233375567603, 8.387548771660867 ], [ -76.110271272912527, 8.387582377081962 ], [ -76.110310738204433, 8.387620764703609 ], [ -76.110345265941405, 8.387657506050729 ], [ -76.110375768581818, 8.38769289482655 ], [ -76.110459728237785, 8.387796712578895 ], [ -76.110495927903372, 8.387837730165051 ], [ -76.110528807998563, 8.387867766110642 ], [ -76.110596150276436, 8.387920146577299 ], [ -76.110617209843312, 8.387938120396452 ], [ -76.110639082377503, 8.387959277556908 ], [ -76.110660621884875, 8.387984308431276 ], [ -76.11068883195621, 8.388020428214341 ], [ -76.110712592983717, 8.388054830104887 ], [ -76.110732301585358, 8.388088094708262 ], [ -76.110748070002501, 8.388120415416587 ], [ -76.110760696193964, 8.388156737740772 ], [ -76.11076816071278, 8.388193924008883 ], [ -76.11077349272523, 8.388254460257775 ], [ -76.110780553776436, 8.388286557839706 ], [ -76.110794237985928, 8.388323104938916 ], [ -76.110808467779378, 8.388353412786259 ], [ -76.110823722981365, 8.388378483316805 ], [ -76.110849620143654, 8.388406169823783 ], [ -76.110884244297878, 8.388426284708746 ], [ -76.110910190245519, 8.388434797020912 ], [ -76.110987405051375, 8.388455248802158 ], [ -76.111031753185785, 8.388471179961163 ], [ -76.111068266641041, 8.388487544363279 ], [ -76.111108676304099, 8.38851414305795 ], [ -76.111131361608201, 8.388543008813398 ], [ -76.111143371130524, 8.388569227239753 ], [ -76.111153519596115, 8.388600918193175 ], [ -76.111162388356007, 8.388639868047296 ], [ -76.111164175250792, 8.388671803038651 ], [ -76.111158485133956, 8.388742251295914 ], [ -76.11116205833649, 8.388771746879716 ], [ -76.111173814771959, 8.388803670915516 ], [ -76.1111880928011, 8.388827950338012 ], [ -76.111207200548535, 8.388853434993575 ], [ -76.111232688978021, 8.388882202693669 ], [ -76.111267793136051, 8.388919856503886 ], [ -76.111297458741916, 8.388949243618761 ], [ -76.111332054047793, 8.388980312280635 ], [ -76.111381865257954, 8.389017834566296 ], [ -76.111503006846434, 8.389098132647931 ], [ -76.111555424306303, 8.389136472870474 ], [ -76.111607631348477, 8.389180634923376 ], [ -76.111774473202672, 8.389330169192988 ], [ -76.111833913980163, 8.389381150562629 ], [ -76.111868666244419, 8.389409472728643 ], [ -76.111900453699519, 8.389432171625412 ], [ -76.111932651775049, 8.389451398300757 ], [ -76.111979565880603, 8.389474469265211 ], [ -76.112021890096543, 8.389491927085936 ], [ -76.112062709994277, 8.389505417268907 ], [ -76.112119292869551, 8.389516804009093 ], [ -76.112210200537277, 8.389522327110535 ], [ -76.112243768639871, 8.389535154380185 ], [ -76.112265855907765, 8.389549984393216 ], [ -76.112286998151703, 8.38956817879499 ], [ -76.112306070684483, 8.389588774182615 ], [ -76.112323246792585, 8.389612564367333 ], [ -76.112339040300355, 8.389646868174545 ], [ -76.112345708970707, 8.389682425093756 ], [ -76.112348682809923, 8.389742825336342 ], [ -76.11234767503467, 8.389815192867493 ], [ -76.112346087617809, 8.389910020679457 ], [ -76.11234334779445, 8.389944028136682 ], [ -76.112333288650859, 8.390022428319453 ], [ -76.112331260899538, 8.390057316596151 ], [ -76.112334401688585, 8.390095959214314 ], [ -76.112344831607288, 8.390131520750575 ], [ -76.112362266563764, 8.390166952843035 ], [ -76.112387710734012, 8.39020506231223 ], [ -76.112412366347257, 8.390236221087934 ], [ -76.112460940891637, 8.390295592345915 ], [ -76.11250013598719, 8.390340319648358 ], [ -76.112538266112139, 8.390380530966214 ], [ -76.11261460431794, 8.390450805388292 ], [ -76.112643589126435, 8.390479222702789 ], [ -76.112670810009675, 8.390509925636106 ], [ -76.112691984378841, 8.390539429360102 ], [ -76.112707014096102, 8.390566805737398 ], [ -76.11271881761661, 8.390596753989787 ], [ -76.112727844114772, 8.390627794967742 ], [ -76.112749804355786, 8.390716971610223 ], [ -76.112776482004904, 8.390793255262766 ], [ -76.112798349399853, 8.390846296233597 ], [ -76.112820428553604, 8.390886169883679 ], [ -76.11283612867534, 8.390907372886248 ], [ -76.112854756934354, 8.390927771121412 ], [ -76.112876491862295, 8.390947563779788 ], [ -76.112901726564232, 8.390967117331746 ], [ -76.112955305206015, 8.391001727874034 ], [ -76.113081192394588, 8.391073241551318 ], [ -76.113142262851795, 8.39111243741451 ], [ -76.113250484556787, 8.391177896371818 ], [ -76.113299344715969, 8.391209430291591 ], [ -76.113338548761078, 8.391238521256319 ], [ -76.113412491398037, 8.39131023392075 ], [ -76.113432838825034, 8.391328986596575 ], [ -76.113460922051104, 8.391348897997501 ], [ -76.113500710050957, 8.391365753924118 ], [ -76.11353818537728, 8.391372972123527 ], [ -76.113574529318882, 8.391376111319572 ], [ -76.113678735648548, 8.391380759815689 ], [ -76.113744225847896, 8.391381330031813 ], [ -76.11385174634718, 8.391377142963947 ], [ -76.113897577518642, 8.391370646906431 ], [ -76.11393440993389, 8.391357547908997 ], [ -76.113969806684239, 8.391324399165052 ], [ -76.113992764135617, 8.39129220177697 ], [ -76.114017139705126, 8.39125292873708 ], [ -76.114036718862351, 8.391212989704819 ], [ -76.114066261930532, 8.391142169566068 ], [ -76.114090495824669, 8.391112443405804 ], [ -76.114116710250755, 8.391103731350826 ], [ -76.114156697401498, 8.391103800137772 ], [ -76.114196481709172, 8.391110977432945 ], [ -76.114226216574465, 8.391118048939893 ], [ -76.114255063481409, 8.391128242215458 ], [ -76.114279792064522, 8.391141442741397 ], [ -76.114337848547393, 8.391183528459168 ], [ -76.114372971606485, 8.3912020964716 ], [ -76.114403704678452, 8.391208150734167 ], [ -76.114430461179666, 8.391209157235417 ], [ -76.114457248167227, 8.391207614404836 ], [ -76.114483139181743, 8.391203636194589 ], [ -76.1145223546838, 8.39119046047953 ], [ -76.114556371436279, 8.391170770167452 ], [ -76.114576614793805, 8.391146768298505 ], [ -76.114600825692165, 8.391099371272174 ], [ -76.114643224936771, 8.391029372057046 ], [ -76.114664166831105, 8.390996702643127 ], [ -76.114682927410215, 8.390970644132276 ], [ -76.114703865841093, 8.390945961768839 ], [ -76.114724852646319, 8.390926094368854 ], [ -76.114746141161874, 8.390910721857443 ], [ -76.114769085929964, 8.3908989073211 ], [ -76.114801975158471, 8.390887690046361 ], [ -76.11484160335344, 8.39087950531164 ], [ -76.114884184417264, 8.39087430173026 ], [ -76.114974372852814, 8.390866765337853 ], [ -76.115026811941874, 8.39086543075665 ], [ -76.115152169038055, 8.390868645675351 ], [ -76.115264905111687, 8.39086811370035 ], [ -76.115322910713843, 8.390869915765363 ], [ -76.115366399666684, 8.39087330913816 ], [ -76.115400046040122, 8.390877956855867 ], [ -76.11543493293145, 8.390887850160212 ], [ -76.115468063720172, 8.390905785934264 ], [ -76.115518905122727, 8.390946805324004 ], [ -76.115554379365832, 8.390966286701946 ], [ -76.115587335121546, 8.390977066344297 ], [ -76.115641592967933, 8.390986353693163 ], [ -76.115684070161819, 8.390990883638029 ], [ -76.115740678388178, 8.390994281620745 ], [ -76.115785363102546, 8.39099583024859 ], [ -76.115908453520007, 8.390993933041177 ], [ -76.116167919682894, 8.390994471940664 ], [ -76.116288581413443, 8.390991610701027 ], [ -76.116343653942309, 8.390992121963031 ], [ -76.11640765909425, 8.390995723370823 ], [ -76.11647571114473, 8.391004655674099 ], [ -76.116537040050559, 8.391016406207298 ], [ -76.116604871868702, 8.391032536578633 ], [ -76.116696407837537, 8.391056977822444 ], [ -76.116813172412293, 8.391091437424757 ], [ -76.116883905158687, 8.3911133613198 ], [ -76.117086316029571, 8.391182298001752 ], [ -76.117170365568811, 8.391207827569728 ], [ -76.117218987132134, 8.391220589383359 ], [ -76.117250524411844, 8.391223836755868 ], [ -76.117293163213631, 8.391222922791643 ], [ -76.117370909274044, 8.391214374677974 ], [ -76.117405903848862, 8.391213654937552 ], [ -76.117435705011346, 8.391216757000487 ], [ -76.117469405809913, 8.391223336007053 ], [ -76.117506002607854, 8.391233499296664 ], [ -76.117547466741655, 8.391247758972469 ], [ -76.117672543323607, 8.391294970175839 ], [ -76.117712937966488, 8.391307111199314 ], [ -76.117749569093363, 8.391315094684256 ], [ -76.117816212355507, 8.391322144814497 ], [ -76.117941472756783, 8.391326451105444 ], [ -76.118095374170167, 8.39133379987317 ], [ -76.118143411266715, 8.391337114435155 ], [ -76.118184375238911, 8.391341688594695 ], [ -76.118226205551309, 8.391348848344114 ], [ -76.118263219649748, 8.391358088374362 ], [ -76.11830008220754, 8.391369373562938 ], [ -76.118400620811983, 8.39140452944163 ], [ -76.118504459092335, 8.391433706189561 ], [ -76.118575591613805, 8.391451824173492 ], [ -76.118634847873977, 8.391464009112303 ], [ -76.118678868906883, 8.391470518029937 ], [ -76.118719961181839, 8.391474114309755 ], [ -76.118749990687988, 8.391474903927532 ], [ -76.118835671303458, 8.391473668841277 ], [ -76.118913844125956, 8.391477894958705 ], [ -76.1189751041899, 8.391483408899747 ], [ -76.119029725754544, 8.391490292862313 ], [ -76.119078216396218, 8.391498248253241 ], [ -76.119107416528877, 8.391506877788009 ], [ -76.119165371323177, 8.391533234287358 ], [ -76.119212420247621, 8.391563931332092 ], [ -76.119268155881898, 8.391607485680924 ], [ -76.119289826245975, 8.391626888909808 ], [ -76.119312023535841, 8.391650234018591 ], [ -76.119392753067615, 8.391749849003119 ], [ -76.11943029431643, 8.391789867023141 ], [ -76.119478611124947, 8.391831040341382 ], [ -76.119599429121763, 8.391922168208485 ], [ -76.119629064737609, 8.391947938384352 ], [ -76.119654063625703, 8.391973038663865 ], [ -76.119678989899469, 8.3920016572596 ], [ -76.119703769762793, 8.392033416144411 ], [ -76.119755164584276, 8.392109354813002 ], [ -76.119808845888656, 8.392195378588202 ], [ -76.11986924991136, 8.392299884786301 ], [ -76.119921351896068, 8.392399021536422 ], [ -76.119942706786503, 8.392436625850037 ], [ -76.11996112357005, 8.392466173382218 ], [ -76.119979415670386, 8.392491699041104 ], [ -76.120003859668458, 8.392520026840147 ], [ -76.120193012242936, 8.392607800980539 ], [ -76.120478017853785, 8.392659620898163 ], [ -76.121125759103791, 8.392776213432599 ], [ -76.121643951320266, 8.392879853845447 ], [ -76.121838273083853, 8.392944628110884 ], [ -76.122162144116061, 8.393125993842405 ], [ -76.122563743221448, 8.393436908947599 ], [ -76.122861702822334, 8.393670095020857 ], [ -76.123095262313555, 8.393820556011033 ], [ -76.123273580344161, 8.393905022894627 ], [ -76.123442512707584, 8.393970717648266 ], [ -76.123930541751605, 8.394036416256554 ], [ -76.124202712384545, 8.394055186044152 ], [ -76.124615337282279, 8.394091092935918 ], [ -76.125124699747346, 8.394097795183241 ], [ -76.125433000154629, 8.394124604916444 ], [ -76.125714490082643, 8.394184924074198 ], [ -76.125902151081348, 8.394198329239622 ], [ -76.12614342761492, 8.394158115377225 ], [ -76.126672897928032, 8.394003966643172 ], [ -76.12698789993452, 8.393896731401458 ], [ -76.127215773174342, 8.393876626446552 ], [ -76.12754417853148, 8.39383641109875 ], [ -76.127839074080654, 8.393782793829041 ], [ -76.128060244632181, 8.393668859386956 ], [ -76.128194288245524, 8.393548221073663 ], [ -76.128268011564145, 8.393427583049998 ], [ -76.12828811782137, 8.393239919032176 ], [ -76.128288118328371, 8.39306566423301 ], [ -76.128261308601367, 8.392918216272399 ], [ -76.128266284073234, 8.392594508021411 ], [ -76.128347238394525, 8.391888004046615 ], [ -76.12836931555286, 8.391416998733101 ], [ -76.128494427203364, 8.390776728635164 ], [ -76.128626895902428, 8.390320443656853 ], [ -76.128722569049742, 8.390018709057619 ], [ -76.128803522600705, 8.389864160418751 ], [ -76.128935992166305, 8.389724333391781 ], [ -76.129068462336562, 8.389621298219271 ], [ -76.129495308656217, 8.389415234740762 ], [ -76.130393160274465, 8.388973669155339 ], [ -76.131210056093209, 8.388517385370664 ], [ -76.131784092284946, 8.388142055112699 ], [ -76.132115265634923, 8.387840315682976 ], [ -76.132262455293727, 8.387619533577233 ], [ -76.132312824141763, 8.387505445302466 ], [ -76.132384207710345, 8.387321037414086 ], [ -76.132479385867825, 8.387130679954222 ], [ -76.132598358994315, 8.386928426345346 ], [ -76.132764922027746, 8.3867023768072 ], [ -76.132871997278258, 8.386595302368811 ], [ -76.133050456616488, 8.386517969748782 ], [ -76.133324094918876, 8.386404944586232 ], [ -76.133466863375418, 8.386339512239894 ], [ -76.133544195323012, 8.38627407608114 ], [ -76.133597732579972, 8.386202690988432 ], [ -76.133675065184633, 8.386071820006395 ], [ -76.13375239811667, 8.38597664196867 ], [ -76.133859473721373, 8.385952847337832 ], [ -76.133966548646598, 8.385952847075652 ], [ -76.134073625383337, 8.385994488073834 ], [ -76.134156905796431, 8.386000437399225 ], [ -76.134252084733362, 8.385976642398811 ], [ -76.134400800602705, 8.385911206801721 ], [ -76.134555465733541, 8.385780336078756 ], [ -76.134793412336805, 8.385465059576321 ], [ -76.134959973594732, 8.385250907424879 ], [ -76.135013511618581, 8.385018909176699 ], [ -76.135013511805113, 8.384888037904936 ], [ -76.134989718298357, 8.384780965006771 ], [ -76.134942127890611, 8.384661990362805 ], [ -76.134811258397889, 8.384537068221894 ], [ -76.134597106523529, 8.384388354295782 ], [ -76.134478132617929, 8.384239636970799 ], [ -76.134448390318454, 8.384150405778101 ], [ -76.134454338625687, 8.384019535028314 ], [ -76.134525723213628, 8.383829178040088 ], [ -76.134710130545614, 8.383490106813495 ], [ -76.134829103528972, 8.383275953872875 ], [ -76.13494212835441, 8.383121291241741 ], [ -76.135096793097873, 8.382966623681977 ], [ -76.135394225949256, 8.382794113261726 ], [ -76.13581658030111, 8.382591858579408 ], [ -76.136090217571237, 8.382449091860236 ], [ -76.136405497002656, 8.382324169556012 ], [ -76.136696981143714, 8.382145713215778 ], [ -76.136934926955078, 8.381979146593732 ], [ -76.137024157040926, 8.381937510221487 ], [ -76.137184769731064, 8.381919661339811 ], [ -76.137523844149911, 8.381878020297975 ], [ -76.137743943640942, 8.381812588132304 ], [ -76.138166297555458, 8.38155084372989 ], [ -76.138267425260381, 8.381467562581166 ], [ -76.138332859982214, 8.381354540936449 ], [ -76.138404243670465, 8.381080901797798 ], [ -76.138487524551564, 8.380932185392371 ], [ -76.138570805520089, 8.380842955170284 ], [ -76.138689779016659, 8.380789418279392 ], [ -76.138814700633603, 8.380759674388768 ], [ -76.138933673667211, 8.38075967436003 ], [ -76.139070492746711, 8.380789417628902 ], [ -76.139290592984352, 8.380914340007822 ], [ -76.139510692683331, 8.380985721719576 ], [ -76.139736742331408, 8.380985721901881 ], [ -76.139855714527997, 8.381033311908164 ], [ -76.140016328670228, 8.381039261716662 ], [ -76.140165044755321, 8.380991670863866 ], [ -76.14029591588735, 8.380908390188477 ], [ -76.140408939862851, 8.380813213985174 ], [ -76.140533862103922, 8.380765622771202 ], [ -76.140688526547095, 8.380753727731145 ], [ -76.140795602046666, 8.380771572924953 ], [ -76.140932420944807, 8.380854854113105 ], [ -76.141093034664337, 8.381003568015185 ], [ -76.141223905034082, 8.381122543054046 ], [ -76.141503491903435, 8.381306951296386 ], [ -76.141717643217646, 8.381431872334515 ], [ -76.141884206029872, 8.381527050345435 ], [ -76.14206266462115, 8.381580589143608 ], [ -76.142294662895225, 8.38165197174585 ], [ -76.142502866007931, 8.381717406649292 ], [ -76.142734863047636, 8.381759047323289 ], [ -76.142966860204169, 8.381759046872698 ], [ -76.143139371371845, 8.381729307200233 ], [ -76.143335677357371, 8.381651971924697 ], [ -76.143531982091901, 8.381580589426161 ], [ -76.14371044191698, 8.381544896272024 ], [ -76.143853209986816, 8.381527049753265 ], [ -76.143984080094057, 8.381544895790817 ], [ -76.144293409799999, 8.38167576620685 ], [ -76.144650328742429, 8.381806638078276 ], [ -76.144757405243979, 8.381824482916443 ], [ -76.144947761566243, 8.381824482678709 ], [ -76.145167862236605, 8.381794739371735 ], [ -76.145405807917953, 8.381717407182276 ], [ -76.145649702995939, 8.381640075309589 ], [ -76.1457984193936, 8.381622230345487 ], [ -76.145923340956287, 8.381657920179718 ], [ -76.146048261852741, 8.381711457598822 ], [ -76.146161287131036, 8.381747151898782 ], [ -76.14625646493684, 8.381753101572166 ], [ -76.146482513606628, 8.381729307213606 ], [ -76.146696666024923, 8.381675765864474 ], [ -76.146791843908161, 8.381604384779878 ], [ -76.146898919569693, 8.381491358271431 ], [ -76.14698220090628, 8.381348591304572 ], [ -76.147053585265965, 8.381247465226028 ], [ -76.147202300635286, 8.38114633820207 ], [ -76.147380761047032, 8.381063057178725 ], [ -76.14754732308397, 8.381086852781719 ], [ -76.147713885126606, 8.381187978872845 ], [ -76.147832857936521, 8.3813010009514 ], [ -76.147945882738938, 8.381479462847286 ], [ -76.147993471882955, 8.38168766630133 ], [ -76.14799347206835, 8.382115967024353 ], [ -76.147999419978419, 8.382466936695206 ], [ -76.147981574067956, 8.382633498613155 ], [ -76.147987522847956, 8.382823857086242 ], [ -76.147981573859141, 8.383002316382699 ], [ -76.147975626399216, 8.383049905051509 ], [ -76.147922087636815, 8.383109390819152 ], [ -76.147797165873982, 8.383287854057114 ], [ -76.147797166115225, 8.383335440420504 ], [ -76.147832857800665, 8.383424670814431 ], [ -76.147939934338211, 8.383620975161504 ], [ -76.148142188222238, 8.383942203374364 ], [ -76.148415825971711, 8.384275327952768 ], [ -76.148701360774496, 8.384572762264852 ], [ -76.148974998554266, 8.384745270567564 ], [ -76.149284328967852, 8.384834501112381 ], [ -76.149456840268314, 8.384858295633684 ], [ -76.14968883817447, 8.384810706064533 ], [ -76.149986270117182, 8.384661990393084 ], [ -76.150271805685819, 8.384537067906168 ], [ -76.150575186756328, 8.384346714325346 ], [ -76.150771491865072, 8.384197996954089 ], [ -76.150902025519045, 8.384096262930521 ], [ -76.15097761521217, 8.384020673175776 ], [ -76.151053202791971, 8.383844301557358 ], [ -76.151166585961064, 8.383663727967079 ], [ -76.151225377345014, 8.383541948579943 ], [ -76.151359755915806, 8.383268988555372 ], [ -76.151464739826352, 8.383080018281468 ], [ -76.151569724192456, 8.382954036656058 ], [ -76.151670508362187, 8.382828056074642 ], [ -76.151859479014078, 8.382714673913704 ], [ -76.152048449757828, 8.382618089267297 ], [ -76.15214503528955, 8.382571895865723 ], [ -76.152254217755853, 8.382555099121346 ], [ -76.152388597899858, 8.382559297972614 ], [ -76.152518778193723, 8.38256769767197 ], [ -76.152665754915333, 8.382529902105997 ], [ -76.152858924691103, 8.382462713200916 ], [ -76.15310248816715, 8.382361930007997 ], [ -76.153249464680883, 8.382324134273196 ], [ -76.153371245811414, 8.382311539346173 ], [ -76.153459433105795, 8.38229893929176 ], [ -76.153602210718887, 8.382151959566681 ], [ -76.153736589814017, 8.382017582361758 ], [ -76.15384157403372, 8.381816011565228 ], [ -76.153929759904059, 8.381555654548869 ], [ -76.154068339184462, 8.381312089578785 ], [ -76.154198519288116, 8.381135716885197 ], [ -76.154391688559585, 8.380988741555518 ], [ -76.154631052800298, 8.380883756401884 ], [ -76.154757033362088, 8.380858558849743 ], [ -76.15486621622442, 8.380871156803954 ], [ -76.155050987789863, 8.380938346841072 ], [ -76.15520636401402, 8.380967743078699 ], [ -76.155374338094873, 8.380976142293688 ], [ -76.155416331909521, 8.380976142393983 ], [ -76.155634698005088, 8.381236501222489 ], [ -76.155773276682325, 8.381375079880442 ], [ -76.155895058287868, 8.381425471794453 ], [ -76.15606723216591, 8.38147586421772 ], [ -76.156226806730189, 8.381480065327084 ], [ -76.156512363199226, 8.38151365872903 ], [ -76.156768523709474, 8.381492663624766 ], [ -76.156923900368952, 8.381480065322007 ], [ -76.1570708767795, 8.381467466450818 ], [ -76.157369031269496, 8.381496862426399 ], [ -76.157583197794736, 8.381522056852072 ], [ -76.157767969721093, 8.381522057217117 ], [ -76.157961140105201, 8.381501059800831 ], [ -76.158196304296197, 8.381459066595552 ], [ -76.158490258684523, 8.381425471848161 ], [ -76.158486060402126, 8.38128269357099 ], [ -76.158507056083209, 8.381169311910336 ], [ -76.158553249228561, 8.381106321415057 ], [ -76.15867503004246, 8.381060128306649 ], [ -76.158855602535667, 8.38101813840467 ], [ -76.159023577050959, 8.380950944739805 ], [ -76.159174753860398, 8.380829166910031 ], [ -76.159325930308967, 8.380715780557392 ], [ -76.159439313059437, 8.380568803890911 ], [ -76.159603087532872, 8.380312644854127 ], [ -76.159762662946264, 8.380081678594134 ], [ -76.159930636802343, 8.379821321348176 ], [ -76.160123808061243, 8.379943099663199 ], [ -76.160304379561268, 8.380111074633305 ], [ -76.160543743102551, 8.380308446821566 ], [ -76.160841897202076, 8.380455423311494 ], [ -76.161060264104336, 8.380619195866027 ], [ -76.16120724104691, 8.380715780679354 ], [ -76.161375214650235, 8.380749376166728 ], [ -76.161543189019397, 8.380740978015075 ], [ -76.161719561676549, 8.380682186167261 ], [ -76.161874937874018, 8.380577204817007 ], [ -76.161954725892969, 8.380489017019251 ], [ -76.162051310604213, 8.380371434149968 ], [ -76.162114301085424, 8.380304245425247 ], [ -76.16218568967281, 8.380274849040648 ], [ -76.162290673881216, 8.380270650438272 ], [ -76.162420854203859, 8.380308446579782 ], [ -76.162580429562297, 8.380375635061256 ], [ -76.162719007835761, 8.380409228987023 ], [ -76.163012962618197, 8.380463819870185 ], [ -76.163155741073652, 8.380459620576207 ], [ -76.163382505632143, 8.380379833328858 ], [ -76.16355887912411, 8.380308446830895 ], [ -76.163668061543959, 8.380295848018799 ], [ -76.163928422100511, 8.380371433811842 ], [ -76.164092196800013, 8.380430225335644 ], [ -76.164243374127793, 8.380442824315731 ], [ -76.164419746982915, 8.380442824069702 ], [ -76.164579321624203, 8.380417626951289 ], [ -76.16480188779579, 8.380379832680312 ], [ -76.165003456716917, 8.380392431756317 ], [ -76.165284814208746, 8.380442823648339 ], [ -76.165427592175462, 8.380510012773684 ], [ -76.165536775200948, 8.380623395429833 ], [ -76.165637559104709, 8.380791369549774 ], [ -76.16581393226619, 8.381261698124559 ], [ -76.166021308084638, 8.381616275184392 ], [ -76.166375915076287, 8.38228327217074 ], [ -76.166722078128274, 8.383043142628745 ], [ -76.167059799102176, 8.383667926177228 ], [ -76.167285746720808, 8.38407838631376 ], [ -76.167336663571731, 8.384180222228329 ], [ -76.167362122709378, 8.384377528563837 ], [ -76.167419406345402, 8.384765776817289 ], [ -76.167483053323892, 8.385077648603676 ], [ -76.167591253709134, 8.385484991941816 ], [ -76.167686724551487, 8.385796864425908 ], [ -76.167750372067417, 8.386115099840616 ], [ -76.167858572778925, 8.386554267429327 ], [ -76.167954044016511, 8.386980703864262 ], [ -76.167973138375032, 8.387120728882927 ], [ -76.168068608636844, 8.387279846643587 ], [ -76.168176809122713, 8.387489882816336 ], [ -76.168176808775513, 8.387661730440064 ], [ -76.168157715059991, 8.387782661974382 ], [ -76.16806860925098, 8.387846308275957 ], [ -76.167966773390546, 8.387852672267492 ], [ -76.167826749004163, 8.387852672229775 ], [ -76.167763102210998, 8.387884497971985 ], [ -76.167750371531241, 8.387960873163047 ], [ -76.167775831054726, 8.388151816355045 ], [ -76.167852207881353, 8.388279108558869 ], [ -76.168062244357401, 8.388508242293861 ], [ -76.168170443555354, 8.388667359631679 ], [ -76.168214998154653, 8.388781924226338 ], [ -76.168214997730971, 8.388972866918845 ], [ -76.16821042382729, 8.389388305992945 ], [ -76.168191388245702, 8.389564387198346 ], [ -76.16811524591914, 8.38986896043267 ], [ -76.168086691677331, 8.389978412367956 ], [ -76.168100968601863, 8.390125937697128 ], [ -76.168124763332557, 8.390340089598139 ], [ -76.168134281052133, 8.390520928856732 ], [ -76.168134281258745, 8.390663699677054 ], [ -76.168172352892682, 8.390811224245104 ], [ -76.168258012848, 8.391011100882713 ], [ -76.168424575305053, 8.391258562661726 ], [ -76.168543548668893, 8.391444160445925 ], [ -76.168619691253369, 8.391639279368674 ], [ -76.168700593176681, 8.39189625697284 ], [ -76.168771976684241, 8.392157998810317 ], [ -76.168805289414834, 8.392353114354767 ], [ -76.168838601891068, 8.392519676283422 ], [ -76.168838602399703, 8.392643409757424 ], [ -76.168838601887927, 8.392952739388367 ], [ -76.168848120039158, 8.393138335743144 ], [ -76.168909985540083, 8.393295380088412 ], [ -76.169000405352946, 8.393447665924125 ], [ -76.169090824960449, 8.393647540735937 ], [ -76.169133655363623, 8.393823622716344 ], [ -76.16913365467272, 8.393942594367006 ], [ -76.169114618777314, 8.394023495673894 ], [ -76.169028959012351, 8.394299515302292 ], [ -76.169300216633729, 8.39437089659209 ], [ -76.169704724693958, 8.394475592805719 ], [ -76.170009295793179, 8.394623119830516 ], [ -76.170366215615815, 8.394737335216201 ], [ -76.170642233157949, 8.394837273064066 ], [ -76.170989634342135, 8.39499431565317 ], [ -76.171498839158716, 8.395198949834437 ], [ -76.171765338656968, 8.395313164656898 ], [ -76.17208418594484, 8.395403584054531 ], [ -76.172450622709405, 8.395508279942051 ], [ -76.172612427223655, 8.395822368279326 ], [ -76.172726641326491, 8.39612693879374 ], [ -76.172802783903563, 8.396360125595917 ], [ -76.172840854782152, 8.396574277571172 ], [ -76.172869409333956, 8.396878849874108 ], [ -76.172864649911233, 8.397026374999511 ], [ -76.172916998129281, 8.397311914369165 ], [ -76.172969345812973, 8.397540338600049 ], [ -76.173021693810412, 8.397673591440951 ], [ -76.17303597054034, 8.397830633900741 ], [ -76.173069282735753, 8.39799243645227 ], [ -76.173078801312087, 8.398149482022767 ], [ -76.173074041685652, 8.398263697285719 ], [ -76.173035971060955, 8.398411221712156 ], [ -76.173154944158398, 8.398596821882345 ], [ -76.173240603792934, 8.398677721948882 ], [ -76.173369094648535, 8.398711035635824 ], [ -76.173521380836036, 8.398711036396948 ], [ -76.173654630718758, 8.398663446400564 ], [ -76.17385450521077, 8.398644409208778 ], [ -76.174168593873517, 8.398644408549602 ], [ -76.174530271679686, 8.398682480216012 ], [ -76.174996646583878, 8.398777660311364 ], [ -76.175486816203019, 8.398906150876646 ], [ -76.17597222637481, 8.399010846820634 ], [ -76.176457635767292, 8.399129819221709 ], [ -76.176738412012512, 8.399220237919481 ], [ -76.177028706171328, 8.399367766690943 ], [ -76.177238099213966, 8.39943439137771 ], [ -76.177480804363412, 8.399472461913991 ], [ -76.177990009192087, 8.399572400684054 ], [ -76.17858487394065, 8.399767515121612 ], [ -76.178917998039793, 8.399853178261422 ], [ -76.179174979650796, 8.399948353637004 ], [ -76.179431962395753, 8.400095879990863 ], [ -76.179631836974053, 8.400229130612669 ], [ -76.179812675747797, 8.400290997621036 ], [ -76.180007791358847, 8.400290998257507 ], [ -76.18028856813018, 8.400271959673699 ], [ -76.180502719330718, 8.400233889360782 ], [ -76.180678799112741, 8.400114915996639 ], [ -76.180884529669029, 8.399971799435155 ], [ -76.180884530061178, 8.399971799576594 ], [ -76.181438190538316, 8.400171498622733 ], [ -76.182499163941614, 8.400554176959785 ], [ -76.1834307753183, 8.40145795728905 ], [ -76.183616505925201, 8.401638138618377 ], [ -76.183840327534725, 8.401855273027115 ], [ -76.184863964514861, 8.402848321512712 ], [ -76.185010423168634, 8.402990403213282 ], [ -76.185307790995992, 8.403278882488866 ], [ -76.186460679589828, 8.404397303961128 ], [ -76.188619252941805, 8.407155069359323 ], [ -76.188704600143339, 8.407264107261589 ], [ -76.188745142172962, 8.407380138282392 ], [ -76.189746636660388, 8.410246395928153 ], [ -76.189772058263003, 8.410286350154955 ], [ -76.190565854854597, 8.411533925842217 ], [ -76.190952205111387, 8.412136010644923 ], [ -76.191070307105278, 8.412320059832147 ], [ -76.191204532537853, 8.412529233873073 ], [ -76.192392269292412, 8.41438016835844 ], [ -76.192408775735473, 8.414405891740508 ], [ -76.192517527674852, 8.41459970756936 ], [ -76.193276581865234, 8.415952470054817 ], [ -76.193522639250517, 8.416390982023783 ], [ -76.193743816148626, 8.416785152314539 ], [ -76.194478608091146, 8.418632623056775 ], [ -76.194573580717119, 8.418871410203041 ], [ -76.195039405015976, 8.419720443798205 ], [ -76.195229361310481, 8.42006666603684 ], [ -76.195498369708062, 8.420556971092173 ], [ -76.195968319143674, 8.421551627420373 ], [ -76.196014190614108, 8.42164871485558 ], [ -76.196940317604401, 8.423434105948163 ], [ -76.19865941466945, 8.424510107092734 ], [ -76.1997663461717, 8.424795216434045 ], [ -76.200453289376981, 8.42435511310336 ], [ -76.200561930008831, 8.424285510361338 ], [ -76.201357513952303, 8.42377579813267 ], [ -76.201966879516959, 8.423632570726603 ], [ -76.202257311571643, 8.423564306419983 ], [ -76.2032600196939, 8.423551191378435 ], [ -76.203969814553915, 8.424141061183372 ], [ -76.204573290469668, 8.425017231152051 ], [ -76.20458330225425, 8.425031766944807 ], [ -76.204797028755863, 8.426027567898879 ], [ -76.20530892513213, 8.426819748970834 ], [ -76.205312793586657, 8.426822086518969 ], [ -76.205324780867571, 8.426829330283283 ], [ -76.205814661772081, 8.427125344179061 ], [ -76.206117687234808, 8.427308448974774 ], [ -76.207120394729174, 8.427295315114208 ], [ -76.20798469950455, 8.427440118647576 ], [ -76.208105719920525, 8.427460393995872 ], [ -76.208226014891878, 8.427480548339849 ], [ -76.209034776939603, 8.427969248980476 ], [ -76.209946449620659, 8.428656310277582 ], [ -76.21069144000738, 8.429106460543094 ], [ -76.210755221700055, 8.429144999608985 ], [ -76.21187008473683, 8.430029113353763 ], [ -76.212482277792574, 8.430819944605593 ], [ -76.213097641544891, 8.431850403264427 ], [ -76.213189323480066, 8.43258381659949 ], [ -76.213209804849285, 8.432747658221045 ], [ -76.21296282874917, 8.433152914382728 ], [ -76.21271901959021, 8.433552971187941 ], [ -76.212329833693417, 8.434456801802048 ], [ -76.212343048061015, 8.435455215933024 ], [ -76.212350980534168, 8.43551866746869 ], [ -76.212428849034495, 8.436141534378025 ], [ -76.212455219885385, 8.436352472710043 ], [ -76.212485634341647, 8.436439484352647 ], [ -76.21276793302161, 8.437247093972429 ], [ -76.213272537322169, 8.437817857969018 ], [ -76.213378822932128, 8.43793807860968 ], [ -76.213423375771413, 8.437981284898131 ], [ -76.214089992719295, 8.438627752346667 ], [ -76.214349070825918, 8.438843025551847 ], [ -76.21479984085336, 8.439217578810082 ], [ -76.215511010683841, 8.439907242266406 ], [ -76.216220858602455, 8.440497054978938 ], [ -76.216732809174658, 8.441289192038306 ], [ -76.216973789576528, 8.441561755761104 ], [ -76.21734371701767, 8.441980166109193 ], [ -76.217596182834569, 8.442259911198068 ], [ -76.218056224602492, 8.442769660834339 ], [ -76.218668462932513, 8.443560472370704 ], [ -76.218694335102668, 8.443787716004531 ], [ -76.21878198252837, 8.444557550721886 ], [ -76.218671677598152, 8.445084554015112 ], [ -76.218593354555651, 8.445458755640923 ], [ -76.218216116166545, 8.44726115382614 ], [ -76.217932518164659, 8.448563036819518 ], [ -76.217895904015037, 8.448737976622668 ], [ -76.217743898759423, 8.44946424496726 ], [ -76.217354730731813, 8.450368088111667 ], [ -76.217211973315244, 8.450637076328322 ], [ -76.217043012353173, 8.450955436810197 ], [ -76.216767663624609, 8.451474253559454 ], [ -76.216780913839457, 8.452472660742961 ], [ -76.216841490540304, 8.453004641059021 ], [ -76.216894451966596, 8.453469744818761 ], [ -76.216806111632394, 8.454369622303844 ], [ -76.216774121261494, 8.454449007073938 ], [ -76.216767095381826, 8.454466441658447 ], [ -76.216700400842811, 8.454631945756953 ], [ -76.216414734683141, 8.45534083111305 ], [ -76.216403715282624, 8.455368175534373 ], [ -76.216320644267128, 8.455574317601812 ], [ -76.216234025701652, 8.455716450541475 ], [ -76.215829867673435, 8.456379638101895 ], [ -76.215240141608348, 8.457286129572379 ], [ -76.215090952391478, 8.457656338891777 ], [ -76.214754664582088, 8.458490826155629 ], [ -76.21457463860844, 8.458908930579231 ], [ -76.214365488157767, 8.459394673745638 ], [ -76.214250482575437, 8.459753955592037 ], [ -76.214103575799612, 8.460212895748892 ], [ -76.214076589596971, 8.460297200580383 ], [ -76.213493492805952, 8.461702892934863 ], [ -76.21337050211217, 8.462290506876887 ], [ -76.213304864604467, 8.462604102353879 ], [ -76.213116245775652, 8.463505317089266 ], [ -76.21283265698149, 8.464807209785082 ], [ -76.212839308240675, 8.46530772606933 ], [ -76.212845924649542, 8.465805623754399 ], [ -76.212858777155105, 8.466772618800682 ], [ -76.212860488439901, 8.466901355539417 ], [ -76.212860521869359, 8.466903870606966 ], [ -76.212824501028791, 8.467270803184361 ], [ -76.212772181527683, 8.467803765306705 ], [ -76.212738931267623, 8.467956411059747 ], [ -76.212561575995267, 8.468770614443633 ], [ -76.212507846422895, 8.469017277720704 ], [ -76.212488592918973, 8.469105666987584 ], [ -76.212505660698852, 8.470389460711564 ], [ -76.212505724234049, 8.470394220982886 ], [ -76.212505848920259, 8.470403598944873 ], [ -76.212515787909936, 8.471150937186412 ], [ -76.212519126967422, 8.471402011849772 ], [ -76.211538219665471, 8.473062600715599 ], [ -76.211422430853787, 8.47319679150076 ], [ -76.211231806371501, 8.473417710000412 ], [ -76.210385339134646, 8.474398700855444 ], [ -76.210056556706377, 8.474779731609981 ], [ -76.209681976596627, 8.476781851426958 ], [ -76.20964717783491, 8.477458088299734 ], [ -76.209522570571025, 8.479879584213787 ], [ -76.209615061940525, 8.486828554605552 ], [ -76.20917080000136, 8.491128359760902 ], [ -76.209308331751117, 8.493922595709279 ], [ -76.209250768301033, 8.496476710367682 ], [ -76.209245297002056, 8.496719482628912 ], [ -76.208950519585869, 8.498870069204571 ], [ -76.208696803830009, 8.500721091201969 ], [ -76.208718216535203, 8.50232652047127 ], [ -76.208719441650643, 8.502418395252658 ], [ -76.209097794259577, 8.502915618383417 ], [ -76.209434123389983, 8.503357611968685 ], [ -76.209648020722, 8.504353374645156 ], [ -76.209398567898745, 8.50481471783131 ], [ -76.209158564624602, 8.505258583156589 ], [ -76.209166253803005, 8.505834822303786 ], [ -76.209171886908706, 8.506256994628725 ], [ -76.209185209301396, 8.507255411698106 ], [ -76.209191972167972, 8.507762286430175 ], [ -76.209198530566184, 8.508253824194675 ], [ -76.209243484812873, 8.508443286195332 ], [ -76.20941110766168, 8.509149740690464 ], [ -76.209696067470205, 8.510051620223983 ], [ -76.209725311676621, 8.510144176397034 ], [ -76.209725880805948, 8.510186796209441 ], [ -76.209741310942022, 8.511342270384365 ], [ -76.209755980620699, 8.512440522766664 ], [ -76.209755990884148, 8.51244128666039 ], [ -76.209770649514198, 8.513538776875684 ], [ -76.20978529641306, 8.514635602161912 ], [ -76.209786648832278, 8.514736877808081 ], [ -76.209801327524502, 8.515835129008551 ], [ -76.209814668028088, 8.516833544157905 ], [ -76.209818434399097, 8.517115437905563 ], [ -76.209828007887552, 8.517831958146548 ], [ -76.209842685606318, 8.518930211122616 ], [ -76.209856034732951, 8.519928617140287 ], [ -76.209859416560917, 8.520181728420846 ], [ -76.209869374660101, 8.520927034639167 ], [ -76.209983020970014, 8.521924118730226 ], [ -76.209983025823902, 8.521924464036491 ], [ -76.209984547583019, 8.522038285580072 ], [ -76.209996369695517, 8.522922530684321 ], [ -76.210387841097031, 8.523365112884065 ], [ -76.210403770817123, 8.523383122895549 ], [ -76.210607494128368, 8.523613443020158 ], [ -76.210607494138401, 8.523613443029895 ], [ -76.210607494169338, 8.523613443064848 ], [ -76.210615716455933, 8.523621413081896 ], [ -76.211318906302694, 8.52430302631552 ], [ -76.212129285410043, 8.52489143226539 ], [ -76.213038621919054, 8.525378660352994 ], [ -76.213847662925602, 8.525867226735411 ], [ -76.214361175690001, 8.526759137070846 ], [ -76.214726612123016, 8.526979810632454 ], [ -76.214959870820692, 8.527120666732595 ], [ -76.215170217287522, 8.527247686872444 ], [ -76.215382847737644, 8.528143593232237 ], [ -76.215388613103755, 8.528189642335324 ], [ -76.215391588612889, 8.528213409008393 ], [ -76.215495181593013, 8.529040822569836 ], [ -76.215498697181431, 8.529071657299603 ], [ -76.215558218305418, 8.529593743559252 ], [ -76.215598927148008, 8.529950818151519 ], [ -76.215604295866441, 8.529997907736167 ], [ -76.215608855053333, 8.530037898010532 ], [ -76.215689876549789, 8.530213035461603 ], [ -76.215737967057564, 8.530316988917662 ], [ -76.215938615447712, 8.530750712109866 ], [ -76.215984652558078, 8.530850226152204 ], [ -76.216022079816497, 8.530931129681349 ], [ -76.216732179593919, 8.531520848965405 ], [ -76.21679361236437, 8.531538308735247 ], [ -76.217739155878078, 8.531807040263821 ], [ -76.218597478272443, 8.531984977917311 ], [ -76.218644495911761, 8.531994725444907 ], [ -76.219354604556329, 8.532584443815672 ], [ -76.219550432402471, 8.532805817077913 ], [ -76.219789468510257, 8.533076034710209 ], [ -76.219828525933181, 8.533120186884675 ], [ -76.219965756221242, 8.533275318285371 ], [ -76.220284380938978, 8.534038532275087 ], [ -76.220313247316923, 8.534107677062092 ], [ -76.220343518385789, 8.534180185924541 ], [ -76.220380338118673, 8.534268381217933 ], [ -76.221190744225581, 8.534856747896635 ], [ -76.22187976245128, 8.535272779211981 ], [ -76.221999819548401, 8.535345270397016 ], [ -76.222938734499564, 8.536339179586589 ], [ -76.223322705954473, 8.536745638649784 ], [ -76.223332051097799, 8.536760089280044 ], [ -76.223383944782952, 8.536840334119169 ], [ -76.223463236937235, 8.537096666698961 ], [ -76.223582694064504, 8.537407893009048 ], [ -76.223738064402852, 8.537779000674943 ], [ -76.223929744957971, 8.5380305858068 ], [ -76.224132472785016, 8.538269066711136 ], [ -76.224133467819343, 8.538270237632268 ], [ -76.224229427685145, 8.538342209375784 ], [ -76.224399121412304, 8.538442077121598 ], [ -76.224442020711606, 8.538534797640109 ], [ -76.224464238742755, 8.538582819053392 ], [ -76.224760396765518, 8.539222920327079 ], [ -76.225443565363747, 8.539718887392389 ], [ -76.22557082099307, 8.53981127237812 ], [ -76.22648422809371, 8.540597956386614 ], [ -76.227357604723281, 8.54106583032368 ], [ -76.227393611182521, 8.541085119348837 ], [ -76.227878096503133, 8.541554644360462 ], [ -76.228057961609409, 8.541728954956513 ], [ -76.228105094068241, 8.541774632277734 ], [ -76.228440211840308, 8.542292802951524 ], [ -76.228617322800389, 8.542566657264789 ], [ -76.228930304737332, 8.543461190710463 ], [ -76.228936226433021, 8.543901397088526 ], [ -76.228943734810116, 8.544459571151902 ], [ -76.228957424323355, 8.54547633906172 ], [ -76.228958520793256, 8.545557787344341 ], [ -76.229012193726433, 8.545986264611503 ], [ -76.229031824266698, 8.546142977580466 ], [ -76.229070908693402, 8.546454997963639 ], [ -76.229978970967224, 8.54684230538219 ], [ -76.230337434043875, 8.546955954296214 ], [ -76.230885685876004, 8.547129774072491 ], [ -76.231694788821599, 8.547618263153735 ], [ -76.232505249210348, 8.548206576069857 ], [ -76.232514508631795, 8.548218103939092 ], [ -76.233219436955451, 8.549095737743791 ], [ -76.233572554249236, 8.549308918502218 ], [ -76.233915584101737, 8.549516008864289 ], [ -76.233983652337841, 8.549557102178643 ], [ -76.234028548930397, 8.549584206671188 ], [ -76.234031530637324, 8.549588816630934 ], [ -76.234044891220208, 8.549609473741345 ], [ -76.234353056922956, 8.550085921178463 ], [ -76.234540813706985, 8.550376206741429 ], [ -76.235152017871044, 8.551067027102428 ], [ -76.235764588651463, 8.551857691360876 ], [ -76.23627685274927, 8.552649680326912 ], [ -76.236389267615607, 8.553546873724075 ], [ -76.236611491982245, 8.554027087810139 ], [ -76.236802591880036, 8.554440043334688 ], [ -76.236891408770575, 8.55485315187306 ], [ -76.237016659817399, 8.555435724352785 ], [ -76.237187380069997, 8.556154692624181 ], [ -76.237229381681189, 8.556331577126745 ], [ -76.237244212858982, 8.557429776956644 ], [ -76.237252247397521, 8.558025092589244 ], [ -76.237257686960689, 8.558428146005479 ], [ -76.237230456715551, 8.558706058554733 ], [ -76.237186606452156, 8.55915360962427 ], [ -76.237169518186974, 8.559328015766168 ], [ -76.236577150758492, 8.560034926837698 ], [ -76.235479238704073, 8.560449031889565 ], [ -76.235009447796287, 8.560403425627227 ], [ -76.234894255186731, 8.560392243032414 ], [ -76.234575183042253, 8.560361267569078 ], [ -76.233783314699295, 8.560284392642403 ], [ -76.23367112786768, 8.560273501272853 ], [ -76.233218753303674, 8.560000416549489 ], [ -76.233071442542808, 8.55991148908147 ], [ -76.23298960048885, 8.559862083518667 ], [ -76.23286197911726, 8.559785041998399 ], [ -76.232748821057029, 8.559774056080961 ], [ -76.23195792440778, 8.559697270694992 ], [ -76.231657568869835, 8.559801407842338 ], [ -76.23105925772829, 8.560008848686337 ], [ -76.230677865300549, 8.560141078134597 ], [ -76.230160582969077, 8.560320419781601 ], [ -76.229282055168412, 8.56033215867267 ], [ -76.229057263629585, 8.560335162013381 ], [ -76.228054240724646, 8.560348556093357 ], [ -76.227152871043714, 8.56046044994679 ], [ -76.2255543545471, 8.560951118892007 ], [ -76.224850917891729, 8.561195001217742 ], [ -76.22465567087346, 8.561262693167048 ], [ -76.223859970793072, 8.561772592820846 ], [ -76.223635515973456, 8.562187756837893 ], [ -76.223370559629743, 8.562677832631708 ], [ -76.222915395098553, 8.563220979309534 ], [ -76.222778156974201, 8.563384744600674 ], [ -76.222765087052423, 8.563447231379667 ], [ -76.222755206633067, 8.563494468190044 ], [ -76.222744237887852, 8.563546909277139 ], [ -76.222722386377072, 8.563566701969581 ], [ -76.222668170336505, 8.563615808688173 ], [ -76.222252991256696, 8.563754866222034 ], [ -76.221668416660094, 8.564016303625573 ], [ -76.221232469549818, 8.564238990587615 ], [ -76.220719635513518, 8.564432763320976 ], [ -76.220250502765069, 8.564722246654204 ], [ -76.219512855608372, 8.5650992826034 ], [ -76.218767206017986, 8.565763242345023 ], [ -76.218029769788828, 8.566178525551816 ], [ -76.217152497130911, 8.56637653400459 ], [ -76.216734056531266, 8.566405645896776 ], [ -76.216236119038939, 8.566699468649333 ], [ -76.215440492191519, 8.567232811618178 ], [ -76.214606183697839, 8.567754506445677 ], [ -76.214324945826448, 8.568004003028062 ], [ -76.213380986716018, 8.568320013690224 ], [ -76.212703137761622, 8.568440308351004 ], [ -76.212094039609084, 8.568395906018106 ], [ -76.211547303454523, 8.568449685472524 ], [ -76.21119599553117, 8.568442661520759 ], [ -76.210542620307933, 8.56844961872479 ], [ -76.209933981762958, 8.568534038044172 ], [ -76.209263351653064, 8.568593787980742 ], [ -76.2086358885321, 8.568597251264492 ], [ -76.208300673069843, 8.56858452202454 ], [ -76.207732536580295, 8.568659014759128 ], [ -76.206879167874931, 8.568858037077492 ], [ -76.206326424323962, 8.569049479411612 ], [ -76.205645930580644, 8.56894925047825 ], [ -76.205374414710164, 8.568892159395576 ], [ -76.204241092272497, 8.56895577942919 ], [ -76.203496975646004, 8.568964260164881 ], [ -76.202116321292209, 8.568680591454669 ], [ -76.201459582175033, 8.568605807702072 ], [ -76.200432948366299, 8.568307337164875 ], [ -76.19936448643638, 8.56794025924798 ], [ -76.198316831445908, 8.567859948663644 ], [ -76.198074850825378, 8.567536141407784 ], [ -76.197985419228488, 8.567001114044078 ], [ -76.197916367321525, 8.566676357081844 ], [ -76.19778990431935, 8.566447725523677 ], [ -76.196741545197995, 8.566185537765493 ], [ -76.196001533018475, 8.566141782634473 ], [ -76.194820759772085, 8.566227911260521 ], [ -76.194359667198469, 8.566322914743305 ], [ -76.193471396793299, 8.566368111849499 ], [ -76.192786729708345, 8.56644501801369 ], [ -76.192108644699772, 8.566660791867104 ], [ -76.191876915251882, 8.566983600577069 ], [ -76.191577199209362, 8.568381418626242 ], [ -76.191123661329186, 8.569760953839852 ], [ -76.190642665756258, 8.570344530969427 ], [ -76.190493838501126, 8.570812517970326 ], [ -76.190221823469528, 8.571121426844758 ], [ -76.19001460814539, 8.571438135815773 ], [ -76.189772259567462, 8.571950416485986 ], [ -76.189577886383347, 8.571949747865332 ], [ -76.189174063695262, 8.571894579973094 ], [ -76.188748227353315, 8.571767810578054 ], [ -76.18835062018907, 8.571533303637057 ], [ -76.187232531635658, 8.571080972611519 ], [ -76.186783749503604, 8.571141624318695 ], [ -76.186229972650395, 8.571116678365954 ], [ -76.185781832013063, 8.570887500681168 ], [ -76.185680006872687, 8.570715924911216 ], [ -76.185650275894204, 8.570551127148555 ], [ -76.185720670221698, 8.570249511197519 ], [ -76.185976509402067, 8.569602619051667 ], [ -76.186030318552298, 8.568906624566699 ], [ -76.185926754098446, 8.56841948237339 ], [ -76.185726517963232, 8.567387782782495 ], [ -76.185573110162579, 8.567008494282359 ], [ -76.185226223566332, 8.566823911197211 ], [ -76.184923596455803, 8.56682556248982 ], [ -76.184651213468484, 8.567085246475573 ], [ -76.184538651296037, 8.567321267496609 ], [ -76.18432879657199, 8.5678457251302 ], [ -76.184150984117778, 8.568119282599305 ], [ -76.184053579161287, 8.568472737840375 ], [ -76.183975662551077, 8.568717017441632 ], [ -76.183826519868063, 8.569112300631371 ], [ -76.183668354749756, 8.569177713308292 ], [ -76.183365844815128, 8.569200879236549 ], [ -76.183027346605556, 8.569231413793686 ], [ -76.182562377196945, 8.569423613186945 ], [ -76.182428599632132, 8.56972461234699 ], [ -76.182411877465739, 8.570025611313019 ], [ -76.182478765973528, 8.570293166517528 ], [ -76.182420141478218, 8.57040064449906 ], [ -76.182186809954629, 8.571000354605516 ], [ -76.181398624023657, 8.571807936378583 ], [ -76.180725574845468, 8.572479996943571 ], [ -76.18019543222367, 8.573148520640734 ], [ -76.179375670598986, 8.573555334658264 ], [ -76.178334915345886, 8.573648901665047 ], [ -76.1776973428085, 8.57398567280071 ], [ -76.177052416627433, 8.574125891338907 ], [ -76.176424192844863, 8.574036786016741 ], [ -76.17616339362894, 8.573729897741817 ], [ -76.176017629289873, 8.573429457005368 ], [ -76.175844914527133, 8.572918166668369 ], [ -76.175582799427843, 8.572600356897192 ], [ -76.17523533580767, 8.572687799491701 ], [ -76.175005230512213, 8.57277511642474 ], [ -76.174572975528193, 8.572791809509219 ], [ -76.174069824474429, 8.572627140032736 ], [ -76.173658788231435, 8.572275929425514 ], [ -76.173415996884287, 8.572052181714742 ], [ -76.173033098702945, 8.571746071673845 ], [ -76.172586590208866, 8.571551710382998 ], [ -76.172330528486995, 8.571211750296328 ], [ -76.171998601976597, 8.571127484622098 ], [ -76.171610680577601, 8.571344756536682 ], [ -76.171382223810383, 8.571733296586403 ], [ -76.17104480312517, 8.572225379583722 ], [ -76.170925779293043, 8.572596439819163 ], [ -76.170698733733076, 8.573243173100984 ], [ -76.170455157443044, 8.573502694095486 ], [ -76.170067193452951, 8.573712792756139 ], [ -76.169266861875187, 8.57362389266941 ], [ -76.168123824414351, 8.573618651919192 ], [ -76.167372672112975, 8.573518020226055 ], [ -76.167011192893582, 8.573578733272916 ], [ -76.166529083505949, 8.573703270708755 ], [ -76.166011885404657, 8.574000133170941 ], [ -76.165706975944019, 8.574748451126471 ], [ -76.165453919343136, 8.574749066785468 ], [ -76.164979130253442, 8.57489508032921 ], [ -76.164519300090291, 8.575141424883068 ], [ -76.163722486484872, 8.575697998424396 ], [ -76.162975053080075, 8.576060652552961 ], [ -76.162681537516875, 8.576413679977378 ], [ -76.163161808849352, 8.577271756660485 ], [ -76.163368503454691, 8.577584646159577 ], [ -76.164219275043081, 8.578176831637291 ], [ -76.164529952242972, 8.578411919651394 ], [ -76.164915743052859, 8.579253461109307 ], [ -76.16507781802224, 8.579703017310136 ], [ -76.16538350900683, 8.580268629161653 ], [ -76.165882444522012, 8.580642344220971 ], [ -76.166655430138476, 8.580834379168602 ], [ -76.167135941033749, 8.58100411728544 ], [ -76.168460952092246, 8.58146309449433 ], [ -76.169083251777849, 8.581242666961101 ], [ -76.169866243224305, 8.581144324204361 ], [ -76.171173512316074, 8.581251984397518 ], [ -76.171616512215422, 8.581440838374752 ], [ -76.171684595575996, 8.581650875054869 ], [ -76.171578931269764, 8.582020585649444 ], [ -76.171006967832938, 8.582419571823317 ], [ -76.170567110886466, 8.582804479833612 ], [ -76.170359199856307, 8.583436764951305 ], [ -76.170650995364412, 8.584085463379061 ], [ -76.170775949540968, 8.585146846347174 ], [ -76.170774046027901, 8.585500116640404 ], [ -76.170218473653577, 8.585809148628487 ], [ -76.169777668435358, 8.586021927646261 ], [ -76.169628618446694, 8.586398558621154 ], [ -76.169782594598814, 8.586920821141725 ], [ -76.169958365946798, 8.587436267754793 ], [ -76.170170676136294, 8.58799641406287 ], [ -76.170483060036688, 8.588504472297204 ], [ -76.17048694048087, 8.589212111469173 ], [ -76.170259045181538, 8.59011268673602 ], [ -76.169806499334911, 8.591281411961216 ], [ -76.169063897624952, 8.592528633158418 ], [ -76.168258556845274, 8.594518639292609 ], [ -76.167904167258968, 8.595205291552547 ], [ -76.167524385614428, 8.595635401137223 ], [ -76.167106872510658, 8.596593966643661 ], [ -76.1667855778811, 8.597577511866518 ], [ -76.166814432794496, 8.597974620615588 ], [ -76.166835162202531, 8.598102160738273 ], [ -76.16676322278785, 8.59852873778002 ], [ -76.166782729248638, 8.598811154173527 ], [ -76.166822891749177, 8.599126514389162 ], [ -76.166709375449187, 8.59945227249835 ], [ -76.166441868215117, 8.599731052278228 ], [ -76.166071493138233, 8.599871001789754 ], [ -76.165748219436182, 8.600058656096412 ], [ -76.16551296809952, 8.600300309964602 ], [ -76.16520998916009, 8.600428573863505 ], [ -76.164728031129385, 8.600840097055531 ], [ -76.164739367185916, 8.601155615087084 ], [ -76.164818065918823, 8.601489893031232 ], [ -76.164887785522154, 8.60193897639056 ], [ -76.164802883157535, 8.602226327569651 ], [ -76.16414887060229, 8.602478546060647 ], [ -76.163651571628407, 8.60253858857352 ], [ -76.163391887258754, 8.602492181432675 ], [ -76.162517067297969, 8.60241085682301 ], [ -76.162181302568257, 8.602508307088678 ], [ -76.162067898899508, 8.602723227158142 ], [ -76.162120008502157, 8.603598823381461 ], [ -76.161977820524669, 8.603953425674684 ], [ -76.161711247408974, 8.604404332668835 ], [ -76.161578248364336, 8.604682380818863 ], [ -76.161608485694856, 8.604940419012964 ], [ -76.161638827739921, 8.605217582031992 ], [ -76.16185303628113, 8.605732824216886 ], [ -76.161797479507428, 8.606115646083794 ], [ -76.161309442570527, 8.606481686476391 ], [ -76.160705842139052, 8.60680053632554 ], [ -76.159677382565647, 8.606739166106703 ], [ -76.159206990360076, 8.606818217470233 ], [ -76.158716500886072, 8.60676724529689 ], [ -76.158476545322387, 8.606783918629866 ], [ -76.157964042415813, 8.60718230662118 ], [ -76.157504745197173, 8.607843662788341 ], [ -76.15729515495488, 8.608118748948824 ], [ -76.156877100512261, 8.608386304422481 ], [ -76.156392157343589, 8.60841974864935 ], [ -76.155923935741654, 8.608419748418122 ], [ -76.155539326061884, 8.60855352640697 ], [ -76.155462222753115, 8.608730864221059 ], [ -76.155306292987547, 8.60897610400818 ], [ -76.154937326862949, 8.609188969065116 ], [ -76.154606755582037, 8.609004347423635 ], [ -76.154327015479794, 8.608805033957923 ], [ -76.154042343407028, 8.6086763908237 ], [ -76.153691553874722, 8.608569390504655 ], [ -76.153221939327722, 8.608791876922201 ], [ -76.152444748527515, 8.608996896777489 ], [ -76.152186310526844, 8.609179990346989 ], [ -76.152105017771802, 8.609506059809537 ], [ -76.152078127414967, 8.609683888976489 ], [ -76.152018255249402, 8.610079826364991 ], [ -76.151979419144041, 8.61031975098347 ], [ -76.151934592701039, 8.610596683995414 ], [ -76.15162956088146, 8.612019144985618 ], [ -76.151346825533508, 8.612637466691519 ], [ -76.151206042538377, 8.612675804331577 ], [ -76.150623097190135, 8.613262298334616 ], [ -76.150443138287599, 8.613741423782008 ], [ -76.150464699839702, 8.614171646332085 ], [ -76.15061856584316, 8.614753438989101 ], [ -76.150883368486788, 8.61540404066703 ], [ -76.15152613129446, 8.616349794089606 ], [ -76.151526007728691, 8.616728823508636 ], [ -76.151625117918613, 8.617282946282348 ], [ -76.151772064558557, 8.617798558650856 ], [ -76.151970027524342, 8.618858991236877 ], [ -76.151992530476889, 8.61946134303863 ], [ -76.151827398207757, 8.620896696223793 ], [ -76.151723736175768, 8.621270216398667 ], [ -76.151487011583924, 8.621912221713648 ], [ -76.150932363699212, 8.622764039159982 ], [ -76.150726671787922, 8.623148163944716 ], [ -76.15025481671114, 8.623264211441851 ], [ -76.150112976462665, 8.623349315527179 ], [ -76.1503805321763, 8.623549981601522 ], [ -76.150635133614131, 8.62365909634755 ], [ -76.15084875268343, 8.623750647716024 ], [ -76.151161658456502, 8.623922225293457 ], [ -76.151333696395227, 8.624269035527929 ], [ -76.151292813720289, 8.624387595895822 ], [ -76.151209463580429, 8.624629309140628 ], [ -76.151166474149761, 8.624753979265069 ], [ -76.150882197327277, 8.625155311454991 ], [ -76.150564476101181, 8.625506477681617 ], [ -76.149912311042556, 8.625790754401685 ], [ -76.149611311428174, 8.626041587520248 ], [ -76.149126367473059, 8.626225531008364 ], [ -76.148624702246991, 8.626376030854901 ], [ -76.148223370347068, 8.626309142386388 ], [ -76.147975342709728, 8.626146374953391 ], [ -76.147688259801996, 8.625957976040675 ], [ -76.147078078540588, 8.625815847221322 ], [ -76.146601317606113, 8.625790754826458 ], [ -76.14611637451857, 8.62585764348956 ], [ -76.145898985749014, 8.626075031281825 ], [ -76.14583209769448, 8.626493085849059 ], [ -76.14580961371891, 8.62695175635991 ], [ -76.145731764306987, 8.627329195450121 ], [ -76.145430339572897, 8.62765438834581 ], [ -76.145179932456884, 8.627847583060092 ], [ -76.144911728639954, 8.628488860026394 ], [ -76.145019353375147, 8.628842114920204 ], [ -76.145242546620196, 8.629242562459998 ], [ -76.145484854597015, 8.629623780210336 ], [ -76.146004679134521, 8.629793113412642 ], [ -76.146294512769629, 8.63007844260707 ], [ -76.146333763407085, 8.630499721576047 ], [ -76.146509349752492, 8.630708448857884 ], [ -76.146885301099658, 8.630926371432675 ], [ -76.147711510937143, 8.631184286893056 ], [ -76.148095185803001, 8.631775287872843 ], [ -76.148247737413442, 8.632305664493821 ], [ -76.148258078282225, 8.632789005164629 ], [ -76.148216601745716, 8.633644665603683 ], [ -76.148219000955365, 8.634084554494668 ], [ -76.148299368938581, 8.634724847542753 ], [ -76.148317406020567, 8.635279137655449 ], [ -76.148467732669005, 8.6356419943269 ], [ -76.148605235138859, 8.636186347069508 ], [ -76.148470130502503, 8.637372899993313 ], [ -76.148261623869914, 8.637904778022625 ], [ -76.148248723386118, 8.638182177934883 ], [ -76.148250315025095, 8.6384738432234 ], [ -76.148271386406989, 8.63881321886608 ], [ -76.148240624238809, 8.639339355387598 ], [ -76.14815158036042, 8.639751049214825 ], [ -76.148134867695703, 8.640210167737049 ], [ -76.147620455584502, 8.640595471403792 ], [ -76.147406203669902, 8.640955245321187 ], [ -76.147132805335744, 8.641482692288125 ], [ -76.146558463450617, 8.641892227266753 ], [ -76.1458984082157, 8.642003377566864 ], [ -76.145442616685571, 8.64212537766487 ], [ -76.145275625926757, 8.642341448676289 ], [ -76.145145713122432, 8.642748582374224 ], [ -76.145159810058857, 8.643131030243042 ], [ -76.144767789659667, 8.643934056827259 ], [ -76.144685662691174, 8.644293116856318 ], [ -76.144466351160602, 8.64475193657303 ], [ -76.143976072653444, 8.64540175785233 ], [ -76.143708379838856, 8.645880787367499 ], [ -76.143284245832675, 8.646541884271963 ], [ -76.142816746323518, 8.647411214611418 ], [ -76.14251743936066, 8.647804536378288 ], [ -76.142076307676433, 8.648204166705431 ], [ -76.141668880166563, 8.648385671998465 ], [ -76.14146721678047, 8.648852962231432 ], [ -76.141501051669678, 8.649158335803406 ], [ -76.141032830244782, 8.649476057463042 ], [ -76.140630546393822, 8.649622523414651 ], [ -76.140337957422346, 8.649695380417699 ], [ -76.139594858725886, 8.649967419844289 ], [ -76.139343889363673, 8.650245277855726 ], [ -76.138923501709868, 8.65062963259933 ], [ -76.138758613008079, 8.650780387768933 ], [ -76.138451013144078, 8.651450568255839 ], [ -76.13812316987584, 8.651967662886161 ], [ -76.137855615361033, 8.652352272781416 ], [ -76.137821034772557, 8.652376418034432 ], [ -76.13673128867029, 8.653137290795589 ], [ -76.136401878056944, 8.653379226260938 ], [ -76.136195929612327, 8.653662930252835 ], [ -76.135477541262688, 8.654097138116517 ], [ -76.134375994856384, 8.65476053117534 ], [ -76.134345833800424, 8.655017861776452 ], [ -76.134452157936906, 8.655513220260666 ], [ -76.13465811898142, 8.65583486879776 ], [ -76.135253211940153, 8.65702706110771 ], [ -76.135551207516258, 8.657440533691512 ], [ -76.135431146106669, 8.65824306003643 ], [ -76.135443077012241, 8.658807176731203 ], [ -76.135181406099505, 8.659286743269252 ], [ -76.135040441750476, 8.65987324486159 ], [ -76.134983694093521, 8.660483201585256 ], [ -76.135205248080041, 8.661293094861799 ], [ -76.135518867757185, 8.661699622354318 ], [ -76.135676783536624, 8.662021528020906 ], [ -76.13563120532028, 8.662476023731463 ], [ -76.135371547775961, 8.663326151221986 ], [ -76.13550602513979, 8.663755768727613 ], [ -76.135856272242734, 8.664100546442013 ], [ -76.136183210072048, 8.664576942436877 ], [ -76.136702999891369, 8.665171836891556 ], [ -76.137177409168402, 8.666257086833259 ], [ -76.137395848263864, 8.666662341724054 ], [ -76.137606767807554, 8.667892458073501 ], [ -76.137570184030338, 8.668470197831784 ], [ -76.136733952268244, 8.668650262705885 ], [ -76.136105936994028, 8.668805404378233 ], [ -76.135390233328522, 8.668968308895312 ], [ -76.134853982855404, 8.668626303195786 ], [ -76.134198514265535, 8.668520480031539 ], [ -76.133853826752656, 8.668477390196482 ], [ -76.133344579294246, 8.668333815194913 ], [ -76.132852777234433, 8.668467955929938 ], [ -76.132436169507372, 8.669175482071022 ], [ -76.132308840790273, 8.669601611382499 ], [ -76.132278304189313, 8.669881950930282 ], [ -76.132123857743821, 8.67042189604069 ], [ -76.132051250515005, 8.671293404019847 ], [ -76.132020215949638, 8.672214025976016 ], [ -76.131939570037247, 8.672848019642664 ], [ -76.131701588895254, 8.673267689357298 ], [ -76.131293314890058, 8.673808723306966 ], [ -76.130819334034598, 8.674503694563063 ], [ -76.130634129717947, 8.675550568804228 ], [ -76.130833821836248, 8.677169351627883 ], [ -76.130829672089192, 8.678615803253507 ], [ -76.130604350060224, 8.679154944837954 ], [ -76.130294352144801, 8.679586956256205 ], [ -76.129502676431557, 8.68058051458863 ], [ -76.129272499899159, 8.6819040307953 ], [ -76.129185593479008, 8.683358423347535 ], [ -76.128834984401536, 8.684563834299254 ], [ -76.128611633458647, 8.686063110713949 ], [ -76.128296668654542, 8.686908756442152 ], [ -76.127792694689134, 8.688491339575368 ], [ -76.127323666838691, 8.689434253555062 ], [ -76.127499844649492, 8.689669554347081 ], [ -76.127890105271604, 8.689799593852044 ], [ -76.128339195450351, 8.689549096053556 ], [ -76.129158114683833, 8.689834706114619 ], [ -76.129451829718079, 8.689900593674611 ], [ -76.129556803290754, 8.689937423029422 ], [ -76.130780676277951, 8.690366810400512 ], [ -76.131300354530694, 8.690493111358524 ], [ -76.132023419210981, 8.690905209695867 ], [ -76.133078992717969, 8.691487648372181 ], [ -76.133340625383411, 8.691676163700878 ], [ -76.133340624916229, 8.692159963573916 ], [ -76.134167468553173, 8.692815831354242 ], [ -76.134466334924014, 8.693123220285583 ], [ -76.134531469854963, 8.693473722755954 ], [ -76.134576909441535, 8.693875129385853 ], [ -76.13530303739438, 8.694846645946559 ], [ -76.135234010848833, 8.695406462377505 ], [ -76.134879066065864, 8.695712899022091 ], [ -76.134445194386416, 8.696156650427213 ], [ -76.133841984032486, 8.696575906144716 ], [ -76.133342738282394, 8.697554043670548 ], [ -76.133555070379828, 8.697994005741938 ], [ -76.133998810064369, 8.698215876180335 ], [ -76.134671880413308, 8.698081537275588 ], [ -76.135254213102144, 8.698089756637561 ], [ -76.135303371621077, 8.698604472403133 ], [ -76.135453237062066, 8.698754343937962 ], [ -76.135580835655617, 8.698910305184532 ], [ -76.1355880499774, 8.698919123120801 ], [ -76.135599121809477, 8.698929457292769 ], [ -76.135738372864665, 8.699059430967013 ], [ -76.135812887644917, 8.69912898115536 ], [ -76.135904022646798, 8.699189762363055 ], [ -76.136037881929028, 8.699279038281784 ], [ -76.136322821855487, 8.699489045311321 ], [ -76.136592738704067, 8.699699012367066 ], [ -76.136670445528196, 8.699776719165841 ], [ -76.136817543648675, 8.69992381823155 ], [ -76.137087533994347, 8.700103882244225 ], [ -76.13735741566903, 8.700328802222172 ], [ -76.137537258887079, 8.700508646270158 ], [ -76.137623070164736, 8.700615922271268 ], [ -76.137836812884331, 8.700883132260602 ], [ -76.137986458572854, 8.701122698437032 ], [ -76.138075709197594, 8.70123986002543 ], [ -76.138226064893729, 8.701437236411699 ], [ -76.138346997337209, 8.701569164776824 ], [ -76.138342513180078, 8.701584479782923 ], [ -76.138213493640748, 8.701722768882888 ], [ -76.138192929410408, 8.701768699109477 ], [ -76.138187105819938, 8.701781705443976 ], [ -76.138219818131617, 8.701798660511631 ], [ -76.138392597689929, 8.701908390276737 ], [ -76.138594971817881, 8.702059929101647 ], [ -76.138702252860085, 8.702150602395609 ], [ -76.138789606825867, 8.702236177078353 ], [ -76.138928418263163, 8.702412069502264 ], [ -76.138447454034647, 8.703022450617773 ], [ -76.138447454252898, 8.703022450841218 ], [ -76.138447453988164, 8.703022451177187 ], [ -76.139076877677724, 8.703666854385469 ], [ -76.139331735950321, 8.703891732418693 ], [ -76.139506878634847, 8.704093830169095 ], [ -76.13952649184364, 8.704116462012614 ], [ -76.139635943426427, 8.704250244454373 ], [ -76.139796116360856, 8.704446023358079 ], [ -76.139828664888299, 8.704494866206071 ], [ -76.139939407066549, 8.704661046782514 ], [ -76.140065548700775, 8.704850335829997 ], [ -76.139432668874221, 8.705581295417669 ], [ -76.139375066098339, 8.705647093974765 ], [ -76.139236781632775, 8.705805052826612 ], [ -76.138786764933826, 8.706117768556409 ], [ -76.138729437437803, 8.706157605226601 ], [ -76.138529371943491, 8.706296629736308 ], [ -76.138002860945207, 8.706549462621899 ], [ -76.137476873904404, 8.706793521628967 ], [ -76.137265776267554, 8.706891470808305 ], [ -76.136717020775862, 8.707195970946696 ], [ -76.136648887719574, 8.707233777344399 ], [ -76.138282355910007, 8.708927157262142 ], [ -76.13836514153914, 8.709051386349756 ], [ -76.138371866034433, 8.709181520803318 ], [ -76.138371866032145, 8.709181521709807 ], [ -76.138355410879683, 8.709246324806823 ], [ -76.138326340971062, 8.709360806267554 ], [ -76.13821226736998, 8.709692893932512 ], [ -76.137856614923095, 8.710728264160027 ], [ -76.137720899525135, 8.711123355345073 ], [ -76.137236256032992, 8.712647010789249 ], [ -76.137229769834363, 8.712709956229123 ], [ -76.137220854704253, 8.712796469811186 ], [ -76.137231888953337, 8.712886125630886 ], [ -76.137235578213748, 8.712916102331359 ], [ -76.137317393456073, 8.712997918220291 ], [ -76.137325501690071, 8.713006026582773 ], [ -76.13824720783461, 8.714018130358072 ], [ -76.138235242213455, 8.714047749269891 ], [ -76.138036182332101, 8.714540482693389 ], [ -76.137816101516648, 8.715085247606739 ], [ -76.13773770796648, 8.715330103690079 ], [ -76.137725234212155, 8.715369064978718 ], [ -76.13772613456436, 8.715380149976008 ], [ -76.137739807911004, 8.715548495548132 ], [ -76.137739808063728, 8.715548495727587 ], [ -76.137739808080809, 8.715548495937817 ], [ -76.137776669065858, 8.715591808866458 ], [ -76.138031322536833, 8.715891036318947 ], [ -76.138240620014429, 8.71634519281316 ], [ -76.137736606978095, 8.716819208327694 ], [ -76.137480873575129, 8.716938169107275 ], [ -76.137134802913238, 8.717131648876963 ], [ -76.137125046757006, 8.71714372058209 ], [ -76.137014223917205, 8.717280845740397 ], [ -76.137014224017065, 8.71728084619718 ], [ -76.137014223815527, 8.717280846446547 ], [ -76.137042799748642, 8.717411569195274 ], [ -76.13753411854772, 8.719659137139725 ], [ -76.138054473020418, 8.721858031709154 ], [ -76.138054482963867, 8.721858030634985 ], [ -76.138054483006115, 8.721858030813561 ], [ -76.138027382369586, 8.722864593107749 ], [ -76.13795405684003, 8.723515282569132 ], [ -76.138044860711844, 8.72429896449891 ], [ -76.138407620613805, 8.725597577004741 ], [ -76.138438029738779, 8.725802798941787 ], [ -76.138545697617417, 8.726237555331165 ], [ -76.138605465846297, 8.726619754697136 ], [ -76.138655098217697, 8.726906377629813 ], [ -76.13863041002125, 8.727661997012392 ], [ -76.138584136600329, 8.727987394836239 ], [ -76.138412913188134, 8.728313470645066 ], [ -76.137922880069979, 8.728344821973412 ], [ -76.137622166346191, 8.728563282911967 ], [ -76.137890480094512, 8.729099910623507 ], [ -76.138195872925181, 8.729445688001844 ], [ -76.138669319110932, 8.729922555725079 ], [ -76.139498576390508, 8.730545796578397 ], [ -76.139468138815602, 8.7306688486958 ], [ -76.139403734902345, 8.730929224504067 ], [ -76.139332294788559, 8.731218044156043 ], [ -76.13921125851941, 8.731546637024275 ], [ -76.139052050688178, 8.732005878956594 ], [ -76.139014488704873, 8.732114227704367 ], [ -76.138948496418791, 8.732309564579054 ], [ -76.138832820004026, 8.732651965406223 ], [ -76.138666441520286, 8.733085087922035 ], [ -76.138590560757905, 8.733383891752251 ], [ -76.138448083519435, 8.73407094404841 ], [ -76.13842323812095, 8.734190753099609 ], [ -76.138419427107181, 8.734224113732967 ], [ -76.138361774526032, 8.734728786197493 ], [ -76.138330706636296, 8.735132351428897 ], [ -76.138298542086872, 8.735969446650815 ], [ -76.138163283694254, 8.735965030677317 ], [ -76.137946467463948, 8.735957951050944 ], [ -76.13632375742435, 8.735904968170905 ], [ -76.135819429386558, 8.735888499734378 ], [ -76.133712498182902, 8.735816525587529 ], [ -76.133487750828024, 8.735561814646784 ], [ -76.133216374757041, 8.735344699721113 ], [ -76.133187839264636, 8.735321869810067 ], [ -76.133172510334461, 8.735311646814759 ], [ -76.132782817963118, 8.735051756730611 ], [ -76.132302516809702, 8.734841255979912 ], [ -76.132105765486926, 8.734810635454441 ], [ -76.131911992226719, 8.734780477916521 ], [ -76.131476159977382, 8.7348092828002 ], [ -76.131215367663216, 8.734869134185287 ], [ -76.131025116994309, 8.734912796082881 ], [ -76.130937650172186, 8.734942905254385 ], [ -76.130671528324513, 8.735034513176139 ], [ -76.130539248665073, 8.735080048851042 ], [ -76.130378427659494, 8.735135408879522 ], [ -76.129972570800234, 8.735194185800189 ], [ -76.12978941388063, 8.735167681748814 ], [ -76.129657143193299, 8.735148540894697 ], [ -76.129372064669909, 8.734983376631934 ], [ -76.129116928306331, 8.734863137140927 ], [ -76.129116928006667, 8.73486313718602 ], [ -76.12911692795663, 8.734863137162437 ], [ -76.129098577497899, 8.734865898570492 ], [ -76.12892151693049, 8.734892542598477 ], [ -76.128319675830795, 8.735204968242435 ], [ -76.128064044033209, 8.735279068795096 ], [ -76.12805493604337, 8.735256247656139 ], [ -76.127980701707642, 8.735070244058877 ], [ -76.127914733869588, 8.73490495400952 ], [ -76.127894570323974, 8.734855353088941 ], [ -76.127750480057017, 8.734500900043445 ], [ -76.127737832861527, 8.734454297947192 ], [ -76.127661162335784, 8.734171781128623 ], [ -76.127603616155127, 8.73387189001699 ], [ -76.127572190955334, 8.733708121091301 ], [ -76.127538756216325, 8.733395858245594 ], [ -76.127484130286803, 8.732885672380835 ], [ -76.127479494710158, 8.731104969659665 ], [ -76.127476543346873, 8.729970480983486 ], [ -76.127533447163302, 8.72938487518973 ], [ -76.12754955320581, 8.729219126840443 ], [ -76.1275535289723, 8.729178210614457 ], [ -76.127599989359723, 8.728700081295024 ], [ -76.127957838840445, 8.727834679860594 ], [ -76.128038437872206, 8.727639764146627 ], [ -76.128071244308614, 8.727557296621454 ], [ -76.128204790400233, 8.727221595180014 ], [ -76.129035273126348, 8.725624080098319 ], [ -76.129824968302074, 8.724062575485275 ], [ -76.129880962910619, 8.723951854172379 ], [ -76.129821657210712, 8.723637763318976 ], [ -76.129821656728623, 8.723637763235418 ], [ -76.12982165668835, 8.723637763022065 ], [ -76.129784680846228, 8.723631354364349 ], [ -76.129539034086918, 8.72358877736227 ], [ -76.127283445377785, 8.723197830071252 ], [ -76.125791072626313, 8.7230548250563 ], [ -76.123437836612126, 8.722829315606512 ], [ -76.121126729909619, 8.722548594216549 ], [ -76.12104951662802, 8.722539215131707 ], [ -76.120448727549302, 8.722447994962542 ], [ -76.119847901721528, 8.722371720569088 ], [ -76.119074034418304, 8.724980573781622 ], [ -76.118760937555464, 8.726036082737977 ], [ -76.118568665201366, 8.726684268686347 ], [ -76.118341315859311, 8.727450706495224 ], [ -76.118226096596047, 8.72783913010443 ], [ -76.121020027233328, 8.728175131016709 ], [ -76.121832894349595, 8.728273175525903 ], [ -76.121906271618016, 8.72828202595918 ], [ -76.121719471746417, 8.728978409125457 ], [ -76.121477629986359, 8.729879984482903 ], [ -76.121402235860145, 8.730161048688915 ], [ -76.121275118553697, 8.7306349271157 ], [ -76.121269092002919, 8.730657393269569 ], [ -76.121028183887645, 8.73085112095051 ], [ -76.120975183618853, 8.730901697977632 ], [ -76.11977328443875, 8.732048635279071 ], [ -76.119298915160485, 8.732501312822327 ], [ -76.118512676588907, 8.733251596564827 ], [ -76.116989248346783, 8.734723035445342 ], [ -76.116644803315936, 8.735055723547555 ], [ -76.116644803222059, 8.735055723940015 ], [ -76.116644802889212, 8.735055724261493 ], [ -76.116266049403109, 8.736638975903581 ], [ -76.116237799846587, 8.736757065396796 ], [ -76.116226199759353, 8.736805555622734 ], [ -76.116197199639259, 8.736926778420848 ], [ -76.116158722538074, 8.737087625652393 ], [ -76.116245664492169, 8.737922591771303 ], [ -76.116286366166264, 8.738313474637337 ], [ -76.116495243637033, 8.740319431007991 ], [ -76.116510621635058, 8.740467116565885 ], [ -76.116510622169542, 8.74046711654217 ], [ -76.116510622192365, 8.740467116761156 ], [ -76.119589213630874, 8.740330514106832 ], [ -76.119696553596341, 8.740325751166601 ], [ -76.119789610313305, 8.740959725590608 ], [ -76.11985899587512, 8.741432433113241 ], [ -76.119892966955092, 8.741683444059841 ], [ -76.119962215683699, 8.742195123088752 ], [ -76.120237980477071, 8.742726043871254 ], [ -76.120350975916679, 8.742943590258951 ], [ -76.120541606684171, 8.743355294002777 ], [ -76.120829163711164, 8.74397632711557 ], [ -76.120849716936505, 8.744024872766753 ], [ -76.121038262521438, 8.744470195831601 ], [ -76.12108479603846, 8.744709110068539 ], [ -76.121201401052986, 8.74530778692991 ], [ -76.1212062640639, 8.745333976361897 ], [ -76.121334792774576, 8.746025701165722 ], [ -76.121339093637886, 8.746051239216765 ], [ -76.12150510600388, 8.747036800359112 ], [ -76.121571601937703, 8.747431564976258 ], [ -76.121675852333681, 8.748115661264748 ], [ -76.122029698778547, 8.750437589384839 ], [ -76.122752791238923, 8.750140003004521 ], [ -76.122945943496205, 8.750060511602456 ], [ -76.123293275166404, 8.749917567573624 ], [ -76.12333140167685, 8.749902928163996 ], [ -76.123564023183519, 8.749813608836869 ], [ -76.123800118283086, 8.749716087924005 ], [ -76.124391364056862, 8.749471869247994 ], [ -76.124556616946464, 8.749487240300329 ], [ -76.124691586713411, 8.749592228403898 ], [ -76.124759859318644, 8.749592401544406 ], [ -76.124898489018491, 8.749592753569468 ], [ -76.124932014162979, 8.749592838837566 ], [ -76.125322820551887, 8.749548980446388 ], [ -76.125668315564553, 8.749594705402256 ], [ -76.125698198944093, 8.749810189445613 ], [ -76.125707810904871, 8.749879501384084 ], [ -76.126590470070582, 8.749989372734202 ], [ -76.126747266615112, 8.750008890246985 ], [ -76.126723183857763, 8.750116258649916 ], [ -76.126685206414137, 8.750277231085608 ], [ -76.126635985744983, 8.750485856785787 ], [ -76.126378623811348, 8.751193408112274 ], [ -76.126354670860749, 8.751278355824009 ], [ -76.126297117989552, 8.751368927297221 ], [ -76.126287139245576, 8.751384630873353 ], [ -76.126166388360488, 8.751593618832059 ], [ -76.126106651850577, 8.751703319526188 ], [ -76.126060704584731, 8.751787697408835 ], [ -76.126026177777078, 8.751844150114518 ], [ -76.125745554469091, 8.752302979633216 ], [ -76.125486023866117, 8.752727320837467 ], [ -76.125435100946234, 8.752643827450358 ], [ -76.125345634376174, 8.752374508066545 ], [ -76.125345634253804, 8.752374508170353 ], [ -76.125345634199817, 8.752374508007835 ], [ -76.125134799742568, 8.752553368400804 ], [ -76.125198258198893, 8.752752403379535 ], [ -76.125254054734256, 8.752927407953973 ], [ -76.125118354813011, 8.753106457583792 ], [ -76.124923967394565, 8.752732223671511 ], [ -76.124713363741122, 8.752821390365648 ], [ -76.124618717653476, 8.752825633259558 ], [ -76.124397764348259, 8.752835538133443 ], [ -76.12439776435734, 8.752835538293942 ], [ -76.124397763656248, 8.752835538325375 ], [ -76.124412140157574, 8.753089714624352 ], [ -76.12451667175138, 8.75334412622586 ], [ -76.124636269137383, 8.753583621303905 ], [ -76.124486237214114, 8.753493541852855 ], [ -76.124260949308862, 8.753448122219496 ], [ -76.124256477830542, 8.753447408503751 ], [ -76.124256472718017, 8.753447407477205 ], [ -76.123986249188206, 8.753404255648615 ], [ -76.123975560048777, 8.753402548680368 ], [ -76.123818254426212, 8.753395625045577 ], [ -76.123816146596681, 8.753395534707566 ], [ -76.12373310222624, 8.753391880106449 ], [ -76.1236446545918, 8.753352032356132 ], [ -76.123485548282176, 8.753280350819109 ], [ -76.123214764053685, 8.753055488060269 ], [ -76.123101041096731, 8.752961050735905 ], [ -76.12259692799725, 8.752509228957587 ], [ -76.122111599409763, 8.752317775996481 ], [ -76.122111598932875, 8.752317776070168 ], [ -76.122111598609578, 8.752317775942631 ], [ -76.121576748882489, 8.752400413928418 ], [ -76.121259677250933, 8.752449403663352 ], [ -76.120527881670185, 8.752811951971909 ], [ -76.120349550068269, 8.752868288117767 ], [ -76.119922780108112, 8.753003107029421 ], [ -76.119312659585816, 8.753341883566511 ], [ -76.118550203831518, 8.753938993873643 ], [ -76.118071657290116, 8.754210959429098 ], [ -76.117882295982, 8.754318576069203 ], [ -76.117181213705024, 8.754458119166189 ], [ -76.11690475844992, 8.754502196292123 ], [ -76.116354316125054, 8.754589955879286 ], [ -76.116300332041831, 8.754598562797034 ], [ -76.116114847903347, 8.754663001288284 ], [ -76.116089013760771, 8.754671976168765 ], [ -76.116428338249051, 8.755514711271681 ], [ -76.116523944083639, 8.755752153880424 ], [ -76.11668040844809, 8.756800460904866 ], [ -76.116701340864779, 8.756940707871104 ], [ -76.116994803525841, 8.757489138067722 ], [ -76.117295944709554, 8.758051916031333 ], [ -76.117208272190808, 8.760220690692934 ], [ -76.11720619472635, 8.76027207873503 ], [ -76.117206194872722, 8.760272078800467 ], [ -76.117206194872054, 8.76027207881684 ], [ -76.117253298008336, 8.760293137588036 ], [ -76.117839923287335, 8.760555404205689 ], [ -76.118095067450142, 8.76066543479414 ], [ -76.118357329068516, 8.760778534720194 ], [ -76.11860070365006, 8.760820944905996 ], [ -76.11901916981634, 8.760893866192193 ], [ -76.119854003996707, 8.760817314139302 ], [ -76.121231117025914, 8.760732244256527 ], [ -76.121266194391183, 8.760759682598245 ], [ -76.122903575988786, 8.76204047571367 ], [ -76.122988279235145, 8.762106732166975 ], [ -76.122810952906207, 8.762441282175006 ], [ -76.121578549198517, 8.764766364180032 ], [ -76.121476334699167, 8.764959204627381 ], [ -76.121345521867454, 8.765205997804408 ], [ -76.120858464787034, 8.766154786622355 ], [ -76.120832016821467, 8.766206307202284 ], [ -76.120768102385426, 8.766341651261735 ], [ -76.120620479777941, 8.766654253776325 ], [ -76.120620479701557, 8.7666542541513 ], [ -76.120620479604881, 8.766654254356025 ], [ -76.120616154131895, 8.766675486332788 ], [ -76.120590039677225, 8.766803669868306 ], [ -76.12059003999336, 8.766803669945563 ], [ -76.120590039891965, 8.766803670443245 ], [ -76.123108664247411, 8.767419176605255 ], [ -76.12324820720373, 8.767453277807423 ], [ -76.123366482315589, 8.767485181426505 ], [ -76.126717130701024, 8.768388969440077 ], [ -76.127070416940612, 8.768453657244061 ], [ -76.126978987829148, 8.768946759637652 ], [ -76.126845727992219, 8.769329238520051 ], [ -76.126812460069445, 8.769424722729189 ], [ -76.126772641151661, 8.769531911076124 ], [ -76.126646009777104, 8.769872787835272 ], [ -76.126565294354023, 8.770014689342291 ], [ -76.126430652101348, 8.770251396077017 ], [ -76.126374288615153, 8.770350484771495 ], [ -76.126298689819777, 8.770491669201387 ], [ -76.126102489840875, 8.770858079726997 ], [ -76.125921276760323, 8.771201460091403 ], [ -76.125725309735387, 8.771440153949699 ], [ -76.125424317348774, 8.771797613711673 ], [ -76.125348472734956, 8.771887686886737 ], [ -76.125271552189204, 8.771975831808875 ], [ -76.125062101786398, 8.772215845143766 ], [ -76.124836041743222, 8.772469413582193 ], [ -76.124579570119209, 8.772857449595399 ], [ -76.124554271520282, 8.77290390455515 ], [ -76.124473880664581, 8.773051521850208 ], [ -76.12446459255726, 8.773176394096835 ], [ -76.124081031763495, 8.773950043786387 ], [ -76.124083127752641, 8.774332559865506 ], [ -76.123759993333849, 8.774992003433187 ], [ -76.123521942047589, 8.775425803702888 ], [ -76.122659191817547, 8.775870386287632 ], [ -76.122265168297503, 8.775891648280989 ], [ -76.121604676839908, 8.775959061172893 ], [ -76.121361764400987, 8.775934795008874 ], [ -76.120804896618964, 8.776062132655595 ], [ -76.120334596673345, 8.776198563765847 ], [ -76.119187686651316, 8.777419297024077 ], [ -76.118359409870592, 8.778896511403561 ], [ -76.11835241134861, 8.779374708520384 ], [ -76.118002219273833, 8.780380739791875 ], [ -76.118123436429187, 8.78066159926694 ], [ -76.118304302208912, 8.781125034153289 ], [ -76.118469188504776, 8.781391911402254 ], [ -76.118472588118891, 8.782013500726446 ], [ -76.118139633715259, 8.782656037181217 ], [ -76.117710604986755, 8.783372861287861 ], [ -76.117401524758051, 8.784802187879754 ], [ -76.1174626551541, 8.78543302886275 ], [ -76.117695410726597, 8.785804734071959 ], [ -76.118287727693783, 8.786882168596952 ], [ -76.118468443420269, 8.787320427066886 ], [ -76.118492325997082, 8.787378346346834 ], [ -76.118613704710469, 8.788477456350414 ], [ -76.118664282981356, 8.788936215586894 ], [ -76.118525028610719, 8.789597416241584 ], [ -76.118103800225015, 8.790163339997768 ], [ -76.117551986374338, 8.791218280168827 ], [ -76.117372368332695, 8.791773918752298 ], [ -76.116823795198044, 8.793421759676747 ], [ -76.116527350025223, 8.793710260279074 ], [ -76.116152375251687, 8.793702727436187 ], [ -76.115815592077212, 8.793647171272754 ], [ -76.115296625730551, 8.793678669326111 ], [ -76.114961045981218, 8.793843059567324 ], [ -76.114078441430848, 8.794182545809148 ], [ -76.113945055563889, 8.79440322189301 ], [ -76.11381229668082, 8.794738652044774 ], [ -76.113552152737526, 8.795078614971073 ], [ -76.113151654927321, 8.795055111496749 ], [ -76.112737054900052, 8.795012235412987 ], [ -76.111947968849222, 8.794873051473203 ], [ -76.111630046062004, 8.794750446682798 ], [ -76.111283022177503, 8.794580183289982 ], [ -76.11095527788882, 8.794419378310685 ], [ -76.110666769884133, 8.794401809386347 ], [ -76.110398271586931, 8.794527580477801 ], [ -76.110178831746268, 8.794834789263975 ], [ -76.110075065949232, 8.795198752017185 ], [ -76.110038386167602, 8.795524100070066 ], [ -76.10952358758793, 8.796320628197041 ], [ -76.109361201233781, 8.796512769353585 ], [ -76.108949593653549, 8.79684014078985 ], [ -76.108676927325632, 8.797070251124399 ], [ -76.108386514755068, 8.797598675256822 ], [ -76.108254219179841, 8.79802017221389 ], [ -76.107871814527869, 8.798414327787283 ], [ -76.107516372410217, 8.798464061369584 ], [ -76.107149748919113, 8.798327801076946 ], [ -76.10673642343356, 8.79823874838219 ], [ -76.106322049626115, 8.798059280789648 ], [ -76.105618541742857, 8.797747483943823 ], [ -76.105328989220638, 8.797538651865388 ], [ -76.104885464604763, 8.797301958997046 ], [ -76.104211318858916, 8.797085633915986 ], [ -76.103644431193715, 8.797146064898815 ], [ -76.103096718540542, 8.797196828935951 ], [ -76.102543602538631, 8.798022246296185 ], [ -76.102382823034077, 8.798510839343036 ], [ -76.102323742203879, 8.798653936511441 ], [ -76.102106515984502, 8.799180074819052 ], [ -76.101899772895607, 8.799768499875443 ], [ -76.101638382938191, 8.800449727423484 ], [ -76.101279883096808, 8.801311296792024 ], [ -76.101107882600189, 8.80187644132554 ], [ -76.100719978581509, 8.802115577432085 ], [ -76.100108493980443, 8.802816985439568 ], [ -76.099927496406707, 8.803123983491428 ], [ -76.099775442740906, 8.803449952778459 ], [ -76.09955661253133, 8.803871914348937 ], [ -76.099203137178336, 8.804285035690592 ], [ -76.097995643352149, 8.804999207616842 ], [ -76.097842181674181, 8.805047817937444 ], [ -76.097688521339734, 8.805096490716981 ], [ -76.097314050124666, 8.805184571384139 ], [ -76.096834241794326, 8.805349723882326 ], [ -76.096527585930843, 8.805533073279982 ], [ -76.095735584602224, 8.80637360755015 ], [ -76.09541781975517, 8.806703816930993 ], [ -76.09531394242137, 8.806888014019075 ], [ -76.095172067480092, 8.807319124573262 ], [ -76.094773004080068, 8.808191527387466 ], [ -76.094611227073656, 8.808498421218172 ], [ -76.094412186173017, 8.809025472078183 ], [ -76.094032347126614, 8.809897771687513 ], [ -76.093967693095337, 8.810385847879584 ], [ -76.093874249938807, 8.810883641521553 ], [ -76.093620363123748, 8.811537641536308 ], [ -76.093459949274148, 8.811812635693908 ], [ -76.093276399191012, 8.812087961752081 ], [ -76.093123440543437, 8.812485654530102 ], [ -76.092766660979549, 8.812770338469919 ], [ -76.092403386646609, 8.812679872193797 ], [ -76.091970496375083, 8.812634375957092 ], [ -76.0912799440962, 8.81294410327555 ], [ -76.091137390140673, 8.813250894517557 ], [ -76.091081725764212, 8.813624163104146 ], [ -76.091084781512265, 8.814188382805863 ], [ -76.091001155475425, 8.81472437796416 ], [ -76.090633145699726, 8.816007837793103 ], [ -76.090291802392954, 8.816889493549995 ], [ -76.090056730832899, 8.817866214642113 ], [ -76.089827336609986, 8.818116090415797 ], [ -76.08932760660494, 8.81815702049127 ], [ -76.088896313997722, 8.818407977261041 ], [ -76.088677050963199, 8.818753432208652 ], [ -76.088199497111887, 8.81933935397873 ], [ -76.087971290874577, 8.819809179673884 ], [ -76.087608847733819, 8.820346667894894 ], [ -76.087466186399681, 8.820634332520894 ], [ -76.086969658367593, 8.821268171278186 ], [ -76.086750185287713, 8.821575372977295 ], [ -76.086233082329613, 8.821960675100591 ], [ -76.085976029582795, 8.822430654764185 ], [ -76.085909867449075, 8.822641402882541 ], [ -76.086084683247961, 8.822965621834413 ], [ -76.086268959147176, 8.823261099986588 ], [ -76.086617248238056, 8.823660897191736 ], [ -76.086638804468109, 8.824091132962028 ], [ -76.086316158521015, 8.824877055266603 ], [ -76.085790695790848, 8.825018777684599 ], [ -76.085317659995553, 8.825140608550193 ], [ -76.085088155128105, 8.825371357515035 ], [ -76.084979322322582, 8.825944201649152 ], [ -76.085016630962755, 8.826820939582149 ], [ -76.085021116427711, 8.827198318369188 ], [ -76.085217491331903, 8.827952773437989 ], [ -76.085748770683352, 8.828408971398558 ], [ -76.08623084005977, 8.82865503865108 ], [ -76.08683451857631, 8.829147871006073 ], [ -76.087119565177488, 8.829424910033586 ], [ -76.088179023894739, 8.829763513579225 ], [ -76.088969433505184, 8.830132246530116 ], [ -76.088971195922653, 8.830457390657054 ], [ -76.089511526781934, 8.830808336077963 ], [ -76.089993393572399, 8.831016144451462 ], [ -76.090523143304807, 8.830871285018134 ], [ -76.090809485403042, 8.830801371164654 ], [ -76.091307383995755, 8.830817747432178 ], [ -76.091521788764652, 8.830950560533216 ], [ -76.091693930739154, 8.83129786310103 ], [ -76.092161850420254, 8.831960834768878 ], [ -76.092440581329242, 8.832277650695749 ], [ -76.092731495909405, 8.832397687502368 ], [ -76.093155107206456, 8.83250060742199 ], [ -76.093896517345485, 8.832697450754216 ], [ -76.094280229377176, 8.832765124014967 ], [ -76.094617014716064, 8.8328261347951 ], [ -76.095080848624292, 8.832907133758006 ], [ -76.095645203541395, 8.833048223839972 ], [ -76.095975805314922, 8.833154865806284 ], [ -76.096293137212314, 8.833162721371297 ], [ -76.096524353930661, 8.833247545984447 ], [ -76.096794602004536, 8.833437356591959 ], [ -76.097971429297033, 8.834138700392931 ], [ -76.098347699282129, 8.834375754844139 ], [ -76.098737971281565, 8.835133262928812 ], [ -76.09878499235613, 8.835224530312789 ], [ -76.098786399565554, 8.835482730886698 ], [ -76.098692286905134, 8.835856206577303 ], [ -76.098589184383485, 8.836344489941512 ], [ -76.098286936491576, 8.837340701400812 ], [ -76.098126510526967, 8.837896237365349 ], [ -76.09798752593106, 8.838855726770667 ], [ -76.097901056825236, 8.839278281011637 ], [ -76.098251478030448, 8.839655207973578 ], [ -76.098483533519683, 8.839893038683917 ], [ -76.098861114146246, 8.840369165399517 ], [ -76.099105706763225, 8.841142471712379 ], [ -76.099232836414188, 8.841533880562153 ], [ -76.099302905053918, 8.842040355474991 ], [ -76.099268723804201, 8.842824729628754 ], [ -76.098992191348827, 8.843247005868122 ], [ -76.099062886650046, 8.843868237426729 ], [ -76.099316628423807, 8.844555424167517 ], [ -76.099087751118105, 8.844900937052744 ], [ -76.098532230995843, 8.845296030409203 ], [ -76.098343742754011, 8.845995167338438 ], [ -76.098241057332743, 8.846559955250713 ], [ -76.098090192819981, 8.847105876377594 ], [ -76.097545743585854, 8.847768680600748 ], [ -76.097155912990161, 8.848574100214314 ], [ -76.096869447442145, 8.848939051112559 ], [ -76.096276032302541, 8.849439542721779 ], [ -76.095660504397998, 8.850324498172547 ], [ -76.095474630301069, 8.850591460112236 ], [ -76.09529272706871, 8.850735890043564 ], [ -76.094953532801355, 8.850789450728286 ], [ -76.094394465615082, 8.851069537491419 ], [ -76.093932502372468, 8.851680425311486 ], [ -76.093613358956134, 8.852053088944253 ], [ -76.093249287187476, 8.853630727566841 ], [ -76.093207665613392, 8.854534195509723 ], [ -76.093005561346899, 8.856266243932485 ], [ -76.092969600791847, 8.856725476466186 ], [ -76.092563337388512, 8.858047402322377 ], [ -76.092335542160811, 8.858593738239554 ], [ -76.09219433449384, 8.859149170603573 ], [ -76.091855041341759, 8.860057071127029 ], [ -76.091746811944901, 8.860477963250569 ], [ -76.091502078581982, 8.860661513556995 ], [ -76.091165569066703, 8.860845063829691 ], [ -76.090859652106857, 8.860845063296916 ], [ -76.090645510197433, 8.860753288350258 ], [ -76.09025999859999, 8.860521981896063 ], [ -76.090056121175934, 8.860260467852974 ], [ -76.089689804633082, 8.860090300091626 ], [ -76.0890642918433, 8.859998032393126 ], [ -76.088756446515589, 8.8599709986291 ], [ -76.0882694602589, 8.860066396324282 ], [ -76.087806353779285, 8.860310824754141 ], [ -76.087712162972409, 8.860347778746581 ], [ -76.086990769140712, 8.860630799823149 ], [ -76.086250079460868, 8.860577400426022 ], [ -76.085633920721506, 8.860437260673454 ], [ -76.085075843607157, 8.860354197847498 ], [ -76.084461087428025, 8.860472257581744 ], [ -76.083560620299792, 8.861098708696654 ], [ -76.083081513134587, 8.861407306618817 ], [ -76.082785719415426, 8.86182968178319 ], [ -76.082492466222689, 8.862720646817408 ], [ -76.082650323498058, 8.86306835088925 ], [ -76.082804671859805, 8.863550984553875 ], [ -76.08303907278875, 8.864219162160424 ], [ -76.083118642568181, 8.864706466394685 ], [ -76.082999401392968, 8.865768639888941 ], [ -76.082989747802102, 8.866093291057631 ], [ -76.082831045590382, 8.866639809046804 ], [ -76.082697881770358, 8.866908297948852 ], [ -76.082575993482266, 8.867482753575148 ], [ -76.082606811912882, 8.867845996356726 ], [ -76.082438507189948, 8.868726728424807 ], [ -76.082421351717016, 8.869109354804028 ], [ -76.082232861977886, 8.869361810476661 ], [ -76.082215626289127, 8.869368859981838 ], [ -76.08183703479088, 8.869523716222997 ], [ -76.081424187391519, 8.869640691716905 ], [ -76.081098087992331, 8.869795454541347 ], [ -76.080302536180952, 8.870268327420645 ], [ -76.079726741295076, 8.870481809321456 ], [ -76.079333485960731, 8.870665621037775 ], [ -76.079286807045861, 8.870924082852996 ], [ -76.079290538774899, 8.871612625585207 ], [ -76.079388457897338, 8.871937256315153 ], [ -76.079582516822782, 8.872261363348446 ], [ -76.079795656688532, 8.872556676904988 ], [ -76.08020148490381, 8.872917908018795 ], [ -76.080645621464797, 8.873250243823453 ], [ -76.081280566073758, 8.873369312688501 ], [ -76.081692490000918, 8.873571611338186 ], [ -76.081784752299697, 8.873903758629991 ], [ -76.081812422066889, 8.87439960692719 ], [ -76.0818157092978, 8.874458510917249 ], [ -76.08200198926103, 8.87511738217329 ], [ -76.082283078413894, 8.875527096785996 ], [ -76.082640833563062, 8.875888583082251 ], [ -76.083074995831041, 8.876154024334522 ], [ -76.083693104265521, 8.876647996142777 ], [ -76.084087387355353, 8.876697741576306 ], [ -76.084482478316659, 8.876806328765811 ], [ -76.08487713991299, 8.876880713019446 ], [ -76.08535188328301, 8.876954370481601 ], [ -76.08611050321575, 8.877342680840702 ], [ -76.086323819323241, 8.877666685961081 ], [ -76.08641462933511, 8.878450390494821 ], [ -76.086656530881086, 8.879643455272674 ], [ -76.087242429789654, 8.880064715331564 ], [ -76.088588912131485, 8.880408722120901 ], [ -76.090869682765728, 8.880731134958523 ], [ -76.092351769045123, 8.880952652392297 ], [ -76.09280371083814, 8.880950210993721 ], [ -76.093345502227123, 8.88093125515336 ], [ -76.093697456875105, 8.880849748009865 ], [ -76.094072054500302, 8.880771216661604 ], [ -76.094494887818243, 8.880721113970536 ], [ -76.095244028673434, 8.8805544867867 ], [ -76.095657298158997, 8.880513998458401 ], [ -76.096003842179101, 8.88054967954028 ], [ -76.096167822431724, 8.880673811878181 ], [ -76.096303803699158, 8.880921721026267 ], [ -76.096729776726221, 8.881445396024002 ], [ -76.097019873404932, 8.881740286980609 ], [ -76.097185383706233, 8.882112358593393 ], [ -76.097302919889145, 8.882503815767935 ], [ -76.097250356879215, 8.883441301292141 ], [ -76.097251980296392, 8.883737753925004 ], [ -76.09727288719165, 8.884043665056792 ], [ -76.097389901684039, 8.884339492629188 ], [ -76.097603284072378, 8.884673051644139 ], [ -76.097942772935212, 8.88520675442185 ], [ -76.098204393261824, 8.88556874118842 ], [ -76.09829266549626, 8.885883850762308 ], [ -76.098381252412437, 8.88625633713713 ], [ -76.098556539854997, 8.8866570440507 ], [ -76.098993922389042, 8.887505803109375 ], [ -76.099024762787963, 8.887869039297962 ], [ -76.099483596546762, 8.888833458056043 ], [ -76.099838376371963, 8.88941161639594 ], [ -76.100143637244756, 8.889532752594102 ], [ -76.100584159971149, 8.889907114486091 ], [ -76.101434097966063, 8.890421450011107 ], [ -76.101934546977731, 8.890655277184777 ], [ -76.102243256679131, 8.890835301680289 ], [ -76.102869452513772, 8.891042289916598 ], [ -76.103153746757286, 8.891222226619766 ], [ -76.10323405867743, 8.891583629223879 ], [ -76.10328130204482, 8.891864660090077 ], [ -76.103264650475012, 8.892287239290859 ], [ -76.103164026852596, 8.892458864342746 ], [ -76.103032297832783, 8.892676717363239 ], [ -76.102822952653739, 8.893079511520993 ], [ -76.102585547453444, 8.893625906462576 ], [ -76.102453025068272, 8.894009157120788 ], [ -76.10222428952828, 8.894383366072152 ], [ -76.101812059145459, 8.89461512488869 ], [ -76.101518631519752, 8.894870934386759 ], [ -76.10139126235552, 8.895038194686398 ], [ -76.101249753167991, 8.895536251897505 ], [ -76.101223006613921, 8.895918926816693 ], [ -76.101350843806443, 8.896090441530511 ], [ -76.101429146217285, 8.89632534717917 ], [ -76.101582104669703, 8.896570081312948 ], [ -76.101569379410904, 8.896909033720801 ], [ -76.101094475929244, 8.897028961432419 ], [ -76.100786285188221, 8.896944567090308 ], [ -76.100510998977896, 8.896824755541557 ], [ -76.100313675196247, 8.896688926623289 ], [ -76.100159291114707, 8.896594133217031 ], [ -76.09932962428357, 8.896110912828449 ], [ -76.099193685807961, 8.895872569327009 ], [ -76.098990748994083, 8.895691968823588 ], [ -76.098758967681277, 8.895745818028477 ], [ -76.098693908056504, 8.895923098569842 ], [ -76.098589758035814, 8.896220124823072 ], [ -76.098514402945213, 8.89650743096484 ], [ -76.098498247469919, 8.896814434472516 ], [ -76.098510191761889, 8.897492469871056 ], [ -76.098463686023095, 8.897779620367489 ], [ -76.09837948050999, 8.898083301073804 ], [ -76.098333572795823, 8.898602766385398 ], [ -76.098210241039851, 8.898909459780766 ], [ -76.097797372996354, 8.899026460299797 ], [ -76.097576881794765, 8.899151978636656 ], [ -76.09731792491803, 8.899277706477474 ], [ -76.097242516225421, 8.89955545001852 ], [ -76.097291594542739, 8.89973688599663 ], [ -76.097495424539929, 8.900080057686454 ], [ -76.097834251111919, 8.900489438881415 ], [ -76.097835300816456, 8.900680698314074 ], [ -76.097807816668151, 8.900929492070771 ], [ -76.097703402031144, 8.901178703394523 ], [ -76.097550853096195, 8.90141861302444 ], [ -76.097263099311277, 8.901554060399384 ], [ -76.096965203691298, 8.901593930468872 ], [ -76.096834161545885, 8.901666661307223 ], [ -76.096765779020572, 8.902054049242492 ], [ -76.096691209253066, 8.902484800853212 ], [ -76.096657583731684, 8.902797683405502 ], [ -76.09678006477084, 8.902905101879607 ], [ -76.097014849459356, 8.903050939732561 ], [ -76.097090045004492, 8.903314639840193 ], [ -76.097101215722745, 8.903414917375043 ], [ -76.09712849926197, 8.903659820271919 ], [ -76.097130504441637, 8.903677824733096 ], [ -76.097078527729749, 8.903980365599686 ], [ -76.097074590876787, 8.904003279115233 ], [ -76.096887010384179, 8.904072706175262 ], [ -76.096793493960874, 8.904107317888244 ], [ -76.096201809620808, 8.904428799430608 ], [ -76.09557821301776, 8.904699953048505 ], [ -76.095647258343547, 8.905015166751076 ], [ -76.095993186788036, 8.904965473573098 ], [ -76.096185042516453, 8.904878363402334 ], [ -76.096415311772844, 8.904781481761384 ], [ -76.096597602764433, 8.904703986265707 ], [ -76.096828501557013, 8.904721859942152 ], [ -76.096992610023207, 8.904835728148811 ], [ -76.097128131923753, 8.90499756795867 ], [ -76.097158030946332, 8.905188670819392 ], [ -76.097210722630749, 8.905580003632968 ], [ -76.096551849000178, 8.905833231391226 ], [ -76.09644108344547, 8.905846738855494 ], [ -76.096440906076694, 8.905846871745691 ], [ -76.096318417313782, 8.905846871419685 ], [ -76.095714385786451, 8.905846871437557 ], [ -76.094931978943663, 8.905902757738637 ], [ -76.09501580806122, 8.906517505646924 ], [ -76.094959921900994, 8.907635230336302 ], [ -76.094864661634091, 8.908035326325669 ], [ -76.094680491428903, 8.908808839915698 ], [ -76.094065742854241, 8.90964713308842 ], [ -76.094065743324336, 8.910708971032422 ], [ -76.093562766861979, 8.911156060413633 ], [ -76.093283336520614, 8.911714921824135 ], [ -76.092948019355262, 8.912441442998608 ], [ -76.092333270846268, 8.91316796347993 ], [ -76.091771810204008, 8.913695398237076 ], [ -76.090489026742176, 8.914900434875864 ], [ -76.089203643840492, 8.917471200101044 ], [ -76.088365351569237, 8.919315444812254 ], [ -76.087638830693791, 8.919762533784345 ], [ -76.086968195884239, 8.919483103003596 ], [ -76.086800537841626, 8.918700696527202 ], [ -76.086074016972248, 8.918253606562672 ], [ -76.085571041394573, 8.918197720409806 ], [ -76.084956292873798, 8.918030061584657 ], [ -76.08406211379554, 8.918030062181391 ], [ -76.083112048845322, 8.918812468388396 ], [ -76.081770780463458, 8.919427217092023 ], [ -76.08175531624849, 8.919455052540812 ], [ -76.081491348953278, 8.91993019288843 ], [ -76.081267804952802, 8.920209623868061 ], [ -76.08093248747349, 8.920097851025449 ], [ -76.079423560483107, 8.920377282047998 ], [ -76.078697039647636, 8.920936144329211 ], [ -76.077970519230476, 8.921606778389018 ], [ -76.077914632657468, 8.922109754069956 ], [ -76.077746974117588, 8.922556843656407 ], [ -76.077523429231334, 8.923003933357004 ], [ -76.077355770947989, 8.92333925016054 ], [ -76.076405705751228, 8.923451022447967 ], [ -76.075735071271197, 8.923003933362249 ], [ -76.074840891929995, 8.922836274783782 ], [ -76.074505575218424, 8.92305981964153 ], [ -76.074282030668286, 8.923786339818662 ], [ -76.0736113963859, 8.924401088328358 ], [ -76.073108420227655, 8.925351153122188 ], [ -76.072884875689638, 8.925854128968515 ], [ -76.072437785608656, 8.92635710447402 ], [ -76.072158355247339, 8.926748308355778 ], [ -76.072046582331851, 8.927418942178916 ], [ -76.071767151506677, 8.927977804780767 ], [ -76.071320062277152, 8.928145463044906 ], [ -76.070817085997675, 8.927921918532212 ], [ -76.070146451803424, 8.928234881055261 ], [ -76.069531704069803, 8.928123108935319 ], [ -76.069196386233472, 8.928626084765662 ], [ -76.068637524866418, 8.929129060015136 ], [ -76.067743346003837, 8.930190897518768 ], [ -76.067556168708407, 8.930378075089132 ], [ -76.066793279976025, 8.931140962871977 ], [ -76.06612264564825, 8.931308621954374 ], [ -76.065619670067093, 8.931308621272311 ], [ -76.064557832708232, 8.930917418737623 ], [ -76.0636077668903, 8.930526215282246 ], [ -76.063551881214863, 8.931364507645789 ], [ -76.063495995093277, 8.93158805227697 ], [ -76.062601815421473, 8.93186748394683 ], [ -76.061428205655346, 8.932202800544104 ], [ -76.061092888786987, 8.932873435479395 ], [ -76.060925230045399, 8.933264638464827 ], [ -76.060757571094911, 8.934047045222854 ], [ -76.060198709169157, 8.934270589899453 ], [ -76.059516432445037, 8.934537567792246 ], [ -76.058913326882902, 8.934773565312092 ], [ -76.058130920582258, 8.934550021135097 ], [ -76.05792116225463, 8.934494085922228 ], [ -76.057292627390282, 8.934326476143811 ], [ -76.056733765697757, 8.933711727858586 ], [ -76.05533661026189, 8.933991158598296 ], [ -76.054386545242195, 8.934270589951431 ], [ -76.053771797575891, 8.934494134546616 ], [ -76.05321293562875, 8.935164768648345 ], [ -76.052873823373929, 8.935322213752675 ], [ -76.050083308465972, 8.936617809818641 ], [ -76.048574380997266, 8.937735534025416 ], [ -76.047624315443628, 8.940194526352233 ], [ -76.047288471239028, 8.941612535721559 ], [ -76.047121339908514, 8.942318202284843 ], [ -76.046283047437782, 8.943156495183954 ], [ -76.045891843878579, 8.943938901067661 ], [ -76.045500640368729, 8.944665422208203 ], [ -76.044774119871661, 8.944888966583727 ], [ -76.043935826760858, 8.945280169796408 ], [ -76.043376964712579, 8.945727259804077 ], [ -76.04341784211401, 8.94595208628062 ], [ -76.043488737219079, 8.946342007483118 ], [ -76.042706330738937, 8.946342008223787 ], [ -76.041812151599203, 8.946286121633017 ], [ -76.04080620039322, 8.94611846290463 ], [ -76.038011890396604, 8.945950804469899 ], [ -76.036726507771391, 8.947046174249353 ], [ -76.036175572381936, 8.947321641685743 ], [ -76.035049921739386, 8.947884466656397 ], [ -76.034267515271253, 8.947605036053687 ], [ -76.034099856485767, 8.948443328581547 ], [ -76.03320567761709, 8.948890418012663 ], [ -76.03284589905951, 8.949550013709775 ], [ -76.032845889159233, 8.949550031860239 ], [ -76.028005045074124, 8.94810489234354 ], [ -76.027970399754608, 8.948094545085588 ], [ -76.027478883428515, 8.947146500029779 ], [ -76.026727707621248, 8.945697601405403 ], [ -76.027217771588766, 8.945205855359255 ], [ -76.027469659090372, 8.944971017310047 ], [ -76.028191257395193, 8.944298254121541 ], [ -76.026949005571907, 8.941322262453955 ], [ -76.026921517910253, 8.941256403914306 ], [ -76.026638558717536, 8.940578523244257 ], [ -76.026975544900878, 8.940061764365764 ], [ -76.026993556263847, 8.940034143981512 ], [ -76.026226918300111, 8.939709574035883 ], [ -76.02607539915806, 8.939931522049649 ], [ -76.025352481272094, 8.9394943846396 ], [ -76.024903445911121, 8.939248034053639 ], [ -76.024350521960841, 8.939013622411924 ], [ -76.023788586193533, 8.938836713111115 ], [ -76.022032363232626, 8.938612031260716 ], [ -76.020349863690555, 8.938338750886812 ], [ -76.020213545969, 8.938292101340451 ], [ -76.01969304722887, 8.938113971366244 ], [ -76.019021726614227, 8.937721431837572 ], [ -76.018370567768514, 8.937165595614969 ], [ -76.017879048421662, 8.936680340157192 ], [ -76.017343955068426, 8.936275733289866 ], [ -76.016378293095997, 8.935724509902908 ], [ -76.016304632388142, 8.935682460551996 ], [ -76.016748985059166, 8.935004880179038 ], [ -76.017008190288095, 8.934664446180376 ], [ -76.017072632348402, 8.934579809606086 ], [ -76.017156016953876, 8.934470292553524 ], [ -76.01975030005508, 8.931062963057311 ], [ -76.01977341394749, 8.931032604875854 ], [ -76.017137933107634, 8.930075691857972 ], [ -76.017107610025079, 8.930064684222135 ], [ -76.017037063918977, 8.930039066113022 ], [ -76.017075671838924, 8.929889964102458 ], [ -76.017250311562123, 8.929215525854479 ], [ -76.017268209610563, 8.928459722864591 ], [ -76.017269686928302, 8.928397378218792 ], [ -76.016921128052232, 8.92840488097292 ], [ -76.016877338973188, 8.928405822723667 ], [ -76.01629469560109, 8.92636014883867 ], [ -76.016673128609227, 8.926358489718393 ], [ -76.016704462631296, 8.925573553816559 ], [ -76.01670651924556, 8.925522059351151 ], [ -76.016317123248399, 8.925463867592281 ], [ -76.015995563914998, 8.925310099957724 ], [ -76.015779649590414, 8.925206855295819 ], [ -76.015299306930203, 8.924940941001946 ], [ -76.014748954621822, 8.924474808974969 ], [ -76.014688826099842, 8.924423752775684 ], [ -76.014535471881118, 8.923330733182297 ], [ -76.014702901896968, 8.920805391019424 ], [ -76.014710792407641, 8.920686406930253 ], [ -76.013893707070224, 8.921368574389012 ], [ -76.013084940716951, 8.920356572428343 ], [ -76.01622601597218, 8.918526816964631 ], [ -76.015169493932575, 8.917716702944922 ], [ -76.013065666682905, 8.916117642751715 ], [ -76.012295002974923, 8.915531875333491 ], [ -76.012231773212662, 8.915483816381673 ], [ -76.012400967406649, 8.91404639843971 ], [ -76.012490898573574, 8.913282360353911 ], [ -76.012498030664432, 8.913221769720611 ], [ -76.011557453309791, 8.913216578371197 ], [ -76.011478245228432, 8.913216143238813 ], [ -76.011855471261427, 8.911907467432371 ], [ -76.011943651684845, 8.911601550056623 ], [ -76.012099354887638, 8.910652120743176 ], [ -76.012218107079761, 8.909928004008725 ], [ -76.012672749037819, 8.908795902898872 ], [ -76.01304055192422, 8.907880030127229 ], [ -76.013061951117294, 8.907826746695596 ], [ -76.010602250408198, 8.907598462669217 ], [ -76.009355143845653, 8.907224171051775 ], [ -76.00888825205989, 8.907084042712649 ], [ -76.007278319593311, 8.906547713036801 ], [ -76.00721389570856, 8.906526251175857 ], [ -76.007267285384344, 8.905684028378705 ], [ -76.007270986275174, 8.905625648642545 ], [ -76.004767056355419, 8.905529446385648 ], [ -76.004720073746938, 8.905527640035784 ], [ -76.004696872435417, 8.905436168715845 ], [ -76.004640045152868, 8.905212107749005 ], [ -76.004611691868362, 8.90398341217797 ], [ -76.004607124701948, 8.903785539663364 ], [ -76.004605827014501, 8.903729251564126 ], [ -76.004492226919254, 8.903720690574669 ], [ -76.00228094268769, 8.903554075176489 ], [ -76.002224144852306, 8.903549794746159 ], [ -76.002181821435414, 8.903090858110685 ], [ -76.002146242886496, 8.902705071844816 ], [ -76.002140564213633, 8.902643496264167 ], [ -76.001166771863765, 8.902656594358463 ], [ -75.999400291183676, 8.902559369895618 ], [ -75.996787611314772, 8.902415549927516 ], [ -75.996743215246667, 8.902953071699635 ], [ -75.996146192559365, 8.902879698700183 ], [ -75.996084114848543, 8.902872070060109 ], [ -75.996084300170722, 8.9024284713651 ], [ -75.996084326296497, 8.90237098469869 ], [ -75.995003199043211, 8.902315127144091 ], [ -75.994931274395242, 8.902311408305195 ], [ -75.995047925058515, 8.901636960651931 ], [ -75.995058321353653, 8.90157684925861 ], [ -75.993992452973075, 8.90156852220079 ], [ -75.993723488590945, 8.901477418574407 ], [ -75.993652091751343, 8.901453231069548 ], [ -75.994324638969871, 8.898815700009939 ], [ -75.994450550392742, 8.898321904551853 ], [ -75.994690002162727, 8.898374348253265 ], [ -75.995018665668866, 8.898320785595251 ], [ -75.995457204062006, 8.898249319042469 ], [ -75.995382013741846, 8.896952326876937 ], [ -75.995352008294219, 8.894888006328801 ], [ -75.994474674969808, 8.89436067174557 ], [ -75.9943515030985, 8.894440743635455 ], [ -75.993896735144915, 8.894736383238707 ], [ -75.993148009034229, 8.894458552124682 ], [ -75.991213816306839, 8.893740810355865 ], [ -75.990549947169157, 8.893439097605109 ], [ -75.990154911132834, 8.893252124708962 ], [ -75.989583343926299, 8.892948831586825 ], [ -75.988948807922796, 8.892395721555156 ], [ -75.988260902910156, 8.891796085598628 ], [ -75.988080618684037, 8.892031469589968 ], [ -75.986162619959401, 8.894535652555772 ], [ -75.983923686612101, 8.897501659214285 ], [ -75.982987273361459, 8.897229975730935 ], [ -75.982423248292633, 8.89709267631569 ], [ -75.982333564249416, 8.897070842204652 ], [ -75.983189634119782, 8.895866210108377 ], [ -75.984697263378564, 8.893848385603821 ], [ -75.985949571421003, 8.892232192301332 ], [ -75.983201331667431, 8.890354317298875 ], [ -75.982389693712022, 8.889826171167055 ], [ -75.981625668141476, 8.889339715058664 ], [ -75.981048250599258, 8.888972067955519 ], [ -75.980219161704952, 8.888340352045763 ], [ -75.979395056877209, 8.888864850285653 ], [ -75.977563474387395, 8.889874549609404 ], [ -75.97657056258042, 8.890421907873744 ], [ -75.975349797089208, 8.891094865575512 ], [ -75.973719256711647, 8.890553367697448 ], [ -75.971571484890745, 8.890056065685238 ], [ -75.969579375863773, 8.890785601086423 ], [ -75.968403373085295, 8.891216259589863 ], [ -75.967483395588019, 8.889880688551907 ], [ -75.967299482170986, 8.889610542639595 ], [ -75.967042324176717, 8.88920950588869 ], [ -75.966999326842711, 8.889142452106288 ], [ -75.966418532604266, 8.889347525087388 ], [ -75.965681430534616, 8.889607790945961 ], [ -75.964323386774453, 8.890122276152088 ], [ -75.964291647203538, 8.890134299652749 ], [ -75.964066106414805, 8.889605033073789 ], [ -75.964009340937508, 8.889446216570052 ], [ -75.96395853919752, 8.889304080373496 ], [ -75.963934160029908, 8.889235870273888 ], [ -75.96221179072954, 8.889601867949469 ], [ -75.961806070750981, 8.889755395135275 ], [ -75.961766410954127, 8.889770403133781 ], [ -75.961714874634524, 8.889601013368761 ], [ -75.961428769986924, 8.889118869916409 ], [ -75.961387852813175, 8.889049914364314 ], [ -75.960056742315672, 8.889598169905977 ], [ -75.959113811117177, 8.889928114580353 ], [ -75.958979699726811, 8.889731363822625 ], [ -75.958940491992621, 8.889665331388334 ], [ -75.956204961647458, 8.89037236592274 ], [ -75.955967514066828, 8.890433738895521 ], [ -75.955925709043342, 8.890444543010046 ], [ -75.955674223751203, 8.889587006445298 ], [ -75.95566142709788, 8.889555985586366 ], [ -75.95563191457363, 8.889484446111515 ], [ -75.955514668697887, 8.889525628213161 ], [ -75.955331338745566, 8.889590016236451 ], [ -75.953705861560366, 8.89024528442571 ], [ -75.953670607531436, 8.890259494901995 ], [ -75.953416085895583, 8.889568036708448 ], [ -75.953387870365219, 8.889491377879228 ], [ -75.950176711597081, 8.891059283554021 ], [ -75.94932367128186, 8.891470857330576 ], [ -75.949179626953693, 8.891573151378068 ], [ -75.946267902330618, 8.891606224343779 ], [ -75.944686451614629, 8.891624180070428 ], [ -75.944414832147686, 8.891627260344221 ], [ -75.944817456550723, 8.891506337853283 ], [ -75.945197595089027, 8.891325473053001 ], [ -75.945586940946313, 8.890910227689455 ], [ -75.946372004372321, 8.889574400859862 ], [ -75.947737390241031, 8.885749267960598 ], [ -75.951714155201756, 8.886035154570715 ], [ -75.95259889705288, 8.884148755790884 ], [ -75.949761668841205, 8.879968049965306 ], [ -75.949716446261831, 8.879901409861237 ], [ -75.946907185561827, 8.880985001095437 ], [ -75.945480840204254, 8.882418514828768 ], [ -75.946625457427771, 8.885596953154606 ], [ -75.94544086238696, 8.885280540266274 ], [ -75.944694477764742, 8.887188548092976 ], [ -75.943843752880809, 8.886694519141727 ], [ -75.942251218547625, 8.886206849774771 ], [ -75.942175667955183, 8.886183710657088 ], [ -75.942376849762866, 8.8856126374511 ], [ -75.942447031035968, 8.885413422005868 ], [ -75.94178939864706, 8.884089980063989 ], [ -75.941760030297601, 8.884030875423905 ], [ -75.940812702713885, 8.88401426667377 ], [ -75.940099882394236, 8.884001768552793 ], [ -75.938991424288034, 8.883221402913387 ], [ -75.938923772321957, 8.883173778941082 ], [ -75.939665422705687, 8.881355778806165 ], [ -75.940208168136621, 8.88002534838531 ], [ -75.940227153732906, 8.879978805447745 ], [ -75.936534518896693, 8.879385823265736 ], [ -75.933969039936713, 8.887944588109201 ], [ -75.930600689030044, 8.885685124782043 ], [ -75.93038988340767, 8.885534228098447 ], [ -75.928600634320929, 8.884253467170403 ], [ -75.927637763584613, 8.883564224757658 ], [ -75.922886802706003, 8.881537744929561 ], [ -75.922330853091381, 8.881311143752171 ], [ -75.92092576241204, 8.880738436854831 ], [ -75.92089315890361, 8.880725148669892 ], [ -75.919943447881778, 8.879283252319532 ], [ -75.918408622758008, 8.877044796291866 ], [ -75.917431507178208, 8.875526900830618 ], [ -75.917308912196646, 8.875336157264211 ], [ -75.917097517641764, 8.874991502002709 ], [ -75.917055627069217, 8.874923201234399 ], [ -75.916480927973709, 8.875169619874551 ], [ -75.916250325672678, 8.875183058297766 ], [ -75.915897938255355, 8.875169798082721 ], [ -75.91559241439812, 8.87509726188971 ], [ -75.915287958375785, 8.875119051853535 ], [ -75.914880652910185, 8.875252380403607 ], [ -75.914632717198174, 8.875357641026334 ], [ -75.914056603236844, 8.875360199246789 ], [ -75.913769883555346, 8.875435100612167 ], [ -75.91327873289336, 8.875636477418988 ], [ -75.912819778878202, 8.875842816125063 ], [ -75.912564779304191, 8.875959495567235 ], [ -75.912163311838825, 8.87599856945026 ], [ -75.911953325588598, 8.876004093862003 ], [ -75.911378758839135, 8.876081533261706 ], [ -75.910960988186346, 8.876134218130016 ], [ -75.910943738692765, 8.876418386610579 ], [ -75.91090746161376, 8.877016115009081 ], [ -75.910861488895875, 8.877722036534855 ], [ -75.910188824055538, 8.876883624550377 ], [ -75.910134040540854, 8.876814798762112 ], [ -75.909486914821187, 8.877578857781678 ], [ -75.90922446314076, 8.877888735190059 ], [ -75.909200168810699, 8.877917415688373 ], [ -75.909035075148722, 8.877543311661119 ], [ -75.909003234715982, 8.877471161651378 ], [ -75.907658110369681, 8.878035758896047 ], [ -75.907016749572477, 8.876955920177986 ], [ -75.906430565207017, 8.875969166857603 ], [ -75.908462630187699, 8.874764223305091 ], [ -75.908003568277891, 8.873524400346003 ], [ -75.907663661645216, 8.872606401079073 ], [ -75.905611586794137, 8.869776269254915 ], [ -75.905588548757223, 8.869744496965367 ], [ -75.905567787196219, 8.869715858373075 ], [ -75.904815894623951, 8.869769281157637 ], [ -75.904365724592552, 8.869833089189274 ], [ -75.902189868277446, 8.870056374249746 ], [ -75.899992480710324, 8.870814679850541 ], [ -75.89967227919999, 8.870974122768454 ], [ -75.899363526196566, 8.871127865078206 ], [ -75.898963786642881, 8.871326911194538 ], [ -75.89877221075669, 8.871039546955336 ], [ -75.897426900097912, 8.869461050261437 ], [ -75.896458277118853, 8.868151615152753 ], [ -75.894951530270035, 8.866034994833484 ], [ -75.894090530753658, 8.864743496741411 ], [ -75.893390969874517, 8.863649312017825 ], [ -75.892797196110706, 8.86239757428862 ], [ -75.892257598650332, 8.862409818074836 ], [ -75.885817700166115, 8.86255595177883 ], [ -75.88390255409189, 8.862407194800067 ], [ -75.879819781350619, 8.860461927998735 ], [ -75.879449549122228, 8.864494220256237 ], [ -75.879375412124574, 8.865301654224268 ], [ -75.879351987674752, 8.865556750213567 ], [ -75.879300172745317, 8.86612105469481 ], [ -75.878784227548849, 8.871740020006294 ], [ -75.878555262572519, 8.874233520932993 ], [ -75.877426462800969, 8.875552284980561 ], [ -75.87365182506943, 8.870953514367661 ], [ -75.870442473312821, 8.86703536685213 ], [ -75.868707110827685, 8.86491669781943 ], [ -75.868671441869537, 8.864873150586227 ], [ -75.859330319275969, 8.859916193355319 ], [ -75.858719284873374, 8.859591926951362 ], [ -75.858500524919222, 8.859475836192729 ], [ -75.854865012743758, 8.857546511938258 ], [ -75.854684208803988, 8.85745055602473 ], [ -75.854221929539861, 8.857205226879403 ], [ -75.854145532259935, 8.857164682675137 ], [ -75.854162897383773, 8.856921580193248 ], [ -75.854143861224685, 8.856578937954223 ], [ -75.854124824714575, 8.856436169640993 ], [ -75.854058200127028, 8.85628388424457 ], [ -75.853896396700407, 8.856112563730488 ], [ -75.853639415065345, 8.855893654101605 ], [ -75.853249183777677, 8.855655706604333 ], [ -75.852582934298326, 8.855379690397051 ], [ -75.851678738558263, 8.854780064839998 ], [ -75.851183810822292, 8.854351763698906 ], [ -75.851031526380993, 8.854151887099622 ], [ -75.85097441898327, 8.853961531229178 ], [ -75.850983937353618, 8.85374261965841 ], [ -75.851079114990853, 8.853447566638746 ], [ -75.851298025961199, 8.853085889093212 ], [ -75.851593079310391, 8.852790836061168 ], [ -75.85185006075686, 8.85259096356457 ], [ -75.852011864215612, 8.852505301002571 ], [ -75.85222125564043, 8.852448192690007 ], [ -75.852449685346286, 8.852438677064876 ], [ -75.852782808583612, 8.852467229934982 ], [ -75.853867843347174, 8.85258144390977 ], [ -75.854391324847626, 8.852609996949468 ], [ -75.854753003134931, 8.852552891887928 ], [ -75.855038537690319, 8.852400606399126 ], [ -75.855276483820532, 8.852219766931885 ], [ -75.855400215682579, 8.85204844415766 ], [ -75.855485877268478, 8.851848570818477 ], [ -75.855533466177789, 8.851601104765971 ], [ -75.855562019561802, 8.851229909099676 ], [ -75.855571537378779, 8.850639806353263 ], [ -75.855485877133731, 8.84953573260931 ], [ -75.855504912750945, 8.849240679800486 ], [ -75.855619127251572, 8.848859967734635 ], [ -75.855733341155869, 8.84860298603118 ], [ -75.855999839583859, 8.848250824213276 ], [ -75.856475733037641, 8.847755897666332 ], [ -75.856818374646039, 8.847432292063687 ], [ -75.857122945976116, 8.847137238792032 ], [ -75.857256195543485, 8.846899291301535 ], [ -75.857351374139796, 8.846594718957926 ], [ -75.857417999027021, 8.84631870326541 ], [ -75.857465587802736, 8.846023649773466 ], [ -75.857475106034769, 8.845652454413935 ], [ -75.857456070921117, 8.845300293229046 ], [ -75.857379927623256, 8.844967168151742 ], [ -75.857208607300436, 8.844500793801558 ], [ -75.857046802756258, 8.844167668850714 ], [ -75.856827892710754, 8.843872616453186 ], [ -75.856466215138511, 8.843453833761858 ], [ -75.856304411294317, 8.843234924106799 ], [ -75.856009358370841, 8.842663849830268 ], [ -75.855838036811818, 8.842206992784721 ], [ -75.855752375823911, 8.841883386706279 ], [ -75.855676233565404, 8.841340870614902 ], [ -75.85563816159079, 8.840893530842127 ], [ -75.85566671606378, 8.840293906785964 ], [ -75.855761894219725, 8.839399228710676 ], [ -75.855809483693378, 8.838923337270931 ], [ -75.855771411829096, 8.83814287623311 ], [ -75.855723822636833, 8.837476626907515 ], [ -75.855638161872022, 8.837010251404681 ], [ -75.855533466039645, 8.836591466835937 ], [ -75.855476358547577, 8.836429661583065 ], [ -75.855381180807186, 8.836220271160283 ], [ -75.85520034240615, 8.835944251717322 ], [ -75.854819628272082, 8.835439806946834 ], [ -75.853848807724233, 8.834554647029391 ], [ -75.85340146854908, 8.83405020277883 ], [ -75.853068344783935, 8.833583826746095 ], [ -75.852935094948947, 8.8332411860703 ], [ -75.852849433926295, 8.832841437761273 ], [ -75.852830397706001, 8.832489274604976 ], [ -75.852811363425019, 8.832003864559752 ], [ -75.852828518647726, 8.831677894740789 ], [ -75.852506854553326, 8.831677894980187 ], [ -75.852220024987702, 8.831660511860017 ], [ -75.851950579026081, 8.831625745351349 ], [ -75.85162898154455, 8.831538826340397 ], [ -75.851246542190324, 8.831399756563721 ], [ -75.850985788389721, 8.831278074734964 ], [ -75.850725033716643, 8.83112162329199 ], [ -75.850429511641451, 8.830878251252424 ], [ -75.84998623010938, 8.830539267761276 ], [ -75.849456030274979, 8.830226362705559 ], [ -75.848838911002105, 8.829765699328481 ], [ -75.84832609361861, 8.829348491672341 ], [ -75.847882811915241, 8.828948669229877 ], [ -75.847317844015294, 8.828366317703784 ], [ -75.846100990650456, 8.827358065823677 ], [ -75.845318727592257, 8.826819176753627 ], [ -75.844397395940305, 8.826419349916243 ], [ -75.84396280595459, 8.826315050205256 ], [ -75.843441297099915, 8.82627158904892 ], [ -75.842815486553064, 8.826358507891605 ], [ -75.842415663014293, 8.826488884943505 ], [ -75.842111450294595, 8.826610571005483 ], [ -75.841859386764725, 8.826845251312303 ], [ -75.841711626816306, 8.827149464210018 ], [ -75.841616016638994, 8.827444985011581 ], [ -75.841546481781478, 8.827853499902965 ], [ -75.84153779065899, 8.828235940677803 ], [ -75.841546481921469, 8.828531462079487 ], [ -75.8416334002235, 8.82897474331735 ], [ -75.841815927550897, 8.829452791670434 ], [ -75.842041916297887, 8.829835232327214 ], [ -75.842398279912288, 8.830356740787462 ], [ -75.84275464378517, 8.83073918186971 ], [ -75.843415221888833, 8.831260688374408 ], [ -75.84430178605524, 8.831938649827178 ], [ -75.844831987111093, 8.832399317546956 ], [ -75.845257885017716, 8.832746988082624 ], [ -75.845649016644828, 8.833155503238453 ], [ -75.84596192195589, 8.833564017910996 ], [ -75.846118374065924, 8.833903001744192 ], [ -75.84625744280946, 8.834268054933752 ], [ -75.846335670076158, 8.834607037888826 ], [ -75.846422588220392, 8.835085085204849 ], [ -75.846474738604414, 8.835676127625426 ], [ -75.846509505677105, 8.836215020347121 ], [ -75.846518197584231, 8.836623535253015 ], [ -75.846500814340104, 8.837058126090202 ], [ -75.846431280112739, 8.837536176915849 ], [ -75.846361745104147, 8.837979458278573 ], [ -75.846274826606802, 8.838248904931062 ], [ -75.846057531932644, 8.838726953295158 ], [ -75.845901079336201, 8.839074626902603 ], [ -75.845805469309127, 8.839448375897865 ], [ -75.845727242625244, 8.839787354381272 ], [ -75.845605557801051, 8.840187177587348 ], [ -75.845572072654306, 8.840266483630602 ], [ -75.845442050861237, 8.840197823075414 ], [ -75.844560110604178, 8.839732099451954 ], [ -75.844485283381431, 8.839692581065233 ], [ -75.844659822417597, 8.839391666172238 ], [ -75.84437836797126, 8.839223892816049 ], [ -75.844134011543517, 8.839120815088132 ], [ -75.843713811269026, 8.838924430590595 ], [ -75.843612464076813, 8.83884015143104 ], [ -75.843830971052284, 8.838513214057873 ], [ -75.843845389154154, 8.838491648148368 ], [ -75.843688528660692, 8.838419022062924 ], [ -75.843616000001461, 8.838385442050225 ], [ -75.84377296801874, 8.837928299939671 ], [ -75.843846880236086, 8.837755435597744 ], [ -75.843964576009924, 8.837480165297064 ], [ -75.844063768236381, 8.836998037683657 ], [ -75.844119566706439, 8.836441029868006 ], [ -75.844125428615868, 8.836382522424781 ], [ -75.843552131741674, 8.836386898114421 ], [ -75.840981703839532, 8.836406507891487 ], [ -75.840931351794154, 8.83640689328849 ], [ -75.840886307084645, 8.836217532736118 ], [ -75.836488266896794, 8.833218139388311 ], [ -75.834501532957987, 8.835932834103595 ], [ -75.833081814980886, 8.835207728273375 ], [ -75.833041485192538, 8.83518712785504 ], [ -75.833017343332656, 8.8351747961 ], [ -75.833067457141354, 8.834833923574672 ], [ -75.833023056776696, 8.834428305605744 ], [ -75.833032553867355, 8.834054935140641 ], [ -75.832690568927148, 8.833856695206666 ], [ -75.832572707724779, 8.833772994882782 ], [ -75.83290319953295, 8.833264046828193 ], [ -75.823284164254574, 8.822697053785499 ], [ -75.823250846088882, 8.822662757515053 ], [ -75.823011570030744, 8.822416460049865 ], [ -75.821561246023464, 8.820923553433898 ], [ -75.821499813158042, 8.820860315306708 ], [ -75.819461815658812, 8.824453011296859 ], [ -75.816632540366399, 8.823551107577924 ], [ -75.815890144542109, 8.823592512142801 ], [ -75.810763662066535, 8.824838531658104 ], [ -75.810697906273148, 8.824854512419368 ], [ -75.810714554968285, 8.823788601299212 ], [ -75.810725934250996, 8.823060203694448 ], [ -75.81072633875425, 8.823034297645819 ], [ -75.809714132831516, 8.822544772787817 ], [ -75.809151154599689, 8.822272500348268 ], [ -75.809126875829477, 8.822260756868742 ], [ -75.80873197512598, 8.821814981177475 ], [ -75.808700216354822, 8.82178019879621 ], [ -75.807824653297061, 8.821180503227776 ], [ -75.807712441261017, 8.821103645184861 ], [ -75.807164045731568, 8.820908412965236 ], [ -75.806277327981221, 8.820592735845567 ], [ -75.806236371911126, 8.820578156732648 ], [ -75.806174291379733, 8.820466592752826 ], [ -75.8034926323608, 8.815647451968777 ], [ -75.803015873651177, 8.814790662153113 ], [ -75.802978341351789, 8.814723211092177 ], [ -75.802245743633236, 8.814996532199761 ], [ -75.801885799744809, 8.815130823408285 ], [ -75.801803295986417, 8.815161605549104 ], [ -75.801622386919391, 8.815229097405782 ], [ -75.801589631976071, 8.815155064878368 ], [ -75.801537371883583, 8.815036954635058 ], [ -75.801498661925052, 8.814949467620721 ], [ -75.801443751538514, 8.814825358426742 ], [ -75.799646145789211, 8.81076245761542 ], [ -75.799628414989101, 8.810721045434942 ], [ -75.798798677907214, 8.808783013285916 ], [ -75.79876959032903, 8.808715070059344 ], [ -75.798256985385152, 8.808868382974266 ], [ -75.798219204101017, 8.80887968214858 ], [ -75.797575239543946, 8.807259390589522 ], [ -75.797603503699648, 8.806451513643269 ], [ -75.797605793626445, 8.806386050940208 ], [ -75.797013475813074, 8.806458765659999 ], [ -75.796661338795346, 8.806559636314731 ], [ -75.796434474027834, 8.806418512614334 ], [ -75.796138622601831, 8.806272863797178 ], [ -75.795771049306694, 8.806074664212407 ], [ -75.795485708671976, 8.806207717408251 ], [ -75.795072147237505, 8.80653737516592 ], [ -75.794873927229759, 8.80662325835252 ], [ -75.794710816618874, 8.80669392538079 ], [ -75.794279867019966, 8.806754137378844 ], [ -75.793945615360357, 8.806781505656669 ], [ -75.793615883295161, 8.806771020323829 ], [ -75.792972321401081, 8.80675055066118 ], [ -75.792314457066439, 8.806611706788235 ], [ -75.791677473966587, 8.806500378819281 ], [ -75.791199287279312, 8.806318970140742 ], [ -75.790695910276, 8.806281318081641 ], [ -75.790629499553731, 8.806276348188547 ], [ -75.790639956039058, 8.805862562650658 ], [ -75.790687884263065, 8.803965911433824 ], [ -75.790128431028378, 8.803562506428374 ], [ -75.790058717573999, 8.803512905105883 ], [ -75.792142235351065, 8.800105760356729 ], [ -75.792157837006883, 8.800080249989703 ], [ -75.792311161277127, 8.799829520146146 ], [ -75.792988034079812, 8.798722618165378 ], [ -75.793199451035036, 8.79838520633454 ], [ -75.793346461975602, 8.798516102251808 ], [ -75.793749585273673, 8.798805482651209 ], [ -75.794410341599146, 8.799131753002023 ], [ -75.795146104797425, 8.799509961856192 ], [ -75.795324139661005, 8.799110648735896 ], [ -75.795483818784788, 8.798735508041007 ], [ -75.795667695683733, 8.798408929361491 ], [ -75.795808344220404, 8.798251863976366 ], [ -75.796016815271244, 8.797858715866493 ], [ -75.796395116131919, 8.797298433566894 ], [ -75.796696337073399, 8.796885469894129 ], [ -75.797008401420783, 8.796480555686347 ], [ -75.79709734134066, 8.796317026952757 ], [ -75.797143272170104, 8.796232578151191 ], [ -75.797302797748458, 8.795899856221908 ], [ -75.797431954013462, 8.795542786256151 ], [ -75.79755539422375, 8.795076632932345 ], [ -75.797596993280223, 8.794923568325117 ], [ -75.797604752872445, 8.794895016902625 ], [ -75.797709919179383, 8.794428798804944 ], [ -75.79776595402042, 8.794077543639794 ], [ -75.797809536074212, 8.793805018359954 ], [ -75.798351269754846, 8.79392200043568 ], [ -75.798868764967253, 8.7940025398381 ], [ -75.799203579679968, 8.794064273939407 ], [ -75.799593322961726, 8.794095901578688 ], [ -75.799836977319487, 8.794096733177254 ], [ -75.800050174980768, 8.794097463971541 ], [ -75.800288156885429, 8.793977084058767 ], [ -75.800587323768625, 8.793778142279416 ], [ -75.800807427188943, 8.79354257462392 ], [ -75.800954371848277, 8.793324933954235 ], [ -75.800991668554559, 8.793106921418566 ], [ -75.800980135804082, 8.792919036650195 ], [ -75.800798229306992, 8.792676040278845 ], [ -75.800525202877736, 8.792360019362214 ], [ -75.800300951246101, 8.792032042647962 ], [ -75.800112934339893, 8.791795083599853 ], [ -75.799997491899148, 8.791709857213309 ], [ -75.799778394046285, 8.791654574010506 ], [ -75.799169865927738, 8.791476772807687 ], [ -75.798375315975434, 8.792249669274197 ], [ -75.79805161757956, 8.79249700183308 ], [ -75.79779023273349, 8.792338566709375 ], [ -75.797535003844843, 8.792161968900714 ], [ -75.797480790888372, 8.791986060199017 ], [ -75.797299703099171, 8.791506743633226 ], [ -75.797076919060899, 8.790754606728504 ], [ -75.796787258151753, 8.789965891145865 ], [ -75.796775579400062, 8.789820425977311 ], [ -75.797470717304094, 8.789610718239715 ], [ -75.797182102781818, 8.788519032956732 ], [ -75.797014308792541, 8.787718611113553 ], [ -75.796830986283979, 8.787887647597376 ], [ -75.796562342739989, 8.78806851704792 ], [ -75.795811837808458, 8.788435573846941 ], [ -75.795488539022813, 8.788567774046319 ], [ -75.794829738606495, 8.788838198127982 ], [ -75.794494322291598, 8.788952175621178 ], [ -75.793982066953049, 8.789120087705646 ], [ -75.793329418831888, 8.789372345570548 ], [ -75.793189110340606, 8.78943245994803 ], [ -75.792831679143561, 8.790624943932878 ], [ -75.792615711097881, 8.7914240503365 ], [ -75.791653388625136, 8.791390450328809 ], [ -75.791050434165328, 8.791364143843818 ], [ -75.790788507985965, 8.791363241654986 ], [ -75.790392298672984, 8.79144065166356 ], [ -75.789636260674811, 8.791644076855597 ], [ -75.789432998617855, 8.790830404595704 ], [ -75.789329044585898, 8.79036144882806 ], [ -75.789088229923493, 8.789544615780663 ], [ -75.788887909373159, 8.788760244360233 ], [ -75.788639001341238, 8.787935303066678 ], [ -75.788430590871641, 8.787142824370299 ], [ -75.788182049915321, 8.786212853406525 ], [ -75.788021414909394, 8.785695228363412 ], [ -75.787837145865652, 8.784967462950737 ], [ -75.787667370057846, 8.784363907867203 ], [ -75.787524451140627, 8.783802975769879 ], [ -75.787420556009266, 8.783317865706229 ], [ -75.787429099023953, 8.783196706863656 ], [ -75.787650094006793, 8.782704633084192 ], [ -75.787945176594576, 8.782138799217217 ], [ -75.788728102915101, 8.780767066730695 ], [ -75.788745229100925, 8.780737063175508 ], [ -75.788908328791905, 8.780543721881616 ], [ -75.789144585374117, 8.780334471145775 ], [ -75.789462191257414, 8.780085106549798 ], [ -75.789649687906191, 8.779883769013923 ], [ -75.789845275077852, 8.779690538790559 ], [ -75.790147199239058, 8.779279534747028 ], [ -75.790311406561742, 8.779052478598453 ], [ -75.790522608387079, 8.778755670578267 ], [ -75.790726679575087, 8.778457435704363 ], [ -75.790857715785691, 8.778142796830444 ], [ -75.791061983184221, 8.777788010118927 ], [ -75.791258353542247, 8.777368560668773 ], [ -75.791454388368592, 8.777046062630239 ], [ -75.791536189382953, 8.776876680118574 ], [ -75.791561308925282, 8.776658625362861 ], [ -75.791554250756704, 8.776351588703386 ], [ -75.791473764976587, 8.776141252591064 ], [ -75.791287642627239, 8.775946713854761 ], [ -75.791255123777404, 8.775931290749892 ], [ -75.791336872590662, 8.775703528036162 ], [ -75.791419716300027, 8.77552657085411 ], [ -75.79157130401029, 8.775286226725107 ], [ -75.791674340845603, 8.77509617334707 ], [ -75.791924571856541, 8.774851162000147 ], [ -75.792254606279101, 8.774529625602545 ], [ -75.79236843229306, 8.774386269332078 ], [ -75.792799880016915, 8.774054309967807 ], [ -75.793106912043555, 8.77377813965464 ], [ -75.79323493490709, 8.773746770067358 ], [ -75.793486190287538, 8.77374763040271 ], [ -75.793659829626478, 8.773734590140675 ], [ -75.79387940664985, 8.773648992038256 ], [ -75.794053281718618, 8.77356778605292 ], [ -75.794199701970584, 8.773500115116574 ], [ -75.794183125182798, 8.773009242445704 ], [ -75.793667962768609, 8.773016244964403 ], [ -75.793559419557226, 8.772698887100962 ], [ -75.793436975242471, 8.772439427842546 ], [ -75.79328676261396, 8.77228212472534 ], [ -75.793033754995179, 8.772127881769551 ], [ -75.793604506337303, 8.771550398144395 ], [ -75.793693985857487, 8.771434816653793 ], [ -75.794090421634408, 8.770734032967194 ], [ -75.79414778419742, 8.770989864108344 ], [ -75.794236534828613, 8.771085604375447 ], [ -75.794630580589242, 8.771076724871547 ], [ -75.794729022848657, 8.771342918811985 ], [ -75.795132889356921, 8.772458859154687 ], [ -75.795293943552068, 8.772954415918727 ], [ -75.796156913268248, 8.772929638412348 ], [ -75.797865617325712, 8.772885481115962 ], [ -75.798351776259778, 8.772328151560586 ], [ -75.798792395192919, 8.771729767931213 ], [ -75.798820590366788, 8.771682455782269 ], [ -75.798930240419793, 8.771498462770237 ], [ -75.79928445028898, 8.770786164729259 ], [ -75.799298097090826, 8.770759042135467 ], [ -75.799887016280948, 8.769588446421896 ], [ -75.80052175699177, 8.768331751416094 ], [ -75.800362432139011, 8.7681676019776 ], [ -75.799472420078843, 8.767457933166423 ], [ -75.799059425701842, 8.767145179686981 ], [ -75.798540262383653, 8.766675318623737 ], [ -75.798393491860338, 8.766385267496304 ], [ -75.798308706544702, 8.766260970677635 ], [ -75.798323975538622, 8.765806564300405 ], [ -75.798399692906614, 8.765043328358667 ], [ -75.798396187016735, 8.764734283972977 ], [ -75.797899398658956, 8.764400836143738 ], [ -75.79701977935072, 8.763807042113017 ], [ -75.796555985968752, 8.763522652322701 ], [ -75.796090070387081, 8.763167629042798 ], [ -75.796142182027367, 8.762627001349161 ], [ -75.796213396559494, 8.76184557361668 ], [ -75.796303055576431, 8.761014219131228 ], [ -75.796401990565116, 8.760141993645005 ], [ -75.796510359598301, 8.759183453227466 ], [ -75.796562895429389, 8.758520120687749 ], [ -75.797779476605669, 8.75809707183862 ], [ -75.797822129441158, 8.758082145395528 ], [ -75.798460946859208, 8.757858532090461 ], [ -75.798665254878202, 8.75689576922637 ], [ -75.798746116673556, 8.756543254181027 ], [ -75.799578678171699, 8.756135847255598 ], [ -75.799568021597111, 8.756067179642152 ], [ -75.799522995826379, 8.755876149882837 ], [ -75.799487293562251, 8.755630623249697 ], [ -75.799524634063587, 8.755398973864031 ], [ -75.799566245726666, 8.755253687895726 ], [ -75.799589460634152, 8.755144695622812 ], [ -75.799576818315501, 8.754835619629132 ], [ -75.799541598667943, 8.754449211411941 ], [ -75.799493207813029, 8.753908238129561 ], [ -75.799572548599713, 8.753417691036095 ], [ -75.799400647541489, 8.752926289711469 ], [ -75.799043364963751, 8.751879819771542 ], [ -75.798794292709218, 8.751247271956782 ], [ -75.797538848975165, 8.752351884256511 ], [ -75.797016754604982, 8.752817359361 ], [ -75.796365824227479, 8.753397694421908 ], [ -75.795957314861539, 8.753964376139441 ], [ -75.795132674263257, 8.754656887996942 ], [ -75.794367555616319, 8.75530869972788 ], [ -75.79413793691667, 8.755505937619581 ], [ -75.792823528683883, 8.756634991063152 ], [ -75.792795679744913, 8.756551774077028 ], [ -75.791928283706156, 8.75395971531743 ], [ -75.791934781633771, 8.7534007533779 ], [ -75.791753772040977, 8.752904774169847 ], [ -75.791633009881693, 8.75261442374835 ], [ -75.791477414852622, 8.752240319989124 ], [ -75.791260867291726, 8.751453367657648 ], [ -75.790998562031717, 8.750688980078595 ], [ -75.790926838961596, 8.750293354273694 ], [ -75.789449040212503, 8.750965441139417 ], [ -75.786218736043153, 8.752485890626998 ], [ -75.785456325955352, 8.752095727094755 ], [ -75.784724368961832, 8.751672460402016 ], [ -75.784733643629437, 8.75054338583379 ], [ -75.784704405854058, 8.749712433790068 ], [ -75.784696250298992, 8.74897742099839 ], [ -75.784214651699784, 8.74891717943088 ], [ -75.783584397050973, 8.748499588848277 ], [ -75.782495126615643, 8.747686293640607 ], [ -75.782340508955016, 8.747504676642283 ], [ -75.78259302425495, 8.747244572791393 ], [ -75.781563199684513, 8.746271702419886 ], [ -75.780175767752979, 8.744994018102526 ], [ -75.778121394143994, 8.743080238834285 ], [ -75.778189707436326, 8.742750230875323 ], [ -75.778203346088205, 8.742606511580169 ], [ -75.778108045656936, 8.742302602037933 ], [ -75.778015362799707, 8.741247740605196 ], [ -75.777941569600955, 8.740917276661648 ], [ -75.777921177125208, 8.740624281015567 ], [ -75.777325661533482, 8.73946116268492 ], [ -75.776990956013464, 8.738730353383161 ], [ -75.77674945410098, 8.738148862619997 ], [ -75.776180831826238, 8.737587081627321 ], [ -75.776229651884734, 8.7375376657067 ], [ -75.776573420904825, 8.737189709245703 ], [ -75.776850728954628, 8.736929534970402 ], [ -75.77728385864539, 8.736523159098949 ], [ -75.777461526886299, 8.736307754008111 ], [ -75.777494117990727, 8.736268241318571 ], [ -75.778054919977038, 8.735665272567939 ], [ -75.7785068809157, 8.735179329328993 ], [ -75.77911806269006, 8.734522185453537 ], [ -75.779853614108092, 8.733729374027796 ], [ -75.781146768073313, 8.732376031547004 ], [ -75.781849837727492, 8.731653192594793 ], [ -75.782408192718293, 8.731036066946244 ], [ -75.782986488886706, 8.730454609150446 ], [ -75.782759665124331, 8.730321346066885 ], [ -75.782367237989135, 8.730024408901439 ], [ -75.781673950787578, 8.729654535332482 ], [ -75.780934622705615, 8.729319274879778 ], [ -75.780026651077208, 8.728845981222099 ], [ -75.779645925855277, 8.728648942189514 ], [ -75.779421666769139, 8.728484395720683 ], [ -75.779269493437752, 8.728372025815425 ], [ -75.779278619302858, 8.728056493882951 ], [ -75.778196987584437, 8.727373708697936 ], [ -75.777684180209022, 8.727060375411616 ], [ -75.777079074814225, 8.726734738440678 ], [ -75.776606194638788, 8.726485447824528 ], [ -75.776185533205435, 8.72622834986058 ], [ -75.775186672248182, 8.72569111271449 ], [ -75.773633426626176, 8.724892710047005 ], [ -75.772688030772642, 8.724292934108103 ], [ -75.772303489929982, 8.724041285007512 ], [ -75.771977982063518, 8.723747235651855 ], [ -75.771679350794614, 8.723421315270171 ], [ -75.771413432627625, 8.72292508282108 ], [ -75.771227773208963, 8.722439779987024 ], [ -75.771029478338349, 8.721939410400902 ], [ -75.770760548782306, 8.721341014718607 ], [ -75.770563645281527, 8.721010123291382 ], [ -75.770174091603309, 8.720662587641135 ], [ -75.769848103244271, 8.720507004967958 ], [ -75.7691848991591, 8.720344930612933 ], [ -75.76846251511914, 8.720267862653126 ], [ -75.768291948749791, 8.720059557991545 ], [ -75.76803111095569, 8.719643233122603 ], [ -75.767764585166717, 8.719322749735644 ], [ -75.767642064902006, 8.719151893166238 ], [ -75.76722468775958, 8.719107839063273 ], [ -75.766293338244196, 8.719088627780815 ], [ -75.765939821725851, 8.719151312358532 ], [ -75.765275596734853, 8.719282151744089 ], [ -75.764702369157561, 8.719413308912713 ], [ -75.764504366703832, 8.719396641971651 ], [ -75.764242430571429, 8.719294537299765 ], [ -75.764012611231152, 8.71919254471943 ], [ -75.763798869313788, 8.719085284626335 ], [ -75.76362265385292, 8.718962174702375 ], [ -75.763473335200061, 8.718801875094048 ], [ -75.763314178523203, 8.718600251374856 ], [ -75.763153360415131, 8.718459902419077 ], [ -75.762736359138799, 8.718309324938801 ], [ -75.762415447572536, 8.718233644161755 ], [ -75.76191246384542, 8.718178631602512 ], [ -75.76151099915748, 8.718177232603487 ], [ -75.76098095173684, 8.718207343788546 ], [ -75.760627566671729, 8.718232741188906 ], [ -75.760917701685997, 8.71640695661152 ], [ -75.761180038375343, 8.714873999932905 ], [ -75.761447030824343, 8.713538120665442 ], [ -75.761709211043041, 8.7120477718272 ], [ -75.762986656129684, 8.711061590363446 ], [ -75.7642906726511, 8.71012875694962 ], [ -75.764655875837093, 8.709783840016371 ], [ -75.764843989005257, 8.709566130095274 ], [ -75.765863627885835, 8.70882403743126 ], [ -75.765399973166467, 8.708241897303735 ], [ -75.765186759370081, 8.707985515855183 ], [ -75.765010734563162, 8.707809145668072 ], [ -75.764856197337153, 8.707611551551299 ], [ -75.764658947970744, 8.707381849680488 ], [ -75.764590605745184, 8.707218384116517 ], [ -75.764360491718861, 8.706872335753264 ], [ -75.76369147396737, 8.706037025185914 ], [ -75.763192195164805, 8.705487273754004 ], [ -75.76270324054525, 8.704904755733111 ], [ -75.762232700816739, 8.70424541983472 ], [ -75.761958743284964, 8.703838937782111 ], [ -75.761701631426632, 8.703339352187189 ], [ -75.761456157587091, 8.702664438191293 ], [ -75.761353204739692, 8.702181821737224 ], [ -75.761288615377822, 8.701754145333787 ], [ -75.761290463101545, 8.701228056958236 ], [ -75.761269818669774, 8.700833412658971 ], [ -75.761304946760475, 8.700241679079317 ], [ -75.761377486987683, 8.699973404450709 ], [ -75.761565902379459, 8.699645250171132 ], [ -75.761932174774913, 8.698857378693079 ], [ -75.761922352214398, 8.698517578206102 ], [ -75.761908992414547, 8.698361878620997 ], [ -75.761901186087513, 8.698270895099768 ], [ -75.761935521576206, 8.69790384306132 ], [ -75.762032866190864, 8.697235972088778 ], [ -75.762111718754383, 8.69634809102069 ], [ -75.762197160701405, 8.695542799942771 ], [ -75.762331684684739, 8.694874690063545 ], [ -75.762399334117617, 8.694431033346373 ], [ -75.762417702206051, 8.693904998947875 ], [ -75.76244100099747, 8.693543389859961 ], [ -75.762568274814797, 8.693217437975932 ], [ -75.762699369062844, 8.692851065093137 ], [ -75.762851363650981, 8.692744710258141 ], [ -75.763005879867009, 8.692657565226453 ], [ -75.763204343781055, 8.692603448748049 ], [ -75.763251516642782, 8.69256737165289 ], [ -75.763260281946529, 8.692392062912209 ], [ -75.763271227700741, 8.692112951787456 ], [ -75.763364265048608, 8.691932350238824 ], [ -75.763462774020951, 8.691735328052415 ], [ -75.763484664963769, 8.691554726789128 ], [ -75.763468247188982, 8.691374127889286 ], [ -75.763429938355543, 8.691237307062917 ], [ -75.763320482987581, 8.691051233385496 ], [ -75.76315082705743, 8.690804959122572 ], [ -75.762948334614663, 8.690476595285038 ], [ -75.762866243176859, 8.690252209972979 ], [ -75.76283887989473, 8.690148227809301 ], [ -75.762844352329253, 8.690011410948665 ], [ -75.762871716375813, 8.68981438990896 ], [ -75.762882662368213, 8.689661152404774 ], [ -75.762833406967687, 8.689442242190612 ], [ -75.76273489704046, 8.689299951955357 ], [ -75.762505040771458, 8.689124822118634 ], [ -75.762302549412354, 8.68900989421156 ], [ -75.762231402786469, 8.688933276155639 ], [ -75.762220457637355, 8.688851184166845 ], [ -75.76224234932134, 8.688747201677108 ], [ -75.762308021647499, 8.688561128008573 ], [ -75.762422950158196, 8.688369582076598 ], [ -75.762570713684511, 8.688287488746894 ], [ -75.762784152119764, 8.688227289029717 ], [ -75.763019481374442, 8.688156143565868 ], [ -75.763293119185676, 8.688134252431075 ], [ -75.763588647983681, 8.688035742583118 ], [ -75.763692630127125, 8.687937234048608 ], [ -75.763714521167245, 8.687860613718096 ], [ -75.763687158182819, 8.687762103681131 ], [ -75.763605065912358, 8.687696430790565 ], [ -75.763495611344794, 8.687630759340562 ], [ -75.763375209612974, 8.687630758777949 ], [ -75.763216500438972, 8.687592451437149 ], [ -75.763145353618867, 8.68753772177147 ], [ -75.763068735747964, 8.687368068755058 ], [ -75.763008534564065, 8.687132737631474 ], [ -75.76300306174987, 8.686979499923394 ], [ -75.763035899401956, 8.686880992402747 ], [ -75.763107045139179, 8.686815318699361 ], [ -75.763221972726868, 8.68681531936293 ], [ -75.763468246593533, 8.686842682903197 ], [ -75.763834921940699, 8.686760590261935 ], [ -75.764042887031522, 8.686662081172615 ], [ -75.76411403313621, 8.686585461420389 ], [ -75.764157815391286, 8.686481479262154 ], [ -75.764146869259108, 8.686366550569835 ], [ -75.76408666860678, 8.686273514052701 ], [ -75.763944984734678, 8.6860829449276 ], [ -75.764130233829306, 8.68613458425933 ], [ -75.765540193316824, 8.686123026798111 ], [ -75.765574117005542, 8.685871055337708 ], [ -75.765355794439742, 8.68530584336998 ], [ -75.765142980369063, 8.68474064893736 ], [ -75.765050521637505, 8.684406040441111 ], [ -75.765029163867794, 8.684214161032402 ], [ -75.765063357039594, 8.683885465851123 ], [ -75.765130327880968, 8.683633610713498 ], [ -75.7651868948751, 8.683559101569884 ], [ -75.765246518089313, 8.68348056699006 ], [ -75.765583560554006, 8.683169363352198 ], [ -75.765876275657845, 8.682934730247723 ], [ -75.766284948872098, 8.68261281256612 ], [ -75.766627191706448, 8.68238931060584 ], [ -75.766870339984536, 8.682154502710009 ], [ -75.76704743393762, 8.681908507094567 ], [ -75.767346707394353, 8.681372483744381 ], [ -75.767708258127328, 8.680348938575383 ], [ -75.767958362715433, 8.679697659840448 ], [ -75.768313336014103, 8.678980985716759 ], [ -75.768718176625171, 8.678176795550558 ], [ -75.768984473690438, 8.677618735973578 ], [ -75.769200615553601, 8.677230387259318 ], [ -75.769223821619207, 8.677214702893099 ], [ -75.769277499144494, 8.677178432130095 ], [ -75.76926687037151, 8.677101747138567 ], [ -75.769240452568553, 8.676818701854344 ], [ -75.769259322629026, 8.676592266187436 ], [ -75.769312158217517, 8.676256385401246 ], [ -75.769414054031699, 8.675897861657011 ], [ -75.769504628159851, 8.675531793280422 ], [ -75.769595203332898, 8.67519213784515 ], [ -75.769674454766786, 8.674988343262479 ], [ -75.769757482302538, 8.674882674431512 ], [ -75.7698518296163, 8.674833610571804 ], [ -75.770002787692192, 8.67481474429766 ], [ -75.770183936607452, 8.674773229169231 ], [ -75.770221675929733, 8.674743036982258 ], [ -75.770232998093817, 8.674667559290386 ], [ -75.770221675884031, 8.67455056585483 ], [ -75.770180163027831, 8.674426025598081 ], [ -75.770085813542309, 8.674237329914149 ], [ -75.770074493317125, 8.67405618330495 ], [ -75.77010468375795, 8.673852387976972 ], [ -75.770157518806457, 8.673765587959981 ], [ -75.770232997846335, 8.673693882663802 ], [ -75.770376407441674, 8.673622179401155 ], [ -75.770493399161111, 8.673546702665492 ], [ -75.770568878271121, 8.673444802637347 ], [ -75.770614164880087, 8.673350454967487 ], [ -75.770629261054509, 8.673225914918381 ], [ -75.770651905146423, 8.673161758258509 ], [ -75.770712288172419, 8.673097601410326 ], [ -75.770878341137632, 8.673014577145546 ], [ -75.771150064409909, 8.672822106724423 ], [ -75.771455752854976, 8.672565475940964 ], [ -75.771655770916041, 8.67239564928035 ], [ -75.771782208347261, 8.672294866782075 ], [ -75.771800945412764, 8.672230458310343 ], [ -75.772039869213643, 8.671622974636056 ], [ -75.772362332675982, 8.670747252982009 ], [ -75.772752248901213, 8.669477189573556 ], [ -75.773070552148255, 8.668212357695605 ], [ -75.773210342103965, 8.667604537145939 ], [ -75.773475330796231, 8.667419117769489 ], [ -75.773556576332112, 8.667343745069038 ], [ -75.773556575849597, 8.667246986853044 ], [ -75.773579273193221, 8.667001857329046 ], [ -75.773710917659244, 8.66648889926816 ], [ -75.773919732821469, 8.665953237679135 ], [ -75.773983285885393, 8.665703569561753 ], [ -75.774001443917811, 8.665517448681692 ], [ -75.774010521826128, 8.665272317842595 ], [ -75.773978746027467, 8.664909162895794 ], [ -75.773906115406533, 8.664500609610583 ], [ -75.773788088303306, 8.664182846929434 ], [ -75.773674601886668, 8.663856006158063 ], [ -75.77359289123882, 8.663688046144587 ], [ -75.773488483733829, 8.663570017012598 ], [ -75.773284207263728, 8.663329427091742 ], [ -75.773116246864177, 8.663134227738087 ], [ -75.773016379430132, 8.662966268231939 ], [ -75.772907432022606, 8.662843705432545 ], [ -75.772671378811481, 8.662616731923071 ], [ -75.772544273947659, 8.662462386929009 ], [ -75.772467103179437, 8.662280808308251 ], [ -75.772435327223107, 8.662040215556797 ], [ -75.772435326818936, 8.661776927406693 ], [ -75.772439865691311, 8.661581731861764 ], [ -75.772507957942267, 8.661404692999666 ], [ -75.772389932076919, 8.661204955565015 ], [ -75.772285524351915, 8.661046075377532 ], [ -75.772208353124853, 8.660914429045651 ], [ -75.772153879783247, 8.660687455867325 ], [ -75.772153879792285, 8.66040147056572 ], [ -75.772135721819112, 8.659784101960051 ], [ -75.772108485117457, 8.65916219306057 ], [ -75.772085787875639, 8.658980615695068 ], [ -75.772054011223631, 8.658880748040024 ], [ -75.77201769598156, 8.658708245771386 ], [ -75.772013156349473, 8.658544828282555 ], [ -75.772026774583509, 8.658440418388754 ], [ -75.772103945745442, 8.65821344462317 ], [ -75.77218565597984, 8.657854826358452 ], [ -75.772203813600655, 8.657650552030844 ], [ -75.772203814398964, 8.657455353196346 ], [ -75.772172037783477, 8.657173907998153 ], [ -75.772126643087432, 8.656937852661471 ], [ -75.772081247640784, 8.656769893060874 ], [ -75.772017695840006, 8.656651867448227 ], [ -75.77193144578635, 8.656542920384062 ], [ -75.77178164279006, 8.656411275174005 ], [ -75.771577367213453, 8.656279631657837 ], [ -75.771500195740728, 8.656238775856242 ], [ -75.771418486322716, 8.656243314578598 ], [ -75.771300459723605, 8.656243315223652 ], [ -75.771114340633133, 8.656229698243635 ], [ -75.770932762657992, 8.656220620028769 ], [ -75.770782960343013, 8.65616160663064 ], [ -75.770633158229586, 8.656057197137775 ], [ -75.770515131715769, 8.655948249412592 ], [ -75.770447039984276, 8.655862001105305 ], [ -75.770365329006495, 8.655703118763917 ], [ -75.770324474038205, 8.655580551615252 ], [ -75.770310855079302, 8.655494304387318 ], [ -75.77025638164659, 8.655408054935263 ], [ -75.77017921081999, 8.655299104704552 ], [ -75.770011250632137, 8.65517200001157 ], [ -75.769816053222968, 8.65503581611142 ], [ -75.769716185116664, 8.654926869275053 ], [ -75.769552763817558, 8.654708975427587 ], [ -75.76922592231179, 8.654318579794792 ], [ -75.7691078957141, 8.654150620228494 ], [ -75.769053422744932, 8.654014436932181 ], [ -75.769012566755293, 8.653851015330313 ], [ -75.769012566585957, 8.653742067080731 ], [ -75.769044343873858, 8.653605883708797 ], [ -75.769057961793976, 8.653447001841426 ], [ -75.769062501714828, 8.653283581390813 ], [ -75.769039803663972, 8.653120161140983 ], [ -75.768967172734264, 8.652929502715656 ], [ -75.768917979670533, 8.65281537896491 ], [ -75.768612440139705, 8.65317034832608 ], [ -75.76831857790188, 8.653449636760985 ], [ -75.767570261230858, 8.651682444978801 ], [ -75.766985957375269, 8.650261063924592 ], [ -75.766221511892709, 8.648384205604053 ], [ -75.766062365642725, 8.648224733192752 ], [ -75.765903067241098, 8.648109099701122 ], [ -75.765617016371394, 8.648020432931546 ], [ -75.765330526659724, 8.648057805440214 ], [ -75.765043805562996, 8.648160941784461 ], [ -75.764833953955346, 8.648330101038393 ], [ -75.764673910916997, 8.648428191915274 ], [ -75.764359885144202, 8.648465470847917 ], [ -75.764117793577256, 8.648404351800101 ], [ -75.763831762420466, 8.648310202383449 ], [ -75.763170919305978, 8.648313402074473 ], [ -75.76286865401903, 8.64813699244592 ], [ -75.762626695306338, 8.648037514419295 ], [ -75.762263317912272, 8.64801433686514 ], [ -75.762103239425599, 8.648123386598794 ], [ -75.761887744390066, 8.648330890804335 ], [ -75.761721982139861, 8.648489240113237 ], [ -75.761517998294238, 8.648554300352634 ], [ -75.76131998068098, 8.648487850173119 ], [ -75.761182771431223, 8.648355851950212 ], [ -75.760979033976128, 8.64834966643383 ], [ -75.760835340622847, 8.648497136212438 ], [ -75.760653191993796, 8.648617070212955 ], [ -75.760454793047202, 8.648660222120688 ], [ -75.760350821295219, 8.648800779766885 ], [ -75.76007770154294, 8.649409703263309 ], [ -75.759861513657995, 8.649814488024653 ], [ -75.759673400862482, 8.650065923267476 ], [ -75.759347937960541, 8.650223720384249 ], [ -75.758995344237135, 8.650266339072944 ], [ -75.758538387888322, 8.650231877895525 ], [ -75.758016000935967, 8.650010856967974 ], [ -75.757410682751271, 8.649762436133697 ], [ -75.757356119109289, 8.649740039891034 ], [ -75.757098025811999, 8.649530899966729 ], [ -75.756977660554966, 8.649305798040977 ], [ -75.756879344026046, 8.649075284685606 ], [ -75.756797624838029, 8.648822914221459 ], [ -75.756754451162791, 8.648570677226353 ], [ -75.756744207168893, 8.648351435946482 ], [ -75.756761650351706, 8.648088448868105 ], [ -75.756741295241937, 8.647865448878985 ], [ -75.756735131555004, 8.647797907355361 ], [ -75.756377289787707, 8.646196458567214 ], [ -75.756524325718104, 8.646086233159021 ], [ -75.757636163430618, 8.645252759982462 ], [ -75.757653335430859, 8.64506649281773 ], [ -75.757587713312788, 8.644934738686619 ], [ -75.75741172526368, 8.644868368292709 ], [ -75.757229849391734, 8.644911577969303 ], [ -75.757014773964471, 8.6449985151703 ], [ -75.756799933994373, 8.645019687775836 ], [ -75.756590846811818, 8.644969640859172 ], [ -75.756315565966332, 8.644952245999249 ], [ -75.756023455877411, 8.645022476044106 ], [ -75.755813947300155, 8.645092992429728 ], [ -75.755566217198066, 8.645070212191168 ], [ -75.755434306784664, 8.644998509612449 ], [ -75.755059860710972, 8.644991730684168 ], [ -75.754866548341113, 8.645155465873186 ], [ -75.754596311203542, 8.645269606336162 ], [ -75.754199839870253, 8.645262748345807 ], [ -75.754001827908226, 8.64519629701136 ], [ -75.753726815570573, 8.645102179417716 ], [ -75.753353333162636, 8.644821394804287 ], [ -75.75310054001956, 8.644672550196608 ], [ -75.752748625827365, 8.644523359792789 ], [ -75.752435528201161, 8.644297586609937 ], [ -75.752028182360164, 8.644252326751435 ], [ -75.751996025546362, 8.644000129050912 ], [ -75.751963274585222, 8.643917809970919 ], [ -75.751770997114775, 8.643785620625815 ], [ -75.751443208107759, 8.643780971765853 ], [ -75.751315497349708, 8.643733391732013 ], [ -75.751061993272145, 8.643697180005548 ], [ -75.750577620421154, 8.643679070576503 ], [ -75.750247159923504, 8.643674545606633 ], [ -75.750170203146638, 8.643665489291218 ], [ -75.750143041916232, 8.643642854968242 ], [ -75.750138515402355, 8.64353873897551 ], [ -75.750106826623835, 8.643466306813854 ], [ -75.750029871326319, 8.643443675876926 ], [ -75.749894064712294, 8.643430092573896 ], [ -75.749799001885862, 8.64338029879964 ], [ -75.749577186118444, 8.643280705572867 ], [ -75.749368951437972, 8.643221857683107 ], [ -75.749224090941638, 8.643203750099602 ], [ -75.74909281275032, 8.643113213148322 ], [ -75.749047543679183, 8.643013623433443 ], [ -75.749061124702408, 8.642927612324264 ], [ -75.749129027902001, 8.642818970078626 ], [ -75.749251253417086, 8.642728433071035 ], [ -75.749504755568566, 8.642619786627618 ], [ -75.749681302999335, 8.642569991670509 ], [ -75.749753732581652, 8.642483980934331 ], [ -75.749812582059434, 8.642325540762995 ], [ -75.749826163285263, 8.642189734561358 ], [ -75.749808055282145, 8.642049403325061 ], [ -75.749744679254746, 8.641936235405719 ], [ -75.749694884001457, 8.641890963012822 ], [ -75.749608874092274, 8.641859274885412 ], [ -75.749545497827157, 8.641863802030285 ], [ -75.74945496138335, 8.641909070772464 ], [ -75.749323681562515, 8.642035823737146 ], [ -75.749255778938661, 8.642094670811815 ], [ -75.749192402871813, 8.642108253052154 ], [ -75.749097340408184, 8.642090144737747 ], [ -75.748997749189172, 8.642035823934016 ], [ -75.748943427348934, 8.641931704694629 ], [ -75.748934372680864, 8.641795899155349 ], [ -75.748970587817965, 8.641660096702829 ], [ -75.749088286322589, 8.641506181940366 ], [ -75.749273887010986, 8.641383958005031 ], [ -75.749378004140553, 8.641343215203111 ], [ -75.749468541109337, 8.641320580748724 ], [ -75.749613401120982, 8.641316055131135 ], [ -75.749799001562693, 8.641325107023635 ], [ -75.749903118859919, 8.641293421044413 ], [ -75.749948388391431, 8.641225516832549 ], [ -75.749971021862066, 8.641130454311808 ], [ -75.750038924807555, 8.640809047099621 ], [ -75.750170202811447, 8.640419736741499 ], [ -75.750242632767566, 8.640234135843622 ], [ -75.750296954588705, 8.640152651721666 ], [ -75.75037391212355, 8.64005758773712 ], [ -75.750505190113472, 8.639930837442307 ], [ -75.750541404562227, 8.639853882581384 ], [ -75.750627415402036, 8.639718075964385 ], [ -75.750763221280849, 8.639541526954602 ], [ -75.750822070310619, 8.639478151297672 ], [ -75.750935241318899, 8.639437411941726 ], [ -75.751107261812038, 8.63938308743327 ], [ -75.751383400137826, 8.639369508657481 ], [ -75.751673117984623, 8.639269915993344 ], [ -75.751781761943334, 8.639202012853534 ], [ -75.751840612247534, 8.63912958378136 ], [ -75.75188588026181, 8.639002832975807 ], [ -75.751908514076618, 8.638762912040903 ], [ -75.751922095064401, 8.638550147407283 ], [ -75.751953782636846, 8.638369075775302 ], [ -75.752003578408079, 8.638274008892472 ], [ -75.752116748600727, 8.638197053368692 ], [ -75.752216339712362, 8.638165367057274 ], [ -75.752302349716757, 8.638088407800248 ], [ -75.752370252707067, 8.637993343668287 ], [ -75.752406468291369, 8.637798691205365 ], [ -75.752410994560265, 8.637613090177696 ], [ -75.752438155871459, 8.637427489208804 ], [ -75.752478898147842, 8.637314316586876 ], [ -75.752573961062708, 8.637192094430384 ], [ -75.752673551773171, 8.637047231764468 ], [ -75.752755034874909, 8.636920481097293 ], [ -75.752813884777382, 8.636766566823143 ], [ -75.752859153316422, 8.636472325322165 ], [ -75.752863679791389, 8.636322935781941 ], [ -75.75283199162844, 8.636250507411626 ], [ -75.752764089303056, 8.636101123072361 ], [ -75.752700713428581, 8.635910991590476 ], [ -75.75265544498879, 8.635752555772321 ], [ -75.752655445028196, 8.63558053200561 ], [ -75.752709766967612, 8.635417566277482 ], [ -75.752795776910148, 8.635241017993341 ], [ -75.752868207210142, 8.635059946618325 ], [ -75.75289536834579, 8.634869817260777 ], [ -75.752886314179378, 8.634734013962152 ], [ -75.752822938069727, 8.634611785886811 ], [ -75.752750508739069, 8.634498614671752 ], [ -75.752727874114655, 8.634385447277534 ], [ -75.752735119576528, 8.634253500339208 ], [ -75.752822937748391, 8.634127412971127 ], [ -75.752913475368359, 8.634014245175068 ], [ -75.752954216533539, 8.633901072650488 ], [ -75.752958743882857, 8.63380147992909 ], [ -75.752958743967483, 8.633624934958975 ], [ -75.752940635918449, 8.633443859637261 ], [ -75.752940635779055, 8.633348796264478 ], [ -75.7529949594133, 8.633217516285416 ], [ -75.753062860666859, 8.633117926593227 ], [ -75.75313529136163, 8.632927800195597 ], [ -75.753180560256126, 8.632669766637269 ], [ -75.753189613240977, 8.632380049052724 ], [ -75.753162451590484, 8.632221608781894 ], [ -75.753076442059182, 8.632090329912172 ], [ -75.752954216765644, 8.632022426686502 ], [ -75.752836519318791, 8.631959052796493 ], [ -75.752773142956102, 8.631863989913933 ], [ -75.752759561669492, 8.631796086374614 ], [ -75.752768615577693, 8.631714601199329 ], [ -75.752868206619141, 8.631610486044108 ], [ -75.752936109548827, 8.631510892818344 ], [ -75.752954216704083, 8.631420358920614 ], [ -75.75293610998429, 8.631270970129215 ], [ -75.752886313888439, 8.631139691368455 ], [ -75.752759562113681, 8.630935984637423 ], [ -75.752641864195695, 8.630741327587497 ], [ -75.752605649172907, 8.630632686640501 ], [ -75.752601122642844, 8.630573834639581 ], [ -75.752637336842469, 8.630483298177946 ], [ -75.7526690248378, 8.630311280049202 ], [ -75.752669024818488, 8.630175473116761 ], [ -75.752610176325859, 8.630003450630225 ], [ -75.752537746750917, 8.62986311912347 ], [ -75.752447209936605, 8.629636779119176 ], [ -75.752397414135899, 8.629496444139228 ], [ -75.752379307420696, 8.629396852971384 ], [ -75.752383833577241, 8.629265578131598 ], [ -75.75240646840787, 8.629170511296691 ], [ -75.752497004740661, 8.629030177637649 ], [ -75.752533220401901, 8.628889846167553 ], [ -75.752551327244532, 8.628744986978276 ], [ -75.752303737051648, 8.628748825124015 ], [ -75.752153872736244, 8.628729105128851 ], [ -75.752082883661046, 8.628701499292504 ], [ -75.752031615420606, 8.628614735397095 ], [ -75.751929076829072, 8.628488534131371 ], [ -75.751806819208426, 8.628429379957542 ], [ -75.751723998554283, 8.628385996644383 ], [ -75.751609629236668, 8.628362332902919 ], [ -75.751455821860759, 8.628346561024673 ], [ -75.751302014298744, 8.628346560992091 ], [ -75.751096937414417, 8.628429380343082 ], [ -75.750899746922286, 8.62845304060761 ], [ -75.750726219625292, 8.62846487088915 ], [ -75.750556636890408, 8.628433320584508 ], [ -75.750359448093818, 8.628385997428632 ], [ -75.750201695733253, 8.628322895073259 ], [ -75.750067607113294, 8.628216414411169 ], [ -75.749898024255074, 8.628066547638163 ], [ -75.749720554094921, 8.627932461329324 ], [ -75.749607751476589, 8.627847684690472 ], [ -75.749078852580027, 8.62802719607353 ], [ -75.74533451175013, 8.62656328403213 ], [ -75.741501235335164, 8.625064601701538 ], [ -75.741182362300563, 8.624141281616534 ], [ -75.739735208943586, 8.61995092613904 ], [ -75.737709445303111, 8.619504789707966 ], [ -75.731980849292583, 8.618243113414565 ], [ -75.731745415079203, 8.617652678673052 ], [ -75.731372800220768, 8.616718207666324 ], [ -75.731362306329203, 8.616691886597053 ], [ -75.730332083605091, 8.614395526836267 ], [ -75.729187151588363, 8.614459570102735 ], [ -75.726795815937876, 8.614593323287407 ], [ -75.726745583319016, 8.614592693780121 ], [ -75.72598825135924, 8.614583164660386 ], [ -75.725033357573437, 8.614711305993675 ], [ -75.725003576164823, 8.61471189242984 ], [ -75.724401919407043, 8.614723685132397 ], [ -75.723895181753662, 8.614765729944676 ], [ -75.722925606795272, 8.614893816835814 ], [ -75.722176541295013, 8.614949614922915 ], [ -75.721669623220805, 8.615042806779208 ], [ -75.720531290425228, 8.615141059156144 ], [ -75.717322411643735, 8.615283094334341 ], [ -75.717013597927334, 8.613367615663453 ], [ -75.716661488414076, 8.613285987244858 ], [ -75.715636622292834, 8.613105582112732 ], [ -75.715348146346599, 8.613054797712527 ], [ -75.714961064385207, 8.612973044144825 ], [ -75.71495906536434, 8.613528351948721 ], [ -75.714342468752704, 8.613014678769469 ], [ -75.713698430906106, 8.61244975980591 ], [ -75.713332216671304, 8.61220732894064 ], [ -75.712825802338344, 8.612161683683238 ], [ -75.712575712604021, 8.612292309048364 ], [ -75.707787175860773, 8.612772039058772 ], [ -75.707390999118161, 8.610666273395118 ], [ -75.706344286818506, 8.611824296096836 ], [ -75.705766106615854, 8.610038953801372 ], [ -75.705335085027954, 8.608707997826789 ], [ -75.707453285192031, 8.605624835768479 ], [ -75.706743725626652, 8.604913537672283 ], [ -75.707739656881813, 8.603579965659895 ], [ -75.706801829721911, 8.601026548659728 ], [ -75.703825685994417, 8.603836284556481 ], [ -75.703708223085243, 8.603835862182294 ], [ -75.703057615601352, 8.60306631842761 ], [ -75.702181655672149, 8.601682197316499 ], [ -75.70212923484462, 8.601491894865038 ], [ -75.70236407041493, 8.599533290613214 ], [ -75.703733700346433, 8.59930332373643 ], [ -75.704495740641448, 8.59917537138924 ], [ -75.704716703832958, 8.599015311868831 ], [ -75.704893271956593, 8.598942835239654 ], [ -75.705194274096314, 8.598995090634753 ], [ -75.705532030649081, 8.599040172311256 ], [ -75.705877401269902, 8.59901216156317 ], [ -75.706024716733253, 8.598903022031681 ], [ -75.706069771606835, 8.598632661759082 ], [ -75.706004345010115, 8.598442330621099 ], [ -75.70613670488224, 8.598406248065521 ], [ -75.706364430929227, 8.598407065205084 ], [ -75.706489684211732, 8.598305150343062 ], [ -75.706505089222347, 8.598107797668879 ], [ -75.706600745257404, 8.598064276302081 ], [ -75.706850430693578, 8.598087100137333 ], [ -75.707137109569047, 8.598036948648295 ], [ -75.70737271079139, 8.597891564214219 ], [ -75.70753532691964, 8.597614309804523 ], [ -75.707609157420933, 8.597512218738144 ], [ -75.707697810230769, 8.597373618038478 ], [ -75.707339865291047, 8.59681667122477 ], [ -75.707223754288876, 8.596421437680412 ], [ -75.707136474878396, 8.596179849187033 ], [ -75.706711437649574, 8.595893182236175 ], [ -75.706631135878723, 8.595753978401431 ], [ -75.707215214965117, 8.594717854910064 ], [ -75.707680015352381, 8.594163846725985 ], [ -75.707775261069372, 8.594067042265662 ], [ -75.708055046716524, 8.593782669100012 ], [ -75.708454187551482, 8.593376981896572 ], [ -75.708639103418093, 8.593026698817955 ], [ -75.708681186059266, 8.592932522687464 ], [ -75.708833915676664, 8.592590751392299 ], [ -75.708913115664657, 8.592413517924321 ], [ -75.709039183418511, 8.592084956090515 ], [ -75.70899092433109, 8.591207414868535 ], [ -75.708984755027103, 8.591175066363244 ], [ -75.708904409147735, 8.59075379827104 ], [ -75.708672875121394, 8.589773244555229 ], [ -75.708631988810851, 8.588888418762364 ], [ -75.707986820762301, 8.588535165141963 ], [ -75.707564568176224, 8.588245190435854 ], [ -75.707173442361594, 8.587976590051058 ], [ -75.706524819276908, 8.588581116674439 ], [ -75.705949150598997, 8.589324820319826 ], [ -75.705382695017519, 8.589045527131548 ], [ -75.705142535873364, 8.588927118989968 ], [ -75.703929056866514, 8.590132104960727 ], [ -75.703646284789869, 8.590412898636302 ], [ -75.702708716318256, 8.589569107245362 ], [ -75.701786609670862, 8.588608007445831 ], [ -75.701032643605203, 8.587874161147651 ], [ -75.699773306938795, 8.586729063135417 ], [ -75.699114151075037, 8.586185649765664 ], [ -75.699381410913333, 8.585411603798645 ], [ -75.699604011347716, 8.584798249723898 ], [ -75.699767260595664, 8.584345530412376 ], [ -75.699092781234825, 8.58397753759558 ], [ -75.698578609361562, 8.583968377598341 ], [ -75.697954356854297, 8.583929575860218 ], [ -75.697645995403775, 8.583884597403848 ], [ -75.697183616040931, 8.583773263666963 ], [ -75.696684851149001, 8.583566749057454 ], [ -75.696251616114324, 8.583521318814583 ], [ -75.695715512059266, 8.583482830217848 ], [ -75.695252441555652, 8.583561587553367 ], [ -75.694517421627083, 8.583683230844889 ], [ -75.694068668374143, 8.583864397782881 ], [ -75.6932228482233, 8.584153797261964 ], [ -75.69274060784619, 8.585460790552586 ], [ -75.693963959014525, 8.586393751234795 ], [ -75.69313385127397, 8.587670324230066 ], [ -75.692227950890228, 8.589063438122077 ], [ -75.689932861203118, 8.587921875744417 ], [ -75.689104715881783, 8.58739245919155 ], [ -75.688874303381155, 8.586119450976335 ], [ -75.689057176763427, 8.586182153244369 ], [ -75.689908769827085, 8.586474140253157 ], [ -75.690411267745787, 8.585657087737973 ], [ -75.689502138018284, 8.585178558952782 ], [ -75.690093130998207, 8.584266780189937 ], [ -75.687970818052378, 8.584098245168372 ], [ -75.687921623850983, 8.584045316774606 ], [ -75.687670822008158, 8.583775459194499 ], [ -75.68657972429898, 8.583547841294362 ], [ -75.684943376320575, 8.583206469089507 ], [ -75.684372422610565, 8.583087354391074 ], [ -75.682606125855656, 8.582718864820601 ], [ -75.681885396787649, 8.582950201892807 ], [ -75.681739209127059, 8.582752265934493 ], [ -75.67935556272225, 8.579745940343599 ], [ -75.678378791876355, 8.579691200898223 ], [ -75.678218292909477, 8.579390849783367 ], [ -75.677941987950135, 8.578622154827363 ], [ -75.677797868365957, 8.577768289700224 ], [ -75.677714900332745, 8.576457176901057 ], [ -75.67774522295322, 8.576201389735788 ], [ -75.677753833311087, 8.575857789899477 ], [ -75.677735590899943, 8.574826827157294 ], [ -75.679705145168711, 8.574570795404499 ], [ -75.680844362591699, 8.574392160281274 ], [ -75.680860100549552, 8.574107074256544 ], [ -75.681405811669919, 8.573524152121644 ], [ -75.681892382245834, 8.573043373561669 ], [ -75.682206386178848, 8.573548997117593 ], [ -75.683281690799802, 8.572770591449316 ], [ -75.683701651866599, 8.572425130370329 ], [ -75.684193796173162, 8.572426914093507 ], [ -75.684181643960798, 8.571559572951214 ], [ -75.684176326322131, 8.571179964699636 ], [ -75.68410364802169, 8.570967671713975 ], [ -75.683928215651264, 8.570733077196254 ], [ -75.683642923247135, 8.570410342377041 ], [ -75.683350204642352, 8.57010951240909 ], [ -75.684029489976709, 8.569154191567872 ], [ -75.683707632223417, 8.568787456623641 ], [ -75.683891774335365, 8.568649210153296 ], [ -75.684369624837103, 8.568541274328298 ], [ -75.685853524147461, 8.568510097098342 ], [ -75.68589818217319, 8.568349409270997 ], [ -75.686117645717346, 8.566337913412413 ], [ -75.686141386391682, 8.566120329211989 ], [ -75.685935824440151, 8.566090337324122 ], [ -75.685826070764818, 8.565972957202407 ], [ -75.68586857080092, 8.564393861218477 ], [ -75.685759273191763, 8.564152191101829 ], [ -75.685826209989287, 8.563925783317954 ], [ -75.686064463183186, 8.563049282398886 ], [ -75.686228410113088, 8.562406479292401 ], [ -75.686420588398406, 8.562078160652572 ], [ -75.686642254390875, 8.561720707420461 ], [ -75.686805423598116, 8.561289927883106 ], [ -75.686821368378659, 8.560946354213259 ], [ -75.686755716183953, 8.560821821806236 ], [ -75.686617357900886, 8.560492312335588 ], [ -75.686641903048027, 8.559805132808975 ], [ -75.686647486417314, 8.559768272189174 ], [ -75.686679536321464, 8.55955668219198 ], [ -75.686798500438741, 8.559162301632927 ], [ -75.687057315940649, 8.558687997323101 ], [ -75.687256275912048, 8.558513243828271 ], [ -75.687558681858476, 8.558170704882139 ], [ -75.68783128187431, 8.55794503942607 ], [ -75.68857506108003, 8.557421305881164 ], [ -75.689222928139159, 8.55701420798858 ], [ -75.689959069295668, 8.556570872091186 ], [ -75.690702444747032, 8.556156804899112 ], [ -75.691268792947824, 8.555946817775046 ], [ -75.691893875832776, 8.555744351253258 ], [ -75.692313211718186, 8.555563074834934 ], [ -75.692872743821525, 8.555206833017301 ], [ -75.693115479003993, 8.555112657573703 ], [ -75.693306903800476, 8.554989056722158 ], [ -75.693013602551275, 8.554849084884554 ], [ -75.6925665330062, 8.554576953140369 ], [ -75.691775038762927, 8.554084241968503 ], [ -75.691079143943398, 8.553562628066793 ], [ -75.690800692988901, 8.5533788400595 ], [ -75.6901197814108, 8.552776853736962 ], [ -75.689483047268752, 8.55214578434939 ], [ -75.689102807578053, 8.551676481632827 ], [ -75.688891054304392, 8.551332085993412 ], [ -75.688628335998729, 8.550863210137035 ], [ -75.68848973758935, 8.550599498748795 ], [ -75.688277849741965, 8.550291659359385 ], [ -75.688227074132655, 8.5501160016874 ], [ -75.688198547207179, 8.549881937147317 ], [ -75.688252775951938, 8.549727217141241 ], [ -75.688272769311141, 8.549670176446636 ], [ -75.689093707754864, 8.548123125684068 ], [ -75.689281878023706, 8.547735934050397 ], [ -75.689693145747214, 8.546889667741398 ], [ -75.689709859649085, 8.546853204412209 ], [ -75.690068681589025, 8.546070387305393 ], [ -75.689427025882026, 8.545374849172303 ], [ -75.689264992576355, 8.545174131935978 ], [ -75.688504664307246, 8.544232249317171 ], [ -75.688368557934069, 8.544063638989501 ], [ -75.688248430307397, 8.54391482588048 ], [ -75.688061157406679, 8.543606479740241 ], [ -75.687140808124795, 8.542091115002407 ], [ -75.686610885219139, 8.540986186948588 ], [ -75.686603425623247, 8.540423039574346 ], [ -75.68659552428548, 8.539826065439053 ], [ -75.686756082175023, 8.538764057257325 ], [ -75.686472294752988, 8.538704541560506 ], [ -75.685561576923163, 8.538691507708418 ], [ -75.685158390087523, 8.539148228279023 ], [ -75.684616928229048, 8.539926148661401 ], [ -75.684344640028925, 8.539398746957827 ], [ -75.684101414619221, 8.538959190605402 ], [ -75.683985212687901, 8.538598074403222 ], [ -75.684015945399977, 8.538227746799571 ], [ -75.684165614109631, 8.53746790732702 ], [ -75.684177966936957, 8.536766058638467 ], [ -75.684100582648227, 8.536502573444587 ], [ -75.683287835425062, 8.536480138163943 ], [ -75.682426300792429, 8.536408778737218 ], [ -75.682447701170261, 8.535911687346905 ], [ -75.682539682317625, 8.534859186409133 ], [ -75.682582804649044, 8.533777262434302 ], [ -75.682723177842462, 8.532880911235187 ], [ -75.682775200736202, 8.532042729891472 ], [ -75.682072391549511, 8.531416287911828 ], [ -75.681778854919159, 8.531346984100155 ], [ -75.681338461831842, 8.531267403709744 ], [ -75.68083877643781, 8.531333834055806 ], [ -75.680358498885013, 8.531449076214122 ], [ -75.678732065081888, 8.531667396049944 ], [ -75.67784070095226, 8.531722656183993 ], [ -75.67732167894718, 8.531720771157254 ], [ -75.677146778683962, 8.531682462210735 ], [ -75.676568344420559, 8.531523069311069 ], [ -75.676823021632416, 8.528833421924425 ], [ -75.679321573026726, 8.528462294436181 ], [ -75.679294330878591, 8.527877288902131 ], [ -75.67922073002137, 8.526580476442271 ], [ -75.679246301903262, 8.524942828300007 ], [ -75.679387175639377, 8.523910000559864 ], [ -75.679643065667349, 8.523559986396828 ], [ -75.679712470254813, 8.523326273023557 ], [ -75.679978402314021, 8.522908052202997 ], [ -75.681071218850519, 8.521313256335283 ], [ -75.681662011698506, 8.520428283409696 ], [ -75.682144690239852, 8.519650148249669 ], [ -75.682873068093798, 8.518629191248396 ], [ -75.68360130123304, 8.517647220988271 ], [ -75.684577964915206, 8.518362383878161 ], [ -75.685526070178824, 8.518853223434348 ], [ -75.687534430622179, 8.518616742808208 ], [ -75.688201314732098, 8.518346183618338 ], [ -75.688691613748247, 8.518162726572321 ], [ -75.689220906828638, 8.518028147727831 ], [ -75.68906808079872, 8.516965013352559 ], [ -75.688875235237674, 8.516135700018367 ], [ -75.688392891939358, 8.514125776640851 ], [ -75.688825773607988, 8.51357166740334 ], [ -75.689071962990141, 8.513192357059699 ], [ -75.689366266217249, 8.513047187162023 ], [ -75.689670113594602, 8.512970290311442 ], [ -75.690150720047299, 8.512757550018959 ], [ -75.690896003037594, 8.512467769839219 ], [ -75.691287911052299, 8.512410681002562 ], [ -75.691415776041936, 8.512255164783433 ], [ -75.691076781268919, 8.511220605845555 ], [ -75.690669592963687, 8.510088321980254 ], [ -75.688862888823877, 8.511436876448807 ], [ -75.688298112847079, 8.510557484301795 ], [ -75.687840947289374, 8.509707721285222 ], [ -75.687549581409201, 8.509043776410135 ], [ -75.687336272400231, 8.50845809926178 ], [ -75.687152232574078, 8.507901773672357 ], [ -75.686729256004654, 8.50842667218096 ], [ -75.686463943701, 8.508679180377701 ], [ -75.68620792764753, 8.509068200153301 ], [ -75.685804141378696, 8.509700397860716 ], [ -75.685528151345622, 8.510196576435993 ], [ -75.685291966103065, 8.510517425141938 ], [ -75.685095410967122, 8.510711689097695 ], [ -75.684840243940698, 8.510866743777061 ], [ -75.68457510567508, 8.511070507262787 ], [ -75.684339025827015, 8.51136210992415 ], [ -75.683966049635728, 8.511643922989974 ], [ -75.683838232374541, 8.511740496836046 ], [ -75.682117182314812, 8.513761971580097 ], [ -75.678306726718432, 8.514079645577615 ], [ -75.677249754702373, 8.513269841662135 ], [ -75.676931880431084, 8.512070945612869 ], [ -75.677268664007244, 8.510601629413065 ], [ -75.677097852213421, 8.509200394196567 ], [ -75.678420388947416, 8.506372192644696 ], [ -75.678308291246125, 8.505977931770087 ], [ -75.678076402960869, 8.505655159819058 ], [ -75.677690332338443, 8.505475094628743 ], [ -75.677364479944075, 8.505356795714563 ], [ -75.677268966407894, 8.505090957131499 ], [ -75.67733252943259, 8.504767280917013 ], [ -75.677598927091026, 8.504355803827659 ], [ -75.677793702238262, 8.503923898105166 ], [ -75.67788476601018, 8.502840757111798 ], [ -75.674305169887532, 8.502980170347689 ], [ -75.672933218165241, 8.502715926555839 ], [ -75.672741517126653, 8.502679805991868 ], [ -75.668057702809179, 8.501107552827394 ], [ -75.668059362068888, 8.501101580589427 ] ] ] } },
{ "type": "Feature", "properties": { "OBJECTID_1": 46.0, "OBJECTID": 1009, "MpCodigo": "70001", "MpNombre": "Sincelejo", "MpArea": 279.81390755299998, "MpNorma": null, "MpCategor": 1, "SHAPE_Leng": 121961.891838, "MpAltitud": 213, "Restriccio": "“No es apropiada su aplicación para la ubicación exacta de puntos ni para el cálculo de áreas y distancias", "COD_DANE": "70001", "MUNICIPIO": "SINCELEJO", "DEPARTAMEN": "SUCRE", "TIPO": "RELLENO SANITARIO", "NOMBRE_SIT": "EL OASIS", "TONELADA_D": 326.97, "NUN_MUNI": 17.0, "Shape_Le_1": 121961.89183827312, "Shape_Area": 279813907.5530085 }, "geometry": { "type": "MultiPolygon", "coordinates": [ [ [ [ -75.48034898087127, 9.249168018365582 ], [ -75.480272350930775, 9.249162879390735 ], [ -75.48007696681502, 9.249061401368163 ], [ -75.480061613444846, 9.249052508812767 ], [ -75.48007696744844, 9.249061401287411 ], [ -75.480272351362885, 9.249162879227866 ], [ -75.480348981187447, 9.24916801812828 ], [ -75.48034898087127, 9.249168018365582 ] ] ], [ [ [ -75.479909540902369, 9.248964435451061 ], [ -75.479892396246427, 9.24895450288728 ], [ -75.479324225661458, 9.248268641093096 ], [ -75.479190471327172, 9.248107178716127 ], [ -75.479900968551078, 9.248959469119065 ], [ -75.480052068585621, 9.249046980780435 ], [ -75.479909540902369, 9.248964435451061 ] ] ], [ [ [ -75.478647192281301, 9.247710984258667 ], [ -75.478646777759593, 9.247710804217146 ], [ -75.478647192316188, 9.247710983796466 ], [ -75.478852803400187, 9.247860911057854 ], [ -75.478647192281301, 9.247710984258667 ] ] ], [ [ [ -75.4780997431521, 9.247605496136231 ], [ -75.478099743106725, 9.247605496086042 ], [ -75.478110921935709, 9.247605644104064 ], [ -75.4780997431521, 9.247605496136231 ] ] ], [ [ [ -75.477876708728189, 9.24735884535178 ], [ -75.477866133334771, 9.247351299480384 ], [ -75.477840601673009, 9.247333081485472 ], [ -75.477876708652175, 9.247358845219617 ], [ -75.477894157156257, 9.247378141355686 ], [ -75.477876708728189, 9.24735884535178 ] ] ], [ [ [ -75.477618975217837, 9.247362720952873 ], [ -75.477554030156227, 9.247438060653764 ], [ -75.477618974643377, 9.247362721347894 ], [ -75.477719197855023, 9.24724645507678 ], [ -75.477719197858718, 9.247246455079409 ], [ -75.477618975217837, 9.247362720952873 ] ] ], [ [ [ -75.476732543047603, 9.248391030420315 ], [ -75.47654064314429, 9.248395782059021 ], [ -75.476435367538997, 9.248398388911333 ], [ -75.476732542656919, 9.248391029890358 ], [ -75.477104485108327, 9.247959557549683 ], [ -75.476732543047603, 9.248391030420315 ] ] ], [ [ [ -75.476115078035235, 9.248406319185451 ], [ -75.476057310818391, 9.248407749244885 ], [ -75.475922421922036, 9.248411088408975 ], [ -75.476178894881841, 9.248404739247144 ], [ -75.476115078035235, 9.248406319185451 ] ] ], [ [ [ -75.475049530191228, 9.248752701406334 ], [ -75.474651523185145, 9.249023275619836 ], [ -75.474595781191454, 9.249061169964584 ], [ -75.474595780929661, 9.249061169512389 ], [ -75.475049529979287, 9.248752701396292 ], [ -75.475217672057738, 9.248612004646947 ], [ -75.475049530191228, 9.248752701406334 ] ] ], [ [ [ -75.474426836221554, 9.248769358127625 ], [ -75.474347955887268, 9.248633110927374 ], [ -75.474302500343143, 9.248554596447207 ], [ -75.474347956262335, 9.248633110805862 ], [ -75.474426836343042, 9.248769357937883 ], [ -75.474477614264472, 9.248857064582873 ], [ -75.474426836221554, 9.248769358127625 ] ] ], [ [ [ -75.47426561993332, 9.248499112444863 ], [ -75.474173351051732, 9.248378957891086 ], [ -75.474265620374808, 9.248499112359035 ], [ -75.474279938471881, 9.248517756816714 ], [ -75.47426561993332, 9.248499112444863 ] ] ], [ [ [ -75.474132518038502, 9.248325782239339 ], [ -75.474112014097003, 9.248010079444638 ], [ -75.474104587936893, 9.247895735353334 ], [ -75.474112014423795, 9.248010079291845 ], [ -75.474132518165504, 9.248325781595186 ], [ -75.4741712755187, 9.248376255058547 ], [ -75.474132518038502, 9.248325782239339 ] ] ], [ [ [ -75.473690413680046, 9.247461175936097 ], [ -75.473505357625683, 9.24723051566299 ], [ -75.473449751346024, 9.247130991389636 ], [ -75.473505358306213, 9.247230516071339 ], [ -75.473690413618058, 9.247461175708013 ], [ -75.473830521600036, 9.247591395296144 ], [ -75.473690413680046, 9.247461175936097 ] ] ], [ [ [ -75.473293181067788, 9.246872568969815 ], [ -75.473243675732363, 9.246795675126393 ], [ -75.473222495813118, 9.246753998355278 ], [ -75.473243675816946, 9.24679567517178 ], [ -75.473319712137624, 9.246913777681989 ], [ -75.473293181067788, 9.246872568969815 ] ] ], [ [ [ -75.473103652860686, 9.245617804705997 ], [ -75.473114120268903, 9.245475372549436 ], [ -75.473103653446898, 9.24561780542478 ], [ -75.473050085678949, 9.245829685991408 ], [ -75.473103652860686, 9.245617804705997 ] ] ], [ [ [ -75.473080469909334, 9.245230472427245 ], [ -75.473064508511968, 9.245213688672802 ], [ -75.473080469880955, 9.24523047220724 ], [ -75.473084408251722, 9.245248570019442 ], [ -75.473080469909334, 9.245230472427245 ] ] ], [ [ [ -75.472640966634941, 9.245027698414857 ], [ -75.472105218987906, 9.245142767337233 ], [ -75.471705021150981, 9.245294979944667 ], [ -75.471066516352039, 9.245448113069331 ], [ -75.47087030412716, 9.245492866966215 ], [ -75.471066516439009, 9.245448112873444 ], [ -75.471705021412077, 9.245294979765662 ], [ -75.472105218592858, 9.245142767403856 ], [ -75.472640966595165, 9.245027698303199 ], [ -75.472730961245531, 9.245038183192348 ], [ -75.472640966634941, 9.245027698414857 ] ] ], [ [ [ -75.47020592996455, 9.245596722623395 ], [ -75.47016537206737, 9.245608173907103 ], [ -75.470205930051378, 9.245596722575197 ], [ -75.470244342695239, 9.245593895525998 ], [ -75.47020592996455, 9.245596722623395 ] ] ], [ [ [ -75.469800165566639, 9.245711288398477 ], [ -75.469664685693175, 9.245748867362398 ], [ -75.469800165965552, 9.245711287691263 ], [ -75.470042412303002, 9.245642890914761 ], [ -75.469800165566639, 9.245711288398477 ] ] ], [ [ [ -75.469074623329576, 9.245767897842446 ], [ -75.469074623327202, 9.245767897841112 ], [ -75.469075798549142, 9.245768173257298 ], [ -75.469074623329576, 9.245767897842446 ] ] ], [ [ [ -75.468819498634417, 9.245623599074042 ], [ -75.468654650886478, 9.245484743518888 ], [ -75.468819499368948, 9.245623598687819 ], [ -75.469020072854306, 9.245737044070422 ], [ -75.468819498634417, 9.245623599074042 ] ] ], [ [ [ -75.468146391977356, 9.245238771211858 ], [ -75.468015339447348, 9.245265820781855 ], [ -75.468146391925927, 9.245238770711131 ], [ -75.46824111194546, 9.245244107947332 ], [ -75.468146391977356, 9.245238771211858 ] ] ], [ [ [ -75.467669777558655, 9.245240608650615 ], [ -75.467704167334702, 9.245148413391648 ], [ -75.467669778347926, 9.245240608900959 ], [ -75.467669777558655, 9.245240608650615 ] ] ], [ [ [ -75.467875823252044, 9.244908359143061 ], [ -75.467911943814002, 9.244841490202695 ], [ -75.467901714574623, 9.244757898223353 ], [ -75.467911944387751, 9.24484148989864 ], [ -75.467861865272909, 9.244934199705821 ], [ -75.467875823252044, 9.244908359143061 ] ] ], [ [ [ -75.46756365713415, 9.244417742220724 ], [ -75.46756365667045, 9.24441774174457 ], [ -75.467695022323326, 9.244485615134751 ], [ -75.46756365713415, 9.244417742220724 ] ] ], [ [ [ -75.467433146130645, 9.244283724826502 ], [ -75.467432963548418, 9.24423709166588 ], [ -75.467433146150398, 9.244283724846794 ], [ -75.467433146130645, 9.244283724826502 ] ] ], [ [ [ -75.467432703710784, 9.244170726031173 ], [ -75.467440188318079, 9.24416357285026 ], [ -75.467432703711012, 9.244170726088248 ], [ -75.467432703710784, 9.244170726031173 ] ] ], [ [ [ -75.467632046921437, 9.243900912933368 ], [ -75.467652719275449, 9.24378898705057 ], [ -75.467632047272716, 9.243900913188391 ], [ -75.467589665557554, 9.243983098364428 ], [ -75.467632046921437, 9.243900912933368 ] ] ], [ [ [ -75.467663871603918, 9.243728600334999 ], [ -75.467659155638216, 9.243633650450823 ], [ -75.467663872419735, 9.243728599648637 ], [ -75.467655751186655, 9.243772571120759 ], [ -75.467663871603918, 9.243728600334999 ] ] ], [ [ [ -75.46752754470549, 9.243492365659815 ], [ -75.467434575902288, 9.243424858983984 ], [ -75.467527545149466, 9.24349236575728 ], [ -75.467589435280118, 9.243548291460755 ], [ -75.46752754470549, 9.243492365659815 ] ] ], [ [ [ -75.467310042986639, 9.243272590322952 ], [ -75.467310042897381, 9.243272589902555 ], [ -75.467381615890147, 9.243363284214015 ], [ -75.467310042986639, 9.243272590322952 ] ] ], [ [ [ -75.467205183567771, 9.242772569650869 ], [ -75.46710185858484, 9.242665348092629 ], [ -75.467030686401799, 9.242635194834822 ], [ -75.467101858639083, 9.242665347596331 ], [ -75.467205184361234, 9.242772569983664 ], [ -75.467230449261137, 9.242895590244679 ], [ -75.467205183567771, 9.242772569650869 ] ] ], [ [ [ -75.466787203763005, 9.242532041264775 ], [ -75.466526941448748, 9.242457708937481 ], [ -75.466304885147977, 9.242458564429153 ], [ -75.466142557919966, 9.242455899219802 ], [ -75.46630488509642, 9.242458564010532 ], [ -75.466526941371214, 9.242457708567574 ], [ -75.466787204251858, 9.242532041261381 ], [ -75.46688416283925, 9.242573118736685 ], [ -75.466787203763005, 9.242532041264775 ] ] ], [ [ [ -75.465790172767839, 9.242412118037681 ], [ -75.465692006964588, 9.242358113782002 ], [ -75.465678864743282, 9.242350883731715 ], [ -75.465790173389735, 9.242412117615393 ], [ -75.465948483976632, 9.242438844797821 ], [ -75.465790172767839, 9.242412118037681 ] ] ], [ [ [ -75.465260448640279, 9.241341506198356 ], [ -75.465439371180565, 9.241342668797532 ], [ -75.465439371184203, 9.24134266897229 ], [ -75.465260448640279, 9.241341506198356 ] ] ], [ [ [ -75.464506431942993, 9.240991118962418 ], [ -75.464506431968644, 9.240991118669678 ], [ -75.464575921203505, 9.241104041724652 ], [ -75.464506431942993, 9.240991118962418 ] ] ], [ [ [ -75.464498144759531, 9.240253967101181 ], [ -75.464486620561431, 9.240227266638321 ], [ -75.464421629898197, 9.240076692226804 ], [ -75.464339801751663, 9.239926341001709 ], [ -75.464199441849999, 9.23980571794837 ], [ -75.464339801725217, 9.239926340551483 ], [ -75.464421630184376, 9.240076691689742 ], [ -75.464498145245841, 9.240253966925708 ], [ -75.464514116980411, 9.24052923091457 ], [ -75.464498144759531, 9.240253967101181 ] ] ], [ [ [ -75.464127865655684, 9.239744202774432 ], [ -75.464050415443126, 9.239697587092664 ], [ -75.464127865876492, 9.239744202609028 ], [ -75.464161381004573, 9.239773008295851 ], [ -75.464127865655684, 9.239744202774432 ] ] ], [ [ [ -75.463428679686402, 9.239612367108849 ], [ -75.463207084935007, 9.239731598383143 ], [ -75.463012254978551, 9.239770014045401 ], [ -75.46288598418667, 9.239754823822151 ], [ -75.463012255118429, 9.239770013937623 ], [ -75.463207084849856, 9.239731597835119 ], [ -75.463428679928484, 9.239612366572207 ], [ -75.463551449897068, 9.239602003809077 ], [ -75.463428679686402, 9.239612367108849 ] ] ], [ [ [ -75.462437427400971, 9.23958389021063 ], [ -75.462214431331191, 9.239516071443225 ], [ -75.462437426832949, 9.239583889792518 ], [ -75.462680530439172, 9.239692548346126 ], [ -75.462437427400971, 9.23958389021063 ] ] ], [ [ [ -75.461965605742435, 9.23942427235756 ], [ -75.461879008308671, 9.239265197325802 ], [ -75.461879008299292, 9.239265197198813 ], [ -75.461965606158856, 9.239424272156542 ], [ -75.461988466129398, 9.239433567661871 ], [ -75.461965605742435, 9.23942427235756 ] ] ], [ [ [ -75.461874719162694, 9.239207091445659 ], [ -75.461857569130686, 9.238974707666436 ], [ -75.461856561642975, 9.238958310585334 ], [ -75.461840221882014, 9.238692276614412 ], [ -75.461836992459524, 9.238681835401728 ], [ -75.461840222132849, 9.238692276948001 ], [ -75.461857569271217, 9.238974708057217 ], [ -75.461878533484096, 9.239258764789387 ], [ -75.461874719162694, 9.239207091445659 ] ] ], [ [ [ -75.461737593898874, 9.238516336272827 ], [ -75.461728638065395, 9.238510084815788 ], [ -75.461765642020495, 9.23853591427401 ], [ -75.461737593898874, 9.238516336272827 ] ] ], [ [ [ -75.461534631807027, 9.238451311238851 ], [ -75.461404899758065, 9.238516378276087 ], [ -75.461403594522977, 9.2385176234339 ], [ -75.461319911711527, 9.238597416092457 ], [ -75.46131991178639, 9.238597415891803 ], [ -75.461404899587194, 9.238516377975042 ], [ -75.46153463223969, 9.238451310883013 ], [ -75.46163233370622, 9.238474586658068 ], [ -75.461534631807027, 9.238451311238851 ] ] ], [ [ [ -75.461283730311393, 9.238694411295503 ], [ -75.461262288503875, 9.238960600872304 ], [ -75.461251197604568, 9.239098286398416 ], [ -75.461283729967178, 9.238694411280971 ], [ -75.461312116898597, 9.238618312250834 ], [ -75.461283730311393, 9.238694411295503 ] ] ], [ [ [ -75.461152131314819, 9.23932448415769 ], [ -75.461030255419573, 9.239320915165383 ], [ -75.460987017104543, 9.239285641935043 ], [ -75.461030255319599, 9.239320914963363 ], [ -75.461152130673128, 9.239324483956199 ], [ -75.461194677968649, 9.239298091405542 ], [ -75.461152131314819, 9.23932448415769 ] ] ], [ [ [ -75.4605864629021, 9.239056259107667 ], [ -75.460557878350727, 9.239048604830394 ], [ -75.459813868835184, 9.238849367198604 ], [ -75.459495441854827, 9.238731428200957 ], [ -75.4593501278014, 9.238677606958939 ], [ -75.458878608822303, 9.238594665451396 ], [ -75.458630748933018, 9.238575433162023 ], [ -75.458483010846251, 9.23851737716971 ], [ -75.458630748577065, 9.238575432765714 ], [ -75.458878608763186, 9.238594665121829 ], [ -75.459350127736485, 9.23867760686753 ], [ -75.459495442299584, 9.238731428289217 ], [ -75.459813868883529, 9.238849366676051 ], [ -75.460586462647356, 9.23905625894994 ], [ -75.460625329388819, 9.239076341941972 ], [ -75.4605864629021, 9.239056259107667 ] ] ], [ [ [ -75.458345751710681, 9.238407027152835 ], [ -75.458296428858716, 9.238257895023466 ], [ -75.458258438531232, 9.238198457851876 ], [ -75.458296429109453, 9.238257895116641 ], [ -75.458345752189643, 9.238407027200106 ], [ -75.458393486968674, 9.238452205339144 ], [ -75.458345751710681, 9.238407027152835 ] ] ], [ [ [ -75.457844154558686, 9.237900448646705 ], [ -75.457817576128463, 9.23786261934127 ], [ -75.4578441552854, 9.237900449100133 ], [ -75.457876407907548, 9.23796391890043 ], [ -75.457844154558686, 9.237900448646705 ] ] ], [ [ [ -75.457509055751416, 9.237788730809671 ], [ -75.457460301955024, 9.23792451625417 ], [ -75.45744824939058, 9.237958083218452 ], [ -75.457509055930714, 9.237788729657575 ], [ -75.457538222190095, 9.237788617867482 ], [ -75.457509055751416, 9.237788730809671 ] ] ], [ [ [ -75.457302898445093, 9.238273735911282 ], [ -75.457292265807212, 9.238453987168995 ], [ -75.4573028978011, 9.238273735907157 ], [ -75.457375521998344, 9.238123128084565 ], [ -75.457302898445093, 9.238273735911282 ] ] ], [ [ [ -75.457619649179151, 9.239553177446657 ], [ -75.457609549321589, 9.239650400851632 ], [ -75.457619648651885, 9.239553176877793 ], [ -75.457611778086445, 9.239282558914825 ], [ -75.457619649179151, 9.239553177446657 ] ] ], [ [ [ -75.457468637624046, 9.240065754388564 ], [ -75.457462200264104, 9.240079889301319 ], [ -75.45749463778435, 9.240008662018571 ], [ -75.457468637624046, 9.240065754388564 ] ] ], [ [ [ -75.457382855428136, 9.240215675196115 ], [ -75.457235672934374, 9.240467030893514 ], [ -75.457026846742949, 9.2409282090416 ], [ -75.457025979542124, 9.240931919038765 ], [ -75.457026846751546, 9.240928208899017 ], [ -75.457235672688711, 9.240467030632438 ], [ -75.457382854999452, 9.240215674782888 ], [ -75.457456323183806, 9.240090200401685 ], [ -75.457382855428136, 9.240215675196115 ] ] ], [ [ [ -75.457014359393227, 9.240981633241219 ], [ -75.456985995675979, 9.241102960206401 ], [ -75.457014359308602, 9.240981633313815 ], [ -75.457015254999817, 9.240977801322261 ], [ -75.457014359393227, 9.240981633241219 ] ] ], [ [ [ -75.456762691323448, 9.242318705028826 ], [ -75.45675455584832, 9.242542615972702 ], [ -75.456709193890703, 9.242723248202255 ], [ -75.456709193848866, 9.2427232482046 ], [ -75.456754555622354, 9.242542615764947 ], [ -75.456762691106917, 9.242318705430403 ], [ -75.456780514085636, 9.242076174702952 ], [ -75.456762691323448, 9.242318705028826 ] ] ], [ [ [ -75.456557009262113, 9.242711009433492 ], [ -75.456334416116803, 9.242680291763953 ], [ -75.45633441618449, 9.242680291704916 ], [ -75.45655700895415, 9.24271100869116 ], [ -75.456609046292158, 9.242718847138333 ], [ -75.456557009262113, 9.242711009433492 ] ] ], [ [ [ -75.456074118810932, 9.24290729529242 ], [ -75.456059381974526, 9.242911695831554 ], [ -75.456074118940862, 9.242907295179108 ], [ -75.456074118810932, 9.24290729529242 ] ] ], [ [ [ -75.455560687431458, 9.242878763196249 ], [ -75.455332208417389, 9.242784612000687 ], [ -75.455147842717793, 9.24281865099668 ], [ -75.455332208012152, 9.242784611748695 ], [ -75.45557031476703, 9.242882730350306 ], [ -75.455560687431458, 9.242878763196249 ] ] ], [ [ [ -75.454718477294605, 9.24312180341648 ], [ -75.454530851785918, 9.243147394877036 ], [ -75.454718476921656, 9.243121802767018 ], [ -75.454979852289128, 9.242899333195245 ], [ -75.454718477294605, 9.24312180341648 ] ] ], [ [ [ -75.454095005735368, 9.243124208407155 ], [ -75.453929606702459, 9.242961161716286 ], [ -75.454095006418981, 9.243124207792917 ], [ -75.45422810486815, 9.243151032464501 ], [ -75.454095005735368, 9.243124208407155 ] ] ], [ [ [ -75.453562085084997, 9.24258219623149 ], [ -75.453562085098852, 9.242582196237199 ], [ -75.45356726564701, 9.242587586694901 ], [ -75.453562085084997, 9.24258219623149 ] ] ], [ [ [ -75.45278627377634, 9.242409413806563 ], [ -75.452698679163149, 9.242290219600171 ], [ -75.452786274223868, 9.242409413923275 ], [ -75.45278627377634, 9.242409413806563 ] ] ], [ [ [ -75.452307188386683, 9.24198638136099 ], [ -75.452203134781939, 9.241951293210198 ], [ -75.451865404379348, 9.24176844911252 ], [ -75.451857917088347, 9.241762075178588 ], [ -75.451865403866648, 9.241768448641343 ], [ -75.452203135020085, 9.241951293260115 ], [ -75.45230718793799, 9.241986380601727 ], [ -75.452418463924218, 9.242023902701819 ], [ -75.452307188386683, 9.24198638136099 ] ] ], [ [ [ -75.45165630638337, 9.241606478422929 ], [ -75.451637693099244, 9.24159436869795 ], [ -75.451656306152614, 9.241606477669986 ], [ -75.451677947454826, 9.241615318570199 ], [ -75.45165630638337, 9.241606478422929 ] ] ], [ [ [ -75.450975279763824, 9.241282291134508 ], [ -75.450936701062375, 9.241278181401347 ], [ -75.450684431613283, 9.241079271984665 ], [ -75.450936701317588, 9.241278181178961 ], [ -75.450975280251058, 9.241282290692645 ], [ -75.450992150517848, 9.241284086039419 ], [ -75.450975279763824, 9.241282291134508 ] ] ], [ [ [ -75.450277832758374, 9.240845460319532 ], [ -75.45003033354142, 9.241191381831413 ], [ -75.450277832714661, 9.240845459598019 ], [ -75.450515125965154, 9.240968370471379 ], [ -75.450277832758374, 9.240845460319532 ] ] ], [ [ [ -75.449579876614848, 9.241191334294832 ], [ -75.449487600556282, 9.240857957974177 ], [ -75.449468784812225, 9.240789988809857 ], [ -75.449333821853656, 9.240662723296062 ], [ -75.449468785374151, 9.240789989065002 ], [ -75.449487600582273, 9.240857957902616 ], [ -75.4495798766946, 9.241191333958971 ], [ -75.449670775479504, 9.241233800558435 ], [ -75.449579876614848, 9.241191334294832 ] ] ], [ [ [ -75.448852437834631, 9.240457543194454 ], [ -75.448312963830105, 9.240392655722921 ], [ -75.447916812631007, 9.240352329569212 ], [ -75.447913264074316, 9.240351663040119 ], [ -75.448312964061941, 9.240392655669103 ], [ -75.448852437564199, 9.240457542752168 ], [ -75.449069435839561, 9.240534209051727 ], [ -75.448852437834631, 9.240457543194454 ] ] ], [ [ [ -75.447478376618236, 9.240270307022818 ], [ -75.447430752532327, 9.240293161621381 ], [ -75.447478376729237, 9.240270306789393 ], [ -75.447507333436093, 9.240275723919464 ], [ -75.447478376618236, 9.240270307022818 ] ] ], [ [ [ -75.447284957368851, 9.240363128563962 ], [ -75.447099405232606, 9.240313619185704 ], [ -75.447099405283623, 9.240313619164541 ], [ -75.447289782568504, 9.2403608127197 ], [ -75.447284957368851, 9.240363128563962 ] ] ], [ [ [ -75.446257665431332, 9.240517742305657 ], [ -75.446080997958958, 9.240585382110503 ], [ -75.446080997957921, 9.240585381841147 ], [ -75.446257664713585, 9.240517742055546 ], [ -75.44645961987311, 9.240475132346166 ], [ -75.446257665431332, 9.240517742305657 ] ] ], [ [ [ -75.446081289720041, 9.240660719270817 ], [ -75.445823902782649, 9.240646813274198 ], [ -75.446081289718535, 9.240660718882785 ], [ -75.446081289720041, 9.240660719270817 ] ] ], [ [ [ -75.445213293180174, 9.240613827278844 ], [ -75.444724532541585, 9.240590591264709 ], [ -75.444501976868779, 9.240505985284509 ], [ -75.444724532984509, 9.240590590799703 ], [ -75.445213293233294, 9.240613826580113 ], [ -75.445333370387075, 9.240620314666288 ], [ -75.445213293180174, 9.240613827278844 ] ] ], [ [ [ -75.443726118228895, 9.239877745110595 ], [ -75.443558535038889, 9.239741283337947 ], [ -75.443544615668188, 9.239737692712309 ], [ -75.443558535052418, 9.239741282980017 ], [ -75.443726117885333, 9.239877744812857 ], [ -75.443742127494232, 9.239890780529342 ], [ -75.443726118228895, 9.239877745110595 ] ] ], [ [ [ -75.442705747782, 9.23956028825598 ], [ -75.442462444165798, 9.239536224174442 ], [ -75.442462444058449, 9.239536224102515 ], [ -75.442705748172571, 9.239560287563998 ], [ -75.44292574222402, 9.239582045114645 ], [ -75.442705747782, 9.23956028825598 ] ] ], [ [ [ -75.442250533384282, 9.239394306172874 ], [ -75.44224623013848, 9.238286007226076 ], [ -75.4418268197782, 9.238193292343693 ], [ -75.441639531967098, 9.238151889658731 ], [ -75.441620418957882, 9.23814865737452 ], [ -75.441639532015344, 9.238151889619148 ], [ -75.44224623024428, 9.238286006745765 ], [ -75.442250897740223, 9.239394521037664 ], [ -75.442250533384282, 9.239394306172874 ] ] ], [ [ [ -75.439177761107771, 9.237975054953846 ], [ -75.438928962290376, 9.237997392325925 ], [ -75.438849518113287, 9.238004525065062 ], [ -75.438266185466304, 9.238089001754004 ], [ -75.438849517601525, 9.238004524593078 ], [ -75.439177760866869, 9.237975054794131 ], [ -75.439499569797931, 9.237946165844907 ], [ -75.439177761107771, 9.237975054953846 ] ] ], [ [ [ -75.437088736078849, 9.238101551326006 ], [ -75.43690032856415, 9.238046625378235 ], [ -75.436849481565687, 9.238035635770384 ], [ -75.43669108335466, 9.238152178430589 ], [ -75.436660640306187, 9.238138156213227 ], [ -75.436691083145305, 9.23815217791549 ], [ -75.436849481545622, 9.23803563574867 ], [ -75.436900328723823, 9.238046625038095 ], [ -75.437088736302272, 9.238101550829031 ], [ -75.437745697732566, 9.238114492167227 ], [ -75.437088736078849, 9.238101551326006 ] ] ], [ [ [ -75.435757735373357, 9.237777956216496 ], [ -75.435152129700725, 9.237546629260178 ], [ -75.435059929206162, 9.237503511752767 ], [ -75.435152129916574, 9.237546629248504 ], [ -75.43575773470937, 9.237777955942613 ], [ -75.435782801412856, 9.237787384011972 ], [ -75.435757735373357, 9.237777956216496 ] ] ], [ [ [ -75.434467704791857, 9.237204351360361 ], [ -75.434264392896566, 9.237221961615194 ], [ -75.434064698930513, 9.237239258001331 ], [ -75.433683038309042, 9.237279951761018 ], [ -75.434064698792128, 9.237239257728968 ], [ -75.434467705199424, 9.237204351010572 ], [ -75.434471618972424, 9.237217326028961 ], [ -75.434467704791857, 9.237204351360361 ] ] ], [ [ [ -75.432318203174589, 9.237357157916268 ], [ -75.432074453850703, 9.2373287449466 ], [ -75.431699282898649, 9.237285011632123 ], [ -75.432318202935747, 9.237357157597772 ], [ -75.432786178055949, 9.237335157905711 ], [ -75.432318203174589, 9.237357157916268 ] ] ], [ [ [ -75.430782886865515, 9.237062602193463 ], [ -75.43067141502361, 9.237010821977293 ], [ -75.430782887067849, 9.237062602194021 ], [ -75.430968613756562, 9.237111225976333 ], [ -75.430782886865515, 9.237062602193463 ] ] ], [ [ [ -75.428470706828691, 9.23568069320601 ], [ -75.428134091278864, 9.235546810811895 ], [ -75.428470706840372, 9.235680692601598 ], [ -75.428814375137364, 9.235932309747104 ], [ -75.428470706828691, 9.23568069320601 ] ] ], [ [ [ -75.427573525619394, 9.235339200693915 ], [ -75.427095306272719, 9.235108548505698 ], [ -75.427573526415856, 9.235339200829472 ], [ -75.427746986560891, 9.235401945516363 ], [ -75.427573525619394, 9.235339200693915 ] ] ], [ [ [ -75.426865613940365, 9.234969099756359 ], [ -75.42669819076815, 9.23485299302299 ], [ -75.426159867641189, 9.234643645182366 ], [ -75.425095828287695, 9.23459204524878 ], [ -75.424871770232912, 9.234590143118121 ], [ -75.424188729053455, 9.234584343743164 ], [ -75.423209793091402, 9.234452163916503 ], [ -75.423146743119347, 9.234443650326439 ], [ -75.423146742986702, 9.234443650298722 ], [ -75.423209792832736, 9.234452163596641 ], [ -75.424188728648431, 9.234584343584217 ], [ -75.425095828003464, 9.234592044882985 ], [ -75.426159867808366, 9.234643644762368 ], [ -75.426698190754905, 9.234852992915778 ], [ -75.426865614175711, 9.234969099647993 ], [ -75.426971577998927, 9.235042584731408 ], [ -75.426865613940365, 9.234969099756359 ] ] ], [ [ [ -75.422259080290019, 9.234380246123491 ], [ -75.42215650630655, 9.23457548417888 ], [ -75.422077361599023, 9.234716789247715 ], [ -75.422156506330339, 9.234575483695039 ], [ -75.422259079738922, 9.234380245834108 ], [ -75.422529097305429, 9.234379227358083 ], [ -75.422259080290019, 9.234380246123491 ] ] ], [ [ [ -75.42177926313974, 9.235357641301619 ], [ -75.420143553834492, 9.235257423304287 ], [ -75.420143551384527, 9.235257420859659 ], [ -75.420143554357892, 9.235257423234874 ], [ -75.42177926339555, 9.235357640683318 ], [ -75.42177926313974, 9.235357641301619 ] ] ], [ [ [ -75.419426790935745, 9.234542218442595 ], [ -75.419191713581924, 9.234163286111448 ], [ -75.419426791045169, 9.234542218076465 ], [ -75.419426815421332, 9.234542242874635 ], [ -75.419426790935745, 9.234542218442595 ] ] ], [ [ [ -75.419085046590823, 9.233991340771363 ], [ -75.41908505072594, 9.233991346578144 ], [ -75.419085884781623, 9.233992691070886 ], [ -75.419085046590823, 9.233991340771363 ] ] ], [ [ [ -75.417518257212549, 9.232159754304524 ], [ -75.417518257402435, 9.232159754429265 ], [ -75.417736766981676, 9.232385226308743 ], [ -75.417518257212549, 9.232159754304524 ] ] ], [ [ [ -75.417176740928554, 9.231935405375454 ], [ -75.417091444193389, 9.231862670754031 ], [ -75.417176741126028, 9.231935405102249 ], [ -75.417394684008755, 9.232078576510775 ], [ -75.417176740928554, 9.231935405375454 ] ] ], [ [ [ -75.416504509265579, 9.230987766989479 ], [ -75.416407890941713, 9.230635780331339 ], [ -75.416372069252276, 9.230511245338526 ], [ -75.416407890976231, 9.230635780190898 ], [ -75.416505184537399, 9.230990227034074 ], [ -75.416504509265579, 9.230987766989479 ] ] ], [ [ [ -75.416198661833405, 9.229908389395471 ], [ -75.416033230633786, 9.22966386135289 ], [ -75.416010505096239, 9.229630269818648 ], [ -75.416033230883713, 9.229663860744159 ], [ -75.416198662111299, 9.229908389162899 ], [ -75.416219652564479, 9.22998136395562 ], [ -75.416198661833405, 9.229908389395471 ] ] ], [ [ [ -75.415685943341458, 9.22948157213734 ], [ -75.415683423659999, 9.229480580027255 ], [ -75.415712866883041, 9.229492152861727 ], [ -75.415685943341458, 9.22948157213734 ] ] ], [ [ [ -75.415680881075218, 9.229479578899099 ], [ -75.415342656472916, 9.229338521081777 ], [ -75.415683411717282, 9.229480575324887 ], [ -75.415680881075218, 9.229479578899099 ] ] ], [ [ [ -75.414947887707115, 9.229238193840752 ], [ -75.414872277338233, 9.229218899996157 ], [ -75.414950844419067, 9.229238948189931 ], [ -75.414947887707115, 9.229238193840752 ] ] ], [ [ [ -75.414444799828772, 9.229080173205707 ], [ -75.414444799457812, 9.229080172960586 ], [ -75.414444800067258, 9.229080173298172 ], [ -75.414444800089427, 9.22908017331045 ], [ -75.414444799828772, 9.229080173205707 ] ] ] ] } }
]
}
