{
"type": "FeatureCollection",
"name": "infra_embalses",
"crs": { "type": "name", "properties": { "name": "urn:ogc:def:crs:OGC:1.3:CRS84" } },
"features": [
{ "type": "Feature", "properties": { "OBJECTID": 18.0, "NOMBRE_GEO": "Embalse Urra", "PROYECTO": null, "SYMBOL": "3", "FECHA": null, "RULEID": 1, "FECHA_1": null, "PK_CUE": 632071.0, "GLOBALID": "{99044026-35DD-448E-9554-5E6FA3D1E600}", "SHAPE_Leng": 354935.88008469762, "SHAPE_Area": 61661679.854413278 }, "geometry": { "type": "Polygon", "coordinates": [ [ [ -76.214345375025161, 8.01609338085342 ], [ -76.213993980871436, 8.016092645215403 ], [ -76.213739955107698, 8.016208868827599 ], [ -76.213564019664204, 8.016325244552975 ], [ -76.21350331227778, 8.016315031283488 ], [ -76.213329838338197, 8.016285844580214 ], [ -76.212725864666368, 8.015720275258181 ], [ -76.212044375675475, 8.014882119670194 ], [ -76.211284849780498, 8.014024345423534 ], [ -76.21027249383998, 8.012718483449751 ], [ -76.210272907402029, 8.012523897737664 ], [ -76.210419755391726, 8.012357323648247 ], [ -76.210761114521432, 8.011970104630183 ], [ -76.210820817379243, 8.011902372381545 ], [ -76.210489571558256, 8.011609799950762 ], [ -76.210334189603003, 8.011239756744791 ], [ -76.210347764219009, 8.011169535136251 ], [ -76.210413133947881, 8.010831293189776 ], [ -76.210218253745509, 8.010675211134775 ], [ -76.210120355135047, 8.010811215308886 ], [ -76.210061507342857, 8.010947310083758 ], [ -76.210004104244476, 8.011230306120769 ], [ -76.210002325570628, 8.011239065373612 ], [ -76.209884699834362, 8.011472321648304 ], [ -76.209825473875327, 8.011783534232491 ], [ -76.209531706904812, 8.012230464001998 ], [ -76.208438799228347, 8.012091952713371 ], [ -76.207032603349333, 8.012400325926485 ], [ -76.205896881330119, 8.012651253396221 ], [ -76.205724053894116, 8.012689439630055 ], [ -76.20544704094516, 8.012806094609999 ], [ -76.205020654550424, 8.012985668291073 ], [ -76.205020368401449, 8.013116040663386 ], [ -76.204961518529316, 8.013252127365023 ], [ -76.204844216582231, 8.01332971420781 ], [ -76.204707530030362, 8.013348874859842 ], [ -76.204570877899386, 8.013348588144364 ], [ -76.204434225736421, 8.0133482995764 ], [ -76.204297582633927, 8.013348012699376 ], [ -76.204141240937588, 8.013425510966885 ], [ -76.204004553401191, 8.013444681356187 ], [ -76.203867901131829, 8.013444392612435 ], [ -76.203731249765212, 8.013444105623124 ], [ -76.203614288842374, 8.013366024411717 ], [ -76.203536495172216, 8.013229650581545 ], [ -76.203536782307339, 8.013093439288605 ], [ -76.203380907054353, 8.01295689468899 ], [ -76.203244335553521, 8.012917692807566 ], [ -76.203127420118037, 8.012820144947502 ], [ -76.203088667097575, 8.012683852259944 ], [ -76.203088953618206, 8.012547649947622 ], [ -76.203030679575122, 8.012411312954892 ], [ -76.202913925803628, 8.01223593377545 ], [ -76.202855652871946, 8.012099605743563 ], [ -76.202777822609761, 8.011982689792777 ], [ -76.202700109399032, 8.011807392763638 ], [ -76.202583184555252, 8.011709853680525 ], [ -76.202505355375493, 8.011592937609308 ], [ -76.20242756076604, 8.011456565101751 ], [ -76.202369331686953, 8.011300769571809 ], [ -76.202291538113428, 8.011164396990061 ], [ -76.202194178137162, 8.01104743561104 ], [ -76.20211633928453, 8.010930521253975 ], [ -76.202077586086347, 8.010794228264251 ], [ -76.20207788218616, 8.010658016704536 ], [ -76.202136731345703, 8.010521931087709 ], [ -76.202254023533754, 8.010444343394076 ], [ -76.202298651659902, 8.010414825450161 ], [ -76.202371325640314, 8.010366755606796 ], [ -76.202488655045002, 8.010269719587887 ], [ -76.202625431675756, 8.01021162628504 ], [ -76.20267802877045, 8.010168129009212 ], [ -76.202781721158829, 8.010153586390256 ], [ -76.202918373353924, 8.01015387321141 ], [ -76.203055024702536, 8.010154169932573 ], [ -76.203191666891541, 8.010154456740258 ], [ -76.203328364410339, 8.010135286952707 ], [ -76.203465132679511, 8.010077201629834 ], [ -76.203582426190792, 8.009999614594925 ], [ -76.203758369560944, 8.00988323760158 ], [ -76.203895182920647, 8.00980568579207 ], [ -76.20401247631483, 8.009728107731449 ], [ -76.204110284913796, 8.009631018139741 ], [ -76.20413014586228, 8.009475393773512 ], [ -76.20416120121557, 8.009367910164041 ], [ -76.20416947508572, 8.009339262986684 ], [ -76.204250754013842, 8.009339434265234 ], [ -76.204306125927019, 8.009339550364139 ], [ -76.204442768663597, 8.0093398467945 ], [ -76.204579339695769, 8.009379048702394 ], [ -76.204676529158959, 8.009573839635337 ], [ -76.204813091290717, 8.009613052337967 ], [ -76.2049497421322, 8.009613338561797 ], [ -76.205086475398517, 8.009574711020397 ], [ -76.20535985033446, 8.009536371418729 ], [ -76.205477143157083, 8.009458784044641 ], [ -76.205614081711133, 8.009322859923033 ], [ -76.205731545526561, 8.009167442366616 ], [ -76.20573156357662, 8.009155854236901 ], [ -76.20573183427625, 8.009031231324997 ], [ -76.205771162007807, 8.008895099713284 ], [ -76.205849495284255, 8.00877851742257 ], [ -76.205911461012448, 8.008692430662864 ], [ -76.205947392768309, 8.00864251209944 ], [ -76.206025771219288, 8.008506470679269 ], [ -76.206065180350322, 8.008331425417021 ], [ -76.206061461123753, 8.008318336658188 ], [ -76.206026426572862, 8.008195133206859 ], [ -76.205948678325854, 8.008039302412277 ], [ -76.205812323344105, 8.007902803419729 ], [ -76.205636711225523, 8.007863510568308 ], [ -76.20551941788257, 8.007941097807517 ], [ -76.205421563787553, 8.008057645698431 ], [ -76.20530422684476, 8.008154691143515 ], [ -76.205253462588459, 8.008242814958248 ], [ -76.205225858076275, 8.008290730611716 ], [ -76.205186520150249, 8.008426862300878 ], [ -76.205088630514808, 8.008562866556634 ], [ -76.20495187054145, 8.008601517669085 ], [ -76.204834524076006, 8.008717996659511 ], [ -76.204658867990261, 8.008698161734349 ], [ -76.204561473133865, 8.008600668154319 ], [ -76.204444717903016, 8.008425290136829 ], [ -76.204288843147722, 8.008288755225841 ], [ -76.2041525228137, 8.008132790089935 ], [ -76.20403636223493, 8.00813254741991 ], [ -76.204015872349075, 8.008132501598862 ], [ -76.203898579378617, 8.00821009032668 ], [ -76.203820246356273, 8.008326673321399 ], [ -76.203800437867017, 8.008462849314833 ], [ -76.203800357255645, 8.008502365735682 ], [ -76.203800150133276, 8.008599050659319 ], [ -76.203799854344553, 8.00873526290845 ], [ -76.203663084727822, 8.008793348164195 ], [ -76.203526433977984, 8.008793059597403 ], [ -76.203389791382094, 8.008792772728723 ], [ -76.203253219548557, 8.008753561274792 ], [ -76.20309721859347, 8.008675398776042 ], [ -76.202988324847212, 8.008597515227406 ], [ -76.202960782136103, 8.008577815054078 ], [ -76.202958518688902, 8.008576305646434 ], [ -76.20284382212914, 8.008499733008332 ], [ -76.202836841995421, 8.008489250059542 ], [ -76.202779681841932, 8.008448358680624 ], [ -76.202690641303874, 8.008269970706074 ], [ -76.202671273212914, 8.008132646142496 ], [ -76.202688691926966, 8.008012944980653 ], [ -76.202728019931953, 8.007876815107414 ], [ -76.202825954114417, 8.007721351985024 ], [ -76.202884938360071, 8.007526894358785 ], [ -76.20298283606256, 8.007390888567194 ], [ -76.203080770095042, 8.00723542727213 ], [ -76.203100578104809, 8.007099260277473 ], [ -76.203081353571008, 8.006963011674921 ], [ -76.203077859928769, 8.006958817439799 ], [ -76.202983994934669, 8.006846051964603 ], [ -76.202847342941766, 8.006845763833034 ], [ -76.202710656283017, 8.006864924829751 ], [ -76.202593363185514, 8.006942513143681 ], [ -76.202515028885458, 8.007059095953872 ], [ -76.202436695532057, 8.0071756886976 ], [ -76.202299964198559, 8.007214316033675 ], [ -76.202163321000285, 8.007214020424817 ], [ -76.202026668776739, 8.007213732068866 ], [ -76.201890187572346, 8.007135606001365 ], [ -76.201753797407832, 8.007018564149456 ], [ -76.201597912093888, 8.006882028640344 ], [ -76.201461521195768, 8.006764988438059 ], [ -76.201344766883665, 8.006589609707369 ], [ -76.201345054716356, 8.006453398100238 ], [ -76.201345350802129, 8.006317196367553 ], [ -76.201345638663355, 8.006180983855584 ], [ -76.201345925650116, 8.006044773156948 ], [ -76.201346178230736, 8.005928862800015 ], [ -76.201295396297112, 8.005801544739924 ], [ -76.201325831140807, 8.005504579622675 ], [ -76.201296546236577, 8.005266884912356 ], [ -76.201386421940882, 8.005059150156615 ], [ -76.201476379045914, 8.004792009035906 ], [ -76.201476765701898, 8.004613783370564 ], [ -76.201387698124691, 8.004465093568617 ], [ -76.201298530640273, 8.004346067168212 ], [ -76.201298611682475, 8.004308526711686 ], [ -76.201389126304235, 8.004263655712926 ], [ -76.201566615238377, 8.00424634538817 ], [ -76.201708575661357, 8.004246641856856 ], [ -76.201832641612484, 8.004317662581064 ], [ -76.201938922254101, 8.004406325837802 ], [ -76.202009528702092, 8.004583365840062 ], [ -76.202151372739948, 8.004636725801777 ], [ -76.202417436044925, 8.004690356104687 ], [ -76.202559396577016, 8.004690661253807 ], [ -76.202701430369956, 8.004655581876975 ], [ -76.202790462067057, 8.004514268200566 ], [ -76.202790588315224, 8.004455743410359 ], [ -76.202790758104726, 8.004372755580556 ], [ -76.202937641843207, 8.004275602602755 ], [ -76.202950694295239, 8.004266970807086 ], [ -76.203092618781724, 8.004284954954388 ], [ -76.203234498519805, 8.004320636310062 ], [ -76.203376576853316, 8.004267868548249 ], [ -76.203465527681217, 8.004161931225376 ], [ -76.203430341007603, 8.004020347378805 ], [ -76.203419362898799, 8.003987288675416 ], [ -76.203377438898499, 8.003861039778267 ], [ -76.203253453611538, 8.003754643185362 ], [ -76.203111681397758, 8.00366589908743 ], [ -76.203005474233436, 8.003541859818615 ], [ -76.202970286935681, 8.003400275852346 ], [ -76.202970592204792, 8.003258773118686 ], [ -76.203024123013762, 8.003117379256221 ], [ -76.203148602017748, 8.002993824305191 ], [ -76.203219883936953, 8.002852465163398 ], [ -76.203256749674324, 8.002852545671781 ], [ -76.203361843657632, 8.002852762155563 ], [ -76.203503805235457, 8.002853067216048 ], [ -76.203645765824092, 8.002853364103091 ], [ -76.203787727363462, 8.00285366906548 ], [ -76.203965324181198, 8.002783286307936 ], [ -76.204125107401154, 8.00274825227096 ], [ -76.204267032131355, 8.002766236194809 ], [ -76.204355524794437, 8.002872561302597 ], [ -76.204443990767302, 8.002996563597682 ], [ -76.20458591556546, 8.003014548275342 ], [ -76.20465715218522, 8.002890886318315 ], [ -76.204533202831158, 8.002766801986139 ], [ -76.204391547186376, 8.002624993814385 ], [ -76.204303044696502, 8.002518677808215 ], [ -76.20417920280174, 8.002341530661079 ], [ -76.204179508703191, 8.002200028078645 ], [ -76.204203762873831, 8.002080443863285 ], [ -76.204215379333988, 8.002023222253074 ], [ -76.204232626159708, 8.002008955870039 ], [ -76.204297691289824, 8.001955138340911 ], [ -76.204322035851348, 8.001934997965334 ], [ -76.204410986984939, 8.001829059814224 ], [ -76.204464517223542, 8.001687665122896 ], [ -76.204518057412002, 8.001546270360956 ], [ -76.204641224965954, 8.001500528216852 ], [ -76.204660125518373, 8.001493502665943 ], [ -76.204819873289608, 8.001476156704541 ], [ -76.204961834127076, 8.001476453318796 ], [ -76.205103750229156, 8.00149444621295 ], [ -76.205281130997776, 8.001530199185391 ], [ -76.205422974711382, 8.001583559171893 ], [ -76.205529182601069, 8.001707607669523 ], [ -76.205599825966885, 8.00186695129271 ], [ -76.205670541671722, 8.001990917736245 ], [ -76.2057411761119, 8.00215026136274 ], [ -76.205847464622195, 8.002238925249488 ], [ -76.206007015073254, 8.002310017629902 ], [ -76.206148975132251, 8.002310313727193 ], [ -76.206290971806681, 8.002292931600433 ], [ -76.206504097265494, 8.002204932755381 ], [ -76.206628613005108, 8.00206369095665 ], [ -76.206610889182429, 8.00204594033695 ], [ -76.2065046627892, 8.00193961458608 ], [ -76.206416160992248, 8.001833291051083 ], [ -76.206292248400644, 8.001691528248497 ], [ -76.206150556316999, 8.001567407078959 ], [ -76.20599111415072, 8.001443251207874 ], [ -76.205938177129994, 8.001301632287799 ], [ -76.205938481651003, 8.001160129042022 ], [ -76.205938778876586, 8.001018617720456 ], [ -76.205975042944218, 8.000937751241519 ], [ -76.20601009616702, 8.000859571384675 ], [ -76.20616991479811, 8.000806848800345 ], [ -76.206311876125511, 8.000807145033283 ], [ -76.206453836534379, 8.000807442127705 ], [ -76.2065957969876, 8.00080774730452 ], [ -76.20675538329408, 8.000861143330102 ], [ -76.206879412616047, 8.000949851603021 ], [ -76.207021150143106, 8.0010562843496 ], [ -76.207056650634428, 8.001060785401082 ], [ -76.207194757786169, 8.001171367352139 ], [ -76.207395514408375, 8.001171797850198 ], [ -76.207539073244931, 8.001114925602772 ], [ -76.207568178544776, 8.000914835001215 ], [ -76.207568546686531, 8.000743302137932 ], [ -76.207511431659384, 8.000628794438862 ], [ -76.207482999720014, 8.000514375432154 ], [ -76.207483243114893, 8.000399983752262 ], [ -76.207627134625625, 8.000171587133059 ], [ -76.207799558317518, 8.000028970845239 ], [ -76.208086389777904, 8.000029582190367 ], [ -76.208401715865364, 8.000116017224897 ], [ -76.208516008606679, 8.00031642279405 ], [ -76.208572818635133, 8.000573870704025 ], [ -76.208601071320601, 8.000774086998737 ], [ -76.208571893053389, 8.001002770715788 ], [ -76.208485493115674, 8.001174116025101 ], [ -76.208485062139502, 8.001374269911951 ], [ -76.208570796605642, 8.001517388628825 ], [ -76.208714168317201, 8.001546288221341 ], [ -76.208857628905207, 8.001517999927328 ], [ -76.208972569015799, 8.001432479791545 ], [ -76.20903041985963, 8.001203858589221 ], [ -76.209116640766808, 8.001118277259208 ], [ -76.209317557524557, 8.00106153021351 ], [ -76.209403714795883, 8.001004532064552 ], [ -76.209518655260538, 8.000918976633494 ], [ -76.209547706290053, 8.000747506446315 ], [ -76.209490707824344, 8.000575820261426 ], [ -76.209376262546442, 8.000432637811011 ], [ -76.209233044343861, 8.000346524703231 ], [ -76.209118473072891, 8.000260520286675 ], [ -76.209032737702415, 8.000117364612175 ], [ -76.209004422596081, 7.999945768661528 ], [ -76.208976170848985, 7.999745552436112 ], [ -76.208976538657367, 7.999574027928451 ], [ -76.208982728739898, 7.999552611861297 ], [ -76.20913619700957, 7.999451084119862 ], [ -76.209278158382219, 7.99945138131491 ], [ -76.209420118885802, 7.999451685695878 ], [ -76.209562079313542, 7.9994519827999 ], [ -76.209704004163541, 7.999469967001749 ], [ -76.209845884398447, 7.999505639268132 ], [ -76.209987844857594, 7.999505945252722 ], [ -76.210094501821231, 7.999417721093573 ], [ -76.210272098926097, 7.999347347436509 ], [ -76.210378377926958, 7.99943601103731 ], [ -76.210448985690888, 7.999613042200065 ], [ -76.210448689763794, 7.999754543881367 ], [ -76.210466134905204, 7.999896091830208 ], [ -76.210590200572653, 7.99996710441998 ], [ -76.2107321528553, 7.999967400209521 ], [ -76.210874114260264, 7.999967705817881 ], [ -76.211051674828624, 7.99991500988052 ], [ -76.211247129990653, 7.999791599801288 ], [ -76.21138909119351, 7.999791896221177 ], [ -76.211531052377111, 7.999792192592019 ], [ -76.211673011728678, 7.999792488927961 ], [ -76.211743728279004, 7.999916457367206 ], [ -76.211778879366477, 8.000075727558498 ], [ -76.211778511331431, 8.000252615037846 ], [ -76.211795956023209, 8.000394153709326 ], [ -76.211795658934491, 8.000535665155574 ], [ -76.211795362700627, 8.000677167559182 ], [ -76.211795058406508, 8.000818679963906 ], [ -76.21179476130483, 8.000960182373102 ], [ -76.211794465199588, 8.001101693809364 ], [ -76.21179416813645, 8.001243196217095 ], [ -76.211722887104116, 8.001384554689809 ], [ -76.211633864115811, 8.001525877828566 ], [ -76.211544912859807, 8.001631825832996 ], [ -76.21147367614536, 8.001755488100546 ], [ -76.211455629026617, 8.001896963401631 ], [ -76.211455252028841, 8.002073841959215 ], [ -76.211454955052162, 8.002215353442663 ], [ -76.211472364566234, 8.002374580145993 ], [ -76.211543080000396, 8.002498546661377 ], [ -76.211684968628035, 8.002534227692768 ], [ -76.211826966145054, 8.002516837379977 ], [ -76.211986820855572, 8.00244641823318 ], [ -76.212093550320745, 8.00232281921142 ], [ -76.212217957283542, 8.002234639584488 ], [ -76.212271559746981, 8.002057869783703 ], [ -76.212271864619836, 8.00191635834701 ], [ -76.212414006111359, 8.001828214990969 ], [ -76.212555966963023, 8.00182851163914 ], [ -76.212697926889049, 8.001828808245314 ], [ -76.21283969911093, 8.001917552995222 ], [ -76.212981399666859, 8.002041663726011 ], [ -76.213176369678678, 8.00214820385859 ], [ -76.213318295188571, 8.002166188186665 ], [ -76.213460362976591, 8.002113421418937 ], [ -76.213567137108754, 8.00197213416334 ], [ -76.213549764051521, 8.001795219864315 ], [ -76.213496825598398, 8.001653601156484 ], [ -76.213372866959162, 8.00152951684098 ], [ -76.213230916293057, 8.001529220356057 ], [ -76.213088954731163, 8.001528923906843 ], [ -76.212911610038844, 8.001475491994876 ], [ -76.212769873388567, 8.001369059216847 ], [ -76.212645995839125, 8.001209608422185 ], [ -76.212557574024189, 8.001067917018212 ], [ -76.212451366765762, 8.000943869286138 ], [ -76.212362900611609, 8.000819864960711 ], [ -76.212345454757155, 8.000678327311006 ], [ -76.212398986375121, 8.000536931785433 ], [ -76.212488045275421, 8.000377920655781 ], [ -76.212577104130531, 8.000218910436727 ], [ -76.212701546795387, 8.00011304384797 ], [ -76.212861286074883, 8.000095688837867 ], [ -76.213003282560905, 8.000078296665208 ], [ -76.213145242731372, 8.000078594253715 ], [ -76.213287203774755, 8.000078889979177 ], [ -76.213429164798853, 8.000079185655594 ], [ -76.213589091681968, 7.999973392183589 ], [ -76.213695857334713, 7.99983210518447 ], [ -76.213749386608967, 7.999690709721054 ], [ -76.213838338709337, 7.999584763417627 ], [ -76.213962700964572, 7.999514271773196 ], [ -76.214051652057719, 7.999408324563547 ], [ -76.214193793178183, 7.999320181976961 ], [ -76.214252227917584, 7.999320307732182 ], [ -76.214379987052283, 7.9994088640665 ], [ -76.214463359211948, 7.999523640828065 ], [ -76.214609605178325, 7.999565629149408 ], [ -76.214703919123011, 7.999451210051689 ], [ -76.214714366816494, 7.999451237072702 ], [ -76.214756489288732, 7.999305458890245 ], [ -76.214825649697929, 7.999248244604558 ], [ -76.214882127227142, 7.999201531585314 ], [ -76.214976287831476, 7.999160048277329 ], [ -76.215018122703356, 7.999149718314259 ], [ -76.215164450403364, 7.999150022859772 ], [ -76.215195809619487, 7.999150085699243 ], [ -76.215310785340932, 7.999150328200193 ], [ -76.215404829663569, 7.999160947391086 ], [ -76.215457022061941, 7.999192316310211 ], [ -76.215529624051385, 7.999252871295698 ], [ -76.215582229216892, 7.99929676273189 ], [ -76.215686532151807, 7.99940117414068 ], [ -76.21568651411134, 7.99941158575766 ], [ -76.215822304138769, 7.999453545778409 ], [ -76.215832759978412, 7.999453572707409 ], [ -76.21596863909231, 7.999453850841838 ], [ -76.215989561415256, 7.999443475968553 ], [ -76.216010724969607, 7.999318492594344 ], [ -76.216010842058211, 7.999266399981178 ], [ -76.216011040137957, 7.99917263373754 ], [ -76.216011210032448, 7.999088677429997 ], [ -76.216011345278787, 7.999026765019335 ], [ -76.216032553865077, 7.998880942092299 ], [ -76.216106045778602, 7.998724815206998 ], [ -76.216221264281046, 7.998610440875267 ], [ -76.216357376218554, 7.998496121432034 ], [ -76.216482934236936, 7.998433868396728 ], [ -76.216618857980023, 7.998413315032535 ], [ -76.216744486987835, 7.998319799884008 ], [ -76.21685976817642, 7.998174174337183 ], [ -76.216964502648167, 7.998070202774884 ], [ -76.217100472062043, 7.998028808858294 ], [ -76.217246798168162, 7.998029113732566 ], [ -76.217382524759415, 7.998102336239593 ], [ -76.217463975128709, 7.998143137398642 ], [ -76.217528707934008, 7.998175566601041 ], [ -76.217664469546236, 7.998227946814218 ], [ -76.21780033099887, 7.998238646032429 ], [ -76.217842138602876, 7.998238735645438 ], [ -76.217946684982408, 7.998228530824219 ], [ -76.218072106805465, 7.998228792386318 ], [ -76.218093056030014, 7.998208004884113 ], [ -76.218097305087269, 7.998189841380763 ], [ -76.218124695342993, 7.998072619779632 ], [ -76.218124812218008, 7.998020526366527 ], [ -76.218124999885191, 7.997926751352241 ], [ -76.218146208744272, 7.997780936755149 ], [ -76.218198779265904, 7.997635175762653 ], [ -76.218334856074193, 7.997541688211735 ], [ -76.218397611751683, 7.997490718223959 ], [ -76.218450028608984, 7.997448155853642 ], [ -76.2185651750126, 7.997365044171199 ], [ -76.218690839926353, 7.997250697414982 ], [ -76.218837301180628, 7.997188488730358 ], [ -76.218983745371162, 7.997136700623687 ], [ -76.219130133685141, 7.997105744836563 ], [ -76.219276470058176, 7.997106049938562 ], [ -76.219433377711638, 7.9970438599024 ], [ -76.219569321105197, 7.997012886073475 ], [ -76.219705154978882, 7.997034004583597 ], [ -76.219840908250532, 7.997096807365071 ], [ -76.219987108975658, 7.997159617118839 ], [ -76.220070554310212, 7.997243142084868 ], [ -76.220080956093611, 7.997264001251954 ], [ -76.220143406759661, 7.997389163156502 ], [ -76.220143388883301, 7.997399583764341 ], [ -76.220111768075256, 7.997524540002724 ], [ -76.220101032724173, 7.997659969691882 ], [ -76.220100908171474, 7.997722482633383 ], [ -76.220111183626344, 7.997805855652158 ], [ -76.220152820780768, 7.997889291147491 ], [ -76.220173616514714, 7.997941429988899 ], [ -76.22026741912552, 7.998066655269586 ], [ -76.220350801122706, 7.998181432939011 ], [ -76.220444656796033, 7.998285816791523 ], [ -76.220486267242507, 7.998379681914689 ], [ -76.220507107839126, 7.998410979433206 ], [ -76.220580033389481, 7.998525739222403 ], [ -76.220642574063561, 7.998609219260639 ], [ -76.220663387773584, 7.998650937434427 ], [ -76.220704916891208, 7.998786475045556 ], [ -76.220735990275998, 7.998921985831376 ], [ -76.220756759262059, 7.99898454435916 ], [ -76.220808851547417, 7.999067998367596 ], [ -76.220881777351721, 7.999182758020273 ], [ -76.220913020913926, 7.999234922721485 ], [ -76.221006893963931, 7.999328886600821 ], [ -76.221121699114661, 7.999412475281545 ], [ -76.221194606350295, 7.999537655421524 ], [ -76.221204747975435, 7.999683541248427 ], [ -76.221256689411405, 7.999839937694211 ], [ -76.221266920536976, 7.999944142789472 ], [ -76.221266858000902, 7.999975403743255 ], [ -76.221256123239826, 8.000110825191602 ], [ -76.22125590688735, 8.000215020602351 ], [ -76.221255818318369, 8.000256694084017 ], [ -76.221318205699475, 8.000413108305979 ], [ -76.221349430675929, 8.000475685382359 ], [ -76.221422418665284, 8.000559191963086 ], [ -76.221558261819652, 8.000580312000688 ], [ -76.221631448269108, 8.000570043740085 ], [ -76.221694294296128, 8.000507656381028 ], [ -76.221767713883054, 8.000382781196082 ], [ -76.221788796937759, 8.000299470688919 ], [ -76.221788905083088, 8.000247378431409 ], [ -76.22178920981564, 8.000101509613948 ], [ -76.221810436717632, 7.999945274709922 ], [ -76.221852533091592, 7.999809915611523 ], [ -76.221957266890271, 7.999705935888284 ], [ -76.222030649820695, 7.999601902827786 ], [ -76.222041152096651, 7.999581089240294 ], [ -76.222083238361563, 7.999445722107994 ], [ -76.222083373375838, 7.999383208301794 ], [ -76.222052165361347, 7.999310210708996 ], [ -76.221843190314772, 7.999278526607382 ], [ -76.221707392355697, 7.999236567050478 ], [ -76.221561128125899, 7.999205009319482 ], [ -76.221414927347254, 7.999142189666683 ], [ -76.221352323810137, 7.999089961759893 ], [ -76.22128972035884, 7.99903774287192 ], [ -76.221185389777759, 7.998943752271539 ], [ -76.221154073672395, 7.998922847728143 ], [ -76.221049680569166, 7.998860118934157 ], [ -76.22093490253819, 7.998766110397549 ], [ -76.220914089701779, 7.998724392243912 ], [ -76.220893383392294, 7.998630580892391 ], [ -76.220893508667984, 7.998568067090313 ], [ -76.22089368868042, 7.998484712843299 ], [ -76.220893984918348, 7.998338843960716 ], [ -76.220894029748536, 7.998318011724929 ], [ -76.220894318137738, 7.998182564267086 ], [ -76.220957226780598, 7.998088924281337 ], [ -76.220957289397589, 7.998057663315924 ], [ -76.220905285926435, 7.9979325267496 ], [ -76.220894839311342, 7.99793250889818 ], [ -76.220780015970021, 7.997859342381355 ], [ -76.220685971403825, 7.997848724361311 ], [ -76.220644154883573, 7.997848634188722 ], [ -76.220539771203249, 7.997785904148778 ], [ -76.220529340638123, 7.997775465696929 ], [ -76.220487856672904, 7.997619095754258 ], [ -76.220394001213322, 7.997514711852494 ], [ -76.220321209590509, 7.997337438030269 ], [ -76.220311040812618, 7.997201971800229 ], [ -76.220311338353497, 7.997056103724854 ], [ -76.220311625288872, 7.996920656198471 ], [ -76.2203116431658, 7.996910235592125 ], [ -76.220311732950776, 7.996868571998347 ], [ -76.22031435599493, 7.996863361627608 ], [ -76.220270122829305, 7.996774706774946 ], [ -76.220165838071722, 7.996659884237583 ], [ -76.220091619088322, 7.996604153190654 ], [ -76.220061444758485, 7.996597145870495 ], [ -76.219915117805769, 7.996596849036051 ], [ -76.219768781705056, 7.996596544088938 ], [ -76.219664047544654, 7.996700515042253 ], [ -76.219629507535743, 7.996722325673782 ], [ -76.219548919524769, 7.996773207160953 ], [ -76.219423361840995, 7.996835459851984 ], [ -76.219287438187052, 7.99685601298316 ], [ -76.219151540644177, 7.996866155331517 ], [ -76.218963532563365, 7.996803245696703 ], [ -76.218786017077306, 7.99671953242559 ], [ -76.218639861387743, 7.996635871756864 ], [ -76.218525172582602, 7.996500191193339 ], [ -76.218410421816941, 7.996395760762354 ], [ -76.218295662058281, 7.996291332153367 ], [ -76.21812871035462, 7.996155533938365 ], [ -76.217993055652272, 7.996051060285996 ], [ -76.217888769756115, 7.995936236856402 ], [ -76.217878646044269, 7.995779929802901 ], [ -76.217878951982868, 7.995634071259255 ], [ -76.217879256957673, 7.995488202783609 ], [ -76.217879562859366, 7.995342334300095 ], [ -76.217858936819979, 7.995206849794455 ], [ -76.217754679202173, 7.995081607323238 ], [ -76.217692272940937, 7.994935604195518 ], [ -76.217577522000937, 7.994831175081742 ], [ -76.217462699068591, 7.994758007057725 ], [ -76.217431339351435, 7.99475794426471 ], [ -76.217326819820002, 7.994757718874621 ], [ -76.217316373257034, 7.994757701803717 ], [ -76.217211646515764, 7.994851251641051 ], [ -76.217211565986318, 7.994890679031928 ], [ -76.217211565545853, 7.99489293426502 ], [ -76.217211342119128, 7.994997120207041 ], [ -76.21724286409075, 7.995040518113876 ], [ -76.217294722530127, 7.99511189819379 ], [ -76.217325949067842, 7.995174484103226 ], [ -76.217325796000296, 7.995247417932693 ], [ -76.217346411904217, 7.995382901708198 ], [ -76.217346106724477, 7.995528770259324 ], [ -76.217293519602578, 7.995684942756792 ], [ -76.21728562302556, 7.995689927680114 ], [ -76.217178392017331, 7.995757634262499 ], [ -76.217073657065711, 7.995861604736468 ], [ -76.217073351863462, 7.996007474226708 ], [ -76.217188129295224, 7.996101481791078 ], [ -76.217313247266247, 7.996247610573384 ], [ -76.217428041886976, 7.996331200103413 ], [ -76.217511423732404, 7.996445986032542 ], [ -76.217615708834273, 7.996560808649363 ], [ -76.217657229325781, 7.996696347120218 ], [ -76.217656924364675, 7.996842205681977 ], [ -76.217648703767566, 7.996872668373378 ], [ -76.217614793167286, 7.996998405139246 ], [ -76.217562242149597, 7.997133744559476 ], [ -76.217426327141851, 7.997154298888808 ], [ -76.217279991397021, 7.997153993128642 ], [ -76.21712320809921, 7.997153670271895 ], [ -76.216966334663496, 7.997195011082995 ], [ -76.216830267415929, 7.997288498183556 ], [ -76.216735979724419, 7.997392495743327 ], [ -76.216672998725883, 7.997517389358322 ], [ -76.216578648820985, 7.997652638973832 ], [ -76.216505194072298, 7.997787935348806 ], [ -76.216410799074168, 7.997944026331998 ], [ -76.216274829524465, 7.997985420037494 ], [ -76.216107572882933, 7.997995489724989 ], [ -76.215961245729034, 7.997995185351353 ], [ -76.215814920353196, 7.997994879104549 ], [ -76.21566858408751, 7.997994573793902 ], [ -76.215522256872077, 7.99799426926402 ], [ -76.215375922371024, 7.997993962931595 ], [ -76.21522902001054, 7.998061920641835 ], [ -76.215211943121204, 7.998195797366471 ], [ -76.215165276188685, 7.998288313837097 ], [ -76.215149555148329, 7.998297675016364 ], [ -76.215136205848822, 7.998402354654284 ], [ -76.215029441854199, 7.998543632648612 ], [ -76.214834021618429, 7.998649355899835 ], [ -76.214691954315128, 7.998702122609866 ], [ -76.214549885223548, 7.998754899237742 ], [ -76.214425522405378, 7.998825390033852 ], [ -76.214283490304553, 7.998860468674807 ], [ -76.21412377808025, 7.998860137021369 ], [ -76.213893323658013, 7.998753525338455 ], [ -76.213733801882853, 7.998664743561373 ], [ -76.213609780093606, 7.998576044830156 ], [ -76.213485713875798, 7.998505033193716 ], [ -76.213343753399016, 7.998504736417169 ], [ -76.213236943276087, 7.998663711305006 ], [ -76.213218832868336, 7.998840553296647 ], [ -76.213183044255743, 7.998981984049453 ], [ -76.213129468530042, 7.999141075692434 ], [ -76.213022631823634, 7.999317730411289 ], [ -76.212915974890265, 7.999405953269363 ], [ -76.212738342410276, 7.999494024033992 ], [ -76.212560853278148, 7.999511333696247 ], [ -76.21241885689976, 7.999528725646327 ], [ -76.212276895921775, 7.999528428642188 ], [ -76.212134934938689, 7.999528133396007 ], [ -76.211975349327346, 7.999474736814311 ], [ -76.211780342785417, 7.999385885316813 ], [ -76.211620783564825, 7.999314791574982 ], [ -76.211532353631497, 7.999173100611518 ], [ -76.211514909246688, 7.999031561865181 ], [ -76.211426523921006, 7.998872173711779 ], [ -76.21140907781961, 7.998730635857274 ], [ -76.211409375289364, 7.998589124348561 ], [ -76.21140975199701, 7.998412245766444 ], [ -76.211410048603739, 7.998270734263122 ], [ -76.211410345293444, 7.998129230890472 ], [ -76.211481626335797, 7.997987872634766 ], [ -76.211559976916689, 7.997910095849798 ], [ -76.21160609713462, 7.997864308622785 ], [ -76.211624143747301, 7.997722843328245 ], [ -76.211553428775105, 7.997598874686075 ], [ -76.211414181410376, 7.997581232387376 ], [ -76.211340339326028, 7.997669185885086 ], [ -76.211198378789931, 7.997668881025686 ], [ -76.21105641829827, 7.99766858424868 ], [ -76.211003183934707, 7.997668477117113 ], [ -76.210914465951731, 7.997668288262651 ], [ -76.210861231573872, 7.997668180209236 ], [ -76.210772505421502, 7.997667991387609 ], [ -76.210719271043502, 7.997667884219284 ], [ -76.210595205255046, 7.99759686327062 ], [ -76.210577830753635, 7.997419949164636 ], [ -76.210631371253143, 7.997278553713697 ], [ -76.210676618623154, 7.997240052310636 ], [ -76.21075580582891, 7.997172677980004 ], [ -76.210738467736391, 7.996978066821709 ], [ -76.210596849205757, 7.996818580000364 ], [ -76.210472818405478, 7.996729871773565 ], [ -76.210330901883438, 7.996711888319378 ], [ -76.210153376996303, 7.996746895402388 ], [ -76.210011381097715, 7.996764286185326 ], [ -76.209869428922516, 7.996763989714764 ], [ -76.20975813707777, 7.996729592638457 ], [ -76.209638893922005, 7.996692743699868 ], [ -76.209497050372292, 7.996639384716608 ], [ -76.209444148292832, 7.996480076596751 ], [ -76.20924921386505, 7.996355848801835 ], [ -76.209113091618832, 7.996328414809069 ], [ -76.209071842189658, 7.996320095829362 ], [ -76.208982864074756, 7.996443731111745 ], [ -76.20898255814987, 7.996585233983709 ], [ -76.20907087152618, 7.996779997560012 ], [ -76.209230349215801, 7.996886466343487 ], [ -76.209354379885923, 7.996975165996735 ], [ -76.209496106795569, 7.997081589233804 ], [ -76.209566866685407, 7.997187868574935 ], [ -76.209602242603083, 7.997241012784486 ], [ -76.209690745251095, 7.997347329381306 ], [ -76.209690483899024, 7.997467612983641 ], [ -76.209690439687733, 7.997488831248618 ], [ -76.209761164146528, 7.997612798557434 ], [ -76.209849584979025, 7.997754499384452 ], [ -76.209884781255866, 7.997896073852115 ], [ -76.209884475905469, 7.998037584724924 ], [ -76.209884178675125, 7.998179088305654 ], [ -76.209880926567578, 7.998207708050149 ], [ -76.209866095980175, 7.998338250850384 ], [ -76.209741626101405, 7.99846180554983 ], [ -76.209599584020054, 7.998496884562092 ], [ -76.209457632100609, 7.998496589083544 ], [ -76.209315896324043, 7.998390156154185 ], [ -76.209174006518097, 7.998354483609953 ], [ -76.209032054590054, 7.998354187965035 ], [ -76.208996859312435, 7.99821260428415 ], [ -76.208997164946112, 7.998071093291611 ], [ -76.208955743167522, 7.997996415785861 ], [ -76.208908770843109, 7.997911713234219 ], [ -76.208847612527563, 7.997946378924534 ], [ -76.208784408400277, 7.997982204405012 ], [ -76.208784110845244, 7.998123716267013 ], [ -76.20873053580226, 7.998282798015599 ], [ -76.208588467003267, 7.998335565592141 ], [ -76.208464445777196, 7.998246856698061 ], [ -76.208358309950242, 7.998087441823472 ], [ -76.208234244210189, 7.998016429991436 ], [ -76.208128187926135, 7.997821629742207 ], [ -76.208070597139582, 7.997740890294141 ], [ -76.208039731043684, 7.997697627244872 ], [ -76.207915369303535, 7.997768118180239 ], [ -76.207861828627642, 7.997909512760996 ], [ -76.207826004080516, 7.998068630919146 ], [ -76.207896647899091, 7.998227974059643 ], [ -76.207967363090049, 7.998351941907548 ], [ -76.20796706710847, 7.998493452961011 ], [ -76.208002181786057, 7.998670413089662 ], [ -76.208019626748381, 7.998811950652228 ], [ -76.208011577823157, 7.99887499485409 ], [ -76.208001579919639, 7.99895342712901 ], [ -76.208090081915387, 7.999059742280508 ], [ -76.208072035057583, 7.999201208815255 ], [ -76.207947627372235, 7.999289388092229 ], [ -76.207805674945263, 7.999289091248883 ], [ -76.20766378563458, 7.999253419153145 ], [ -76.207522095374273, 7.999129299170655 ], [ -76.207451370996054, 7.999005331320441 ], [ -76.207380654835262, 7.998881364280586 ], [ -76.207256670089208, 7.998774966887201 ], [ -76.207168321015217, 7.998597900798995 ], [ -76.207150875387484, 7.998456353147818 ], [ -76.207133429854593, 7.998314813621752 ], [ -76.207133726156229, 7.998173303357502 ], [ -76.207063091664352, 7.998013959894241 ], [ -76.207063388087988, 7.997872456846726 ], [ -76.207028273098047, 7.997695498258885 ], [ -76.206980986026181, 7.997677710781271 ], [ -76.206850864903615, 7.997677432584695 ], [ -76.206708903830133, 7.997677136115952 ], [ -76.206602246935034, 7.997765351375113 ], [ -76.206601951307121, 7.99790686261027 ], [ -76.206594700662407, 7.997963645408332 ], [ -76.206583903801274, 7.998048329269556 ], [ -76.206565856302078, 7.998189795932182 ], [ -76.206565559813228, 7.998331307177003 ], [ -76.206565255122626, 7.998472810353035 ], [ -76.206564957695235, 7.998614312568501 ], [ -76.206511382599714, 7.998773395287878 ], [ -76.206564247792741, 7.998950399442628 ], [ -76.20668819765288, 7.999074475250273 ], [ -76.206847711886894, 7.999163254932116 ], [ -76.20698941202086, 7.999287375145167 ], [ -76.207060046913085, 7.999446719440815 ], [ -76.207130725683868, 7.99958837373723 ], [ -76.2072014063381, 7.999730028890752 ], [ -76.207218851312618, 7.999871577414633 ], [ -76.207218554295636, 8.000013078630177 ], [ -76.207216255130206, 8.000017076623431 ], [ -76.207147308889546, 8.00013675055739 ], [ -76.207022946307106, 8.00020724066632 ], [ -76.206845420928403, 8.00024223978734 ], [ -76.206703424195098, 8.000259630858427 ], [ -76.206543911260923, 8.000170851266994 ], [ -76.206437891310586, 7.999958372328025 ], [ -76.206367176014595, 7.999834405055662 ], [ -76.206349731334171, 7.999692857281983 ], [ -76.206189947081768, 7.999727899793196 ], [ -76.206065548619875, 7.999816078645594 ], [ -76.205941150104053, 7.99990425838475 ], [ -76.205781438853975, 7.999903916404657 ], [ -76.205675159316456, 7.999815252183932 ], [ -76.205675464068079, 7.999673740762909 ], [ -76.205675760752158, 7.999532238439439 ], [ -76.205676065612906, 7.999390736051875 ], [ -76.20567636316413, 7.999249223781501 ], [ -76.205676668063361, 7.999107721392456 ], [ -76.205676964753735, 7.998966210031149 ], [ -76.205712752595787, 7.99882477893386 ], [ -76.205713059346095, 7.998683275629867 ], [ -76.205624556915296, 7.998576951565378 ], [ -76.205429254248784, 7.998629611354382 ], [ -76.205340267166989, 7.998753236589196 ], [ -76.205322220265984, 7.998894713306693 ], [ -76.205304173293925, 7.999036180089088 ], [ -76.205303876406347, 7.999177681562223 ], [ -76.205268077549889, 7.999319112774435 ], [ -76.205125857263027, 7.999442631138016 ], [ -76.204966002208096, 7.99951305033547 ], [ -76.20485927290575, 7.999636639931984 ], [ -76.20471715966174, 7.999707094743943 ], [ -76.20460444787804, 7.999770983669238 ], [ -76.204570104784963, 7.999809943065689 ], [ -76.204506532254172, 8.000040288676837 ], [ -76.204548132685801, 8.000249866123447 ], [ -76.204583885343112, 8.000375674941493 ], [ -76.204697648403197, 8.000538413849615 ], [ -76.204679564703312, 8.00069756885091 ], [ -76.20455520218789, 8.000768060247886 ], [ -76.204430723274754, 8.000891614304253 ], [ -76.204324065983613, 8.000979827672438 ], [ -76.204235079234948, 8.001103463824986 ], [ -76.204146055694025, 8.00124477819104 ], [ -76.204092516255173, 8.001386172030964 ], [ -76.203968001338922, 8.001527423254958 ], [ -76.203878852113235, 8.001593772977476 ], [ -76.203825814776735, 8.00163324534306 ], [ -76.203683747306357, 8.001686011900876 ], [ -76.203626299351981, 8.001714488887385 ], [ -76.203541633126918, 8.001756466661922 ], [ -76.20343497631454, 8.001844680857687 ], [ -76.20332823791999, 8.001968272338377 ], [ -76.203239250674287, 8.002091906667234 ], [ -76.203132513064901, 8.002215497234165 ], [ -76.203043561516779, 8.002321444306018 ], [ -76.202936868653055, 8.002427346634377 ], [ -76.202812471228796, 8.002515525073493 ], [ -76.202670320746108, 8.00260366787181 ], [ -76.202528207746326, 8.002674114329354 ], [ -76.202421469830298, 8.002797712985043 ], [ -76.2022971069958, 8.002868195057088 ], [ -76.202155146218416, 8.0028678977065 ], [ -76.202013186271742, 8.00286759307188 ], [ -76.201871270366311, 8.002849609178831 ], [ -76.201729497748886, 8.002760864366621 ], [ -76.201783073052013, 8.002601782273267 ], [ -76.201854354616103, 8.002460423213627 ], [ -76.201925672055324, 8.002301385014736 ], [ -76.201991356803362, 8.002285161442446 ], [ -76.202067704334411, 8.002266306165909 ], [ -76.20220966497115, 8.00226661085695 ], [ -76.202273678739871, 8.002139670156112 ], [ -76.20229876918394, 8.002089912924189 ], [ -76.202210312134198, 8.001965908862802 ], [ -76.202139667956374, 8.001806556930577 ], [ -76.202139973730709, 8.001665054075513 ], [ -76.202282078340801, 8.001594598889353 ], [ -76.202424038729148, 8.001594905405298 ], [ -76.20248654364616, 8.00166999485136 ], [ -76.202512540581594, 8.001701220283934 ], [ -76.202689877676292, 8.001754660850885 ], [ -76.202831873874501, 8.00173727903868 ], [ -76.202920824522238, 8.001631332045566 ], [ -76.203045260233068, 8.001525464599172 ], [ -76.203151917120721, 8.001437251406434 ], [ -76.203294031324546, 8.001366795892793 ], [ -76.203471744272747, 8.001243358064839 ], [ -76.203525283952089, 8.001101963324057 ], [ -76.203525580208407, 8.000960451688591 ], [ -76.203537266892099, 8.000925767653097 ], [ -76.203579155661544, 8.000801368807693 ], [ -76.203703634917474, 8.00067781491771 ], [ -76.203792587019478, 8.000571876028948 ], [ -76.203881609688764, 8.000430553620649 ], [ -76.203917398147539, 8.000289123295843 ], [ -76.203917704412916, 8.000147619763174 ], [ -76.20390025868376, 8.000006073379362 ], [ -76.203758486220394, 7.999917328144178 ], [ -76.203598676343191, 7.999970058744364 ], [ -76.203474303713065, 8.000040549880547 ], [ -76.203314530373689, 8.00007558410667 ], [ -76.203172568899149, 8.000075287642634 ], [ -76.203030609147575, 8.00007498208055 ], [ -76.202959928646763, 7.999933326577083 ], [ -76.20297797638662, 7.99979185956715 ], [ -76.202996023240814, 7.999650394374575 ], [ -76.203062562098324, 7.999571153348884 ], [ -76.20308497539132, 7.999544445711662 ], [ -76.203191711743969, 7.999420856323368 ], [ -76.203316146913934, 7.999314989981912 ], [ -76.203493825116624, 7.999209230691788 ], [ -76.20363578631725, 7.999209536198463 ], [ -76.203777736551473, 7.999209832705622 ], [ -76.203919697713658, 7.999210138114246 ], [ -76.204079400742827, 7.999210471048936 ], [ -76.204257113547413, 7.999087033327124 ], [ -76.20429290282965, 7.998945602149005 ], [ -76.204364219925537, 7.998786555982022 ], [ -76.204470921660601, 7.998680652807497 ], [ -76.204595321322969, 7.998592475329863 ], [ -76.204684415958496, 7.998415775832834 ], [ -76.20468472124432, 7.998274264269642 ], [ -76.204678792811592, 7.998262388896059 ], [ -76.20461404174857, 7.998132609135937 ], [ -76.20456118487462, 7.997955614232263 ], [ -76.204525998346369, 7.997814031293131 ], [ -76.204526294769011, 7.997672527906958 ], [ -76.204544342150697, 7.997531061068411 ], [ -76.204562515384765, 7.997483064421337 ], [ -76.204597880514171, 7.997389665608293 ], [ -76.20470460953527, 7.997266067233467 ], [ -76.204846570802673, 7.997266372581421 ], [ -76.20498852291648, 7.997266668915811 ], [ -76.205064574083551, 7.997299349647418 ], [ -76.205163630565323, 7.997464712066709 ], [ -76.205268545069842, 7.997548740362281 ], [ -76.205394498408069, 7.997611847100102 ], [ -76.205583620949525, 7.997633208942247 ], [ -76.205658953056385, 7.997614596204335 ], [ -76.205662150560457, 7.99758648730856 ], [ -76.205662448370177, 7.997444975929922 ], [ -76.20550296989181, 7.997338507300594 ], [ -76.205378947625363, 7.997249807946128 ], [ -76.205272777250258, 7.997108071688763 ], [ -76.205361809043467, 7.996966758397249 ], [ -76.205486360140355, 7.996807819325369 ], [ -76.20548665636818, 7.996666316064116 ], [ -76.205540231964704, 7.996507233416063 ], [ -76.205629218672442, 7.996383598405009 ], [ -76.205726730563882, 7.996335260256687 ], [ -76.205806851954421, 7.99629553605264 ], [ -76.205931214870574, 7.996225045775984 ], [ -76.206055612593374, 7.996136867370964 ], [ -76.206233362819191, 7.995995733271998 ], [ -76.206357842774437, 7.995872177620877 ], [ -76.206570959057643, 7.995784179190402 ], [ -76.206659909617841, 7.995678241277693 ], [ -76.206766567042934, 7.995590027112316 ], [ -76.206926493537395, 7.995484231717675 ], [ -76.207051081173176, 7.995307605372452 ], [ -76.207086869581872, 7.995166174441613 ], [ -76.207060216728792, 7.995142826960233 ], [ -76.206945178606546, 7.995042053632946 ], [ -76.206803217561458, 7.995041757746101 ], [ -76.206661150121946, 7.995094525214873 ], [ -76.206625207632328, 7.995306706864362 ], [ -76.206465316825486, 7.995394814038011 ], [ -76.206287719949955, 7.99546519739101 ], [ -76.206145767654419, 7.995464891326602 ], [ -76.206003808166372, 7.99546459520792 ], [ -76.205861846839284, 7.995464298150824 ], [ -76.205751003602259, 7.995464064780974 ], [ -76.205719895399469, 7.995463992835862 ], [ -76.205595531701391, 7.995534483884457 ], [ -76.205488874890079, 7.995622706868677 ], [ -76.205399815623352, 7.995781709028742 ], [ -76.205362239728714, 7.995905587163874 ], [ -76.205346205054283, 7.995958479767001 ], [ -76.20525718157036, 7.996099802851533 ], [ -76.205132819393071, 7.996170292948803 ], [ -76.204972963582279, 7.996240711667311 ], [ -76.204795402545784, 7.996293398346399 ], [ -76.204653559137554, 7.996240039197107 ], [ -76.204707089308627, 7.996098643860289 ], [ -76.204796041375914, 7.995992696188429 ], [ -76.204821741069779, 7.995853457765192 ], [ -76.204831946244937, 7.99579820155941 ], [ -76.204841280090477, 7.995756717674491 ], [ -76.204867771312493, 7.995639084176263 ], [ -76.204921383032271, 7.995462313425851 ], [ -76.204921678662487, 7.995320801052622 ], [ -76.204833258255391, 7.995179110031321 ], [ -76.204691305945744, 7.995178814268022 ], [ -76.204496075152889, 7.995196087717608 ], [ -76.204354042923185, 7.995231168191911 ], [ -76.204194080408385, 7.99535464101376 ], [ -76.203998767784881, 7.995407299681356 ], [ -76.20385681611819, 7.995406994619529 ], [ -76.203679362722653, 7.995406618073961 ], [ -76.203555306403317, 7.995335605926911 ], [ -76.203555601624188, 7.995194094278035 ], [ -76.203431697152013, 7.995052331163435 ], [ -76.203289737373964, 7.995052025920744 ], [ -76.203112211362765, 7.995087032635534 ], [ -76.202970295611223, 7.99506903995992 ], [ -76.202810593130323, 7.995068706867541 ], [ -76.202720986047694, 7.995101981374595 ], [ -76.202668524557524, 7.995121465034819 ], [ -76.202561795927451, 7.995245063811258 ], [ -76.202579232145496, 7.99538660337724 ], [ -76.202649876098889, 7.9955459456928 ], [ -76.202738368885107, 7.995652271036648 ], [ -76.202880212977846, 7.995705631018629 ], [ -76.202968678999895, 7.995829642564976 ], [ -76.203003866348226, 7.995971217783006 ], [ -76.203163379764973, 7.996059997882123 ], [ -76.203348970544681, 7.99613755040176 ], [ -76.203401756070988, 7.996332115835671 ], [ -76.203505952187044, 7.996561904645522 ], [ -76.203526549555477, 7.996708070048676 ], [ -76.203526055798363, 7.996937625067406 ], [ -76.203462968331934, 7.997062734064653 ], [ -76.203420746885854, 7.997229613922653 ], [ -76.203441471324879, 7.997334016293703 ], [ -76.203462158616105, 7.997438418044048 ], [ -76.203461935011973, 7.99754276616051 ], [ -76.203426315722567, 7.997578141924979 ], [ -76.203426306835837, 7.997581761612212 ], [ -76.203426010926478, 7.997723265141144 ], [ -76.203407964063004, 7.997864732078476 ], [ -76.203283600929836, 7.997935221949744 ], [ -76.203141640201409, 7.997934926085551 ], [ -76.202999607705109, 7.997970004695798 ], [ -76.202875622159993, 7.997863609048747 ], [ -76.2028050150615, 7.997686577893156 ], [ -76.202805320191061, 7.997545066077948 ], [ -76.202805616346623, 7.997403563367284 ], [ -76.202663889161258, 7.997297130868745 ], [ -76.202521856765316, 7.997332210147472 ], [ -76.20250380953712, 7.997473677163943 ], [ -76.202485762315547, 7.997615144183731 ], [ -76.202325719322829, 7.997774002302974 ], [ -76.202183757535977, 7.997773696154827 ], [ -76.20209537198879, 7.997614317124691 ], [ -76.201935974733715, 7.997472473047583 ], [ -76.201811613089774, 7.997542964321384 ], [ -76.201686979929988, 7.997737270332315 ], [ -76.201580252276216, 7.997860860178253 ], [ -76.201509005794136, 7.997984530754833 ], [ -76.201384607056198, 7.998072709284687 ], [ -76.201376836668828, 7.998081711106823 ], [ -76.201277870175957, 7.998196300094893 ], [ -76.201277563693196, 7.998337811217279 ], [ -76.201277268042745, 7.99847931412308 ], [ -76.201276961534901, 7.99862081711255 ], [ -76.201276665986356, 7.998762328148354 ], [ -76.20134737160825, 7.998886296141846 ], [ -76.20147136732426, 7.998992692201753 ], [ -76.201613094218274, 7.999099125001118 ], [ -76.201755018751257, 7.999117109425956 ], [ -76.201807947595611, 7.999258727821544 ], [ -76.201806304143233, 7.999271600810086 ], [ -76.201789900287565, 7.999400194926493 ], [ -76.201647867944985, 7.999435274211172 ], [ -76.201506060008455, 7.999364217020758 ], [ -76.201417567235794, 7.999257901549909 ], [ -76.201275795309485, 7.999169156949515 ], [ -76.20113395066268, 7.999115787771474 ], [ -76.20103248597907, 7.999115581945714 ], [ -76.200974248147006, 7.999115456382296 ], [ -76.200867581915816, 7.999203669939493 ], [ -76.200831721275932, 7.999380476778792 ], [ -76.200813673624694, 7.999521943975443 ], [ -76.200813368974934, 7.999663455139468 ], [ -76.200812955570981, 7.999858020974424 ], [ -76.200777157759987, 7.999999452406965 ], [ -76.200776780397732, 8.000176339079706 ], [ -76.200900810599791, 8.000265038893598 ], [ -76.200971625016649, 8.000347756219831 ], [ -76.20100700980781, 8.000389086586223 ], [ -76.200935772953329, 8.000512758118898 ], [ -76.200775765192816, 8.000653919961547 ], [ -76.200737855979455, 8.000658563788109 ], [ -76.200633769061298, 8.000671310889922 ], [ -76.200491807864992, 8.000671006347236 ], [ -76.200367445031489, 8.00074149585004 ], [ -76.200290388262829, 8.000805223002859 ], [ -76.200230766232522, 8.000645718000429 ], [ -76.200168162707712, 8.00056211187219 ], [ -76.200189354148932, 8.000436913969587 ], [ -76.200294089021284, 8.000416252278878 ], [ -76.200461768245532, 8.000333149333343 ], [ -76.200462226270247, 8.00012443527852 ], [ -76.200510924120152, 8.000027866292539 ], [ -76.200511103918188, 7.999945823310889 ], [ -76.200475917296103, 7.99980423865541 ], [ -76.200440729894865, 7.999662664835525 ], [ -76.200441025602842, 7.999521152787782 ], [ -76.200441332277165, 7.999379649689893 ], [ -76.20044163710152, 7.999238139377367 ], [ -76.200530696220284, 7.999079137276143 ], [ -76.200585987231079, 7.999047795181673 ], [ -76.200655067664087, 7.999008646052186 ], [ -76.200687092584289, 7.99897050358585 ], [ -76.200744018812742, 7.998902707660749 ], [ -76.20074431451944, 7.998761195649975 ], [ -76.200744621206596, 7.998619694396061 ], [ -76.200709433901309, 7.998478109746828 ], [ -76.20062101258506, 7.998336419347221 ], [ -76.200532511153753, 7.99823009363527 ], [ -76.200426383984848, 7.998070679059724 ], [ -76.200302397861122, 7.997964283297091 ], [ -76.200142811728242, 7.997910877668698 ], [ -76.200000852330177, 7.997910572572057 ], [ -76.199841302233793, 7.99783948039107 ], [ -76.19984159756217, 7.99769797729406 ], [ -76.199921475898748, 7.997618700994726 ], [ -76.199948299854427, 7.997592074944027 ], [ -76.200054993020515, 7.997486171754459 ], [ -76.200196954013165, 7.997486468744926 ], [ -76.200338905986271, 7.997486773888141 ], [ -76.200498608040576, 7.997487115712977 ], [ -76.200640568966165, 7.997487411646778 ], [ -76.200782529957166, 7.997487718373523 ], [ -76.200942231866364, 7.997488050087593 ], [ -76.201084183738658, 7.997488354973495 ], [ -76.201226180551174, 7.99747096431646 ], [ -76.20136829430723, 7.997400518000108 ], [ -76.201368599980142, 7.997259006891939 ], [ -76.201368895765569, 7.997117503991846 ], [ -76.201447740671867, 7.996976738083846 ], [ -76.201457964209482, 7.996958492888087 ], [ -76.201600103733952, 7.996870359367322 ], [ -76.201630017761829, 7.996853398975548 ], [ -76.201724467101087, 7.996799869111145 ], [ -76.201884403269048, 7.996694074018495 ], [ -76.201973353728718, 7.996588135675433 ], [ -76.202062412788578, 7.996429124645918 ], [ -76.20204496833216, 7.996287576942892 ], [ -76.201920910880929, 7.996216566113656 ], [ -76.201793862083861, 7.996247944400821 ], [ -76.201778877751451, 7.996251645021919 ], [ -76.201672221348744, 7.996339859268245 ], [ -76.201547777098753, 7.996445725910505 ], [ -76.201388002773513, 7.99648075982327 ], [ -76.2012817591052, 7.996374409162531 ], [ -76.201175480339174, 7.996285735800495 ], [ -76.201051565892882, 7.996143963727269 ], [ -76.200980967309334, 7.995966932665631 ], [ -76.20098127337539, 7.995825429628582 ], [ -76.201070223983223, 7.995719483327577 ], [ -76.201176989333874, 7.995578204647209 ], [ -76.201177293572385, 7.995436701648672 ], [ -76.201177591414989, 7.995295189663628 ], [ -76.20117789569899, 7.995153687567124 ], [ -76.201178201744412, 7.995012176420868 ], [ -76.201089815713615, 7.994852796781476 ], [ -76.201019101377895, 7.994728830302177 ], [ -76.200895034514105, 7.994657809041776 ], [ -76.200767275828682, 7.994657539140889 ], [ -76.200753082755654, 7.99465751184198 ], [ -76.200628683591688, 7.994745690731434 ], [ -76.200610592161652, 7.994904846156996 ], [ -76.200610295804822, 7.995046348268552 ], [ -76.200627696290994, 7.995205583616083 ], [ -76.200662882826066, 7.99534716660622 ], [ -76.200591646953001, 7.995470828757703 ], [ -76.200555812897846, 7.995629957318354 ], [ -76.200512406325615, 7.995680216915034 ], [ -76.200449084176796, 7.9957535468068 ], [ -76.200324639581851, 7.995859413136501 ], [ -76.200164820990352, 7.995912134804636 ], [ -76.200005198829032, 7.995876417923903 ], [ -76.200005505252108, 7.995734915657567 ], [ -76.200014497363298, 7.995714855758608 ], [ -76.200076821518607, 7.995575868893282 ], [ -76.200050861269006, 7.995471412599668 ], [ -76.200041635115326, 7.995434285782225 ], [ -76.199953178091434, 7.995310282193552 ], [ -76.199829111975305, 7.995239260603362 ], [ -76.199687232005516, 7.99520358937944 ], [ -76.199581069290488, 7.99506185332453 ], [ -76.199528131345716, 7.994920234185082 ], [ -76.199528437150832, 7.994778730952377 ], [ -76.199706068520584, 7.994690660168061 ], [ -76.199795057377386, 7.994567034000159 ], [ -76.199813104046726, 7.994425566781012 ], [ -76.199813408857992, 7.994284056363289 ], [ -76.199866949120533, 7.9941426610222 ], [ -76.199991382729934, 7.99403680319826 ], [ -76.2000980401004, 7.993948580430646 ], [ -76.200204813824598, 7.993807301978633 ], [ -76.200364704703347, 7.993719204183909 ], [ -76.200451042362303, 7.993719384284742 ], [ -76.200524407924064, 7.993719536618871 ], [ -76.200666358545178, 7.993719842164314 ], [ -76.200808392029259, 7.99368476303436 ], [ -76.200932754870465, 7.993614272432512 ], [ -76.201057117722229, 7.99354378994131 ], [ -76.201234750790263, 7.993455718813422 ], [ -76.201394570058554, 7.993402997143483 ], [ -76.201536414163414, 7.993456357059101 ], [ -76.201678177295534, 7.993545102397761 ], [ -76.201837655281864, 7.993651569872253 ], [ -76.201872841847447, 7.993793152655622 ], [ -76.202014650195323, 7.993864209547527 ], [ -76.20219197715592, 7.993917650856847 ], [ -76.202333937518475, 7.993917946687898 ], [ -76.202475898852811, 7.993918253304884 ], [ -76.202617851019582, 7.99391854910122 ], [ -76.202759847285236, 7.993901158420203 ], [ -76.20286653975819, 7.993795255145889 ], [ -76.202955491360214, 7.993689316913041 ], [ -76.20293804620367, 7.993547770218388 ], [ -76.202814024761793, 7.993459070315748 ], [ -76.202636536074351, 7.993476381161792 ], [ -76.202529878617483, 7.99356459529595 ], [ -76.202387926561556, 7.993564299420843 ], [ -76.202263941071806, 7.993457902091889 ], [ -76.202139955649713, 7.993351505603227 ], [ -76.202140251701721, 7.993210002786385 ], [ -76.202211533675978, 7.993068644297768 ], [ -76.202265072994322, 7.992927249027495 ], [ -76.202265369974384, 7.99278574712179 ], [ -76.202141347917319, 7.992697037837391 ], [ -76.201946197869376, 7.992678936833085 ], [ -76.201786496178869, 7.992678604782467 ], [ -76.201644580274731, 7.992660611303038 ], [ -76.201502619348304, 7.992660315069281 ], [ -76.201360397954616, 7.992783823577101 ], [ -76.201218212585587, 7.992889654712112 ], [ -76.201217988279026, 7.992996949549509 ], [ -76.201217969787493, 7.993005267785801 ], [ -76.201217916234398, 7.993031165787252 ], [ -76.201128928992375, 7.993154792865516 ], [ -76.20111188769917, 7.993152637187819 ], [ -76.200987012924358, 7.993136808248655 ], [ -76.200827418077111, 7.993083404059357 ], [ -76.200827723612903, 7.992941891957784 ], [ -76.200845770965088, 7.992800424846032 ], [ -76.200810584035068, 7.992658841802473 ], [ -76.200668812298957, 7.992570096940632 ], [ -76.20052686034191, 7.992569801191314 ], [ -76.200384827073563, 7.992604871047789 ], [ -76.200242866908496, 7.992604575268541 ], [ -76.200164399113063, 7.992604403617056 ], [ -76.200100914804025, 7.992604269438616 ], [ -76.200065126325299, 7.992745699717108 ], [ -76.200064111283822, 7.992753622701076 ], [ -76.200047078755205, 7.992887175935416 ], [ -76.200019877921932, 7.992924959148731 ], [ -76.199958091972675, 7.993010801978151 ], [ -76.199833611657624, 7.99313435611487 ], [ -76.19983330664013, 7.993275859308151 ], [ -76.199833009855553, 7.993417369665485 ], [ -76.199823515016945, 7.993500930589525 ], [ -76.199814917956076, 7.993576525163536 ], [ -76.199743681935004, 7.993700196191797 ], [ -76.199583709590499, 7.993823669414079 ], [ -76.19944167669685, 7.993858748175025 ], [ -76.199281678123711, 7.993999919431806 ], [ -76.199174940959352, 7.994123508645675 ], [ -76.199068248006526, 7.994229411366038 ], [ -76.199014717390568, 7.994370805735297 ], [ -76.198943390629111, 7.994529844349191 ], [ -76.198854332023217, 7.994688855017446 ], [ -76.198747638858151, 7.994794756839625 ], [ -76.19864098175988, 7.994882972221247 ], [ -76.198498949231393, 7.994918050825368 ], [ -76.198404303023707, 7.994929639416981 ], [ -76.198348319797248, 7.99509585356301 ], [ -76.19839263440393, 7.995319175884091 ], [ -76.198481720033413, 7.995542550647194 ], [ -76.198684666944672, 7.995653474983063 ], [ -76.198745672112125, 7.995714551393412 ], [ -76.198692014969012, 7.995909008885187 ], [ -76.198567616660554, 7.995997188362185 ], [ -76.198620544631837, 7.996138806868728 ], [ -76.198691224555006, 7.996280463071877 ], [ -76.198779717699665, 7.99638677785339 ], [ -76.198794629691889, 7.996507789920596 ], [ -76.198797162912285, 7.99652832612363 ], [ -76.19879685798503, 7.996669827631862 ], [ -76.198778775086382, 7.996828983208577 ], [ -76.198636965704353, 7.996757935333338 ], [ -76.198619521416603, 7.996616387936115 ], [ -76.198595527264089, 7.996519818677212 ], [ -76.198457240732438, 7.996502275316352 ], [ -76.198300609868937, 7.996457313859739 ], [ -76.1981663390943, 7.99641237062681 ], [ -76.198031950674178, 7.996434406891968 ], [ -76.197925267073174, 7.996587642256207 ], [ -76.197952692837617, 7.996838811113212 ], [ -76.197952395543084, 7.996978301362017 ], [ -76.198008020290359, 7.997145846436405 ], [ -76.198119680766283, 7.99728557867128 ], [ -76.198203341072116, 7.997425257672745 ], [ -76.198230828970367, 7.997648543172327 ], [ -76.198174360976893, 7.997871612807142 ], [ -76.198145964943691, 7.998066852296396 ], [ -76.198145543024793, 7.998262155090567 ], [ -76.198201229556616, 7.998401770710814 ], [ -76.198340809671222, 7.998569487136993 ], [ -76.198508579260434, 7.998653541803242 ], [ -76.198536372592599, 7.998737327914335 ], [ -76.198396244874189, 7.998820718791946 ], [ -76.198339956268015, 7.998960091817277 ], [ -76.198339480205348, 7.999183278652208 ], [ -76.198367147911952, 7.999322877343076 ], [ -76.198283074963797, 7.999378465103313 ], [ -76.198143127101318, 7.999378159328235 ], [ -76.198087449378065, 7.999238542776458 ], [ -76.198115944143964, 7.999015419726908 ], [ -76.198144214272276, 7.998875982860774 ], [ -76.19811659935246, 7.998708500937866 ], [ -76.198032912418569, 7.998568831256446 ], [ -76.197893089743587, 7.998512721731558 ], [ -76.197669489809485, 7.998372747426224 ], [ -76.197613811588866, 7.998233130694182 ], [ -76.197530421813639, 7.997953916292825 ], [ -76.197558790235462, 7.997786595871474 ], [ -76.197615142353825, 7.99761929355505 ], [ -76.197643474521456, 7.997451974332775 ], [ -76.197671906223604, 7.997256733618274 ], [ -76.197616345768452, 7.997061269031886 ], [ -76.197532649554518, 7.996921599116754 ], [ -76.19739289023606, 7.996837606801798 ], [ -76.197225039129023, 7.996809363591414 ], [ -76.197057028073147, 7.99683687899927 ], [ -76.1969448192052, 7.996948252024875 ], [ -76.196804754147422, 7.997003758966709 ], [ -76.196692661839052, 7.997059284136672 ], [ -76.196552658514094, 7.997086906831049 ], [ -76.196300816768698, 7.99705844003759 ], [ -76.196133082573326, 7.996974392798645 ], [ -76.195965313920681, 7.996890337599173 ], [ -76.19579751786722, 7.996834166247568 ], [ -76.195601711579855, 7.996777940616323 ], [ -76.195405628264226, 7.996833321555131 ], [ -76.195349437647721, 7.996944820808583 ], [ -76.195376871909943, 7.997195981334314 ], [ -76.195432307643145, 7.997447213267517 ], [ -76.19543200238283, 7.997586712037156 ], [ -76.195431643406295, 7.997754094962009 ], [ -76.195515113536302, 7.997977497085102 ], [ -76.195598926706609, 7.998061363974399 ], [ -76.195598746869422, 7.998145059943075 ], [ -76.195583888852511, 7.998244898660665 ], [ -76.195517745931085, 7.998236535233314 ], [ -76.195377124337583, 7.998260969332364 ], [ -76.195286215203325, 7.99822777726894 ], [ -76.19517061877167, 7.99813684030424 ], [ -76.195096471615472, 7.998013033554516 ], [ -76.195096741846996, 7.99788938971709 ], [ -76.195105348170557, 7.99774102509317 ], [ -76.19513870157563, 7.997609224421228 ], [ -76.195138980859781, 7.997477314783902 ], [ -76.195139195538943, 7.99737841075132 ], [ -76.195097046786756, 7.997167459388852 ], [ -76.195069460020846, 7.996972093661149 ], [ -76.195041728611727, 7.996860423663462 ], [ -76.194929942678669, 7.996776493856958 ], [ -76.194757950935568, 7.996838333685911 ], [ -76.194655722890388, 7.996956686750247 ], [ -76.194604384011114, 7.997125993232704 ], [ -76.194502120292668, 7.997261306340941 ], [ -76.194348948003622, 7.997362626824657 ], [ -76.194246791526425, 7.997447141114947 ], [ -76.194110571109164, 7.997565422039233 ], [ -76.19404232603722, 7.99768388342761 ], [ -76.194110013577173, 7.997819563558048 ], [ -76.194194645081595, 7.997972206001394 ], [ -76.194313339083308, 7.998107995427429 ], [ -76.194415018974652, 7.998243749338792 ], [ -76.194550691986834, 7.998379574355324 ], [ -76.19470345002496, 7.998464600079151 ], [ -76.194839203614237, 7.998566540036743 ], [ -76.194957933997344, 7.998668444573392 ], [ -76.195076557140297, 7.99883811931798 ], [ -76.195110288026072, 7.998956804086282 ], [ -76.195109776122038, 7.999193996093829 ], [ -76.195075451929014, 7.999346377401062 ], [ -76.195007134595116, 7.999498685827088 ], [ -76.194887893224674, 7.999617038996471 ], [ -76.194768676882418, 7.999735355821287 ], [ -76.194700359702253, 7.999887702211555 ], [ -76.194666115834863, 8.000006206794843 ], [ -76.194614921081154, 8.000090820116728 ], [ -76.194580929243713, 8.000107671723553 ], [ -76.194444852246775, 8.000158220419149 ], [ -76.194308927656834, 8.000140973121873 ], [ -76.194224073230004, 8.000073014895435 ], [ -76.194207320248836, 7.999971335411245 ], [ -76.194224585524751, 7.999835832633565 ], [ -76.194292830932866, 7.999717408148515 ], [ -76.194412153887413, 7.999565170156974 ], [ -76.194548337896933, 7.999463813720835 ], [ -76.194650575565248, 7.999328499702712 ], [ -76.194735825960436, 7.99921011071696 ], [ -76.194787093293783, 7.999074680846571 ], [ -76.194770375224834, 7.998956076631549 ], [ -76.194685663873642, 7.998820358707601 ], [ -76.19460092564087, 7.998718526136638 ], [ -76.194482159388244, 7.998633537233446 ], [ -76.194329283728493, 7.9985824047668 ], [ -76.194210517544931, 7.998497414843565 ], [ -76.194091751980011, 7.998395510271563 ], [ -76.193973056767888, 7.998276680566106 ], [ -76.193837196018862, 7.998225539930718 ], [ -76.193650265889616, 7.99820821074561 ], [ -76.193514188920332, 7.998258723697695 ], [ -76.193344047982777, 7.998360009107603 ], [ -76.193224831779759, 7.998461401879156 ], [ -76.193105626135576, 7.998579755244246 ], [ -76.193037237356592, 7.998765947559957 ], [ -76.19303686900534, 7.99893537116102 ], [ -76.193036464991835, 7.999121743979171 ], [ -76.19295124177512, 7.999223217976474 ], [ -76.192917248530094, 7.999223136775782 ], [ -76.192696363336154, 7.999205701421968 ], [ -76.19249237308027, 7.999222221061859 ], [ -76.192424200407473, 7.999306761409508 ], [ -76.192372789320331, 7.999492991377247 ], [ -76.192338545884766, 7.99961153305764 ], [ -76.192270561242736, 7.999611388633602 ], [ -76.192100635817908, 7.999611020015736 ], [ -76.192015825534938, 7.999526102812676 ], [ -76.191948102394107, 7.999407381359527 ], [ -76.191948352827751, 7.999288777367831 ], [ -76.192016562385163, 7.999187303179396 ], [ -76.192101705349856, 7.99911972330638 ], [ -76.192254841271392, 7.999035326231509 ], [ -76.192390872902479, 7.999001738445708 ], [ -76.192459082097415, 7.998900238043095 ], [ -76.192595157704147, 7.998849725319911 ], [ -76.19266332268873, 7.998765139867134 ], [ -76.192697574554998, 7.99864664333256 ], [ -76.192748985796129, 7.998443452722489 ], [ -76.192800253336117, 7.998324947428769 ], [ -76.192902481371974, 7.998206593589537 ], [ -76.192970653546865, 7.99812201803322 ], [ -76.193106730622588, 7.998071506155465 ], [ -76.193259678193911, 7.998071837918813 ], [ -76.193412652215585, 7.99805520060558 ], [ -76.193531867717482, 7.997953853025008 ], [ -76.193549096628843, 7.997835275936631 ], [ -76.193600328349987, 7.997733738844961 ], [ -76.193685471180217, 7.997649226190315 ], [ -76.193719759253582, 7.997513768757826 ], [ -76.193753895224674, 7.997446072091234 ], [ -76.193839118051244, 7.997344607179369 ], [ -76.193941274705836, 7.997260102001803 ], [ -76.193992496791395, 7.997141633238898 ], [ -76.193992829234531, 7.996989143625395 ], [ -76.194044059831214, 7.996887598435499 ], [ -76.194197258985639, 7.99676936240233 ], [ -76.194333406744562, 7.996684955569592 ], [ -76.194452623109001, 7.99658356277444 ], [ -76.194503809215604, 7.996482026969315 ], [ -76.19452541327783, 7.99631899092436 ], [ -76.194376931061868, 7.996212792997897 ], [ -76.194185822688581, 7.996170014829959 ], [ -76.193994617315454, 7.996169602400578 ], [ -76.193739692790743, 7.996169054039532 ], [ -76.193548396616137, 7.996211005407631 ], [ -76.193335801386198, 7.996274093967088 ], [ -76.193123196586342, 7.99635832035297 ], [ -76.192931810918068, 7.996442600272946 ], [ -76.192740325570668, 7.996569280382016 ], [ -76.192569906990883, 7.996780654287249 ], [ -76.192420965930779, 7.996886242377529 ], [ -76.192250591558761, 7.997076432888418 ], [ -76.192154589404566, 7.997269498838818 ], [ -76.192074440785873, 7.997481069949112 ], [ -76.192047473934622, 7.997666312039954 ], [ -76.191993987759034, 7.997851499036749 ], [ -76.191967020075154, 7.998036750185485 ], [ -76.191834078612743, 7.998115855909884 ], [ -76.191728059913416, 7.998009755955525 ], [ -76.191701883301519, 7.997850870548861 ], [ -76.191702287406613, 7.997665566400203 ], [ -76.191622830807646, 7.99755952025126 ], [ -76.191490177270083, 7.997506276546436 ], [ -76.19130422492627, 7.997532354603915 ], [ -76.191171274593742, 7.997611496312239 ], [ -76.190958590300781, 7.997716913817348 ], [ -76.190879115650503, 7.99763730485393 ], [ -76.190852903179376, 7.997478420435794 ], [ -76.190959451530787, 7.997319822413233 ], [ -76.191118965861733, 7.997240770860917 ], [ -76.191384597617457, 7.997214871929287 ], [ -76.191650202994225, 7.997188973946324 ], [ -76.191809761110903, 7.997083440345964 ], [ -76.19181004899481, 7.996951091098694 ], [ -76.191677564597569, 7.99681845484271 ], [ -76.191544911415548, 7.996765221000808 ], [ -76.191465572380352, 7.996606218916551 ], [ -76.191545432133381, 7.996526960107643 ], [ -76.191784473584661, 7.996501035403465 ], [ -76.192049898645877, 7.996554529953053 ], [ -76.192289146566353, 7.996449175127362 ], [ -76.192369025029308, 7.996343470730306 ], [ -76.192475503122111, 7.996237792813249 ], [ -76.192449290369026, 7.996078907792572 ], [ -76.192369834104255, 7.995972861735869 ], [ -76.192290296660815, 7.995919735002738 ], [ -76.192264020946837, 7.99578733282508 ], [ -76.192343828099752, 7.995734547754415 ], [ -76.192609306854195, 7.995761596341299 ], [ -76.19271528987484, 7.995867740762831 ], [ -76.192927741694817, 7.99586819912178 ], [ -76.19303424630391, 7.995736038570367 ], [ -76.193087534085535, 7.995656762005141 ], [ -76.193193805316497, 7.995630513811778 ], [ -76.193379639315111, 7.995657391007899 ], [ -76.193618483180387, 7.995737305231171 ], [ -76.193830845397272, 7.99576423717245 ], [ -76.19406986871553, 7.995764757723051 ], [ -76.194308900569069, 7.995738796617624 ], [ -76.194547744674324, 7.995818738220347 ], [ -76.194733409388022, 7.995925016995595 ], [ -76.19501387237797, 7.995985609037579 ], [ -76.195184506914899, 7.996084818794069 ], [ -76.195476549826495, 7.996111920861316 ], [ -76.195741983515205, 7.996165450818951 ], [ -76.196113716126888, 7.996192724202683 ], [ -76.196405811844173, 7.996193352784308 ], [ -76.196724596743309, 7.99614108906789 ], [ -76.196937282266944, 7.996035672160567 ], [ -76.197096904079416, 7.995903628220329 ], [ -76.197097245100196, 7.995744805963509 ], [ -76.197097819545633, 7.995480099743943 ], [ -76.197044927021949, 7.995374115822982 ], [ -76.196806055759808, 7.995320649226488 ], [ -76.196593720763872, 7.995267235398126 ], [ -76.196407877606205, 7.99524039317155 ], [ -76.196168898691411, 7.995239880749293 ], [ -76.195903320833651, 7.995239305759011 ], [ -76.195611333404017, 7.995185721916958 ], [ -76.195345844722354, 7.995158674375851 ], [ -76.195099051071608, 7.995182693723782 ], [ -76.19500062240401, 7.995157928261611 ], [ -76.194735483832019, 7.99497205671684 ], [ -76.194470247911227, 7.99481265084354 ], [ -76.194178493161701, 7.994653199614428 ], [ -76.19401944579613, 7.994520501274297 ], [ -76.19399328688479, 7.994335142787561 ], [ -76.193967064931314, 7.994176258105108 ], [ -76.193887708315145, 7.994043738243064 ], [ -76.19375505427935, 7.993990494941675 ], [ -76.193516092627618, 7.993963537036913 ], [ -76.193356876081424, 7.993910239713347 ], [ -76.193171158301467, 7.993830407374229 ], [ -76.193065121272952, 7.993750780045199 ], [ -76.192959254722396, 7.993591724063391 ], [ -76.192879914606223, 7.99343273125417 ], [ -76.192827121021423, 7.993300265811625 ], [ -76.192747548861419, 7.993247139253385 ], [ -76.192614894228299, 7.993193896333809 ], [ -76.192455793787786, 7.993087678877191 ], [ -76.192296460267997, 7.993087337638776 ], [ -76.192190315009512, 7.993060631323345 ], [ -76.192137476389604, 7.992928166034123 ], [ -76.192164272167417, 7.992822352719405 ], [ -76.192350224094753, 7.992796275117691 ], [ -76.192535959217565, 7.99284963457391 ], [ -76.192748239592547, 7.992929486121784 ], [ -76.192986913908797, 7.993088829078822 ], [ -76.193145898088787, 7.993248002007231 ], [ -76.193490509331326, 7.993513445069746 ], [ -76.193596762165896, 7.99351366957193 ], [ -76.193623604346925, 7.993381384405202 ], [ -76.193570889659554, 7.993195961920392 ], [ -76.193491434045143, 7.993089915961727 ], [ -76.193438747612461, 7.992904495009189 ], [ -76.193412418929427, 7.992798565810043 ], [ -76.19333296262576, 7.992692528814629 ], [ -76.193253434930256, 7.992639392953644 ], [ -76.193174032767388, 7.992506873998671 ], [ -76.193174319885998, 7.992374524907573 ], [ -76.193280913686195, 7.992215926763472 ], [ -76.193387068366718, 7.992242598446841 ], [ -76.193572551515771, 7.992428307153844 ], [ -76.193705098582711, 7.992534497318193 ], [ -76.193810839301847, 7.992746471833867 ], [ -76.193836997826125, 7.992931840355167 ], [ -76.193916284065253, 7.993117314755747 ], [ -76.193995587240792, 7.993276308424088 ], [ -76.194128008355989, 7.993435426047152 ], [ -76.194393189940939, 7.993621297247677 ], [ -76.194605318407824, 7.993754104376587 ], [ -76.194711391828051, 7.993833730006963 ], [ -76.194764078166571, 7.994019152329819 ], [ -76.194869979853266, 7.994178207259116 ], [ -76.195029198295558, 7.994231503864806 ], [ -76.19519761393029, 7.994253792346893 ], [ -76.196034465561397, 7.994498924411964 ], [ -76.196482707557607, 7.994515263638495 ], [ -76.196760726526108, 7.994571327901274 ], [ -76.196927597871849, 7.994590166022679 ], [ -76.197094513842558, 7.994572047432646 ], [ -76.197205931720802, 7.994498340004185 ], [ -76.19729905226778, 7.994313673196058 ], [ -76.197355186536527, 7.99407350015082 ], [ -76.197299976704684, 7.993888564392607 ], [ -76.197151925561741, 7.993740340634239 ], [ -76.197040822193898, 7.993666186023503 ], [ -76.196855490417121, 7.993628788957652 ], [ -76.19654016357994, 7.993665108216939 ], [ -76.196336182538786, 7.993664667030662 ], [ -76.196113813680896, 7.993590233152498 ], [ -76.195891418740018, 7.993534322218131 ], [ -76.195706167983857, 7.99345996760101 ], [ -76.195465186257934, 7.993422499965302 ], [ -76.195224248726262, 7.993366498984617 ], [ -76.195001888518249, 7.993292108570554 ], [ -76.194835133970514, 7.993217800081713 ], [ -76.194705534851821, 7.993125085006255 ], [ -76.194631711334793, 7.992958583084483 ], [ -76.194557842963746, 7.992829036951486 ], [ -76.194521092002816, 7.992662578863567 ], [ -76.194502838626804, 7.992533149096044 ], [ -76.194484701830859, 7.992348249055272 ], [ -76.194559172344384, 7.992219027234914 ], [ -76.194725881074959, 7.992293334561921 ], [ -76.19485515810409, 7.992533903919454 ], [ -76.194965974340732, 7.992737488872182 ], [ -76.195058374789227, 7.992885549937167 ], [ -76.195206353812665, 7.993052214299547 ], [ -76.195373063727857, 7.993145009744281 ], [ -76.195632623129342, 7.993164044845362 ], [ -76.195836728804693, 7.993109049651024 ], [ -76.195855701333926, 7.992905752735594 ], [ -76.19585602525153, 7.992757880604636 ], [ -76.195782155944954, 7.992609857115367 ], [ -76.195708404680332, 7.992424840192669 ], [ -76.195690231816158, 7.992258418412065 ], [ -76.195672023012747, 7.992092032140836 ], [ -76.195598110009527, 7.991980964325183 ], [ -76.195505502205563, 7.991925330642108 ], [ -76.195375829650786, 7.991869572598385 ], [ -76.195301800269192, 7.991795461940587 ], [ -76.19528362713784, 7.991629085243827 ], [ -76.195413541515009, 7.991573892000772 ], [ -76.195543222961035, 7.991629641866509 ], [ -76.19569139089181, 7.991722392913051 ], [ -76.195857982759165, 7.991852137451764 ], [ -76.195987546753088, 7.991963321173856 ], [ -76.196024378041443, 7.992092794867738 ], [ -76.19602409138669, 7.992222179940065 ], [ -76.19607938222488, 7.992370168267755 ], [ -76.196134834973918, 7.992462713146265 ], [ -76.196208668361891, 7.992610772954099 ], [ -76.196208299044173, 7.992777123099065 ], [ -76.196189489372017, 7.992906470811164 ], [ -76.196170668771018, 7.993035811382583 ], [ -76.196225879136307, 7.993220791809335 ], [ -76.196429580828664, 7.993350616290764 ], [ -76.196577919614498, 7.993350939805788 ], [ -76.196670725319294, 7.993314181212378 ], [ -76.196745231093544, 7.993166435142892 ], [ -76.196801044361919, 7.993074169314595 ], [ -76.197005104706321, 7.993037607391067 ], [ -76.197153281692039, 7.993111879817155 ], [ -76.197282962703525, 7.993186108353602 ], [ -76.197412679960593, 7.993223343221714 ], [ -76.19756097313055, 7.993242145343028 ], [ -76.197690771282538, 7.993242423207216 ], [ -76.197857759186391, 7.993205826292653 ], [ -76.19798776325095, 7.993113677029034 ], [ -76.198025069943796, 7.993002842776346 ], [ -76.197988275122455, 7.992873377391278 ], [ -76.197932867389653, 7.992762354918121 ], [ -76.197840420696934, 7.992632763894807 ], [ -76.197729487966313, 7.992484622345339 ], [ -76.197655656264686, 7.992336598239402 ], [ -76.197544596688132, 7.992243927673296 ], [ -76.197396501014438, 7.992132698378178 ], [ -76.197285441824008, 7.992040063836564 ], [ -76.197174374318806, 7.991947403106515 ], [ -76.197081892571106, 7.991836289712771 ], [ -76.197045062017892, 7.991706825262692 ], [ -76.197026844196515, 7.991558881780092 ], [ -76.197064276705134, 7.99141110023128 ], [ -76.197194155333918, 7.991374421561229 ], [ -76.197397974004346, 7.991448774782678 ], [ -76.197546070200232, 7.991559996039181 ], [ -76.197694166530795, 7.991671225341749 ], [ -76.197805073397262, 7.991837843975141 ], [ -76.197878976717845, 7.991967390737324 ], [ -76.197915735912702, 7.992115343173786 ], [ -76.198008217835067, 7.992226447230138 ], [ -76.198156430871151, 7.99228224138317 ], [ -76.198286227745285, 7.992282520090098 ], [ -76.198360573142381, 7.992208723002869 ], [ -76.198453656038126, 7.992042578559269 ], [ -76.198435437676565, 7.991894636250923 ], [ -76.198306045074247, 7.991709537907774 ], [ -76.19823205993363, 7.991616949048807 ], [ -76.198195184373574, 7.991524430597132 ], [ -76.198176884846177, 7.991395010809834 ], [ -76.198195660189313, 7.991302618889647 ], [ -76.198325654637557, 7.991210469850666 ], [ -76.198455452963429, 7.991210748624153 ], [ -76.19865939684361, 7.991229658150977 ], [ -76.198752201935264, 7.991174429812044 ], [ -76.198826673371499, 7.991045197869572 ], [ -76.198826951136454, 7.990915814105093 ], [ -76.198864222156473, 7.990823457875291 ], [ -76.198957224762069, 7.990694271267989 ], [ -76.19906868757873, 7.990602076816301 ], [ -76.199161573785432, 7.990528324993443 ], [ -76.199209632836954, 7.99040932617904 ], [ -76.199190921765364, 7.990346667839511 ], [ -76.199091514311917, 7.990218703124946 ], [ -76.198934964605158, 7.990175782400668 ], [ -76.198792563650287, 7.990175484690261 ], [ -76.198650198851439, 7.99016098640302 ], [ -76.198479438051749, 7.990103844260482 ], [ -76.198323005170195, 7.990004140323746 ], [ -76.198194994640318, 7.9899328950424 ], [ -76.198066994114114, 7.989861649626345 ], [ -76.197896170893159, 7.989832894606491 ], [ -76.197790744286564, 7.989832669873374 ], [ -76.197753769859631, 7.989832589261919 ], [ -76.197625401353889, 7.98993168188384 ], [ -76.197562213349912, 7.990002245285709 ], [ -76.197511206743869, 7.990059198118968 ], [ -76.197354469351097, 7.990101446315077 ], [ -76.197183626963934, 7.99008689324115 ], [ -76.197055643615371, 7.990001445252157 ], [ -76.196870554730026, 7.989986856819509 ], [ -76.196851815940377, 7.989984951677677 ], [ -76.196844792222876, 7.990005802259708 ], [ -76.19673337304836, 7.990079473021948 ], [ -76.196566431017558, 7.990097637049715 ], [ -76.196399675863134, 7.990041798377109 ], [ -76.196344268257434, 7.989930775363905 ], [ -76.19617297671536, 7.989826418196296 ], [ -76.195941256548011, 7.989802819328696 ], [ -76.19580191937537, 7.989918055311339 ], [ -76.195708943689297, 7.990033389801838 ], [ -76.195569714319518, 7.990102416160522 ], [ -76.195407487249241, 7.99010206644193 ], [ -76.195338190617079, 7.989986371724763 ], [ -76.195431221327908, 7.989847932018162 ], [ -76.195547336592441, 7.989732642654169 ], [ -76.19566353414902, 7.989594283954747 ], [ -76.195825904211105, 7.989548415656078 ], [ -76.196080854918364, 7.989548964110208 ], [ -76.196219788570886, 7.989618592389449 ], [ -76.196428315177542, 7.989665251338915 ], [ -76.196613726781351, 7.989665655331996 ], [ -76.196660385407483, 7.989527108141575 ], [ -76.196715532614675, 7.989435929207722 ], [ -76.196814688521897, 7.989475715248698 ], [ -76.196942726036127, 7.989532766954562 ], [ -76.197056434565368, 7.989632373092775 ], [ -76.197184382385956, 7.98973201444089 ], [ -76.197284364230072, 7.989590277919467 ], [ -76.197284669860153, 7.989448326203528 ], [ -76.197284894180925, 7.989343878962385 ], [ -76.19728497459613, 7.989306373590352 ], [ -76.197296949772593, 7.989302825713131 ], [ -76.197427466171192, 7.989264090324563 ], [ -76.197569929644715, 7.989236009307623 ], [ -76.197726595946136, 7.989222147778603 ], [ -76.197868996700606, 7.989222444181258 ], [ -76.198011398412504, 7.989222749562616 ], [ -76.198182121711866, 7.989294094420079 ], [ -76.198324343954468, 7.989379560118666 ], [ -76.198452354343161, 7.989450813552264 ], [ -76.198551823822768, 7.989550383016993 ], [ -76.198651286177338, 7.98964996243288 ], [ -76.198765030291895, 7.989735372824511 ], [ -76.198907331609746, 7.989778267589911 ], [ -76.199049733310062, 7.989778564404615 ], [ -76.199192134155126, 7.989778870212029 ], [ -76.19934886275017, 7.98973661337175 ], [ -76.199420494738618, 7.989538041338906 ], [ -76.199520539769821, 7.989367909049733 ], [ -76.199634698192838, 7.989254594891758 ], [ -76.199777125846921, 7.989240698319287 ], [ -76.199919373581238, 7.989311980083813 ], [ -76.200047356831377, 7.989397418000523 ], [ -76.200146828417971, 7.989496996857205 ], [ -76.20024626204922, 7.989610768059144 ], [ -76.200359880648577, 7.989752953553221 ], [ -76.200516304549311, 7.989852658437488 ], [ -76.200644646689483, 7.989767758389041 ], [ -76.200587963826038, 7.989639883269234 ], [ -76.200488645735376, 7.989469327569559 ], [ -76.200360672389181, 7.989383889758043 ], [ -76.200275467051128, 7.989270144785666 ], [ -76.200232931347301, 7.989184886222385 ], [ -76.20020454530669, 7.989142243408207 ], [ -76.200119375366114, 7.989014305092284 ], [ -76.200088652842894, 7.988937273989777 ], [ -76.200062719058863, 7.988872235683149 ], [ -76.199977584546417, 7.988730104925136 ], [ -76.199835273693822, 7.988687209601609 ], [ -76.199692873393744, 7.988686913805287 ], [ -76.199550472090522, 7.988686608028241 ], [ -76.199365445745116, 7.988643633115074 ], [ -76.199223162083072, 7.98858654522403 ], [ -76.199066765262856, 7.988472657153407 ], [ -76.198953029716705, 7.988387244857017 ], [ -76.198782394755071, 7.988273319581642 ], [ -76.198640056931168, 7.988244627805362 ], [ -76.198497719108502, 7.988215935972049 ], [ -76.198326922053909, 7.9881729876492 ], [ -76.198184557025399, 7.988158488926048 ], [ -76.198042155700307, 7.988158182555127 ], [ -76.197828680265673, 7.988100952061726 ], [ -76.197686306148924, 7.988086453219797 ], [ -76.197543941086565, 7.988071954254601 ], [ -76.197387302416189, 7.988071622296167 ], [ -76.197188001701534, 7.988042813274498 ], [ -76.197017303562546, 7.987957275399651 ], [ -76.196974921175169, 7.987801039842609 ], [ -76.196968830606039, 7.987794940986863 ], [ -76.196875450645237, 7.987701461554257 ], [ -76.196690515401897, 7.987615897178983 ], [ -76.196606693244746, 7.987570675779752 ], [ -76.196448436538432, 7.987615384594896 ], [ -76.196348517191495, 7.987728726130396 ], [ -76.196220228677575, 7.987785239323803 ], [ -76.196077800845345, 7.987799127288372 ], [ -76.196067963810322, 7.987698911396296 ], [ -76.196067147421829, 7.98769056524127 ], [ -76.196063868020218, 7.987657148200103 ], [ -76.196082417658261, 7.987648973008035 ], [ -76.196121072715428, 7.987543708831944 ], [ -76.196263527664499, 7.987515617686075 ], [ -76.196405929001457, 7.987515923856336 ], [ -76.196505821032432, 7.987416777399718 ], [ -76.196619924822897, 7.987331849573622 ], [ -76.196719817590335, 7.987232694060505 ], [ -76.196734361985293, 7.987090777577158 ], [ -76.196734693620698, 7.98693463343314 ], [ -76.196734998891074, 7.986792680731478 ], [ -76.19662147862438, 7.986607898152977 ], [ -76.19649355860534, 7.986494071960246 ], [ -76.196351311285554, 7.98642279110226 ], [ -76.196194762154832, 7.986379868652759 ], [ -76.196066761286573, 7.986308623851665 ], [ -76.195896035853906, 7.986237280212524 ], [ -76.195753787827073, 7.986166008113588 ], [ -76.195625750663623, 7.986108955557754 ], [ -76.195459858969372, 7.986081027227928 ], [ -76.195454927076113, 7.986080199755242 ], [ -76.195312561626977, 7.986065702430051 ], [ -76.195213091930484, 7.98596612340839 ], [ -76.195256184321764, 7.985795874619707 ], [ -76.195333376172897, 7.985680988754745 ], [ -76.19534189196753, 7.985668295712718 ], [ -76.195313748052484, 7.985512096830718 ], [ -76.195271365062212, 7.985355861644825 ], [ -76.195249689175228, 7.985347947811596 ], [ -76.195114851862186, 7.985298747042131 ], [ -76.19497245113449, 7.985298441928946 ], [ -76.194830023020543, 7.985312330050484 ], [ -76.194673293889849, 7.985354585607742 ], [ -76.194431243227115, 7.985339871698067 ], [ -76.194288905320079, 7.985311179708654 ], [ -76.194175205072042, 7.985211565678425 ], [ -76.194061558833155, 7.985083574047679 ], [ -76.193990627994467, 7.984955661585172 ], [ -76.194133065196226, 7.984941773720879 ], [ -76.194161541554337, 7.984941837374465 ], [ -76.194261066358635, 7.985013020323326 ], [ -76.1944174627194, 7.985126916686834 ], [ -76.194559765020273, 7.985169802908039 ], [ -76.194702165759452, 7.985170108181439 ], [ -76.194748321064765, 7.985170206814312 ], [ -76.194844567392721, 7.985170414302091 ], [ -76.194986968086297, 7.985170718573498 ], [ -76.195129359640774, 7.985171015637703 ], [ -76.195271761209142, 7.985171320707117 ], [ -76.195414161851872, 7.985171625734272 ], [ -76.195570711405978, 7.985214547785862 ], [ -76.195641606298054, 7.985356652202771 ], [ -76.195769490278963, 7.985484680363978 ], [ -76.19591182815202, 7.985513371777627 ], [ -76.196054219706681, 7.985513669378844 ], [ -76.1961966212682, 7.985513974081735 ], [ -76.196339021911101, 7.985514279645885 ], [ -76.196481422534703, 7.985514585160788 ], [ -76.196623814981805, 7.985514890689529 ], [ -76.196808723619327, 7.985614648724274 ], [ -76.196993659610058, 7.985700213385885 ], [ -76.197136061045114, 7.985700509607073 ], [ -76.197292575311465, 7.985757624166756 ], [ -76.19742054883919, 7.985843071759804 ], [ -76.197520018748733, 7.985942641014857 ], [ -76.197619489690425, 7.986042220157921 ], [ -76.197747374351763, 7.986170248277761 ], [ -76.197861073630023, 7.986269861789666 ], [ -76.197988966523226, 7.986397880677472 ], [ -76.198102549727764, 7.98655426798865 ], [ -76.198187719286963, 7.986682206273667 ], [ -76.198301391596218, 7.986796013703304 ], [ -76.198443702591916, 7.986838899936545 ], [ -76.198586095232059, 7.986839204605689 ], [ -76.198728495946781, 7.986839501030937 ], [ -76.198870896719612, 7.986839807345423 ], [ -76.199027688750661, 7.986769162716348 ], [ -76.199170116647764, 7.986755274809418 ], [ -76.199312518167048, 7.986755571940818 ], [ -76.199454917917635, 7.986755877168493 ], [ -76.199611648132375, 7.98671362066905 ], [ -76.199754111245554, 7.986685539296403 ], [ -76.199896566092804, 7.986657448910395 ], [ -76.200038966635958, 7.986657753942658 ], [ -76.200181368002774, 7.98665805078718 ], [ -76.200323615576252, 7.986729331835329 ], [ -76.200465775401668, 7.986843194290302 ], [ -76.200622224972307, 7.986928694624727 ], [ -76.200778595014313, 7.987056777176556 ], [ -76.200878065000936, 7.987156355123982 ], [ -76.20097747263182, 7.987284320393185 ], [ -76.201076908359184, 7.987398092408378 ], [ -76.201190588683005, 7.987511898587027 ], [ -76.20129002363015, 7.987625671415105 ], [ -76.20141803434278, 7.987696915807207 ], [ -76.201560434983506, 7.987697212943028 ], [ -76.201731312011745, 7.987697581215913 ], [ -76.201873712609938, 7.987697878243362 ], [ -76.202016257666301, 7.987627207419596 ], [ -76.202045076200562, 7.987471125202932 ], [ -76.202173354967215, 7.98741461242258 ], [ -76.202315756369359, 7.987414916557019 ], [ -76.202458274071731, 7.987358430696252 ], [ -76.202543954745067, 7.987245055055232 ], [ -76.202629699412384, 7.987103283045136 ], [ -76.202686930796105, 7.986975650321169 ], [ -76.202687262883714, 7.986819505238834 ], [ -76.202687559761586, 7.986677553395163 ], [ -76.202574004129715, 7.986506972149323 ], [ -76.202460268031814, 7.986421559990233 ], [ -76.20226105813299, 7.9863501618869 ], [ -76.20206182033148, 7.986292965886771 ], [ -76.201891006318618, 7.986264211081584 ], [ -76.201748667637332, 7.986235519296985 ], [ -76.201592181218643, 7.986164210837596 ], [ -76.2014355059395, 7.986178080636265 ], [ -76.201278597281686, 7.986305497879045 ], [ -76.201136044279195, 7.986376177418447 ], [ -76.200993643070277, 7.986375871830226 ], [ -76.200851098046613, 7.986446542201821 ], [ -76.200708696844757, 7.986446245559753 ], [ -76.200737604636544, 7.986247574562633 ], [ -76.200780624778929, 7.986105712616998 ], [ -76.200880544918803, 7.985992363390905 ], [ -76.200823861172267, 7.985864488120834 ], [ -76.200681549719221, 7.985821601775508 ], [ -76.200496343839148, 7.985863796219767 ], [ -76.200368001645089, 7.985948695771969 ], [ -76.200168485960916, 7.98601924957934 ], [ -76.200040179791202, 7.986089946757168 ], [ -76.199869086768402, 7.986188951007175 ], [ -76.199712267993064, 7.98627378722302 ], [ -76.199569776978308, 7.986316070787307 ], [ -76.199427402777516, 7.986301572332121 ], [ -76.199284920749321, 7.986343855743181 ], [ -76.199142304564077, 7.986442922150432 ], [ -76.199022191182081, 7.986442662006637 ], [ -76.198928703217533, 7.986442464078031 ], [ -76.198786310825426, 7.986442167604388 ], [ -76.198615550885663, 7.986385025816172 ], [ -76.198530443865167, 7.986228692081865 ], [ -76.198431072553788, 7.986086534323909 ], [ -76.198303062599436, 7.986015287692902 ], [ -76.198175026356964, 7.98595823604251 ], [ -76.198075590773229, 7.985844464679118 ], [ -76.197990448769659, 7.985702333043298 ], [ -76.197905288651569, 7.985574395441197 ], [ -76.197820092263626, 7.985460650209721 ], [ -76.19770635703378, 7.98537523894071 ], [ -76.197706653124015, 7.98523328733617 ], [ -76.197849089790452, 7.985219399103893 ], [ -76.197962789562794, 7.985319003643919 ], [ -76.19807652571113, 7.985404415723975 ], [ -76.198107140060316, 7.985431231243139 ], [ -76.198190233747255, 7.985504020998857 ], [ -76.198275341241583, 7.985660345876547 ], [ -76.198389013169489, 7.985774153388983 ], [ -76.198488484181951, 7.985873732255993 ], [ -76.198616457787196, 7.985959170329869 ], [ -76.198744440578082, 7.986044618211044 ], [ -76.198766583669993, 7.986053160690744 ], [ -76.198929404008368, 7.986115980407899 ], [ -76.198931263681686, 7.986115827769161 ], [ -76.199100316994446, 7.986102145894669 ], [ -76.199256957387547, 7.986102479284831 ], [ -76.199399446662625, 7.986060203990354 ], [ -76.199541838838286, 7.986060500304506 ], [ -76.199684546315666, 7.985918854118153 ], [ -76.199812915002639, 7.9858197606139 ], [ -76.199927072643405, 7.985706437745693 ], [ -76.200069690235722, 7.985607381164582 ], [ -76.200212143766265, 7.985579290831836 ], [ -76.200354581033139, 7.985565402617048 ], [ -76.200482914985983, 7.985480503177159 ], [ -76.2006111936401, 7.985423990135662 ], [ -76.200753630786807, 7.985410101809608 ], [ -76.20089602255868, 7.985410398648517 ], [ -76.201038424351523, 7.985410704395956 ], [ -76.201180734719841, 7.985453589763978 ], [ -76.201323136418424, 7.985453886372121 ], [ -76.20130919408453, 7.985311907292806 ], [ -76.201167071052964, 7.985183851736194 ], [ -76.201153192191171, 7.985013487062091 ], [ -76.201053811542209, 7.984871320303557 ], [ -76.200882933840205, 7.984870960333287 ], [ -76.200768802891588, 7.984970080138813 ], [ -76.200683121890563, 7.985083466269583 ], [ -76.200497791302524, 7.985182432634827 ], [ -76.200341061842821, 7.985224690109919 ], [ -76.200198669989391, 7.9852243840188 ], [ -76.200056269130528, 7.985224087887098 ], [ -76.200041724625265, 7.985224052315491 ], [ -76.199913868181966, 7.985223782671164 ], [ -76.199771467214077, 7.985223477405985 ], [ -76.199629066297248, 7.985223181126526 ], [ -76.199472614850464, 7.985137679188177 ], [ -76.199301944363029, 7.985037947839795 ], [ -76.199131193256164, 7.984980805996147 ], [ -76.19898885487811, 7.984952113908822 ], [ -76.198789643942163, 7.984880716328223 ], [ -76.198647486170685, 7.984766854633889 ], [ -76.198491188388573, 7.984610376830988 ], [ -76.19836320527952, 7.984524928675715 ], [ -76.198235204095383, 7.984453683565897 ], [ -76.198078716770269, 7.984382375982944 ], [ -76.197879659661723, 7.984240002405649 ], [ -76.197765923952304, 7.9841545901236 ], [ -76.197652313667646, 7.984012394741273 ], [ -76.197638371911054, 7.983870416822302 ], [ -76.197538938067837, 7.98375664505425 ], [ -76.197453866941188, 7.983586127336922 ], [ -76.197311799049118, 7.983429676007842 ], [ -76.197183824678191, 7.983344228984006 ], [ -76.197027365189427, 7.983258726601022 ], [ -76.196871066779948, 7.983102248621298 ], [ -76.196728756300715, 7.983059363979709 ], [ -76.196600754851659, 7.982988118072885 ], [ -76.196715003418376, 7.982832216199173 ], [ -76.196857431217865, 7.982818318748418 ], [ -76.196971597714608, 7.98270500476016 ], [ -76.196998717887411, 7.982661275313014 ], [ -76.197085907897218, 7.982520707267986 ], [ -76.197098663514367, 7.982359935754188 ], [ -76.197100541806918, 7.982336202005226 ], [ -76.197086608671611, 7.982194222993474 ], [ -76.197015678030454, 7.982066321149634 ], [ -76.197077787974308, 7.981973885191354 ], [ -76.197101394634288, 7.981938742304168 ], [ -76.197215041212161, 7.982066743014895 ], [ -76.197243211539146, 7.982208758289248 ], [ -76.197271391803952, 7.982350764441071 ], [ -76.197327986376777, 7.982521227871517 ], [ -76.197413147162067, 7.982649165916025 ], [ -76.197441326665611, 7.982791172025538 ], [ -76.197483708834966, 7.982947406790171 ], [ -76.197597382290311, 7.983061213992354 ], [ -76.197696853102244, 7.983160784354883 ], [ -76.19779622408663, 7.983302950811471 ], [ -76.197909843167636, 7.983445145242541 ], [ -76.198009250594197, 7.983573110146522 ], [ -76.198122887978684, 7.983701102253674 ], [ -76.198222268353049, 7.983843270231421 ], [ -76.198335976724238, 7.983942874718854 ], [ -76.198463770746116, 7.984113491601439 ], [ -76.198577443848521, 7.984227290168722 ], [ -76.198691117014135, 7.984341088679245 ], [ -76.19883333814073, 7.984426563883798 ], [ -76.19900406266639, 7.984497899180223 ], [ -76.199146428101187, 7.984512398098951 ], [ -76.199274743206246, 7.984441700355069 ], [ -76.199161150618323, 7.984285313375904 ], [ -76.199127375182186, 7.984259943681923 ], [ -76.199047415665206, 7.984199900647171 ], [ -76.198962218584811, 7.984086155664611 ], [ -76.198891296894701, 7.98395825443603 ], [ -76.198777589272595, 7.983858640211165 ], [ -76.198621254787483, 7.983716364680145 ], [ -76.198521882518321, 7.983574196777155 ], [ -76.19843671392033, 7.983446259234799 ], [ -76.198422781049175, 7.983304279561542 ], [ -76.198351849752811, 7.983176378193473 ], [ -76.198209574645119, 7.983119289989751 ], [ -76.198115619983483, 7.983090257357215 ], [ -76.198024575528592, 7.983062122004225 ], [ -76.197882237795895, 7.983033429239319 ], [ -76.197825553791276, 7.982905553928618 ], [ -76.197825860147859, 7.982763602249612 ], [ -76.197825958320436, 7.982716010373107 ], [ -76.197826164711046, 7.982621650583889 ], [ -76.197911845657984, 7.982508273968363 ], [ -76.198054364097061, 7.982451797272948 ], [ -76.198182644409769, 7.982395284304157 ], [ -76.198254112624653, 7.98226767911095 ], [ -76.198282957695056, 7.982097402585019 ], [ -76.198340253324758, 7.981941382736944 ], [ -76.198440145614001, 7.98184222655745 ], [ -76.198496828598721, 7.981970102682117 ], [ -76.198496524178793, 7.982112054260245 ], [ -76.198496217965499, 7.982254005851648 ], [ -76.1984105099706, 7.982381575741879 ], [ -76.198310554872094, 7.982509119409728 ], [ -76.198210607867637, 7.982636662110673 ], [ -76.198167587515769, 7.982778523105149 ], [ -76.198323975068803, 7.982892411644714 ], [ -76.198508947799908, 7.982963782676871 ], [ -76.198651070211966, 7.98309183797861 ], [ -76.19873626600895, 7.983205583152684 ], [ -76.198821372834416, 7.983361907134968 ], [ -76.198906533335787, 7.983489844621005 ], [ -76.19902015186571, 7.983632040386771 ], [ -76.199119558694719, 7.983760004874563 ], [ -76.199261655262447, 7.983902252995041 ], [ -76.19937530126758, 7.984030254440483 ], [ -76.199460461211729, 7.984158191692657 ], [ -76.199545630288497, 7.984286129738945 ], [ -76.199584087207953, 7.984392238974157 ], [ -76.199602259771297, 7.984442391868661 ], [ -76.199673154653851, 7.984584496912352 ], [ -76.199801165031147, 7.98465574229415 ], [ -76.199957741299386, 7.98468446123202 ], [ -76.20008577801525, 7.984741513287534 ], [ -76.200086084236631, 7.984599561015351 ], [ -76.200015215527046, 7.984443262893318 ], [ -76.199948524967809, 7.984309594395633 ], [ -76.199944320670568, 7.98430116788326 ], [ -76.199844877185612, 7.984187396133541 ], [ -76.199674241630007, 7.984073472443487 ], [ -76.19954644824206, 7.983902864254039 ], [ -76.199518331274788, 7.983732462161895 ], [ -76.199532874048899, 7.983590537866561 ], [ -76.199590105605665, 7.983462905373973 ], [ -76.199657192087969, 7.983351981010214 ], [ -76.199657560299855, 7.983184544389327 ], [ -76.199702036255857, 7.982987004266756 ], [ -76.199736548553588, 7.982873196706968 ], [ -76.199747033316953, 7.982864519158096 ], [ -76.199873416841697, 7.982721157342898 ], [ -76.199909744089226, 7.982577606153463 ], [ -76.199947635357631, 7.982477525433361 ], [ -76.199964083634526, 7.982434090850324 ], [ -76.200018459145156, 7.982272618974721 ], [ -76.200049181286147, 7.982151194011841 ], [ -76.200072949897304, 7.982057283640146 ], [ -76.200108605186387, 7.981916374246711 ], [ -76.200109278014949, 7.981913733376572 ], [ -76.200127630736461, 7.98175218884317 ], [ -76.200127936060994, 7.981608557769706 ], [ -76.200074172191492, 7.981482767442875 ], [ -76.200002397010678, 7.98135694028836 ], [ -76.199984736145822, 7.981195314830726 ], [ -76.199985040684197, 7.981051682838029 ], [ -76.199985292988131, 7.980933931708231 ], [ -76.199985347055033, 7.980908050830551 ], [ -76.200093638582842, 7.980800559285829 ], [ -76.20021997826835, 7.980675145249843 ], [ -76.200292292113545, 7.980549624333188 ], [ -76.200292596633517, 7.980405992379224 ], [ -76.200436642132971, 7.98042425523316 ], [ -76.20046077972242, 7.980480732004462 ], [ -76.20049040583406, 7.980550046432567 ], [ -76.200399972703323, 7.980729393956084 ], [ -76.200363644644781, 7.980872945073998 ], [ -76.200363492173196, 7.980944379295981 ], [ -76.200363340214352, 7.981016577015579 ], [ -76.200363024927611, 7.981160209040584 ], [ -76.200398706326268, 7.98132186933791 ], [ -76.200542563020178, 7.98142989236329 ], [ -76.200668514648257, 7.981484024200306 ], [ -76.200812793631471, 7.981394560786821 ], [ -76.200956955541983, 7.981358960785072 ], [ -76.201101036371682, 7.981359265804505 ], [ -76.201245117188634, 7.981359571677019 ], [ -76.201389197978756, 7.981359876595651 ], [ -76.201515465288381, 7.98127036903873 ], [ -76.201641686631504, 7.981198818094094 ], [ -76.201785777287142, 7.981199123722783 ], [ -76.201929857953218, 7.98119942937826 ], [ -76.202011819824079, 7.981267817876859 ], [ -76.202037728128872, 7.98128943078038 ], [ -76.202001399822947, 7.981432981839281 ], [ -76.201911119382487, 7.981540518609995 ], [ -76.201784933051954, 7.981594113116502 ], [ -76.201640816307204, 7.981611764920711 ], [ -76.201478679060187, 7.981629371880383 ], [ -76.201334598180608, 7.981629066126935 ], [ -76.201190517288282, 7.981628761226601 ], [ -76.201010332646362, 7.981664288727984 ], [ -76.200920052675968, 7.981771817265209 ], [ -76.200793821012738, 7.981843368184053 ], [ -76.200699390970115, 7.98196386770126 ], [ -76.200667411185222, 7.982004688357654 ], [ -76.200541179321277, 7.982076230209309 ], [ -76.200522862827626, 7.98221982535749 ], [ -76.200522556826897, 7.982363457283745 ], [ -76.200486228898185, 7.982507008443166 ], [ -76.200449901019056, 7.982650566836566 ], [ -76.200377596188758, 7.982776088730772 ], [ -76.200467338278173, 7.98291990907135 ], [ -76.200539113197806, 7.983045745014567 ], [ -76.200556818738306, 7.983189412782296 ], [ -76.200430398536923, 7.983350723213944 ], [ -76.200322142740816, 7.983440266625126 ], [ -76.200231862331179, 7.983547796133275 ], [ -76.200231557311653, 7.983691427181697 ], [ -76.200267274392317, 7.983835139875118 ], [ -76.200357015925704, 7.983978960164251 ], [ -76.200482976562469, 7.984033083558029 ], [ -76.200627058405203, 7.984033389275353 ], [ -76.2007711483853, 7.984033694879095 ], [ -76.200933275806818, 7.984016087895772 ], [ -76.201059462072493, 7.98396249422702 ], [ -76.201095789636412, 7.983818934018979 ], [ -76.201096096218336, 7.983675312111152 ], [ -76.201096301966956, 7.983580629147933 ], [ -76.201096400929885, 7.983531680278142 ], [ -76.201096714724727, 7.983388048374183 ], [ -76.201205007148104, 7.983280556397938 ], [ -76.201295440867867, 7.983101206819374 ], [ -76.201295745596113, 7.982957575914123 ], [ -76.201332110016224, 7.982796068218732 ], [ -76.201458376742451, 7.982706558704829 ], [ -76.201489350555264, 7.982698915156698 ], [ -76.201602538930274, 7.982670959222799 ], [ -76.201746620139261, 7.982671264737925 ], [ -76.201836360740288, 7.982815084614693 ], [ -76.201890088611407, 7.982958832783303 ], [ -76.201853762145859, 7.983102383884319 ], [ -76.201727386741027, 7.983245746020663 ], [ -76.201655035586654, 7.983389224657466 ], [ -76.201654731058284, 7.983532857317849 ], [ -76.201654424722932, 7.983676488184526 ], [ -76.201654120227104, 7.983820119939907 ], [ -76.201635803408521, 7.983963715914648 ], [ -76.201635498032573, 7.984107346774525 ], [ -76.201635192690503, 7.984250979440641 ], [ -76.201724933828231, 7.984394799211251 ], [ -76.201850742958669, 7.984520742892446 ], [ -76.201994635408283, 7.984610817308078 ], [ -76.20213864367112, 7.984647028285492 ], [ -76.202390675856691, 7.984701421116828 ], [ -76.202516601861731, 7.98477350202898 ], [ -76.202588331958083, 7.984917285708647 ], [ -76.202619351201079, 7.984952769930699 ], [ -76.202714104768006, 7.985061188204312 ], [ -76.202821975417777, 7.985151180793226 ], [ -76.20292962029815, 7.985348899933808 ], [ -76.202951341159434, 7.985386988815969 ], [ -76.203001394648965, 7.985474726852144 ], [ -76.203037031391489, 7.985654344749955 ], [ -76.203162921103299, 7.985744382734844 ], [ -76.20325939063315, 7.985768638059632 ], [ -76.20330692975233, 7.985780594008042 ], [ -76.203433116790862, 7.98572700132493 ], [ -76.203433422204142, 7.985583368907579 ], [ -76.203433727651316, 7.985439738296451 ], [ -76.203416021640138, 7.985296070191604 ], [ -76.20338272068669, 7.985251611625474 ], [ -76.20330826003098, 7.985152204634701 ], [ -76.203200390230975, 7.985062212208246 ], [ -76.203135900234429, 7.984958868821908 ], [ -76.203110639386367, 7.984918391288078 ], [ -76.203020816945426, 7.984810477050284 ], [ -76.202930993641914, 7.984702561877278 ], [ -76.202877230073028, 7.984576770610619 ], [ -76.202733410188259, 7.984450790733179 ], [ -76.202625539723741, 7.984360789003064 ], [ -76.202625845687123, 7.984217166405366 ], [ -76.202662676841442, 7.984131997010699 ], [ -76.202680149140107, 7.984091600341215 ], [ -76.202824229793606, 7.984091905289371 ], [ -76.202968355309494, 7.984074252685948 ], [ -76.203058635744696, 7.983966724618978 ], [ -76.203039528729306, 7.983860706452548 ], [ -76.203023036239699, 7.983769159157687 ], [ -76.202969271977324, 7.983643367868062 ], [ -76.202969576942806, 7.983499736285794 ], [ -76.202969881921064, 7.983356103799284 ], [ -76.202916117783872, 7.983230313376256 ], [ -76.202898412355751, 7.983086646030377 ], [ -76.202901753721449, 7.983073440057839 ], [ -76.202934740161979, 7.982943085933397 ], [ -76.203078902091448, 7.982907485953636 ], [ -76.203150667595111, 7.983033313072509 ], [ -76.203240346959021, 7.983213039060816 ], [ -76.203438380655015, 7.983249366020559 ], [ -76.203582426014805, 7.98326762913808 ], [ -76.203600130804674, 7.983411297266223 ], [ -76.203599826041, 7.983554927858636 ], [ -76.203599521311219, 7.983698560257269 ], [ -76.203635201781609, 7.983860220591 ], [ -76.20372502395287, 7.983968125682615 ], [ -76.203850833286253, 7.984094070371868 ], [ -76.203976785928958, 7.984148203407493 ], [ -76.204066573392765, 7.984274065767829 ], [ -76.204049234908155, 7.984314166851789 ], [ -76.204012277685919, 7.984399631799046 ], [ -76.203868080627444, 7.984453189686359 ], [ -76.203823541529076, 7.984472099232199 ], [ -76.203741894938034, 7.984506783224282 ], [ -76.203705566615639, 7.984650343333291 ], [ -76.20374123912876, 7.984811994630615 ], [ -76.203849073215324, 7.984919954249252 ], [ -76.203992974159021, 7.985010027674138 ], [ -76.204136830284284, 7.985118051275888 ], [ -76.204208560045998, 7.985261835333831 ], [ -76.204208183307344, 7.985441373428504 ], [ -76.204189830859207, 7.985602916659654 ], [ -76.204189480000878, 7.985764505555224 ], [ -76.204279230527732, 7.985908326019848 ], [ -76.204423014742673, 7.986052263275915 ], [ -76.204548779339973, 7.986196154945056 ], [ -76.204674587970089, 7.986322099015306 ], [ -76.20481848053906, 7.986412172854473 ], [ -76.204926322566365, 7.986520122814658 ], [ -76.204998098653562, 7.986645949952591 ], [ -76.205033771290076, 7.986807610800261 ], [ -76.205015417599938, 7.986969163907212 ], [ -76.205015112863236, 7.987112787063972 ], [ -76.205122947022531, 7.987220736939568 ], [ -76.205176720005213, 7.987346529234122 ], [ -76.205176413621174, 7.987490159608555 ], [ -76.20515806187899, 7.987651712693173 ], [ -76.205103759213642, 7.987777270820367 ], [ -76.205103452870787, 7.987920902105968 ], [ -76.205139089303046, 7.988100521177114 ], [ -76.205282989947591, 7.9881905954077 ], [ -76.205426883385428, 7.98828066871547 ], [ -76.205588794795077, 7.988370779243819 ], [ -76.205750850620234, 7.988389068277608 ], [ -76.205912789629679, 7.988461230354306 ], [ -76.206056574545144, 7.988605167355365 ], [ -76.206182536022112, 7.98865929085634 ], [ -76.206182841876853, 7.988515658820094 ], [ -76.20612907831817, 7.988389867671635 ], [ -76.205931142853458, 7.988299686365586 ], [ -76.205787286795768, 7.988191654983283 ], [ -76.205679488703154, 7.988065747163931 ], [ -76.205571736359246, 7.987921890863751 ], [ -76.205554030087953, 7.98777822319683 ], [ -76.205554327221918, 7.987634591139357 ], [ -76.205680674930989, 7.987509177933754 ], [ -76.205789083286675, 7.987347821634195 ], [ -76.205801273215556, 7.987252232025548 ], [ -76.205843314931641, 7.987252322383307 ], [ -76.205843413189768, 7.987204307107659 ], [ -76.205807741064206, 7.987042645562056 ], [ -76.205753968011649, 7.986916855216041 ], [ -76.205664262357089, 7.986755077910238 ], [ -76.205556383551723, 7.986665084733459 ], [ -76.205484608232425, 7.986539257754863 ], [ -76.205322822043385, 7.98639528542584 ], [ -76.205233071051907, 7.986251463571133 ], [ -76.205233375775208, 7.986107833211709 ], [ -76.205233682316901, 7.98596420103049 ], [ -76.205341937888136, 7.985874657396518 ], [ -76.205480269412391, 7.985874953354526 ], [ -76.205486018808102, 7.985874962069785 ], [ -76.2056301078795, 7.98587526843634 ], [ -76.205738364206269, 7.985785723831009 ], [ -76.205684707642035, 7.985606070211388 ], [ -76.205540734917363, 7.985551909669354 ], [ -76.205456994342498, 7.985482039060455 ], [ -76.205432864641807, 7.985461908125193 ], [ -76.205324996286407, 7.985371914651124 ], [ -76.205289349630107, 7.985192297405871 ], [ -76.205289656279163, 7.985048665227301 ], [ -76.205256696906758, 7.984848915948167 ], [ -76.205254092071598, 7.984833141224472 ], [ -76.205164385612321, 7.984671372586859 ], [ -76.205056506618391, 7.984581369983513 ], [ -76.205002742538113, 7.984455579244859 ], [ -76.205003047584228, 7.984311947940252 ], [ -76.204960765264985, 7.984227201284558 ], [ -76.204931308897571, 7.984168172261094 ], [ -76.204841486370952, 7.984060257637479 ], [ -76.204751699638095, 7.983934385574806 ], [ -76.204752004844536, 7.983790754232711 ], [ -76.204752311040579, 7.983647131014287 ], [ -76.204798340394333, 7.983583179719573 ], [ -76.204842627392054, 7.983521637239742 ], [ -76.204986716616673, 7.983521942344401 ], [ -76.205166703148919, 7.98357618287099 ], [ -76.205310442522105, 7.983738076582145 ], [ -76.205436404951442, 7.983792200027691 ], [ -76.205580450330018, 7.983810463240032 ], [ -76.205724350863832, 7.983900527937109 ], [ -76.205868161943215, 7.984026508364756 ], [ -76.205939936677154, 7.984152344451823 ], [ -76.205975618107729, 7.984314005103009 ], [ -76.205975313402973, 7.984457636273556 ], [ -76.205975007748222, 7.984601259318922 ], [ -76.206028735540855, 7.984745008092787 ], [ -76.206172519556802, 7.98488894466417 ], [ -76.206280389653443, 7.984978937880969 ], [ -76.206346712236439, 7.984847415377548 ], [ -76.2063889153535, 7.984763718601386 ], [ -76.20638925741352, 7.984602139138831 ], [ -76.206353540029269, 7.984458426937184 ], [ -76.206353844594204, 7.984314794915306 ], [ -76.206354141935265, 7.984171163852421 ], [ -76.206354446539862, 7.984027531829054 ], [ -76.206480750315393, 7.983920076323353 ], [ -76.20648730825782, 7.983920094123752 ], [ -76.206624840359993, 7.983920380792943 ], [ -76.206750792905936, 7.983974504726753 ], [ -76.206822495559109, 7.984136246257976 ], [ -76.206894272294662, 7.984262073005951 ], [ -76.206929988835512, 7.984405776969298 ], [ -76.206965634143074, 7.984585394738689 ], [ -76.207019397857508, 7.984711185886337 ], [ -76.207109184385487, 7.984837048984273 ], [ -76.207108842723798, 7.984998638272081 ], [ -76.207108457234142, 7.985178175042633 ], [ -76.207108160304443, 7.985321806899385 ], [ -76.207107855230404, 7.985465437915209 ], [ -76.207071527276725, 7.985608988854542 ], [ -76.207071222236749, 7.985752620777319 ], [ -76.207052904882673, 7.985896217189743 ], [ -76.206998529879939, 7.986057689084591 ], [ -76.207052186190722, 7.986237343189329 ], [ -76.207141936737514, 7.986381162596982 ], [ -76.207195700951914, 7.98650695359786 ], [ -76.2072674045273, 7.986668686658937 ], [ -76.207411216277549, 7.98679466687304 ], [ -76.207555234195297, 7.986830878103469 ], [ -76.207663525706991, 7.986723384749551 ], [ -76.207663822254361, 7.986579753880671 ], [ -76.207664127878004, 7.986436122037193 ], [ -76.207790313913364, 7.98638251913292 ], [ -76.207934403750954, 7.98638282461607 ], [ -76.208096495936445, 7.986383165582459 ], [ -76.208240585738949, 7.986383471861941 ], [ -76.208348419244501, 7.986491421547645 ], [ -76.208492427941053, 7.986527633434474 ], [ -76.20863651766193, 7.986527929617003 ], [ -76.208798690877842, 7.98649236458452 ], [ -76.208943041164403, 7.98636698820104 ], [ -76.20896139427397, 7.986205443662914 ], [ -76.208943688085228, 7.986061775661813 ], [ -76.208835844666126, 7.985953825321114 ], [ -76.208673789278876, 7.985935536274941 ], [ -76.208511732897065, 7.985917237227993 ], [ -76.20836764330322, 7.985916931881931 ], [ -76.208223562823619, 7.985916635449992 ], [ -76.207989613958645, 7.985826372088347 ], [ -76.207845676743474, 7.985754256060353 ], [ -76.207773937631359, 7.985610471432921 ], [ -76.207684231838513, 7.985448693856757 ], [ -76.207594444974987, 7.985322831010041 ], [ -76.207559653658379, 7.985283026041481 ], [ -76.207540680958957, 7.985197040042055 ], [ -76.20741494354931, 7.985035189572815 ], [ -76.207361179659003, 7.984909399446726 ], [ -76.20734347424785, 7.984765732028683 ], [ -76.207343780235661, 7.984622100130963 ], [ -76.207344120957103, 7.984460510884313 ], [ -76.207344426080724, 7.984316878992024 ], [ -76.207344723074101, 7.984173248065786 ], [ -76.207408413048043, 7.984146199556808 ], [ -76.207470917738249, 7.984119653574576 ], [ -76.207615303742614, 7.983976327690764 ], [ -76.207722797179727, 7.983976553421911 ], [ -76.207777395931615, 7.983976669152319 ], [ -76.207903357573286, 7.984030792596693 ], [ -76.208065190399225, 7.984156809213948 ], [ -76.208209270345122, 7.98415711407756 ], [ -76.208335644666718, 7.984013751635699 ], [ -76.208335951317309, 7.983870119863671 ], [ -76.208336049752475, 7.983825510157083 ], [ -76.208336291764766, 7.983708530766313 ], [ -76.208210410561833, 7.983618501719689 ], [ -76.208012296796539, 7.983618080302599 ], [ -76.207778312934394, 7.983545775437413 ], [ -76.207634375774305, 7.983473658100851 ], [ -76.207634680933126, 7.983330026243155 ], [ -76.207634986118805, 7.983186395288198 ], [ -76.207696116562488, 7.983101459298934 ], [ -76.207666041252764, 7.982826196944141 ], [ -76.207650356701322, 7.982682790342077 ], [ -76.20751004940908, 7.982647512970405 ], [ -76.207365968084744, 7.982647207666409 ], [ -76.207221877747685, 7.982646911417237 ], [ -76.207077797290026, 7.982646606005418 ], [ -76.206915704619178, 7.982646264971094 ], [ -76.206771615955248, 7.982645958611941 ], [ -76.206664122790286, 7.982645735205137 ], [ -76.206627534536352, 7.982645653953141 ], [ -76.206483372648677, 7.982681263153395 ], [ -76.206357034347491, 7.98280667678388 ], [ -76.206351832976196, 7.982808824195217 ], [ -76.206140719785651, 7.98289598670709 ], [ -76.205996486233929, 7.982967502416083 ], [ -76.205924171681673, 7.983093023819386 ], [ -76.205636118286293, 7.983038558971596 ], [ -76.205492153785414, 7.982984389860085 ], [ -76.20545643712903, 7.982840687329563 ], [ -76.205456743139337, 7.982697055168032 ], [ -76.205457048270191, 7.982553423916254 ], [ -76.205385273290503, 7.982427596609598 ], [ -76.20524118268618, 7.982427290602651 ], [ -76.205097102045897, 7.98242698627501 ], [ -76.205006784925473, 7.982552470956739 ], [ -76.204808437387939, 7.982659784213655 ], [ -76.204646157215478, 7.982749211297347 ], [ -76.204502030557961, 7.982766854350752 ], [ -76.204430255741798, 7.98264102677788 ], [ -76.20447410162619, 7.982554070041649 ], [ -76.204502605703468, 7.982497548086176 ], [ -76.204646802917978, 7.982443991174065 ], [ -76.20473715593414, 7.982300548231268 ], [ -76.204773484048815, 7.982156997277842 ], [ -76.204629743873824, 7.9819951121151 ], [ -76.204628261597449, 7.981994258003931 ], [ -76.204503818724092, 7.981923021710888 ], [ -76.204359738222649, 7.981922725186887 ], [ -76.204215729304977, 7.981886513790579 ], [ -76.204071720330589, 7.981850294202459 ], [ -76.203945766778389, 7.98179617086909 ], [ -76.203819885797856, 7.981706132641162 ], [ -76.203802181253138, 7.981562465417332 ], [ -76.203802234127267, 7.981533790867503 ], [ -76.203802486208019, 7.981418833034795 ], [ -76.203874872285951, 7.981257406062131 ], [ -76.204055046953926, 7.981221877548359 ], [ -76.204235267350938, 7.981168392383322 ], [ -76.20448726299422, 7.981240742069681 ], [ -76.204613107999123, 7.98134872936731 ], [ -76.204738872416215, 7.981492629667597 ], [ -76.20482869409318, 7.981600544557989 ], [ -76.205008644744908, 7.981672732951645 ], [ -76.205260757107652, 7.981691220580081 ], [ -76.205369318028659, 7.981706913951874 ], [ -76.205512823636695, 7.98172765557307 ], [ -76.2056928559509, 7.981763947723182 ], [ -76.20583674841626, 7.981854021754095 ], [ -76.206052720919217, 7.981926291703144 ], [ -76.206377022197103, 7.981873112358954 ], [ -76.206611310772189, 7.981801784685125 ], [ -76.206755436659421, 7.981784132932928 ], [ -76.206899517764683, 7.981784438570368 ], [ -76.206996167345565, 7.981784644910097 ], [ -76.20704359885012, 7.981784744157394 ], [ -76.207187796071878, 7.981731186579209 ], [ -76.207263829260881, 7.981625554125184 ], [ -76.207278113153194, 7.981605700841098 ], [ -76.207278417789865, 7.981462068930956 ], [ -76.207224653926232, 7.981336277670324 ], [ -76.207170925799687, 7.981192529931977 ], [ -76.207171230531273, 7.981048898004767 ], [ -76.207026602275874, 7.980904116784191 ], [ -76.20689229499969, 7.98079206141113 ], [ -76.206799022945617, 7.980760853371072 ], [ -76.206757844038677, 7.980747072847951 ], [ -76.206623349061246, 7.980724435613054 ], [ -76.206466377364322, 7.980724103189135 ], [ -76.206286893991091, 7.980768435012846 ], [ -76.2062309015853, 7.980777616383646 ], [ -76.20615229912805, 7.980790506820629 ], [ -76.205995327334847, 7.980790174227383 ], [ -76.205986371126556, 7.980790156921842 ], [ -76.205936002905091, 7.980790048650902 ], [ -76.205785113121976, 7.980722809908284 ], [ -76.205659195710453, 7.980650728757437 ], [ -76.205585211306172, 7.980601339677522 ], [ -76.205497328413642, 7.980542671348991 ], [ -76.205353247551116, 7.98054236504887 ], [ -76.205191110535097, 7.980559972341237 ], [ -76.205047029701646, 7.980559675874954 ], [ -76.20490298457311, 7.980541412923301 ], [ -76.204849338089886, 7.980361758677264 ], [ -76.204759515068162, 7.980253852729756 ], [ -76.204849948609237, 7.98007450502166 ], [ -76.204926727884029, 7.979947537028643 ], [ -76.204958384224383, 7.979895192203707 ], [ -76.205084686766753, 7.979787734762767 ], [ -76.205246671142604, 7.979841940113099 ], [ -76.205408683159249, 7.979878187150719 ], [ -76.205499079574864, 7.979716786901719 ], [ -76.205489512952326, 7.979639199289126 ], [ -76.205481373920506, 7.97957311904061 ], [ -76.205427681747665, 7.979411422381909 ], [ -76.205427987344493, 7.979267791107962 ], [ -76.205518268169556, 7.979160262237977 ], [ -76.205626560038908, 7.979052760933763 ], [ -76.205752782361927, 7.97898121016143 ], [ -76.205843063047453, 7.978873682181313 ], [ -76.205858899869355, 7.978834452084406 ], [ -76.205915484741027, 7.978694288000288 ], [ -76.205771439546837, 7.978676034148322 ], [ -76.205735237820079, 7.97867596323702 ], [ -76.205627360291871, 7.978675728580911 ], [ -76.205483279211478, 7.97867542388065 ], [ -76.205339044825195, 7.978746937940598 ], [ -76.205194919702336, 7.978764589705506 ], [ -76.205050802711398, 7.97878224226527 ], [ -76.20492484111854, 7.978728109937613 ], [ -76.204979179578331, 7.978584594840157 ], [ -76.205017420983538, 7.978471011632133 ], [ -76.205033554756767, 7.978423123246987 ], [ -76.205033851558426, 7.978279491079957 ], [ -76.204889852246254, 7.978243280271255 ], [ -76.204745653643911, 7.978296837605082 ], [ -76.20463778426047, 7.978206844051449 ], [ -76.20456600896145, 7.978081017097206 ], [ -76.204548266958852, 7.978078762845143 ], [ -76.204421963809637, 7.978062755436961 ], [ -76.204277837835079, 7.978080405906162 ], [ -76.204151616203163, 7.978151957118713 ], [ -76.203989218620436, 7.978295248419933 ], [ -76.203845020658974, 7.978348804582282 ], [ -76.203628859776032, 7.978366304410734 ], [ -76.203484742562694, 7.978383947360374 ], [ -76.203340662265404, 7.978383650899016 ], [ -76.203196580971579, 7.978383345359333 ], [ -76.203052490594587, 7.978383039839473 ], [ -76.203052797166393, 7.978239408232535 ], [ -76.203115086283987, 7.978165216102252 ], [ -76.203143077725173, 7.978131870692817 ], [ -76.203287274890513, 7.978078312969136 ], [ -76.203431437003971, 7.978042712629993 ], [ -76.203575741843935, 7.977935293400471 ], [ -76.203684034286084, 7.977827799754986 ], [ -76.20381045372217, 7.977666481323909 ], [ -76.203936676245803, 7.977594930242812 ], [ -76.204152955322115, 7.977523577062602 ], [ -76.204243271292498, 7.977398082041989 ], [ -76.204369493624014, 7.977326530890315 ], [ -76.204513960559794, 7.977147298909238 ], [ -76.204658077102138, 7.97712964675387 ], [ -76.204783922315059, 7.977237642616126 ], [ -76.204945744792028, 7.977363659270586 ], [ -76.20507150924908, 7.977507550881128 ], [ -76.205215364865467, 7.977615582275377 ], [ -76.205323235007668, 7.977705574781113 ], [ -76.205449007945418, 7.977849476959482 ], [ -76.205610865734627, 7.977957534887604 ], [ -76.20573674722533, 7.978047572868576 ], [ -76.205916851168666, 7.978047949871794 ], [ -76.205971154353321, 7.977922393092794 ], [ -76.205971459052876, 7.97777876098905 ], [ -76.205951309682789, 7.977687473600216 ], [ -76.206001975038248, 7.977652278108335 ], [ -76.206002056172593, 7.977615959382379 ], [ -76.205935157773965, 7.977436988073054 ], [ -76.205868270336467, 7.977258016644201 ], [ -76.20580142623885, 7.97705669468597 ], [ -76.205779381339326, 7.976877822982122 ], [ -76.205779713890053, 7.976721344892199 ], [ -76.205780045565021, 7.976564867711908 ], [ -76.205757903353472, 7.976430695257761 ], [ -76.205690959518165, 7.976274083334788 ], [ -76.205511808614233, 7.976161936875712 ], [ -76.205354846668229, 7.976161605081317 ], [ -76.205197686216209, 7.976250690814474 ], [ -76.205085333758007, 7.976362225946732 ], [ -76.204928219118614, 7.976428952964241 ], [ -76.204703936183023, 7.976450835728463 ], [ -76.204546973997694, 7.976450502766967 ], [ -76.204390001826241, 7.976450170726404 ], [ -76.204210618003827, 7.976449794433845 ], [ -76.203986470340226, 7.976404617053453 ], [ -76.203897015927026, 7.976292650687864 ], [ -76.203897347556463, 7.976136183167736 ], [ -76.203987368252115, 7.975979893994086 ], [ -76.204077307646216, 7.975868313980649 ], [ -76.204189704690407, 7.975734429432135 ], [ -76.204279643984734, 7.975622849416604 ], [ -76.204414274624924, 7.97557842836994 ], [ -76.204434720261219, 7.975578473337447 ], [ -76.204571245545594, 7.975578759636807 ], [ -76.204773195859033, 7.97551212293495 ], [ -76.204863226072419, 7.975355833675407 ], [ -76.204975631764512, 7.975221948997069 ], [ -76.205065651893989, 7.975065659824494 ], [ -76.205066038316346, 7.974886832834437 ], [ -76.205046211924611, 7.974839122710859 ], [ -76.204954485078986, 7.97461835255976 ], [ -76.204910063809237, 7.974417076916966 ], [ -76.204910396157274, 7.974260598688678 ], [ -76.204910728613328, 7.974104131301445 ], [ -76.205003164556032, 7.974073623682819 ], [ -76.205045358593082, 7.974059700332168 ], [ -76.205202330649968, 7.974060031574936 ], [ -76.205336638365395, 7.974172087652201 ], [ -76.205336305260303, 7.97432856582403 ], [ -76.205335973007578, 7.974485034049517 ], [ -76.205447660831936, 7.974686455363788 ], [ -76.205559546387093, 7.974798456338384 ], [ -76.205693709212184, 7.974977571907435 ], [ -76.205805494800984, 7.975134282887738 ], [ -76.205962180374044, 7.975268733105858 ], [ -76.206118909324303, 7.975380833637868 ], [ -76.206297969778817, 7.975537689035596 ], [ -76.206432411549372, 7.975582676703306 ], [ -76.206447737087046, 7.97557180663795 ], [ -76.206589617320063, 7.975471241109101 ], [ -76.20663483782252, 7.975292503370389 ], [ -76.206791810118844, 7.975292834725233 ], [ -76.206948771529824, 7.975293167911557 ], [ -76.207060657578054, 7.975405170055891 ], [ -76.206948205908688, 7.975561404646685 ], [ -76.206835899264505, 7.975650588604508 ], [ -76.206790677911357, 7.975829318219168 ], [ -76.206790668668617, 7.975831968394202 ], [ -76.206790344705325, 7.975985796169622 ], [ -76.20679001332843, 7.976142273201644 ], [ -76.20678968107579, 7.976298751143289 ], [ -76.206789347862824, 7.976455219152651 ], [ -76.206811438121065, 7.97661174196036 ], [ -76.206968175998071, 7.976723842709094 ], [ -76.207179620990573, 7.976534936419757 ], [ -76.207192835521326, 7.976523132153408 ], [ -76.207283052789805, 7.976277434354071 ], [ -76.207372983784055, 7.976165854009396 ], [ -76.207529946270455, 7.976166176896878 ], [ -76.207686917874113, 7.976166509592754 ], [ -76.207731483060542, 7.976300727428762 ], [ -76.207596699981281, 7.976412208286484 ], [ -76.20748429441457, 7.976546101600766 ], [ -76.207416596915635, 7.976747136016431 ], [ -76.207416587817221, 7.976751662854692 ], [ -76.207416274049834, 7.976903612886526 ], [ -76.207415941245017, 7.977060090736508 ], [ -76.207550149778839, 7.977216847380691 ], [ -76.207706744171659, 7.977396007277503 ], [ -76.207841050918844, 7.977508053711319 ], [ -76.207930504588887, 7.977620010568403 ], [ -76.208087099321432, 7.977799171094734 ], [ -76.208131665004785, 7.977933387853037 ], [ -76.208198652347193, 7.978067650265692 ], [ -76.208400656411513, 7.977978662829552 ], [ -76.208458463211457, 7.977898335635881 ], [ -76.208513098531824, 7.977822418850513 ], [ -76.208647791750607, 7.977755637604603 ], [ -76.208804754738097, 7.977755970607916 ], [ -76.208871742205119, 7.977890232836506 ], [ -76.208849033330381, 7.97802430715662 ], [ -76.208761465066701, 7.978128619444583 ], [ -76.208736635327057, 7.978158200759926 ], [ -76.208601852235702, 7.97826968116748 ], [ -76.20848940104085, 7.978425925273358 ], [ -76.208466701129169, 7.978559998656982 ], [ -76.20845231020968, 7.978644971275892 ], [ -76.208443991257042, 7.97869407302533 ], [ -76.208443659108312, 7.978850549806569 ], [ -76.208443237228224, 7.979051728389932 ], [ -76.208331477110846, 7.979207002207849 ], [ -76.20833078494671, 7.97920797166006 ], [ -76.208307932332559, 7.979409104697543 ], [ -76.208307600247096, 7.979565582398418 ], [ -76.20855412531067, 7.979633161662013 ], [ -76.208688719391432, 7.979611091078454 ], [ -76.208845682099408, 7.979611413853511 ], [ -76.209024887326635, 7.979701210109996 ], [ -76.209114350098488, 7.979813167223255 ], [ -76.209271123705392, 7.97990290787093 ], [ -76.209405629087712, 7.97992554601508 ], [ -76.209562590979289, 7.979925878414999 ], [ -76.209719562746415, 7.979926201642849 ], [ -76.209854059032978, 7.979948838794852 ], [ -76.209988509642059, 7.979993827223391 ], [ -76.210145382001755, 7.980038868347184 ], [ -76.21027996768683, 7.980016788254678 ], [ -76.210347619642377, 7.979838104139438 ], [ -76.210370328764725, 7.979704029894051 ], [ -76.2103703381879, 7.979697229749998 ], [ -76.210370661861347, 7.979547553393596 ], [ -76.210348797059808, 7.979279262158435 ], [ -76.210506002195231, 7.979167825853359 ], [ -76.210603820109753, 7.979184282687207 ], [ -76.210640498094094, 7.979190454699759 ], [ -76.210752193791777, 7.979391874780134 ], [ -76.210774338082956, 7.979526047143284 ], [ -76.210908734711381, 7.97959338485092 ], [ -76.21102109637927, 7.979481850147602 ], [ -76.211133546534342, 7.979325614661082 ], [ -76.211137024264005, 7.979305070905419 ], [ -76.211156248184423, 7.979191542346027 ], [ -76.211223801179457, 7.979057558233392 ], [ -76.211381005812669, 7.978946112687114 ], [ -76.211537743601198, 7.979058213566521 ], [ -76.211559834300445, 7.979214736247623 ], [ -76.211475311255739, 7.979382370879935 ], [ -76.211424726641624, 7.979482694596078 ], [ -76.211289854141029, 7.979638893707826 ], [ -76.21122220174243, 7.979817576906755 ], [ -76.211221878089276, 7.979974055014088 ], [ -76.211266444284234, 7.980108271832452 ], [ -76.211400939626614, 7.980130910236681 ], [ -76.211602944058583, 7.980041913878496 ], [ -76.211760148879392, 7.979930478021871 ], [ -76.21191715683895, 7.979908451005006 ], [ -76.212074128251089, 7.979908774242727 ], [ -76.212191591521005, 7.97990902569457 ], [ -76.2122310997173, 7.979909107358989 ], [ -76.212215917784064, 7.980042703766161 ], [ -76.212208247387409, 7.980110239878186 ], [ -76.21211827127398, 7.980244177788091 ], [ -76.21209551724327, 7.980400602289184 ], [ -76.212095184948581, 7.980557080331964 ], [ -76.212094860827378, 7.980713557406988 ], [ -76.212117004873676, 7.980847730398996 ], [ -76.212273878351226, 7.980892762351561 ], [ -76.212408652316157, 7.980781271839168 ], [ -76.212476213945237, 7.980647288421681 ], [ -76.212543766550539, 7.980513314115173 ], [ -76.21256646760537, 7.980379240078769 ], [ -76.2126264929922, 7.980331576367082 ], [ -76.21267877508609, 7.980290055449146 ], [ -76.212695125306993, 7.980287377734229 ], [ -76.212813369523204, 7.980267984420031 ], [ -76.212970340937716, 7.980268307262016 ], [ -76.213127304249383, 7.980268640045932 ], [ -76.213284275616743, 7.980268962768316 ], [ -76.213441237974919, 7.980269295439652 ], [ -76.213598210208488, 7.980269618938874 ], [ -76.213755180676472, 7.980269951427239 ], [ -76.213800312896197, 7.980135921826434 ], [ -76.213665952301781, 7.980046226012568 ], [ -76.213554066997332, 7.979934224157643 ], [ -76.213502225171851, 7.979925501212325 ], [ -76.213419570971567, 7.979911585579996 ], [ -76.213262598855223, 7.979911262861902 ], [ -76.213128201943533, 7.979843916177838 ], [ -76.212971320784931, 7.979798883586058 ], [ -76.212792169917961, 7.979686738066241 ], [ -76.212770025950121, 7.979552574201771 ], [ -76.21270303877661, 7.979418312310782 ], [ -76.212697397130924, 7.979401343343768 ], [ -76.212658464174467, 7.979284094960354 ], [ -76.212726026553469, 7.979150110713487 ], [ -76.212905600324376, 7.979061069582844 ], [ -76.213062571347422, 7.979061403414813 ], [ -76.213219534105193, 7.979061726408515 ], [ -76.213331894805691, 7.978950191380703 ], [ -76.213421914909262, 7.978793902222573 ], [ -76.213444624857289, 7.978659829113225 ], [ -76.213601588380513, 7.978660161050324 ], [ -76.213758559067188, 7.978660484739921 ], [ -76.21391552163692, 7.978660816564465 ], [ -76.214049928016308, 7.978728154889095 ], [ -76.214206799609897, 7.978773187258779 ], [ -76.214363906589867, 7.978706450676662 ], [ -76.214473177568536, 7.978619682957459 ], [ -76.214476214155709, 7.978617275819999 ], [ -76.214648430263651, 7.978553306757325 ], [ -76.214655751573105, 7.978550585319044 ], [ -76.214790336948965, 7.978528513072299 ], [ -76.214947451831463, 7.978461777182401 ], [ -76.215082181536005, 7.978372645719674 ], [ -76.215127313317126, 7.978238618025385 ], [ -76.21499286164503, 7.978193630373486 ], [ -76.214836033899147, 7.978126238003354 ], [ -76.214684056898534, 7.978125923725934 ], [ -76.21467906267354, 7.978125914649715 ], [ -76.214544431927209, 7.978170337136883 ], [ -76.214387460633588, 7.978170012775486 ], [ -76.214230489330504, 7.978169690161269 ], [ -76.21407352609009, 7.978169358389027 ], [ -76.213961595991492, 7.97807971494746 ], [ -76.213894654374201, 7.977923093022242 ], [ -76.213805325105483, 7.977744077248756 ], [ -76.213670883566763, 7.977699089869554 ], [ -76.213513912328708, 7.977698766007627 ], [ -76.21337941618998, 7.977676128937137 ], [ -76.213245253321574, 7.977497022957564 ], [ -76.213200678111789, 7.97736280474635 ], [ -76.213264791071992, 7.977320386974839 ], [ -76.213335417150617, 7.977273664737099 ], [ -76.213492379260245, 7.97727399783675 ], [ -76.213649351238175, 7.977274320860856 ], [ -76.213828833900607, 7.977229989440183 ], [ -76.213985796825312, 7.977230322351694 ], [ -76.214120391818639, 7.977208241367516 ], [ -76.214232789226614, 7.977074356114143 ], [ -76.214233121239872, 7.976917879275693 ], [ -76.214255821975698, 7.976783805424893 ], [ -76.214167948177632, 7.976783625221753 ], [ -76.21409885933339, 7.976783481583173 ], [ -76.213964362645342, 7.976760843699695 ], [ -76.213852477639691, 7.976648841594499 ], [ -76.213673272956413, 7.976559056354803 ], [ -76.213628707819041, 7.976424838122373 ], [ -76.21364714068045, 7.976370085829933 ], [ -76.213673839265013, 7.976290809576525 ], [ -76.21376381437635, 7.976156870948181 ], [ -76.213898499288121, 7.976090090396849 ], [ -76.214033183229432, 7.976023308922366 ], [ -76.21414553496821, 7.975911775044284 ], [ -76.214235466185443, 7.975800194857587 ], [ -76.214258265278517, 7.975621412168296 ], [ -76.214280965203827, 7.975487339251335 ], [ -76.2142812983314, 7.975330860596581 ], [ -76.214191835148668, 7.975218903857792 ], [ -76.214172072237801, 7.975209004568111 ], [ -76.214172196864993, 7.975148529620078 ], [ -76.214073705545914, 7.975049931324764 ], [ -76.214008020628754, 7.974984173991956 ], [ -76.213909637647362, 7.974852805161618 ], [ -76.213910051199591, 7.974656019765955 ], [ -76.213976256702097, 7.974459368557573 ], [ -76.214239724146253, 7.974328717807277 ], [ -76.214470177991885, 7.974263625856932 ], [ -76.214733994823376, 7.973968996794876 ], [ -76.214668651208399, 7.973739306662434 ], [ -76.214669208232323, 7.973476935907629 ], [ -76.214735449624726, 7.973280286313559 ], [ -76.214703021260675, 7.973050622403467 ], [ -76.21460079296142, 7.972893138654773 ], [ -76.214443389700492, 7.972861400778524 ], [ -76.214222960887795, 7.972860943100033 ], [ -76.214065486676688, 7.972860610887804 ], [ -76.213923974927667, 7.972766134910556 ], [ -76.213877055897356, 7.972609064405058 ], [ -76.213909018416402, 7.97238938136872 ], [ -76.213988069728572, 7.972248274220449 ], [ -76.214161453680788, 7.9721544723132 ], [ -76.214256253207751, 7.972013391975379 ], [ -76.214256683560137, 7.971809312211932 ], [ -76.214130982626813, 7.971683476206325 ], [ -76.213926462549509, 7.971588874840843 ], [ -76.21392666952876, 7.97149470438046 ], [ -76.214037082096866, 7.971400722866717 ], [ -76.214100413062823, 7.971243922243425 ], [ -76.214058209816585, 7.971107107725566 ], [ -76.213938176743994, 7.970971875901532 ], [ -76.213817883686573, 7.970941666423626 ], [ -76.213682677927153, 7.97086639559322 ], [ -76.213547436795537, 7.97079111684159 ], [ -76.213487448002994, 7.970701043074322 ], [ -76.21347269680588, 7.970581028113076 ], [ -76.213563086272075, 7.970506234374882 ], [ -76.213713588525067, 7.970476590244874 ], [ -76.213878790229515, 7.970596883042216 ], [ -76.213983713025613, 7.970762038240965 ], [ -76.214178881314112, 7.970957421900395 ], [ -76.214359092319228, 7.971092743904281 ], [ -76.214494396279733, 7.971123026387918 ], [ -76.214569432176148, 7.971213135763666 ], [ -76.214554133590582, 7.971333079379113 ], [ -76.214553747626752, 7.971513020659254 ], [ -76.214583553604697, 7.971648064592789 ], [ -76.214718758537416, 7.971723298825747 ], [ -76.21495946305285, 7.971708808970249 ], [ -76.215110012230312, 7.971664163263003 ], [ -76.215200526261512, 7.971529378593216 ], [ -76.215291301302258, 7.971289636707806 ], [ -76.215336682668536, 7.971169792926361 ], [ -76.215411935074613, 7.971139950969486 ], [ -76.215592523838851, 7.971095340237494 ], [ -76.215743261230131, 7.970960710356094 ], [ -76.215878880142427, 7.970841008703996 ], [ -76.215984539007664, 7.970676294116351 ], [ -76.216059980120548, 7.970571470425275 ], [ -76.216180488634549, 7.970481773392811 ], [ -76.216316144158398, 7.970347079902401 ], [ -76.21636140097263, 7.970287179712257 ], [ -76.216451825252165, 7.970212422344328 ], [ -76.216602491327009, 7.970092749212173 ], [ -76.216708087834348, 7.969958028074478 ], [ -76.216888927277424, 7.969793474858599 ], [ -76.216994524191108, 7.969658710339783 ], [ -76.217130178546299, 7.969524052034841 ], [ -76.217265789328948, 7.969404352133285 ], [ -76.217431347737261, 7.969374707390714 ], [ -76.217611622313925, 7.969480071441087 ], [ -76.217641491273881, 7.969585084352707 ], [ -76.217596161928086, 7.969674969052085 ], [ -76.217475653123515, 7.969749709121719 ], [ -76.217370217853656, 7.969824439574595 ], [ -76.217219686741871, 7.969884115066985 ], [ -76.217114116724289, 7.970003877980199 ], [ -76.217038577888673, 7.970153654419232 ], [ -76.217008179337213, 7.97030353824555 ], [ -76.21693270205742, 7.970438357045853 ], [ -76.216872272702446, 7.97055817494771 ], [ -76.216751790675971, 7.970632914747797 ], [ -76.216601314324791, 7.970647592603701 ], [ -76.216465893254679, 7.970677309413385 ], [ -76.216330264921524, 7.97078197183825 ], [ -76.216149416169927, 7.970946570309771 ], [ -76.215998661394593, 7.971111187082266 ], [ -76.215908048420772, 7.971275938442155 ], [ -76.215907635213426, 7.971470872132522 ], [ -76.216027677363115, 7.971621097233816 ], [ -76.216162845553541, 7.971711332638401 ], [ -76.216268002592386, 7.971786540361925 ], [ -76.21641506552713, 7.972000411133634 ], [ -76.216393866260219, 7.972186900925478 ], [ -76.216455886386626, 7.972352820173225 ], [ -76.216559559787939, 7.972477388743199 ], [ -76.216746714788442, 7.972457043238077 ], [ -76.216850523876019, 7.972519439958454 ], [ -76.216871023935269, 7.972664535300736 ], [ -76.216933052839366, 7.972809747912605 ], [ -76.217099141799295, 7.97291371026471 ], [ -76.217328032903083, 7.97281058406593 ], [ -76.21745307797633, 7.972665748091974 ], [ -76.217619788168363, 7.972479608291959 ], [ -76.217744958893661, 7.972272644979362 ], [ -76.217869618323093, 7.972293603018779 ], [ -76.21789007337982, 7.972459441038056 ], [ -76.217889721609325, 7.972625233887661 ], [ -76.217826957340506, 7.972811625575952 ], [ -76.217681106997787, 7.972977112887418 ], [ -76.217410642135064, 7.973080158560279 ], [ -76.217202637159957, 7.9731211578659 ], [ -76.217057092184163, 7.973141595008313 ], [ -76.216828588420412, 7.973058204305727 ], [ -76.216704054213537, 7.972975065328431 ], [ -76.216475505117259, 7.972912408222661 ], [ -76.216329833552379, 7.972974275144157 ], [ -76.216308804086708, 7.973098546852774 ], [ -76.216266898079979, 7.973243545332446 ], [ -76.216266502846779, 7.973430044268965 ], [ -76.216283301212897, 7.973583593061087 ], [ -76.21628065966874, 7.973591425585872 ], [ -76.216280337009891, 7.973747903872408 ], [ -76.216280004398129, 7.973904381332045 ], [ -76.2162796808731, 7.974060858720361 ], [ -76.216368999600988, 7.974239874855949 ], [ -76.216458364716303, 7.974396531609659 ], [ -76.216570294740549, 7.974486183597947 ], [ -76.216704745916317, 7.974531172053212 ], [ -76.216839241548172, 7.974553800241553 ], [ -76.216996212969917, 7.974554133240343 ], [ -76.217243007144617, 7.974487575602584 ], [ -76.217467389125218, 7.974420984278192 ], [ -76.217602028019073, 7.97437655414027 ], [ -76.217736756720342, 7.97428742255153 ], [ -76.217826778081388, 7.974131134351497 ], [ -76.21802877291185, 7.974042138396114 ], [ -76.218163690886499, 7.973863589412774 ], [ -76.218186391310311, 7.973729505961314 ], [ -76.218365972834093, 7.973640464661056 ], [ -76.218477902803045, 7.973730116954906 ], [ -76.218455203316523, 7.973864191342662 ], [ -76.218432493848638, 7.973998264004903 ], [ -76.218387227230579, 7.974199352148799 ], [ -76.21829784460742, 7.974332410002795 ], [ -76.218297252392148, 7.974333291039187 ], [ -76.218162333514073, 7.974511840108097 ], [ -76.218072412975516, 7.974623428680263 ], [ -76.217892695867675, 7.974779528941734 ], [ -76.217869986279709, 7.974913602564756 ], [ -76.21784728575706, 7.975047676121229 ], [ -76.217757211802308, 7.97522632374771 ], [ -76.217667290975854, 7.975337904203125 ], [ -76.217532650910428, 7.975382333586745 ], [ -76.217375689299985, 7.975382010778738 ], [ -76.217218716719429, 7.975381678960709 ], [ -76.217039331965893, 7.975381309895794 ], [ -76.216882361218069, 7.975380986970418 ], [ -76.21672539762649, 7.975380654894074 ], [ -76.216608823875603, 7.975477088599785 ], [ -76.216590614789453, 7.975492143954808 ], [ -76.216545491664817, 7.975626173257669 ], [ -76.216590058338554, 7.975760389924636 ], [ -76.216701987962125, 7.975850041720073 ], [ -76.216836484062569, 7.975872670639879 ], [ -76.216993455012627, 7.975872994411424 ], [ -76.21715041785292, 7.975873327221475 ], [ -76.217285012761039, 7.97585124634533 ], [ -76.217305503120556, 7.975847885788793 ], [ -76.217419597731748, 7.975829173639923 ], [ -76.217542585751559, 7.975783485856182 ], [ -76.217599125869583, 7.975762482582453 ], [ -76.217756331512575, 7.975651046589022 ], [ -76.217913294088888, 7.975651371011213 ], [ -76.218092687865621, 7.975651738675256 ], [ -76.21824964955573, 7.97565207201127 ], [ -76.218406432662192, 7.975741804440874 ], [ -76.218527516909177, 7.975776577636681 ], [ -76.218464796588037, 7.975942244707594 ], [ -76.218422836753689, 7.976128646405978 ], [ -76.218401725870933, 7.976294393719303 ], [ -76.218484595917744, 7.976418917888736 ], [ -76.218567554794319, 7.976522709676057 ], [ -76.218629664960659, 7.976626455807455 ], [ -76.218691729088874, 7.976771669192534 ], [ -76.218712274016625, 7.976896032086081 ], [ -76.218628793076221, 7.977040948370801 ], [ -76.218441584758196, 7.977102733935289 ], [ -76.218295823603128, 7.977206039820794 ], [ -76.218212289523606, 7.977392360202788 ], [ -76.218191052826796, 7.977599573664668 ], [ -76.218294818082029, 7.977682667986723 ], [ -76.218523322136107, 7.977766067583295 ], [ -76.218710486247971, 7.977745721119554 ], [ -76.218981122289605, 7.977559760983729 ], [ -76.219168455677433, 7.977456535263819 ], [ -76.219293510789939, 7.977291002878229 ], [ -76.21935632140891, 7.977083905189935 ], [ -76.219398406583878, 7.976835332036592 ], [ -76.219357237135313, 7.976648716170218 ], [ -76.219295209228392, 7.97648279815376 ], [ -76.219295604047559, 7.976296261823055 ], [ -76.219399933749585, 7.976109997439916 ], [ -76.219442064900974, 7.975861378788855 ], [ -76.219463140198101, 7.975716373445269 ], [ -76.219525679614833, 7.975633583745259 ], [ -76.219692300370198, 7.975488884393862 ], [ -76.219859000402494, 7.975302698555589 ], [ -76.219880156091733, 7.97513695106286 ], [ -76.219859960882275, 7.974846803943072 ], [ -76.219797851739528, 7.974722323657645 ], [ -76.219756672752396, 7.97453570788063 ], [ -76.219840198570125, 7.97437009496732 ], [ -76.220048418876658, 7.974204741603625 ], [ -76.220131863961527, 7.974059861858332 ], [ -76.220235807731186, 7.97406007680624 ], [ -76.220380993034482, 7.974226176161405 ], [ -76.220484370827734, 7.97449579623667 ], [ -76.220463045195473, 7.974744449766232 ], [ -76.220400324787292, 7.97491010773681 ], [ -76.220399929929783, 7.975096606836071 ], [ -76.220482843552318, 7.97522113193394 ], [ -76.22073224413603, 7.975242386438376 ], [ -76.22089864666988, 7.97520126073376 ], [ -76.221169202376785, 7.975056775764102 ], [ -76.221356787968801, 7.974829196986272 ], [ -76.221419633555428, 7.974601356805469 ], [ -76.221503249824224, 7.974373570902338 ], [ -76.221607714588671, 7.974125115207783 ], [ -76.221691231335555, 7.973959502311311 ], [ -76.221857716406376, 7.973876937931777 ], [ -76.221982760773784, 7.973732147169765 ], [ -76.222149416666753, 7.973566704752398 ], [ -76.22227412072489, 7.973566965427145 ], [ -76.222398520250124, 7.973733009701821 ], [ -76.222481388548445, 7.973878240003022 ], [ -76.222460152674699, 7.974085454598029 ], [ -76.222334972986729, 7.974292425917905 ], [ -76.222147503165075, 7.974478566065375 ], [ -76.221980847954327, 7.974644008616521 ], [ -76.221855846676235, 7.974768056713748 ], [ -76.221793172335353, 7.974913018869351 ], [ -76.221813626741934, 7.975078856918744 ], [ -76.221917301082485, 7.97520338978778 ], [ -76.222041825924251, 7.975307261780318 ], [ -76.222145374240853, 7.975494003829228 ], [ -76.222082833631021, 7.975576783783569 ], [ -76.221916393814411, 7.975638578611268 ], [ -76.221750213754873, 7.9755760920468 ], [ -76.221563139658301, 7.975554963810981 ], [ -76.221251154655192, 7.975637194633801 ], [ -76.221105341019182, 7.975781977308042 ], [ -76.221125534777698, 7.976051426737842 ], [ -76.221208405266452, 7.976196648224934 ], [ -76.221249718204305, 7.976321092071918 ], [ -76.221249368349561, 7.976486876228623 ], [ -76.221165842290262, 7.976652498399808 ], [ -76.221040833310951, 7.976797289083924 ], [ -76.220894982149474, 7.976942070352969 ], [ -76.220790561911542, 7.977169784396204 ], [ -76.220769407022601, 7.97735626523328 ], [ -76.220768975810827, 7.977563497953692 ], [ -76.220810234749607, 7.977708674770748 ], [ -76.220955312545939, 7.977916203024516 ], [ -76.221058942747774, 7.978061478710328 ], [ -76.221245881719625, 7.978144780003014 ], [ -76.221412016998528, 7.978228000142816 ], [ -76.221578150852082, 7.978311263569783 ], [ -76.221744159975756, 7.978456665723133 ], [ -76.221785428153211, 7.978601797923401 ], [ -76.221784897703515, 7.978850505230723 ], [ -76.221805271627389, 7.979057772653934 ], [ -76.221763275976073, 7.97924421875844 ], [ -76.221679876252921, 7.979368357113113 ], [ -76.221596306140739, 7.979554712356244 ], [ -76.221574979519033, 7.97982407204328 ], [ -76.221595309183513, 7.980031340741067 ], [ -76.221698938863781, 7.980197349360012 ], [ -76.221823246522021, 7.980384136224425 ], [ -76.221905856517864, 7.980653719743355 ], [ -76.221926060400534, 7.980923160581395 ], [ -76.222050412904196, 7.981109947800679 ], [ -76.222091672828171, 7.981255088910827 ], [ -76.222049667564221, 7.981462230583907 ], [ -76.222049282113517, 7.981648757290832 ], [ -76.222090496355804, 7.981814640253642 ], [ -76.222194306028442, 7.981897734318046 ], [ -76.222360619733124, 7.981877379059061 ], [ -76.22258951874818, 7.981774243047516 ], [ -76.222714788877397, 7.981525796174943 ], [ -76.22271544530966, 7.981214952146707 ], [ -76.22269516113893, 7.980966207612212 ], [ -76.222591827578597, 7.980675881830929 ], [ -76.222529934243411, 7.9804477909873 ], [ -76.222509820858448, 7.980136865685656 ], [ -76.222489500576287, 7.979908890867224 ], [ -76.2224069728167, 7.979618582561004 ], [ -76.222386554072941, 7.979432011989307 ], [ -76.222449363743536, 7.979224914331941 ], [ -76.222408230317924, 7.979017591958093 ], [ -76.222367060792251, 7.97881027887906 ], [ -76.222367455675624, 7.978623752138347 ], [ -76.222367931802992, 7.978395786906466 ], [ -76.222347729263348, 7.978126337086595 ], [ -76.222264994039691, 7.977918942940875 ], [ -76.222203091219527, 7.977711576221676 ], [ -76.222182770649965, 7.977483575056299 ], [ -76.22218315673058, 7.977297040212192 ], [ -76.22220443935025, 7.977069118886528 ], [ -76.22230868795809, 7.976924283667113 ], [ -76.222495887677795, 7.976862497572653 ], [ -76.222703685880688, 7.976904367849498 ], [ -76.222911160734668, 7.977112066867928 ], [ -76.223097418041078, 7.977506176256988 ], [ -76.223159177233029, 7.977796449268351 ], [ -76.223241785827625, 7.978066024281923 ], [ -76.223324485344307, 7.978273427339563 ], [ -76.223344814069321, 7.978501438055088 ], [ -76.223344382860859, 7.978708706404629 ], [ -76.223385292213365, 7.979019631126444 ], [ -76.223509519870248, 7.979268562922523 ], [ -76.223716967657182, 7.979476262910731 ], [ -76.223966286322536, 7.979538920281867 ], [ -76.224028476966708, 7.979621959811619 ], [ -76.224069520801763, 7.979891455320504 ], [ -76.224006711174383, 7.980098552940954 ], [ -76.224193056685721, 7.980451257622985 ], [ -76.224484110808547, 7.980451859737018 ], [ -76.224733555192799, 7.98045238133023 ], [ -76.22487949605889, 7.980266160303735 ], [ -76.224921581669435, 7.980017577847511 ], [ -76.224942601684418, 7.979914002968473 ], [ -76.22500527758109, 7.97976905132347 ], [ -76.225151092181989, 7.979624296175955 ], [ -76.225255468191776, 7.979417288311812 ], [ -76.225214503951634, 7.979127052025259 ], [ -76.22513189461786, 7.978857476205266 ], [ -76.224945163254077, 7.978691297274869 ], [ -76.22477910916389, 7.978566601668903 ], [ -76.224571283960387, 7.978524731257018 ], [ -76.224363404950537, 7.978524299824985 ], [ -76.224197180146035, 7.978482509702026 ], [ -76.223989427075438, 7.978419906847993 ], [ -76.223906467742609, 7.978336822193622 ], [ -76.223844357775448, 7.978212369427056 ], [ -76.223844699045287, 7.978046584849533 ], [ -76.223948858704404, 7.97794318874068 ], [ -76.224073824068483, 7.977839793107665 ], [ -76.224178063750188, 7.977694956765562 ], [ -76.224199219694526, 7.977508476344857 ], [ -76.224116511951038, 7.977301072730778 ], [ -76.223991951017041, 7.977217933642025 ], [ -76.22390902822336, 7.977114152294638 ], [ -76.223805262786854, 7.977010279433894 ], [ -76.223618404988684, 7.976906281449024 ], [ -76.22353545418035, 7.976802490243252 ], [ -76.223535885959336, 7.976595258055855 ], [ -76.223577710820763, 7.976491736113231 ], [ -76.223723345902954, 7.9764298596295 ], [ -76.223951939822243, 7.976471775093601 ], [ -76.224076464547551, 7.976575647019463 ], [ -76.224242428243016, 7.97674178180524 ], [ -76.224429422329209, 7.976783651561976 ], [ -76.224595691241447, 7.97680470003507 ], [ -76.224720647345478, 7.97670133971073 ], [ -76.224741757306901, 7.976535592166822 ], [ -76.22459655292559, 7.976390244221368 ], [ -76.22445126025373, 7.976286327421667 ], [ -76.224305894289145, 7.976203107416391 ], [ -76.224098140634069, 7.976140495137638 ], [ -76.223994331899917, 7.976078107361197 ], [ -76.223973751274073, 7.975974450056796 ], [ -76.223974056920653, 7.975829399120915 ], [ -76.22397431730009, 7.97570504484764 ], [ -76.224078593959518, 7.975560210237558 ], [ -76.224224183696663, 7.97551907556894 ], [ -76.224452437399606, 7.97572677542093 ], [ -76.224618570808133, 7.975810004354692 ], [ -76.224826621381752, 7.975727556619228 ], [ -76.224930906291561, 7.975561980375953 ], [ -76.224931426620444, 7.975313281090849 ], [ -76.224765338414102, 7.975209319439435 ], [ -76.224578309224142, 7.975167493209421 ], [ -76.224432934169982, 7.975105015554086 ], [ -76.224308319715206, 7.975042573944745 ], [ -76.224121335894239, 7.975000748009047 ], [ -76.224017525704056, 7.974938360136257 ], [ -76.22395541726749, 7.974813871935183 ], [ -76.224038896929471, 7.97464829440801 ], [ -76.224226142301404, 7.974586507673403 ], [ -76.224392321268823, 7.974649031206555 ], [ -76.224537650854572, 7.974732205597048 ], [ -76.22470361458781, 7.974898348556659 ], [ -76.224807468878339, 7.974940004343744 ], [ -76.224952969364693, 7.974961043130199 ], [ -76.225057164885399, 7.974836903592434 ], [ -76.225036710190011, 7.974671066212172 ], [ -76.224953750255338, 7.974588016787919 ], [ -76.22484994105838, 7.974525629125096 ], [ -76.22476690056925, 7.974463276560002 ], [ -76.224621561740008, 7.974380066161414 ], [ -76.224434668118406, 7.974276059395 ], [ -76.224414258164927, 7.974089524316518 ], [ -76.224518445113574, 7.973986128285754 ], [ -76.224726368590339, 7.973965825945639 ], [ -76.224934202937575, 7.973986989974671 ], [ -76.225079972958213, 7.973862942193756 ], [ -76.225121924300154, 7.97369723923585 ], [ -76.22505985039048, 7.973552061922417 ], [ -76.225060155640051, 7.973406965951361 ], [ -76.225122875709857, 7.973241308089301 ], [ -76.225268466285002, 7.973200174307441 ], [ -76.225413805270378, 7.973283349353969 ], [ -76.225455018891083, 7.973469965154939 ], [ -76.225537888705389, 7.97359448911232 ], [ -76.225662377287577, 7.973719068155152 ], [ -76.22574521134014, 7.973864324722386 ], [ -76.225807149667261, 7.974071682957794 ], [ -76.225744600221546, 7.974154472203394 ], [ -76.225619851167451, 7.974174909280202 ], [ -76.225515619695202, 7.974299047304044 ], [ -76.225515143511601, 7.974527012789589 ], [ -76.22549394265063, 7.974734199572761 ], [ -76.225618296975611, 7.974920986739418 ], [ -76.225721927114421, 7.975066252785041 ], [ -76.225908875063652, 7.975128820550762 ], [ -76.22607522490479, 7.975108420374355 ], [ -76.226241494105238, 7.975129503651424 ], [ -76.226345349363925, 7.975171158055302 ], [ -76.226448977580787, 7.975337167052025 ], [ -76.226448672740418, 7.975482217643918 ], [ -76.226386131519035, 7.975565006952485 ], [ -76.226198977362074, 7.975585353583149 ], [ -76.226032663131306, 7.975585012158188 ], [ -76.225845552818143, 7.975584616846498 ], [ -76.225679203303969, 7.975604972734069 ], [ -76.225512718208094, 7.975687545856313 ], [ -76.225366813584827, 7.975873730866875 ], [ -76.225345577898693, 7.976101651289159 ], [ -76.225365735967728, 7.976391842959523 ], [ -76.225448560116163, 7.97655779756913 ], [ -76.225573048899776, 7.976661679102783 ], [ -76.22576024877155, 7.976620625983567 ], [ -76.225885205387726, 7.976517275376341 ], [ -76.226072368575444, 7.976476186297698 ], [ -76.226217958573287, 7.976455785088273 ], [ -76.226384397966257, 7.976393954315534 ], [ -76.226530123043432, 7.976290638619577 ], [ -76.226592447807974, 7.976311471383605 ], [ -76.226737741644897, 7.976415388106532 ], [ -76.226799941025988, 7.97649842802721 ], [ -76.226841291216303, 7.976602129820858 ], [ -76.226840984887602, 7.976747181268329 ], [ -76.226715849641693, 7.97695418915108 ], [ -76.22663267461688, 7.976954018347827 ], [ -76.226466324733863, 7.976974373853611 ], [ -76.22636234510594, 7.976994899776578 ], [ -76.226216656411594, 7.977077472895813 ], [ -76.226133264744249, 7.97718091423061 ], [ -76.22613301426118, 7.977305268166871 ], [ -76.226153548919157, 7.97742965788576 ], [ -76.226153289409183, 7.977554011889057 ], [ -76.226090702820727, 7.977657497915054 ], [ -76.225986632976202, 7.977719454104935 ], [ -76.22586175891152, 7.977781374639603 ], [ -76.225799127982441, 7.97790555818513 ], [ -76.225819627825672, 7.978050689666611 ], [ -76.225964839713569, 7.978196046654179 ], [ -76.226089410184571, 7.978279176664864 ], [ -76.226172108570367, 7.97848661562348 ], [ -76.226213278041556, 7.978693938428831 ], [ -76.226379421965405, 7.978777157821132 ], [ -76.226503954983301, 7.978860333071629 ], [ -76.226586825204393, 7.979005554306799 ], [ -76.226648852807699, 7.979171472623789 ], [ -76.226794183065294, 7.979254693282571 ], [ -76.2269604517993, 7.9792757322296 ], [ -76.227085326906618, 7.979213820278788 ], [ -76.227189567194628, 7.979068984358028 ], [ -76.227252547956141, 7.97877897232213 ], [ -76.227211450231266, 7.978550953025311 ], [ -76.227170109908442, 7.978426518021442 ], [ -76.227128885634031, 7.978260635392757 ], [ -76.227149942670863, 7.978136327068014 ], [ -76.227233341723547, 7.978012152207659 ], [ -76.22733758272247, 7.977867317281398 ], [ -76.227483432935998, 7.977722563413058 ], [ -76.227587412557341, 7.97770203625371 ], [ -76.227732922350498, 7.977702341168324 ], [ -76.227919826296429, 7.977806348119128 ], [ -76.228002658767963, 7.977951606300775 ], [ -76.228043747573309, 7.978179616408976 ], [ -76.228064203268772, 7.978345453973192 ], [ -76.228105426936068, 7.978511328229566 ], [ -76.228167499930294, 7.978656550432937 ], [ -76.228333464004393, 7.978822684385616 ], [ -76.22849956254737, 7.978926646289864 ], [ -76.228603066146391, 7.979134085367225 ], [ -76.228748314525959, 7.979279442354324 ], [ -76.228997418196343, 7.979445747203282 ], [ -76.229142881937847, 7.979466784987383 ], [ -76.229350670731122, 7.979529388961604 ], [ -76.229496010097591, 7.979612573092611 ], [ -76.229516554268358, 7.979736963019829 ], [ -76.229495489053562, 7.97986127217837 ], [ -76.229391329304775, 7.979964676557838 ], [ -76.229224843770012, 7.980047204589431 ], [ -76.2290168838216, 7.980088249274124 ], [ -76.228829719915879, 7.980108569016829 ], [ -76.228621840943788, 7.980108138244274 ], [ -76.228476241733716, 7.980149271386296 ], [ -76.228351196948964, 7.980294098296866 ], [ -76.228350811152353, 7.980480587759185 ], [ -76.228308723577953, 7.980729205925711 ], [ -76.228245958631675, 7.980915605926755 ], [ -76.228162487642919, 7.981060486912628 ], [ -76.228058202044181, 7.981226063986853 ], [ -76.227974847718514, 7.981329504633846 ], [ -76.227891196797671, 7.981557300256262 ], [ -76.22799487963394, 7.981681868993358 ], [ -76.228077750341583, 7.981827091289073 ], [ -76.228077363169945, 7.982013616942784 ], [ -76.228139473334906, 7.982138061098624 ], [ -76.228284720901129, 7.982262719861751 ], [ -76.228471920548699, 7.982221667336045 ], [ -76.228534650885891, 7.982035265733732 ], [ -76.228514268156445, 7.9818487306691 ], [ -76.228493767583814, 7.981703598888786 ], [ -76.228515004788278, 7.981496412165919 ], [ -76.228639879107732, 7.981434499581413 ], [ -76.228764627568751, 7.981414019232544 ], [ -76.228847928675677, 7.981352052651276 ], [ -76.229014242995646, 7.981352393830114 ], [ -76.229159671688436, 7.981394138662811 ], [ -76.229284115113927, 7.981539449726213 ], [ -76.229366858917714, 7.981726147208136 ], [ -76.22949130254662, 7.981871459041153 ], [ -76.229678287388083, 7.981934017030925 ], [ -76.229865235175453, 7.981996585141499 ], [ -76.229927354204378, 7.98212106398473 ], [ -76.229927004348312, 7.982286857591968 ], [ -76.229885088291013, 7.98245256120569 ], [ -76.229863897352672, 7.982639006014134 ], [ -76.229863555704313, 7.982804798661037 ], [ -76.229842354767314, 7.983011986728568 ], [ -76.22975874891965, 7.983219075061114 ], [ -76.229612979401409, 7.983343088159099 ], [ -76.229342640019425, 7.983384005671035 ], [ -76.229051495761837, 7.983424843390805 ], [ -76.228905727064515, 7.983548891580595 ], [ -76.22875996571544, 7.983652207343392 ], [ -76.228572883076637, 7.983651820819422 ], [ -76.228385854221358, 7.983609959132737 ], [ -76.228115380136558, 7.983713049704735 ], [ -76.228010968946279, 7.983940763663952 ], [ -76.22811443733481, 7.984168945010322 ], [ -76.228301420693029, 7.984231504209208 ], [ -76.228613199214806, 7.984252892403435 ], [ -76.228716883151037, 7.984377453358692 ], [ -76.228737426800137, 7.98450181620269 ], [ -76.22882013490424, 7.984709219163175 ], [ -76.229027925311357, 7.984751125149936 ], [ -76.229090518602604, 7.984647639418969 ], [ -76.229298613561284, 7.984544413796281 ], [ -76.229340565385158, 7.984378745939174 ], [ -76.229403456297462, 7.984130173981178 ], [ -76.229507742384158, 7.983964595597938 ], [ -76.22961182071127, 7.983902638955918 ], [ -76.229757329652983, 7.98390293597605 ], [ -76.229861012848048, 7.984027504680561 ], [ -76.229881423244194, 7.984214076211779 ], [ -76.22981831573864, 7.984566233775158 ], [ -76.229817929863898, 7.984752759998756 ], [ -76.229796522523031, 7.985042816690645 ], [ -76.229795921060088, 7.985332963785986 ], [ -76.229837261798522, 7.985457397911124 ], [ -76.229920015188938, 7.985644058634312 ], [ -76.230044412660135, 7.985810113268062 ], [ -76.230127336739898, 7.985913930897367 ], [ -76.230168595854238, 7.986079813944006 ], [ -76.230188843947687, 7.986328522147216 ], [ -76.230146758100787, 7.986577104098608 ], [ -76.229979931826264, 7.986825461246469 ], [ -76.229854796573434, 7.987011725620842 ], [ -76.229812746924964, 7.987239575027421 ], [ -76.229791555955899, 7.987426056053686 ], [ -76.229832599857161, 7.987695550940683 ], [ -76.229852937345527, 7.987902819140826 ], [ -76.229852551185985, 7.988089345341317 ], [ -76.229914580057923, 7.988255263860319 ], [ -76.230143137745145, 7.988317912878487 ], [ -76.230330509158676, 7.988193954095468 ], [ -76.230476322957486, 7.98804920028418 ], [ -76.230559893943095, 7.987842110964315 ], [ -76.230685073514451, 7.987635139047539 ], [ -76.230809778142529, 7.987656133187437 ], [ -76.231038336295953, 7.987718780878939 ], [ -76.231225204331636, 7.987822779041104 ], [ -76.231557832104301, 7.987823470914465 ], [ -76.231788842828138, 7.987742739291743 ], [ -76.231943424589886, 7.987470800601954 ], [ -76.232188656281195, 7.987379720688851 ], [ -76.232495034575265, 7.987319292353833 ], [ -76.232740445884588, 7.98713663678454 ], [ -76.232894013052373, 7.986923241729182 ], [ -76.232986646647348, 7.986557080287958 ], [ -76.232864889875913, 7.986190442116654 ], [ -76.232651135662067, 7.985884709021273 ], [ -76.232467969052863, 7.985609554771787 ], [ -76.232345960229964, 7.985365079184875 ], [ -76.232193345058548, 7.985120503131149 ], [ -76.232010016537387, 7.984906453278359 ], [ -76.231826598885561, 7.984753389208744 ], [ -76.231674038179946, 7.98447833369909 ], [ -76.231429327846072, 7.984325153105127 ], [ -76.231246036078716, 7.984111066182738 ], [ -76.231185219933039, 7.98389722164239 ], [ -76.231063084800439, 7.983713812758168 ], [ -76.230971474949015, 7.98359149927065 ], [ -76.230941139199388, 7.983438784770277 ], [ -76.231155844846157, 7.983286583743188 ], [ -76.231326911353847, 7.983165310823786 ], [ -76.231398075554054, 7.983024158747273 ], [ -76.231398417164939, 7.982859712596341 ], [ -76.231398722250859, 7.9827117072835 ], [ -76.231366033040132, 7.982563646328378 ], [ -76.231201541630668, 7.982333085402019 ], [ -76.231119292372568, 7.982217804010635 ], [ -76.231020586176328, 7.982086047995213 ], [ -76.230905484342514, 7.981904921274297 ], [ -76.230790454849469, 7.981690905559957 ], [ -76.230708277221581, 7.98154273778142 ], [ -76.230692116733294, 7.981378256910764 ], [ -76.230692457984787, 7.981213810644165 ], [ -76.230775274180473, 7.981049535889686 ], [ -76.2309076485584, 7.980852472586861 ], [ -76.231023433205621, 7.980704708798869 ], [ -76.231155601538518, 7.980606306727663 ], [ -76.231155908014287, 7.980458310394847 ], [ -76.231123289758713, 7.980277353176136 ], [ -76.231057577563504, 7.980145659946788 ], [ -76.230975328120735, 7.980030379235924 ], [ -76.230876586141576, 7.979915062891642 ], [ -76.230678731526254, 7.979865322559006 ], [ -76.230513872995715, 7.979815655064569 ], [ -76.230332448650572, 7.97979883900261 ], [ -76.230167689098835, 7.979699835293603 ], [ -76.230035987096059, 7.979568008395172 ], [ -76.229920687807507, 7.979485551248154 ], [ -76.229805417020572, 7.979386646923063 ], [ -76.229673579560583, 7.979320603086911 ], [ -76.229525114682559, 7.97932029685911 ], [ -76.22942634475757, 7.979221428873938 ], [ -76.229426651072984, 7.979073422354548 ], [ -76.229492901956249, 7.978942008339577 ], [ -76.229575654360318, 7.978810619989693 ], [ -76.229575959781783, 7.978662614399888 ], [ -76.229510247545008, 7.978530920621323 ], [ -76.229361783914001, 7.978530624151855 ], [ -76.229229946728069, 7.978464570998791 ], [ -76.229098244549164, 7.978332742619808 ], [ -76.229032631796258, 7.978151724320528 ], [ -76.228983484887777, 7.97798717888074 ], [ -76.228950794757637, 7.977839110001572 ], [ -76.229132155870303, 7.977888814132667 ], [ -76.229214361192078, 7.978020533814557 ], [ -76.229346134803848, 7.978119474123908 ], [ -76.229477936052106, 7.978201966336002 ], [ -76.229600107290068, 7.978202217810969 ], [ -76.229626399618382, 7.978202271845823 ], [ -76.229758507328967, 7.978136767396027 ], [ -76.229907034109928, 7.978104175801715 ], [ -76.230039373821242, 7.977923561043989 ], [ -76.230138798991348, 7.977709986033793 ], [ -76.230188556978675, 7.977578527378322 ], [ -76.230188862413129, 7.977430529097027 ], [ -76.230123446824322, 7.97715083899468 ], [ -76.230095905060864, 7.977123259735915 ], [ -76.230024676631388, 7.977051970096803 ], [ -76.230008489655262, 7.976903927976734 ], [ -76.230041852592478, 7.976723105758185 ], [ -76.230122314893407, 7.976755391250611 ], [ -76.230206675830289, 7.976789222034244 ], [ -76.230288853559003, 7.976937399413855 ], [ -76.230404053787879, 7.977069190951207 ], [ -76.230535755579581, 7.977201009880046 ], [ -76.230700811954662, 7.977152015664114 ], [ -76.230816523808215, 7.977037139416583 ], [ -76.230915706515646, 7.976938674692128 ], [ -76.23111392985949, 7.976807530264832 ], [ -76.231246071550942, 7.976725575743447 ], [ -76.231378141751179, 7.976676510100585 ], [ -76.231493845101454, 7.97656163385392 ], [ -76.231626085566873, 7.976430345093673 ], [ -76.231736588153623, 7.976375556859883 ], [ -76.231791213695544, 7.976348464432067 ], [ -76.23192339163009, 7.976250061742839 ], [ -76.23202260227535, 7.976135149837461 ], [ -76.232088286958998, 7.976283291049318 ], [ -76.231988933525358, 7.976463978028088 ], [ -76.231910214166348, 7.976588961413246 ], [ -76.231906181339525, 7.976595364577114 ], [ -76.231905883655202, 7.976743362560581 ], [ -76.231905578805566, 7.976891368731134 ], [ -76.232004349223971, 7.976990237917687 ], [ -76.232152812823728, 7.976990533651371 ], [ -76.23235080216233, 7.976974498787899 ], [ -76.232483006692178, 7.976859658761343 ], [ -76.232631677842164, 7.976761293232178 ], [ -76.232813334606547, 7.976662990686779 ], [ -76.232928976110671, 7.976581010200435 ], [ -76.233044822295639, 7.976400349676903 ], [ -76.233078185656922, 7.976219527745604 ], [ -76.233111476798044, 7.976071593771271 ], [ -76.233144777897735, 7.975923658821588 ], [ -76.233178069102593, 7.975775733893984 ], [ -76.233152503003069, 7.97575781167378 ], [ -76.233013345142069, 7.97566028200605 ], [ -76.232881544650866, 7.975577789968502 ], [ -76.232782811136715, 7.975462472885422 ], [ -76.232667601998642, 7.975330681295454 ], [ -76.232667906869224, 7.975182684259918 ], [ -76.232800012924713, 7.975117179410725 ], [ -76.232948477544426, 7.975117475114544 ], [ -76.233080341958001, 7.975167080201801 ], [ -76.233135480262661, 7.975191639983732 ], [ -76.23322867210932, 7.975233159744021 ], [ -76.233377135888361, 7.975233466125542 ], [ -76.233476319284691, 7.975135001184031 ], [ -76.233476624726833, 7.974986995221501 ], [ -76.233464515241963, 7.974901277637595 ], [ -76.233444104832159, 7.974756703390018 ], [ -76.233444402240622, 7.974608704712211 ], [ -76.233444706934932, 7.974460707783869 ], [ -76.233412017934299, 7.974312638849576 ], [ -76.233379435978662, 7.974115233932704 ], [ -76.233379731697497, 7.973967236159599 ], [ -76.233280962107301, 7.97386836803519 ], [ -76.233132497909509, 7.973868062332333 ], [ -76.2329676028845, 7.973834843031036 ], [ -76.232835774636158, 7.973768789686186 ], [ -76.232703704687339, 7.973817855364871 ], [ -76.232538872856935, 7.973751738936144 ], [ -76.232489653595451, 7.973620082207337 ], [ -76.232489959683193, 7.9734720851295 ], [ -76.232513046521547, 7.97343543403487 ], [ -76.232572713205485, 7.973340696951928 ], [ -76.232671886635387, 7.973242233283027 ], [ -76.232721652777656, 7.973110773864504 ], [ -76.232720342084448, 7.973106839311839 ], [ -76.232672462132086, 7.972962677289021 ], [ -76.232590220966571, 7.972847397326652 ], [ -76.232458591228053, 7.972682680837265 ], [ -76.23241272254478, 7.972630201784521 ], [ -76.232343390554249, 7.972550889635688 ], [ -76.232211626174603, 7.972451948875181 ], [ -76.232294343116564, 7.972337009757105 ], [ -76.232426135005085, 7.972419501608801 ], [ -76.232557935100118, 7.972501994236773 ], [ -76.232673242972396, 7.972584451157409 ], [ -76.232821707670738, 7.972584756300419 ], [ -76.232986800176718, 7.97251931394977 ], [ -76.233102476397832, 7.972420875904029 ], [ -76.233201649515991, 7.972322412243822 ], [ -76.233317461234151, 7.972158200162527 ], [ -76.233416231165876, 7.972257069342345 ], [ -76.23341593437118, 7.97240507525825 ], [ -76.233349612061573, 7.972569386002443 ], [ -76.233283352066664, 7.972700808886011 ], [ -76.233184105695074, 7.972832160551094 ], [ -76.233216660542226, 7.973046005406723 ], [ -76.233331933005985, 7.973144910062757 ], [ -76.233430712328683, 7.97324377816465 ], [ -76.233545911708077, 7.973375569759757 ], [ -76.233661210014617, 7.973458026302237 ], [ -76.23379304716191, 7.973524070265769 ], [ -76.233941242191946, 7.973655933652851 ], [ -76.234089472942941, 7.973771349828908 ], [ -76.234171713735833, 7.973886622025599 ], [ -76.234171408385848, 7.974034627894743 ], [ -76.234121624325454, 7.974182527098288 ], [ -76.233973159221378, 7.974182220846905 ], [ -76.233939859242454, 7.974330155690985 ], [ -76.233939552966461, 7.974478161597927 ], [ -76.234104582630721, 7.974445607324706 ], [ -76.23423668891742, 7.97438009315859 ], [ -76.234335862844702, 7.974281629146322 ], [ -76.234467932515514, 7.974232562964965 ], [ -76.234610576884194, 7.974232859409609 ], [ -76.234616397559549, 7.974232868127591 ], [ -76.234550074900611, 7.97439717898548 ], [ -76.234495169597736, 7.97443611175642 ], [ -76.234434435313176, 7.974479167681988 ], [ -76.234417636853465, 7.974627129844638 ], [ -76.234334919638115, 7.974742078365902 ], [ -76.234334622563196, 7.974890076011841 ], [ -76.234334318323064, 7.975038081844843 ], [ -76.234355275554606, 7.975080087286655 ], [ -76.234400029819867, 7.975169766355255 ], [ -76.234449248182884, 7.975301423446703 ], [ -76.234399490850819, 7.975432882883061 ], [ -76.234217931967095, 7.9754818408781 ], [ -76.234114400698701, 7.975504558711574 ], [ -76.234069405190382, 7.975514431718318 ], [ -76.233887746549868, 7.975612724580722 ], [ -76.233837989926471, 7.975744184931093 ], [ -76.23377166690463, 7.975908495876046 ], [ -76.233754869314055, 7.976056466246171 ], [ -76.233754563156339, 7.976204464038605 ], [ -76.233754257919074, 7.976352460919687 ], [ -76.233836472091284, 7.976484189997884 ], [ -76.233984936228836, 7.976484495076405 ], [ -76.234149993132831, 7.976435491614231 ], [ -76.234201519679317, 7.976384333407564 ], [ -76.234298763071692, 7.976287790742571 ], [ -76.234447469926081, 7.976172986729639 ], [ -76.23459596127077, 7.976156843684035 ], [ -76.234667089875444, 7.976150546635636 ], [ -76.234777457214946, 7.976140764213357 ], [ -76.234942522010044, 7.976091770401103 ], [ -76.235091014141872, 7.976075627189861 ], [ -76.235256006768878, 7.976059520255054 ], [ -76.235404481360121, 7.976059816667868 ], [ -76.235552946031873, 7.976060122139828 ], [ -76.235750790129302, 7.976109861607935 ], [ -76.235813636794532, 7.976164893357041 ], [ -76.235882528125799, 7.976225242025937 ], [ -76.236014229703443, 7.976357060430957 ], [ -76.236162559518633, 7.976423140369409 ], [ -76.23603048966163, 7.976472206385766 ], [ -76.235882024980441, 7.976471910179924 ], [ -76.235700566390079, 7.976471533133145 ], [ -76.23553560837216, 7.976471200445056 ], [ -76.235403735323558, 7.976421594687389 ], [ -76.2352387781917, 7.976421262768982 ], [ -76.235090312515837, 7.976420967181409 ], [ -76.235005421999148, 7.976436165908666 ], [ -76.234908781807519, 7.976453485800105 ], [ -76.234875453967263, 7.976617858658343 ], [ -76.234941103141907, 7.976782439757636 ], [ -76.235072904274361, 7.976864931717207 ], [ -76.235204606061927, 7.976996760337114 ], [ -76.23533640722863, 7.977079243128502 ], [ -76.235435113530144, 7.977211007997011 ], [ -76.235376076213143, 7.977293042418344 ], [ -76.235352397280039, 7.977325946859144 ], [ -76.235204130053248, 7.977226979803549 ], [ -76.235192811185286, 7.977211861129789 ], [ -76.23510542296259, 7.97709522389355 ], [ -76.234961027575764, 7.977078928568035 ], [ -76.234956994364126, 7.977078479431138 ], [ -76.23480853014415, 7.977078173884866 ], [ -76.234660065003709, 7.977077869195686 ], [ -76.234594972694211, 7.977058257569292 ], [ -76.234495206058853, 7.977028201238231 ], [ -76.234346732720496, 7.977027894685872 ], [ -76.23419826760292, 7.977027598857878 ], [ -76.234049804198563, 7.977027293024091 ], [ -76.23396708663698, 7.977142241694978 ], [ -76.234065864689171, 7.977241110108179 ], [ -76.23419770241776, 7.977307155234859 ], [ -76.234329395151065, 7.977438981547723 ], [ -76.234373484824303, 7.977556912557834 ], [ -76.234378614066827, 7.977570639439288 ], [ -76.234312363296169, 7.977702053546817 ], [ -76.234163898835817, 7.977701757796824 ], [ -76.234065623397555, 7.977636154172249 ], [ -76.234015631551856, 7.977602790255617 ], [ -76.233850773180322, 7.977553113053189 ], [ -76.233702344285689, 7.977536369089191 ], [ -76.233553879719437, 7.977536063157533 ], [ -76.233405406147043, 7.977535767181383 ], [ -76.233273308705549, 7.977601272419408 ], [ -76.233108242908003, 7.977650265883486 ], [ -76.232959707010153, 7.977682856734082 ], [ -76.232745161933877, 7.977731751572946 ], [ -76.232742987600858, 7.977731986314025 ], [ -76.232596661554055, 7.977747895175765 ], [ -76.232431658687176, 7.977764002333847 ], [ -76.232283194762132, 7.977763695970627 ], [ -76.232134729994769, 7.977763400402647 ], [ -76.231986266034369, 7.97776309483595 ], [ -76.23182110096495, 7.977861423845768 ], [ -76.231705389373076, 7.977976301255056 ], [ -76.231606107898969, 7.978124100365753 ], [ -76.231544348278902, 7.97827711062989 ], [ -76.231539784743703, 7.978288411439745 ], [ -76.231542155682519, 7.978296352075187 ], [ -76.231578080408909, 7.978416600839653 ], [ -76.231588940796826, 7.978452956086008 ], [ -76.231753592858723, 7.97860129533453 ], [ -76.231885366936439, 7.978700226380981 ], [ -76.232017229964526, 7.978749831413452 ], [ -76.232165695177102, 7.978750135915925 ], [ -76.232314160382685, 7.978750442171842 ], [ -76.232545214833607, 7.978701572811604 ], [ -76.232710244591104, 7.978669019296327 ], [ -76.232858808365151, 7.978619987638734 ], [ -76.233007443349592, 7.978538070709848 ], [ -76.233188866768046, 7.978554887582519 ], [ -76.233419742893233, 7.978588250741124 ], [ -76.233584575103833, 7.978654357855632 ], [ -76.233782393319871, 7.978720545817986 ], [ -76.233930695735978, 7.978803065284819 ], [ -76.234095554596465, 7.978852733213659 ], [ -76.234243983120138, 7.978869486783982 ], [ -76.23439244799907, 7.978869783239811 ], [ -76.234606939189291, 7.978853775144095 ], [ -76.234772067032139, 7.978771894049704 ], [ -76.234937303126543, 7.978640667979777 ], [ -76.234994023166365, 7.978600450405401 ], [ -76.235052942553139, 7.978558686866029 ], [ -76.235057561012141, 7.978554609288084 ], [ -76.235201676937919, 7.978427426278116 ], [ -76.235317317145231, 7.978345445127628 ], [ -76.23546578168704, 7.978345742176315 ], [ -76.235614416595425, 7.978263823644827 ], [ -76.235812477611503, 7.978214892745828 ], [ -76.235938862271411, 7.97820115809442 ], [ -76.235977435387667, 7.978215225953544 ], [ -76.236109271742095, 7.978281270233303 ], [ -76.236274067521165, 7.978363834080826 ], [ -76.236455455811779, 7.978397090242278 ], [ -76.236510397123411, 7.978419124615771 ], [ -76.23662028801337, 7.978463205918411 ], [ -76.236735560179426, 7.978562100556707 ], [ -76.236801208793551, 7.978726680938897 ], [ -76.236751450549562, 7.978858141423022 ], [ -76.236628875632945, 7.978871462584072 ], [ -76.236602949589113, 7.978874283862993 ], [ -76.236454485854637, 7.978873978258335 ], [ -76.236306012200657, 7.978873681712868 ], [ -76.236190273002165, 7.979004997081696 ], [ -76.236124156755309, 7.979070645650297 ], [ -76.236074561105355, 7.979119873557901 ], [ -76.235942392188136, 7.979218274762264 ], [ -76.235760896995075, 7.979234355254684 ], [ -76.235596262283607, 7.979234014172177 ], [ -76.235595938710077, 7.979234013992926 ], [ -76.235430838402976, 7.979299455621333 ], [ -76.235348748615593, 7.979408106644997 ], [ -76.235331592250617, 7.979430817165232 ], [ -76.235215780675944, 7.979595029357745 ], [ -76.235034024527565, 7.979742658219092 ], [ -76.23480290558858, 7.979824405175168 ], [ -76.234720152543758, 7.979955801230108 ], [ -76.234649159522206, 7.980026273817194 ], [ -76.234604440814579, 7.980070677554271 ], [ -76.234538190955249, 7.98020209181007 ], [ -76.234670027194753, 7.980268145423463 ], [ -76.234818491619933, 7.980268442434257 ], [ -76.234966956987066, 7.980268746612204 ], [ -76.235099062728068, 7.980203233312622 ], [ -76.235280719742974, 7.980104940164085 ], [ -76.235495246805101, 7.980072483367207 ], [ -76.235709728369713, 7.980056475446599 ], [ -76.235858192639753, 7.980056781148327 ], [ -76.236006657716615, 7.980057076851338 ], [ -76.236155131014357, 7.980057383278615 ], [ -76.236303596119839, 7.980057687909292 ], [ -76.236468428126031, 7.980123795260638 ], [ -76.236583725522522, 7.980206251807332 ], [ -76.236649411006084, 7.980354393171873 ], [ -76.236652241129605, 7.980380227992028 ], [ -76.236665608097383, 7.980502425811618 ], [ -76.23658285477967, 7.980633813928643 ], [ -76.236417789733778, 7.980682808129296 ], [ -76.236269325381457, 7.980682510850798 ], [ -76.23612086004465, 7.980682206298158 ], [ -76.235922799857192, 7.980731136883928 ], [ -76.235790694224733, 7.980796651364653 ], [ -76.235691519840771, 7.980895116190203 ], [ -76.235636677329225, 7.980949563289773 ], [ -76.23559233724518, 7.980993580170922 ], [ -76.235526085994437, 7.981125003562364 ], [ -76.235492785248979, 7.981272937602332 ], [ -76.235613375411148, 7.981363470196015 ], [ -76.235740163337368, 7.981306327776274 ], [ -76.23588876259906, 7.981240850421049 ], [ -76.236037433619359, 7.981142485181461 ], [ -76.236153074055935, 7.981060496338997 ], [ -76.236301609525484, 7.981027913901611 ], [ -76.236450074897505, 7.981028210207981 ], [ -76.236598549382549, 7.981028515424549 ], [ -76.236746842189461, 7.981111044238737 ], [ -76.236895144932475, 7.981193562959362 ], [ -76.237026810854331, 7.981341830046457 ], [ -76.237092532195419, 7.981473523227178 ], [ -76.237108719676897, 7.981621555839298 ], [ -76.237157839652411, 7.98180254855227 ], [ -76.237273048786292, 7.981934341194281 ], [ -76.237275338771781, 7.981937395234719 ], [ -76.237371754536454, 7.982066096748378 ], [ -76.237387952200322, 7.982214130121771 ], [ -76.2373711539109, 7.982362100204588 ], [ -76.237321359566721, 7.982509998875922 ], [ -76.237271602371337, 7.98264144957426 ], [ -76.237172391949102, 7.982756361856 ], [ -76.237073208675355, 7.982854826230178 ], [ -76.23700695884024, 7.982986249772946 ], [ -76.236940662747941, 7.983134122281201 ], [ -76.236940555107154, 7.983190284175742 ], [ -76.236940366911867, 7.983282118609215 ], [ -76.237039073092859, 7.983413875052252 ], [ -76.237170946005804, 7.983463480220752 ], [ -76.237352540711456, 7.9833980744318 ], [ -76.237418791326149, 7.983266649942832 ], [ -76.237418935023626, 7.983198970616034 ], [ -76.237419096882746, 7.983118643667201 ], [ -76.237419401625488, 7.982970646432505 ], [ -76.237469159598959, 7.982839186679315 ], [ -76.237502451303286, 7.982691251883647 ], [ -76.237502756983943, 7.982543254651397 ], [ -76.237536084111795, 7.982378880938133 ], [ -76.237552883236447, 7.982230909961647 ], [ -76.237553178995896, 7.982082912812069 ], [ -76.237553484681996, 7.981934907452453 ], [ -76.237570282932893, 7.981786935585999 ], [ -76.237620040937927, 7.981655485823166 ], [ -76.237620345812246, 7.981507487705536 ], [ -76.237620643400348, 7.981359482416155 ], [ -76.237584782195498, 7.981239404349972 ], [ -76.237587953265702, 7.98121141195115 ], [ -76.237489282310435, 7.981063216564277 ], [ -76.237390637687582, 7.98089856509876 ], [ -76.237291930552502, 7.980766809447273 ], [ -76.23719318809998, 7.980651501714897 ], [ -76.237143996689554, 7.980503395860589 ], [ -76.237144301909282, 7.980355398571567 ], [ -76.237144607079117, 7.980207392247077 ], [ -76.237175302566371, 7.980070992293789 ], [ -76.237227386551879, 7.980059566161917 ], [ -76.237392416594659, 7.980027010699344 ], [ -76.237410338409219, 7.980019105549406 ], [ -76.237541015878165, 7.979961533029289 ], [ -76.237689517042412, 7.979945390109939 ], [ -76.237837854766653, 7.980011469664088 ], [ -76.237953126775622, 7.980110364575427 ], [ -76.238051897365764, 7.980209234134701 ], [ -76.238200568178485, 7.980110867557937 ], [ -76.238242861072237, 7.980061882755798 ], [ -76.238295528663556, 7.980000879412811 ], [ -76.238299777878339, 7.979995956291098 ], [ -76.238302087403468, 7.979985732950621 ], [ -76.238333079400022, 7.979848020641913 ], [ -76.238432323527107, 7.979716669570961 ], [ -76.238383105688982, 7.979585012775773 ], [ -76.238234631976752, 7.97958470708944 ], [ -76.238086168290948, 7.979584411209662 ], [ -76.23793770269296, 7.979584105352452 ], [ -76.237789238964623, 7.979583809365685 ], [ -76.237640935898739, 7.979501280869255 ], [ -76.237525627780855, 7.979418823802956 ], [ -76.237426857548172, 7.979319955794716 ], [ -76.237427154672744, 7.979171957699918 ], [ -76.237377971745275, 7.979023852667108 ], [ -76.237393216073514, 7.97899361629489 ], [ -76.237444223198921, 7.978892439270974 ], [ -76.237592956542926, 7.978761177177129 ], [ -76.237741591749014, 7.978679258887023 ], [ -76.237906584802062, 7.97866314419334 ], [ -76.238055059126808, 7.978663449220609 ], [ -76.238203524296082, 7.978663745230708 ], [ -76.238352023989805, 7.978647603180968 ], [ -76.238500551832544, 7.978615021321208 ], [ -76.238632694211063, 7.978533059356218 ], [ -76.238665984890915, 7.978385132886706 ], [ -76.238666290702028, 7.978237126762337 ], [ -76.238534454267253, 7.978171081651116 ], [ -76.238475722161255, 7.978170965923796 ], [ -76.238469020675737, 7.978088724909441 ], [ -76.238353165243794, 7.978088490762734 ], [ -76.238204691241407, 7.978088194794188 ], [ -76.238056227108814, 7.978087888756024 ], [ -76.237907762126952, 7.978087592609576 ], [ -76.237759297966051, 7.978087288271368 ], [ -76.237610832934536, 7.978086991114488 ], [ -76.237462503285187, 7.978020911124001 ], [ -76.237330728769606, 7.9779219705603 ], [ -76.23718253381621, 7.977790115766572 ], [ -76.237149844642801, 7.9776420468755 ], [ -76.237051065994464, 7.977543177730466 ], [ -76.236952295557685, 7.97744430938199 ], [ -76.236952593131591, 7.977296312111897 ], [ -76.236963713688141, 7.977288425002613 ], [ -76.237068233406063, 7.977214322596147 ], [ -76.237216697286215, 7.97721461917823 ], [ -76.237414550954881, 7.977264359279594 ], [ -76.237513294062481, 7.977379667261673 ], [ -76.237661696151051, 7.977412858611943 ], [ -76.237810061030075, 7.977462499681267 ], [ -76.237958525806718, 7.977462796856808 ], [ -76.238106990626136, 7.977463102110049 ], [ -76.238255455360246, 7.977463399178633 ], [ -76.238403920137145, 7.977463704324934 ], [ -76.238552392978306, 7.977464000319237 ], [ -76.23870085764861, 7.977464297227377 ], [ -76.238783575414757, 7.977349357134131 ], [ -76.238668267075397, 7.977266901140388 ], [ -76.23855303052558, 7.977151557321191 ], [ -76.238528255760514, 7.977101916728607 ], [ -76.238487310059881, 7.97701986426063 ], [ -76.23840506099603, 7.976904583785329 ], [ -76.238289761907083, 7.976822126629553 ], [ -76.238174490198631, 7.976723232372616 ], [ -76.238092240377199, 7.976607950878306 ], [ -76.238076044419017, 7.976459918408496 ], [ -76.238076348901515, 7.976311911299212 ], [ -76.238076646233182, 7.976163914183996 ], [ -76.238225145977026, 7.976147770724124 ], [ -76.238373611116941, 7.976148067030003 ], [ -76.238522075407559, 7.976148373227611 ], [ -76.238523979656051, 7.976148372779137 ], [ -76.238670548661617, 7.976148669362704 ], [ -76.238802376148939, 7.976214712943967 ], [ -76.238917684126449, 7.976297169914715 ], [ -76.239049485366792, 7.976379662156032 ], [ -76.239197716317548, 7.976495078242487 ], [ -76.239329318843318, 7.97667623166226 ], [ -76.239360598739466, 7.976817923261724 ], [ -76.23936200852377, 7.976824301006178 ], [ -76.239361990602902, 7.97683491026648 ], [ -76.23936171175869, 7.976972298836576 ], [ -76.239361406922242, 7.977120304861192 ], [ -76.239361380006812, 7.977133798224418 ], [ -76.239361102035886, 7.977268301850378 ], [ -76.239360805334627, 7.977416299678379 ], [ -76.239360499655703, 7.977564305707699 ], [ -76.239360248341754, 7.977687232334752 ], [ -76.239360203004139, 7.977712304437564 ], [ -76.239359898266954, 7.977860309554732 ], [ -76.239425619136, 7.977991994174833 ], [ -76.239557481866697, 7.978041599236982 ], [ -76.239722584058171, 7.977976157295298 ], [ -76.239821793800772, 7.977861244215715 ], [ -76.239826672139699, 7.977839549572636 ], [ -76.239855084898437, 7.977713309701376 ], [ -76.239838995993324, 7.977515941007175 ], [ -76.239773275998061, 7.977384248334681 ], [ -76.239740586056286, 7.977236179103914 ], [ -76.239740881740161, 7.977088181336529 ], [ -76.239741188328026, 7.976940184386655 ], [ -76.239856900149519, 7.97682529757665 ], [ -76.240064688826138, 7.976766575196271 ], [ -76.240087972865823, 7.97675999142012 ], [ -76.240236474265288, 7.97674384807182 ], [ -76.240401467876609, 7.97672773181262 ], [ -76.24053357392711, 7.976662226580652 ], [ -76.240625471306657, 7.976597063370616 ], [ -76.240649213875002, 7.976580238217323 ], [ -76.240732029550628, 7.976415954331213 ], [ -76.240798279542801, 7.976284530139661 ], [ -76.240831572170237, 7.976136595715067 ], [ -76.240831876682151, 7.975988598027157 ], [ -76.240782650047962, 7.975856940794912 ], [ -76.240634185289323, 7.975856636279177 ], [ -76.240436097800242, 7.975922014874189 ], [ -76.240320394508743, 7.976036900716521 ], [ -76.240188323970273, 7.97608596692575 ], [ -76.240039859942229, 7.976085661318747 ], [ -76.239891395057825, 7.976085364699984 ], [ -76.239693576712583, 7.97601918588239 ], [ -76.239611363080741, 7.975887456861411 ], [ -76.23955097882272, 7.975847159251669 ], [ -76.239472267706219, 7.975794616060095 ], [ -76.239463096087249, 7.97578848972555 ], [ -76.23933133140693, 7.975689557757867 ], [ -76.239232588568427, 7.975574251147878 ], [ -76.239084150990195, 7.97555750628661 ], [ -76.238935686088183, 7.975557200212833 ], [ -76.238787222149483, 7.975556904016594 ], [ -76.238638757212044, 7.975556598739342 ], [ -76.238490293230797, 7.97555630243615 ], [ -76.23834182825081, 7.975555997051961 ], [ -76.238226187795036, 7.97563798574487 ], [ -76.238077552771131, 7.975719911878487 ], [ -76.237945456231387, 7.975785417188057 ], [ -76.237780488879253, 7.975785085365321 ], [ -76.237615530563829, 7.975784753405638 ], [ -76.237384816967577, 7.975669174972912 ], [ -76.237220092546053, 7.975553724315135 ], [ -76.237038903271738, 7.975421797447518 ], [ -76.236956662328367, 7.975306526266794 ], [ -76.236808332062651, 7.975240445604014 ], [ -76.236626935271048, 7.975207180993708 ], [ -76.236478703555733, 7.975091774358829 ], [ -76.236346975030315, 7.9749763948799 ], [ -76.236248232924353, 7.974861078114225 ], [ -76.236232071627356, 7.974696596390945 ], [ -76.236199418153191, 7.974532088223768 ], [ -76.236183292534648, 7.974351166625755 ], [ -76.236101115012431, 7.974202999171099 ], [ -76.23601886640445, 7.974087717720605 ], [ -76.235986175734567, 7.9739396493542 ], [ -76.235920527128073, 7.973775069291355 ], [ -76.235920832847412, 7.973627070892209 ], [ -76.235921137624828, 7.973479065271616 ], [ -76.2359214343237, 7.973331066941715 ], [ -76.235806333057937, 7.973149939613571 ], [ -76.235707697644855, 7.972985296558368 ], [ -76.235614919979895, 7.97283043617426 ], [ -76.235609054178454, 7.972820654414115 ], [ -76.235593090994996, 7.972814824080409 ], [ -76.235427737819165, 7.972754501774513 ], [ -76.235279274397286, 7.972754204814136 ], [ -76.235130809077589, 7.972753899683273 ], [ -76.234965879012691, 7.972737119135147 ], [ -76.234751567417163, 7.972670905061781 ], [ -76.234603238318229, 7.972604823980708 ], [ -76.234471472825945, 7.9725058932076 ], [ -76.234323340539618, 7.972341142069362 ], [ -76.234274122041498, 7.972209484796245 ], [ -76.234241244169638, 7.972154606858411 ], [ -76.234241306034278, 7.972127198891745 ], [ -76.23430755657904, 7.971995776081824 ], [ -76.234373807993222, 7.971864352367007 ], [ -76.234390605786658, 7.971716382104368 ], [ -76.234473385976798, 7.971568555001803 ], [ -76.234572569314594, 7.971470082103154 ], [ -76.23470477358839, 7.971355241378924 ], [ -76.234853239362323, 7.971355545954726 ], [ -76.234871833793051, 7.971337077216626 ], [ -76.234926828881484, 7.971370125735276 ], [ -76.234985102299163, 7.971405141797691 ], [ -76.235133396181567, 7.971487670893844 ], [ -76.235265197005049, 7.971570162556246 ], [ -76.235413626200739, 7.971586906778111 ], [ -76.235562090158183, 7.971587212886555 ], [ -76.235710554922463, 7.97158750899634 ], [ -76.235859019743671, 7.971587814990818 ], [ -76.236007483559177, 7.971588111000803 ], [ -76.236155940181263, 7.971588416952155 ], [ -76.23630440395425, 7.971588712855262 ], [ -76.236306856813471, 7.971587366406773 ], [ -76.236453039395016, 7.971506795927047 ], [ -76.236519289968001, 7.971375372171732 ], [ -76.236667925274688, 7.971293455213544 ], [ -76.236703363895387, 7.971289601111518 ], [ -76.236714925240491, 7.971270476237655 ], [ -76.236890446827132, 7.97103817204624 ], [ -76.236949278023786, 7.970805616447783 ], [ -76.237037339969135, 7.970544062412833 ], [ -76.237125221687748, 7.970369743869903 ], [ -76.237300554841894, 7.97022472043403 ], [ -76.237504876777066, 7.970166958231376 ], [ -76.237767435781535, 7.970167497413331 ], [ -76.237913250824278, 7.970196862735167 ], [ -76.238321167024637, 7.970430371413645 ], [ -76.238583663859885, 7.970459980342695 ], [ -76.238846222706073, 7.970460509728908 ], [ -76.239108719749453, 7.970490154440029 ], [ -76.239400358136052, 7.970548894685558 ], [ -76.239750430986291, 7.970549605237157 ], [ -76.239925710742114, 7.970433650343113 ], [ -76.240042868627668, 7.970201219568204 ], [ -76.2400726210589, 7.969910462159503 ], [ -76.239810546712704, 7.969677259980243 ], [ -76.239635626670037, 7.969618762265261 ], [ -76.239431663775306, 7.969501989699352 ], [ -76.239169527233116, 7.96929789242016 ], [ -76.238819633218156, 7.96920992937158 ], [ -76.238527797274443, 7.969267510814923 ], [ -76.238323259610866, 7.969412480935365 ], [ -76.238148159696976, 7.969441227783507 ], [ -76.23794396424158, 7.969440814170359 ], [ -76.237710626922492, 7.969411224134315 ], [ -76.237535716012275, 7.969352725293787 ], [ -76.237302594260058, 7.969235900165287 ], [ -76.236981797295471, 7.969177095843824 ], [ -76.236690086748069, 7.96917650276738 ], [ -76.236573243395327, 7.969234399303877 ], [ -76.236397972827035, 7.969350398954295 ], [ -76.236280930533596, 7.969524654351168 ], [ -76.236192627202371, 7.969902529636546 ], [ -76.236104808186909, 7.970047769560578 ], [ -76.235783660195906, 7.970163428349405 ], [ -76.235579454857231, 7.970163014684823 ], [ -76.235346180028699, 7.970104354785037 ], [ -76.235112698881366, 7.970162053819474 ], [ -76.235082901979411, 7.970452801757969 ], [ -76.235053499979344, 7.970569098036584 ], [ -76.234790527377129, 7.970772117889195 ], [ -76.234615427607338, 7.970800828320177 ], [ -76.234352868315952, 7.970800289095409 ], [ -76.234207295927789, 7.970654609103184 ], [ -76.234178549996429, 7.970450942695217 ], [ -76.234237336238024, 7.970247500599218 ], [ -76.234325208574873, 7.970073192222801 ], [ -76.234471409520197, 7.969898991129896 ], [ -76.234675892545809, 7.969783099004221 ], [ -76.234938686611599, 7.969667288881149 ], [ -76.235142945156568, 7.96963863169712 ], [ -76.235434844315918, 7.969551990064614 ], [ -76.23552271684008, 7.969377671746217 ], [ -76.235523139387027, 7.969174112950899 ], [ -76.235377540151376, 7.969057458272953 ], [ -76.235056688753716, 7.969027723564984 ], [ -76.23479406652234, 7.969056262754811 ], [ -76.234648010256265, 7.969143202193787 ], [ -76.234472676382495, 7.969288270777342 ], [ -76.234239258373606, 7.969316856256268 ], [ -76.234064221532662, 7.969316495760406 ], [ -76.233859800970976, 7.969403327935431 ], [ -76.233830345101183, 7.969548692831268 ], [ -76.23374234601367, 7.969781177336294 ], [ -76.23374198707377, 7.969955675027978 ], [ -76.233625061578692, 7.970071745923592 ], [ -76.233362323393493, 7.970158450690527 ], [ -76.233216751265772, 7.970012735782278 ], [ -76.233246269869611, 7.969838301251582 ], [ -76.233100670930497, 7.96972168174883 ], [ -76.232838111052473, 7.969721143098869 ], [ -76.232604719545762, 7.969720656667429 ], [ -76.232371022911181, 7.969865601195983 ], [ -76.2323124620833, 7.96998179811245 ], [ -76.232195681017799, 7.970010634068156 ], [ -76.232020887314079, 7.969893951044827 ], [ -76.231992086691818, 7.969719399667903 ], [ -76.232079969213814, 7.969545091358755 ], [ -76.232284406948338, 7.969429189734663 ], [ -76.23260550124283, 7.969342610268545 ], [ -76.232809759978309, 7.96931391809815 ], [ -76.233101694514517, 7.969227275932289 ], [ -76.23324795770877, 7.96902401373548 ], [ -76.233365331912992, 7.968704339325733 ], [ -76.233278357166597, 7.968442418018653 ], [ -76.23304532515219, 7.968267443671191 ], [ -76.232695369036662, 7.9682085857159 ], [ -76.232461852199236, 7.968266239884333 ], [ -76.232199301253758, 7.96826570129605 ], [ -76.231907581803569, 7.968265099224918 ], [ -76.231907887645946, 7.968119715942646 ], [ -76.231929232123122, 7.96792719780291 ], [ -76.232059342854498, 7.967862653798269 ], [ -76.232173087932608, 7.967862888343507 ], [ -76.232286868845634, 7.967830754685101 ], [ -76.232384479871669, 7.967782371704992 ], [ -76.232433483199259, 7.967652897194372 ], [ -76.232449948531908, 7.967539538912489 ], [ -76.232450066233326, 7.96748204668352 ], [ -76.232588936261195, 7.967482334448403 ], [ -76.232743751819697, 7.967504701840348 ], [ -76.232829037523572, 7.967573010373981 ], [ -76.232854181635304, 7.967593140718707 ], [ -76.233008718717642, 7.967747831361258 ], [ -76.233096978394073, 7.967858278662392 ], [ -76.233251784997861, 7.967880646770211 ], [ -76.23329834536257, 7.967894005121748 ], [ -76.233406547325643, 7.967925069285805 ], [ -76.233539011996982, 7.968057651008187 ], [ -76.233627271877637, 7.968168099014534 ], [ -76.233737702031419, 7.968256538410563 ], [ -76.233825961106419, 7.968366986342216 ], [ -76.233999902093473, 7.968454122859343 ], [ -76.234002759297681, 7.96845555973894 ], [ -76.23408679625831, 7.968497663666229 ], [ -76.234135358887841, 7.968521990387157 ], [ -76.234154224028586, 7.968524711752466 ], [ -76.234290165663509, 7.968544358886261 ], [ -76.23451138456781, 7.968544807779725 ], [ -76.234710479274938, 7.968545211609796 ], [ -76.234763722251287, 7.968545319788266 ], [ -76.234865339252295, 7.968545526269274 ], [ -76.235020191049941, 7.968545840934336 ], [ -76.235175041911106, 7.968546154644899 ], [ -76.235352018705626, 7.968546514098234 ], [ -76.235506871336909, 7.968546828573547 ], [ -76.235661732101647, 7.968547142927031 ], [ -76.235816582881242, 7.968547458203745 ], [ -76.235993649628782, 7.968503710341204 ], [ -76.236148591281975, 7.968459916651844 ], [ -76.236369899782403, 7.96841625935009 ], [ -76.236502770371146, 7.968350367122903 ], [ -76.236635685078355, 7.968262431308277 ], [ -76.236790625586323, 7.968218638352154 ], [ -76.2369014160045, 7.968130647711727 ], [ -76.236968052740309, 7.967998461260266 ], [ -76.236924079989365, 7.967866049633687 ], [ -76.236924394126675, 7.967711683264426 ], [ -76.236880422355043, 7.967579270703222 ], [ -76.236792243022705, 7.967424715847252 ], [ -76.236659966234299, 7.967203918699653 ], [ -76.236615993764801, 7.967071507865739 ], [ -76.236616308066587, 7.966917132411 ], [ -76.236616623368832, 7.966762765982959 ], [ -76.236616936803514, 7.966608389630101 ], [ -76.236617252088081, 7.966454015069141 ], [ -76.236617565640032, 7.966299647749213 ], [ -76.236595764240874, 7.966145228234344 ], [ -76.236596077776383, 7.965990851874686 ], [ -76.236574266542846, 7.965836440556051 ], [ -76.236548710044474, 7.965759464100024 ], [ -76.23653029532035, 7.965704028725523 ], [ -76.236486411560278, 7.965527509874836 ], [ -76.236486726150432, 7.965373135295025 ], [ -76.236487040820506, 7.965218767942063 ], [ -76.236487228817438, 7.965127265915577 ], [ -76.236487354550633, 7.965064393367594 ], [ -76.236465544380337, 7.964909972959662 ], [ -76.236465867291727, 7.964755606440557 ], [ -76.23644405628589, 7.964601186026846 ], [ -76.236400083579809, 7.964468774120307 ], [ -76.236532944988696, 7.964402883353094 ], [ -76.236665589977378, 7.964447259133192 ], [ -76.23675380419499, 7.964579760873019 ], [ -76.236842072609832, 7.964690208994318 ], [ -76.236974574298628, 7.964800737064436 ], [ -76.237085003623051, 7.96488917655559 ], [ -76.237239586187471, 7.965021812802682 ], [ -76.237327845771176, 7.965132260798782 ], [ -76.237393943645003, 7.965264708286178 ], [ -76.237261083176051, 7.965330600280456 ], [ -76.23708406123481, 7.965352293701049 ], [ -76.237039550385333, 7.965484525775048 ], [ -76.237039235120676, 7.965638901182008 ], [ -76.236950516864454, 7.965748990033036 ], [ -76.236928086644937, 7.965903312366803 ], [ -76.23694988901876, 7.966057731813705 ], [ -76.237035542534684, 7.966207866567832 ], [ -76.237015671896941, 7.966344554752063 ], [ -76.237015312639414, 7.966520983650648 ], [ -76.237015249881495, 7.96655023293325 ], [ -76.237014999341383, 7.966675359944399 ], [ -76.237080952586922, 7.966873967988035 ], [ -76.23714700597283, 7.967028477956895 ], [ -76.23727942697063, 7.967183123349937 ], [ -76.237389857110884, 7.967271554337298 ], [ -76.237544528160299, 7.967360083104254 ], [ -76.237696928305454, 7.967360388091693 ], [ -76.237714390542195, 7.967388370061165 ], [ -76.237860330744383, 7.967518239731747 ], [ -76.237997620734319, 7.96757330671767 ], [ -76.238052705175605, 7.967669858154368 ], [ -76.238207512147326, 7.96769222612645 ], [ -76.23836236402758, 7.967692539659906 ], [ -76.2385392510038, 7.967737006627549 ], [ -76.2387160481248, 7.967825572298355 ], [ -76.238870864157448, 7.967847939913005 ], [ -76.238895064661449, 7.967847992806688 ], [ -76.239025716003908, 7.96784825407769 ], [ -76.239158620541957, 7.967848522984091 ], [ -76.239180566920936, 7.96784856819135 ], [ -76.239335418728217, 7.967848883143271 ], [ -76.239363661631373, 7.967813830679168 ], [ -76.239424136365784, 7.967738793864041 ], [ -76.239468648108641, 7.967606561740708 ], [ -76.239539039775906, 7.967606705989809 ], [ -76.239623499781317, 7.967606876621154 ], [ -76.239778396271618, 7.967585137099846 ], [ -76.239933256952483, 7.967585451796492 ], [ -76.240088107562883, 7.967585756574915 ], [ -76.240242960048022, 7.967586072122604 ], [ -76.240419937385482, 7.967586431362404 ], [ -76.240574787994234, 7.967586744992825 ], [ -76.240729648563118, 7.967587060294053 ], [ -76.240884500866954, 7.967587364759459 ], [ -76.241039352326737, 7.967587680015371 ], [ -76.241194203756237, 7.967587994309711 ], [ -76.241349064232466, 7.967588309378478 ], [ -76.241503915608533, 7.967588622653135 ], [ -76.241658857298603, 7.967544820931513 ], [ -76.241615442397475, 7.967348171352072 ], [ -76.24161502038146, 7.967346257391086 ], [ -76.241748015271511, 7.967214204722838 ], [ -76.241794062930197, 7.967191370247022 ], [ -76.241880884917151, 7.967148313968115 ], [ -76.242035780783709, 7.967126573717611 ], [ -76.242234973635263, 7.96708286191351 ], [ -76.242412256189638, 7.96692884584979 ], [ -76.242427859909384, 7.966916459373049 ], [ -76.242523046386395, 7.966840856112443 ], [ -76.242677942019625, 7.966819116584598 ], [ -76.24278829054569, 7.966951663241916 ], [ -76.242810093349846, 7.967106075158226 ], [ -76.242829371201907, 7.967173862333756 ], [ -76.242854030132904, 7.967260539656369 ], [ -76.243008882086599, 7.96726085511955 ], [ -76.243163777698882, 7.967239106322222 ], [ -76.243199970804184, 7.967203173808719 ], [ -76.243274612380077, 7.967129063049816 ], [ -76.243407436896675, 7.967085225276278 ], [ -76.243518225895016, 7.966997235348416 ], [ -76.243606934707344, 7.96688714574748 ], [ -76.243702597346228, 7.966811167228854 ], [ -76.243717723605073, 7.966799155804011 ], [ -76.243717814072156, 7.966756001387248 ], [ -76.243718038902017, 7.966644781383304 ], [ -76.243718344246005, 7.966490406136336 ], [ -76.24371865783371, 7.966336038955757 ], [ -76.243718973193097, 7.966181663628997 ], [ -76.243652875148484, 7.966049207178459 ], [ -76.243564606006089, 7.965938767685283 ], [ -76.243432104618691, 7.965828229927284 ], [ -76.243343835602289, 7.965717792150065 ], [ -76.243233450900036, 7.965607298877473 ], [ -76.243189469700624, 7.96547488686114 ], [ -76.24323399015671, 7.965342663861025 ], [ -76.243411183110027, 7.965232746400042 ], [ -76.243566079802534, 7.965211006785863 ], [ -76.243720930868832, 7.96521132138854 ], [ -76.243765487596988, 7.965057036082183 ], [ -76.24367722775348, 7.964946588333179 ], [ -76.243522510950982, 7.964880120814906 ], [ -76.24345641334294, 7.96474766512005 ], [ -76.24350097019483, 7.964593378916175 ], [ -76.243523400654666, 7.964439058117973 ], [ -76.243523714554087, 7.964284681861415 ], [ -76.243524020327399, 7.964130306571318 ], [ -76.243524335186578, 7.963975931209407 ], [ -76.243524738683547, 7.963777457258501 ], [ -76.243414488897798, 7.963600803738915 ], [ -76.243326310090097, 7.963446258115268 ], [ -76.243216059601224, 7.963269603574154 ], [ -76.243105810210452, 7.963092958895343 ], [ -76.243039712323608, 7.9629605029622 ], [ -76.24304002579288, 7.962806135666053 ], [ -76.243040331978278, 7.962651761198101 ], [ -76.243040646329035, 7.96249738485854 ], [ -76.243107283219658, 7.962365197620503 ], [ -76.243129714045025, 7.962210875915821 ], [ -76.243130027536665, 7.962056501401066 ], [ -76.243063929930912, 7.961924043595582 ], [ -76.242909123979572, 7.96190168481678 ], [ -76.242776478230184, 7.961857309182908 ], [ -76.242643932079801, 7.961768823939071 ], [ -76.242555798095339, 7.961592225390499 ], [ -76.242445502937088, 7.961437624597197 ], [ -76.242379404866838, 7.961305177399172 ], [ -76.242202706030866, 7.961172495695418 ], [ -76.242070106367962, 7.961106074436144 ], [ -76.24193746995455, 7.961061698321544 ], [ -76.241782618379389, 7.961061383340763 ], [ -76.241627766859253, 7.961061078240005 ], [ -76.24147291523775, 7.9610607631431 ], [ -76.241229526077902, 7.961082323270695 ], [ -76.241074583653216, 7.961126115774197 ], [ -76.240941767590286, 7.961169962920993 ], [ -76.240830888988611, 7.961302060423246 ], [ -76.240719883618226, 7.961500309100919 ], [ -76.240586835384633, 7.9616544152621 ], [ -76.240431892603283, 7.961698207637788 ], [ -76.240277041546236, 7.961697902120092 ], [ -76.240122190402104, 7.961697588413153 ], [ -76.23996733922769, 7.961697273744686 ], [ -76.23987907936538, 7.961586826292361 ], [ -76.239879250188835, 7.961500686166732 ], [ -76.239879394236922, 7.961432459417846 ], [ -76.239901824558785, 7.961278129299719 ], [ -76.239990623074092, 7.961123932777233 ], [ -76.240035134751963, 7.960991700917875 ], [ -76.240035448748273, 7.960837334070304 ], [ -76.240035762703826, 7.960682959090689 ], [ -76.240036077581664, 7.96052858319965 ], [ -76.239859198664561, 7.960484117452447 ], [ -76.239704347972037, 7.960483810633304 ], [ -76.23954949630037, 7.960483497438966 ], [ -76.239394644598434, 7.96048318328309 ], [ -76.239239792866258, 7.960482868165689 ], [ -76.239084942024306, 7.960482553886607 ], [ -76.238930090316856, 7.96048224768773 ], [ -76.238775237623173, 7.960481934210155 ], [ -76.23862043177526, 7.960459566285902 ], [ -76.238487920766133, 7.960349027583762 ], [ -76.238355284560214, 7.96030465096966 ], [ -76.238200432824414, 7.960304346277497 ], [ -76.23804558189363, 7.960304031582098 ], [ -76.237846397984939, 7.960347734764166 ], [ -76.237735609297914, 7.960435724764008 ], [ -76.237646855798644, 7.960567866683867 ], [ -76.237624416284746, 7.960722188036991 ], [ -76.237425141830315, 7.960809999010692 ], [ -76.237292325829273, 7.960853836059629 ], [ -76.237137204674795, 7.960985843920798 ], [ -76.237136890581809, 7.961140219325616 ], [ -76.2371144509207, 7.961294540736722 ], [ -76.237114136865685, 7.961448916143117 ], [ -76.237091616124758, 7.961647354434007 ], [ -76.237091301136999, 7.961801720814167 ], [ -76.236958432413445, 7.961867612362236 ], [ -76.236803579807628, 7.961867298347992 ], [ -76.23664872814885, 7.961866992399802 ], [ -76.236524384281495, 7.961825391231999 ], [ -76.23649414638389, 7.961734356273905 ], [ -76.236339294664887, 7.961734042058527 ], [ -76.236272523327003, 7.961932389572661 ], [ -76.23625101735712, 7.961982138268994 ], [ -76.236205850360108, 7.962086620959393 ], [ -76.236117087944919, 7.96221876384914 ], [ -76.23606262303629, 7.962225437867569 ], [ -76.235940075190882, 7.962240458013407 ], [ -76.235807250289241, 7.962284295798661 ], [ -76.235760833668991, 7.962353402696691 ], [ -76.235718495843713, 7.962416437703064 ], [ -76.23567389491528, 7.962592767717032 ], [ -76.23567357961511, 7.962747144241887 ], [ -76.235673257073685, 7.962901519015531 ], [ -76.235540261130268, 7.963033562740692 ], [ -76.235452092064435, 7.963033382815586 ], [ -76.235385409684511, 7.963033248356784 ], [ -76.235230827617684, 7.962900620812014 ], [ -76.235054029526722, 7.962812047091456 ], [ -76.234943609329775, 7.962723608395328 ], [ -76.234943924001641, 7.962569231768222 ], [ -76.234944237875496, 7.96241486598892 ], [ -76.234944544147481, 7.962265530182127 ], [ -76.234944552600666, 7.962260490263546 ], [ -76.235033261221986, 7.962150401991611 ], [ -76.235122024151465, 7.962018269138651 ], [ -76.235146888674805, 7.961968924308963 ], [ -76.235188652306206, 7.961886082276313 ], [ -76.23527736894998, 7.961775993041733 ], [ -76.23538829339536, 7.961621841835909 ], [ -76.2354107237487, 7.961467521235075 ], [ -76.235455334764737, 7.961291181229198 ], [ -76.235514156215231, 7.961203604427664 ], [ -76.235544088314128, 7.961159039445747 ], [ -76.235623229590701, 7.96108047208052 ], [ -76.235677083820946, 7.961026986918036 ], [ -76.235692130212911, 7.960967508935637 ], [ -76.235721693904182, 7.96085065598694 ], [ -76.235722007673445, 7.960696281279159 ], [ -76.235722323264184, 7.960541904749427 ], [ -76.235722637150644, 7.960387539074582 ], [ -76.235722951881357, 7.960233162550192 ], [ -76.235767507649257, 7.960078878026226 ], [ -76.23592249356912, 7.960013031222036 ], [ -76.235931891148454, 7.96001071442362 ], [ -76.236099560657522, 7.959969291975183 ], [ -76.236210350692147, 7.959881302314821 ], [ -76.236254907170249, 7.95972701691415 ], [ -76.23629946272294, 7.959572730624741 ], [ -76.23634397487514, 7.959440498752842 ], [ -76.236366415021664, 7.959286177296672 ], [ -76.236411060976423, 7.959087784893082 ], [ -76.236543921882586, 7.959021892991333 ], [ -76.236698774368136, 7.959022208428639 ], [ -76.236853625003818, 7.959022522015113 ], [ -76.237008476529738, 7.959022836439913 ], [ -76.237163328032537, 7.95902315080668 ], [ -76.237340431328207, 7.95895734878009 ], [ -76.237384943113668, 7.958825116953745 ], [ -76.237252350810223, 7.958758687154494 ], [ -76.237097500319635, 7.95875837187062 ], [ -76.236942648078553, 7.958758067384438 ], [ -76.236787796635454, 7.958757751991544 ], [ -76.236632945183402, 7.958757438347548 ], [ -76.2364781018575, 7.958757123678353 ], [ -76.236317520378364, 7.958742239267464 ], [ -76.236234803043459, 7.958734576091179 ], [ -76.236102256049975, 7.958646092310595 ], [ -76.236036212028424, 7.958491591314479 ], [ -76.235925871971332, 7.958359043709286 ], [ -76.235926186945264, 7.958204669010233 ], [ -76.235882303704599, 7.958028149631683 ], [ -76.235820993643657, 7.957874457283229 ], [ -76.235794268582794, 7.957807442834333 ], [ -76.235750386417607, 7.957630924295696 ], [ -76.23575070071756, 7.95747655680089 ], [ -76.235751014983904, 7.957322182077458 ], [ -76.235662756405347, 7.957211733786415 ], [ -76.235574496073113, 7.957101286374659 ], [ -76.23541964506316, 7.957100972026317 ], [ -76.235375132523657, 7.95723320382888 ], [ -76.235374907812542, 7.95734347243357 ], [ -76.235374819008968, 7.957387578601987 ], [ -76.23535596322472, 7.957517251152917 ], [ -76.235308234669958, 7.957493337716263 ], [ -76.235308001644029, 7.957607972215376 ], [ -76.235307687254277, 7.957762347003382 ], [ -76.23524105021697, 7.957894533694645 ], [ -76.235218611379509, 7.958048865161205 ], [ -76.23521829604536, 7.958203230932365 ], [ -76.235240107121385, 7.958357651756763 ], [ -76.23532827723966, 7.958512207151783 ], [ -76.235394366322922, 7.958644654824488 ], [ -76.235504661105566, 7.958799255243388 ], [ -76.235526472397765, 7.958953675089759 ], [ -76.235526158228822, 7.959108041705906 ], [ -76.235503672545761, 7.959284425813363 ], [ -76.235392884212615, 7.959372416172077 ], [ -76.235260068148719, 7.959416254278823 ], [ -76.235105216212077, 7.959415939258445 ], [ -76.234950319875637, 7.959437677723289 ], [ -76.23479546789865, 7.959437364397068 ], [ -76.234662831954921, 7.959392987223494 ], [ -76.234507979944539, 7.95939267287936 ], [ -76.234485540040296, 7.959547002639898 ], [ -76.234618131589599, 7.959613425276803 ], [ -76.234728561521763, 7.959701864348541 ], [ -76.234728247229469, 7.959856239210832 ], [ -76.234727932967402, 7.960010614975723 ], [ -76.234727617744156, 7.960164980808687 ], [ -76.234727303528317, 7.960319356571843 ], [ -76.234726990241853, 7.960473732327064 ], [ -76.234660352821066, 7.960605910126391 ], [ -76.234660037740042, 7.960760285904073 ], [ -76.234659723581302, 7.960914660770345 ], [ -76.234615202618471, 7.961046883762992 ], [ -76.234482163171506, 7.961200989633042 ], [ -76.234371373252046, 7.961288980012788 ], [ -76.234216522295782, 7.961288665831256 ], [ -76.234128307100193, 7.961156163847047 ], [ -76.234040047594306, 7.961045717188851 ], [ -76.233885195766689, 7.961045401950088 ], [ -76.233730344829311, 7.961045087549658 ], [ -76.233597519755278, 7.961088926374078 ], [ -76.233442667844983, 7.961088610976028 ], [ -76.233398695909699, 7.960956199104679 ], [ -76.233332606676456, 7.960823751920367 ], [ -76.233244481646452, 7.960647143330288 ], [ -76.233200598766402, 7.960470624231569 ], [ -76.233045972043968, 7.96036004155826 ], [ -76.232913381105931, 7.960293611179379 ], [ -76.232758529407036, 7.960293297212071 ], [ -76.232581506723179, 7.960314990661037 ], [ -76.232404315096062, 7.96042490016536 ], [ -76.232271354578231, 7.960534899354397 ], [ -76.232116458109374, 7.960556628847615 ], [ -76.231961561679242, 7.960578368227546 ], [ -76.231806709730307, 7.960578053946587 ], [ -76.231762738372723, 7.960445641665947 ], [ -76.231674477786868, 7.960335203233384 ], [ -76.231652675733699, 7.960180782579239 ], [ -76.231653034767646, 7.960004353652921 ], [ -76.231675474910261, 7.959850031751697 ], [ -76.231764183515708, 7.959739943131522 ], [ -76.231874973084103, 7.959651953395342 ], [ -76.231963690660223, 7.959541864699347 ], [ -76.232030418156711, 7.959365579839401 ], [ -76.232163278583769, 7.959299688138771 ], [ -76.232362687294327, 7.959145725975962 ], [ -76.232429323671795, 7.959013539317443 ], [ -76.232540202833889, 7.958881442338366 ], [ -76.232562731773271, 7.958683013349978 ], [ -76.232563047048657, 7.958528637253472 ], [ -76.23256336054169, 7.958374262073696 ], [ -76.23258593587633, 7.958153778583151 ], [ -76.232719074777719, 7.957955566152041 ], [ -76.232829854712975, 7.957867584629867 ], [ -76.232962859866817, 7.9577355329637 ], [ -76.232985299637406, 7.957581202188863 ], [ -76.232897030612179, 7.957470754022175 ], [ -76.232720242692636, 7.957382179899355 ], [ -76.232587785739511, 7.95724959816132 ], [ -76.232499572326716, 7.957117096154816 ], [ -76.232367069991355, 7.957006558854965 ], [ -76.232256640371261, 7.956918119560887 ], [ -76.232124048987103, 7.956851689342261 ], [ -76.232002973879275, 7.956851446560606 ], [ -76.231969206630453, 7.956851375400516 ], [ -76.232013125344523, 7.957005839663206 ], [ -76.232086670124346, 7.957042679713132 ], [ -76.232145724941162, 7.957072269840669 ], [ -76.232211770098218, 7.957226781156587 ], [ -76.232255741640913, 7.95735918263786 ], [ -76.232255427886741, 7.957513558773095 ], [ -76.232144638839742, 7.957601549259124 ], [ -76.232033848756785, 7.957689529803025 ], [ -76.231834666038338, 7.957733233444045 ], [ -76.231679814229338, 7.957732917790433 ], [ -76.231524963317682, 7.957732603878658 ], [ -76.23137020974373, 7.957688181699452 ], [ -76.231149214615414, 7.957577465209467 ], [ -76.231038928779469, 7.95742286458588 ], [ -76.230950670136863, 7.957312416606368 ], [ -76.230818077743237, 7.957245986847375 ], [ -76.230685441625198, 7.957201609754324 ], [ -76.230552941319687, 7.957091071675705 ], [ -76.230531129528927, 7.95693666072789 ], [ -76.230487255999222, 7.956760142441009 ], [ -76.230376825769667, 7.956671703366792 ], [ -76.230244189852456, 7.956627326038152 ], [ -76.230089338243047, 7.956627012332771 ], [ -76.229978548661663, 7.956715002331922 ], [ -76.230044602010125, 7.956869503432348 ], [ -76.230110600841371, 7.957046067262434 ], [ -76.230132402607396, 7.957200487404927 ], [ -76.230132224402496, 7.957288306247812 ], [ -76.230202219558109, 7.95733502819769 ], [ -76.230402050931062, 7.957615139963309 ], [ -76.230524850238226, 7.957664404115437 ], [ -76.230573880262952, 7.95766450283845 ], [ -76.230728642010149, 7.957708924386462 ], [ -76.230861278312915, 7.957753301397459 ], [ -76.230993870005292, 7.957819731983544 ], [ -76.231148541665831, 7.957908260591312 ], [ -76.231236800543954, 7.95801870935702 ], [ -76.231236487398249, 7.958173083826622 ], [ -76.231169760403873, 7.958349368618682 ], [ -76.230970442393087, 7.958459232901629 ], [ -76.230793420078825, 7.958480928019381 ], [ -76.230704665666238, 7.95861306103931 ], [ -76.230704343347298, 7.958767435655507 ], [ -76.230704028315756, 7.958921812021289 ], [ -76.230814457566922, 7.959010250744481 ], [ -76.230858430968084, 7.959142654261224 ], [ -76.230769532815671, 7.959340957350696 ], [ -76.230680734620563, 7.959495144065557 ], [ -76.230636124851983, 7.959671483379099 ], [ -76.230635809916535, 7.959825857942777 ], [ -76.230635495853761, 7.959980225270743 ], [ -76.230635171901767, 7.960134599903309 ], [ -76.230590615814407, 7.960288886440142 ], [ -76.230479691858463, 7.960443027887719 ], [ -76.230368902609413, 7.960531018348518 ], [ -76.230214051338834, 7.960530702553214 ], [ -76.229970850371458, 7.96046403876348 ], [ -76.229904752210231, 7.960331592440155 ], [ -76.2298829498787, 7.960177171433901 ], [ -76.229839112169557, 7.959978598636501 ], [ -76.229773023168065, 7.959846142232567 ], [ -76.229706934292892, 7.959713694835093 ], [ -76.229707248680882, 7.9595593192356 ], [ -76.229641159835111, 7.959426862764436 ], [ -76.229575105737112, 7.959272351780999 ], [ -76.229531133584047, 7.959139949768749 ], [ -76.229376336407711, 7.959117573392708 ], [ -76.229221484622016, 7.959117257923272 ], [ -76.229066632827397, 7.959116944202751 ], [ -76.22891178099556, 7.959116628617213 ], [ -76.228778920524292, 7.959182512224098 ], [ -76.228668041518546, 7.959314608695189 ], [ -76.22862352112503, 7.959446840766565 ], [ -76.228623207155479, 7.959601208390221 ], [ -76.228622883296651, 7.959755583318433 ], [ -76.228600398124826, 7.959931958278622 ], [ -76.228600084283173, 7.960086334034119 ], [ -76.228511374520139, 7.960196422342894 ], [ -76.228378551101116, 7.960240250550053 ], [ -76.228312146655639, 7.960322662628767 ], [ -76.228289842156371, 7.960350339744029 ], [ -76.228267401687319, 7.960504670101673 ], [ -76.228222837296528, 7.960658946870629 ], [ -76.228222521602561, 7.960813321788828 ], [ -76.228222198617757, 7.960967688631349 ], [ -76.228221883883293, 7.961122064444247 ], [ -76.228265857116455, 7.961254475696513 ], [ -76.228331900542116, 7.961408986127246 ], [ -76.228420116252209, 7.96154148825066 ], [ -76.228508374812847, 7.961651926728835 ], [ -76.228552348251341, 7.961784337888318 ], [ -76.228441558136126, 7.961872328137503 ], [ -76.22833072412719, 7.961982363016288 ], [ -76.228286203666684, 7.96211459519593 ], [ -76.228263764272441, 7.96226892557435 ], [ -76.22821925187921, 7.962401148667972 ], [ -76.228218929195336, 7.962555523632856 ], [ -76.228218874646728, 7.96258418038421 ], [ -76.228186733340266, 7.962805165596088 ], [ -76.228146317514103, 7.962964903596085 ], [ -76.228145823840791, 7.963204647134208 ], [ -76.228145240367709, 7.963484381566366 ], [ -76.228104662540872, 7.963724044325651 ], [ -76.228024246280555, 7.963843753197137 ], [ -76.227864084777778, 7.963763506996584 ], [ -76.227784261311612, 7.963603508360144 ], [ -76.227744761924598, 7.963323727331795 ], [ -76.227745175326817, 7.963123905872222 ], [ -76.227785670549025, 7.962924202315124 ], [ -76.227786173560773, 7.962684458620345 ], [ -76.227666258237591, 7.962524388100778 ], [ -76.227385777203438, 7.962483848044684 ], [ -76.227185165727022, 7.962563347772545 ], [ -76.226984346813822, 7.962762721287466 ], [ -76.226703362739286, 7.962961922035129 ], [ -76.226502545179713, 7.96316129366288 ], [ -76.226381712115298, 7.963440778430876 ], [ -76.226301053291394, 7.963680349598476 ], [ -76.226300720300983, 7.963840186760804 ], [ -76.226300297824594, 7.964039963383571 ], [ -76.226139814100435, 7.964119545381585 ], [ -76.225939489627279, 7.964079174836044 ], [ -76.2258597461759, 7.963879228023235 ], [ -76.225860329561982, 7.963599528227115 ], [ -76.225860823585393, 7.963359785977045 ], [ -76.225981656999778, 7.96308029309714 ], [ -76.226022233594577, 7.962840640030407 ], [ -76.226143146625276, 7.962521225879661 ], [ -76.226343803564902, 7.962401776626682 ], [ -76.226544621915608, 7.962202405180252 ], [ -76.22658503658792, 7.96204265809257 ], [ -76.226905851656568, 7.961963409218974 ], [ -76.227186253007034, 7.962043907184222 ], [ -76.227547015827497, 7.962044651624053 ], [ -76.227707840909105, 7.961805206270673 ], [ -76.227788581772586, 7.961525667918922 ], [ -76.227789336815405, 7.961166054616385 ], [ -76.227669590848294, 7.960926060892437 ], [ -76.227509681644506, 7.960725942633458 ], [ -76.22734961110541, 7.960605749044325 ], [ -76.227149412714141, 7.960485418685366 ], [ -76.227069418169364, 7.96040534442688 ], [ -76.226989593409471, 7.960245345252553 ], [ -76.22723053094596, 7.960046061972866 ], [ -76.227551427347294, 7.959926855824836 ], [ -76.227592092741347, 7.959647237444419 ], [ -76.227592758273431, 7.95932758063946 ], [ -76.227553007682417, 7.959167671678481 ], [ -76.227754077763862, 7.958848392913851 ], [ -76.227994889377058, 7.958689058366845 ], [ -76.228035555574309, 7.958409440091232 ], [ -76.22791581010631, 7.958169455190309 ], [ -76.227795984345875, 7.957969417670189 ], [ -76.227635913274227, 7.957849213859049 ], [ -76.227314854708723, 7.958048335210369 ], [ -76.227234105968321, 7.95832787342121 ], [ -76.226953004825262, 7.958567030862038 ], [ -76.226712022606478, 7.958806279008227 ], [ -76.226471202831846, 7.958965604958992 ], [ -76.226149893268328, 7.9592846318837 ], [ -76.225949236563665, 7.959404090417931 ], [ -76.225868657897706, 7.959603713779125 ], [ -76.225787880921317, 7.959883243381664 ], [ -76.225587305257491, 7.959962744394977 ], [ -76.22530699500922, 7.959842288878687 ], [ -76.22498684358942, 7.959601881120459 ], [ -76.224867358882094, 7.959242015742776 ], [ -76.224867943029636, 7.958962281303713 ], [ -76.224908600546627, 7.958682661659521 ], [ -76.225109257559254, 7.958563212681086 ], [ -76.225350411312917, 7.958244050971822 ], [ -76.225431241286273, 7.957924565064833 ], [ -76.225352080973707, 7.957444874197978 ], [ -76.225473236749636, 7.95700559802864 ], [ -76.225433908993764, 7.956645902571419 ], [ -76.225234087707847, 7.956365746142607 ], [ -76.224913694875511, 7.956245209795311 ], [ -76.224472522828108, 7.956364163622292 ], [ -76.224176150764407, 7.956408694193499 ], [ -76.224015028937487, 7.956348076345052 ], [ -76.223934711327573, 7.956207265233066 ], [ -76.223935087971626, 7.956026433748785 ], [ -76.224016034680858, 7.955865851249091 ], [ -76.22419762073298, 7.955785864980271 ], [ -76.224459739515282, 7.955726126946838 ], [ -76.224782234897887, 7.955726792162016 ], [ -76.225044274349429, 7.95570722725978 ], [ -76.225245819965181, 7.955707648861466 ], [ -76.225508055521871, 7.955607756390576 ], [ -76.225629265614486, 7.955467322132391 ], [ -76.225770758672667, 7.955266720300711 ], [ -76.225791349060572, 7.955065828950923 ], [ -76.225731295685947, 7.954864767776576 ], [ -76.225590512075428, 7.954723831833678 ], [ -76.225409295274886, 7.954643063720171 ], [ -76.225207785374081, 7.954622574274085 ], [ -76.22498606261442, 7.954622115944397 ], [ -76.224764251216001, 7.954681942758282 ], [ -76.224643095171231, 7.95478215924342 ], [ -76.224542141839038, 7.954882374991072 ], [ -76.22438064334267, 7.955002614686831 ], [ -76.224179043115669, 7.955022305589792 ], [ -76.223977578359225, 7.954981674589368 ], [ -76.223776238788545, 7.954880784978067 ], [ -76.223675672329961, 7.954780146695636 ], [ -76.22365603472501, 7.95453899359249 ], [ -76.223757150123944, 7.954378447844319 ], [ -76.224059693339242, 7.95425850378268 ], [ -76.224341971250382, 7.954218907392885 ], [ -76.224584040293067, 7.954118942119225 ], [ -76.224705205145071, 7.953998658199303 ], [ -76.224806274251549, 7.953858223583464 ], [ -76.224907469025709, 7.953657496196678 ], [ -76.225028660561591, 7.953537175018021 ], [ -76.225190124208638, 7.953416971774565 ], [ -76.225250813934025, 7.953316629930897 ], [ -76.225291445384912, 7.953155957070511 ], [ -76.225352171151002, 7.95303554661154 ], [ -76.225453195637414, 7.952915181604739 ], [ -76.225634879532493, 7.952774910027233 ], [ -76.225796289029617, 7.952694888096038 ], [ -76.225977677083534, 7.952695256099307 ], [ -76.226158848741363, 7.952796101072502 ], [ -76.226400576676468, 7.952856854339989 ], [ -76.226642681843003, 7.95273681163206 ], [ -76.226764133918948, 7.952495956337751 ], [ -76.22676437684774, 7.952375374679521 ], [ -76.226744632014046, 7.952174404111609 ], [ -76.226684399998646, 7.952073810747201 ], [ -76.22660430565702, 7.951812463816798 ], [ -76.226626359919038, 7.951513108927188 ], [ -76.22662681799639, 7.951293030580523 ], [ -76.226664008277908, 7.95110972135608 ], [ -76.226590731682307, 7.950962854700057 ], [ -76.226407018062432, 7.950852415826883 ], [ -76.226223187314559, 7.950778673755031 ], [ -76.226113134104466, 7.950631726862387 ], [ -76.225966268799439, 7.950484700094389 ], [ -76.225855721736394, 7.950557831856935 ], [ -76.225597959078044, 7.950667353587646 ], [ -76.225340278191567, 7.950740181243449 ], [ -76.225155916302285, 7.950923185866286 ], [ -76.225045252756516, 7.951069674382218 ], [ -76.224971285648337, 7.951252902688319 ], [ -76.224787265579181, 7.951289212557447 ], [ -76.224640471704802, 7.951105534685973 ], [ -76.224604279328602, 7.950812018749774 ], [ -76.224641549916043, 7.950592012677602 ], [ -76.224605347762676, 7.950298496795146 ], [ -76.224421866910149, 7.950078041670174 ], [ -76.224210691172999, 7.949901873126218 ], [ -76.224202184412718, 7.94990185517376 ], [ -76.224124659248716, 7.94990169295203 ], [ -76.224049712613123, 7.949901541408159 ], [ -76.224012261990097, 7.949912662035975 ], [ -76.223911030909107, 7.949942710110657 ], [ -76.223772313028476, 7.949997695888381 ], [ -76.223633712416429, 7.949997408878274 ], [ -76.223495110943219, 7.949997129960058 ], [ -76.223356537384618, 7.949983026714741 ], [ -76.223176549549478, 7.949885928352796 ], [ -76.223065842307179, 7.94980279818297 ], [ -76.222955214537549, 7.949678209597753 ], [ -76.222955501812592, 7.949540031729867 ], [ -76.222858734576221, 7.949415470993734 ], [ -76.222720368154953, 7.949304646125351 ], [ -76.222720708891629, 7.949138835025254 ], [ -76.222859399684836, 7.949097664903229 ], [ -76.222878659931411, 7.949097700601037 ], [ -76.222998000940066, 7.949097944155306 ], [ -76.223136602233325, 7.949098230588762 ], [ -76.223275202615994, 7.949098518789775 ], [ -76.223413804785665, 7.949098806026767 ], [ -76.223552405967098, 7.949099085093057 ], [ -76.223663455268536, 7.949016413242329 ], [ -76.223677603659681, 7.948878260649147 ], [ -76.223677890792416, 7.948740081969917 ], [ -76.223692067217442, 7.948588114138309 ], [ -76.223844582800098, 7.948560796034376 ], [ -76.223983210824144, 7.948547257990617 ], [ -76.224191206618229, 7.94850623241745 ], [ -76.224205436135151, 7.948326632389114 ], [ -76.224136417753698, 7.948188309819485 ], [ -76.224011794673217, 7.948132785082226 ], [ -76.223873130620746, 7.9481601383829 ], [ -76.223784053867192, 7.948177709864376 ], [ -76.223734475530918, 7.948187483442843 ], [ -76.223595874688002, 7.948187205218354 ], [ -76.223457300860275, 7.948173100867248 ], [ -76.223318727037736, 7.948158998272945 ], [ -76.223166434727318, 7.94807577788751 ], [ -76.22312514011756, 7.947937509024228 ], [ -76.223153149226491, 7.947799393354131 ], [ -76.223220730260309, 7.947665328238507 ], [ -76.223222732998579, 7.94766135792403 ], [ -76.223212797376519, 7.947651404925504 ], [ -76.223125912121773, 7.947564430293603 ], [ -76.222987311400232, 7.947564150878087 ], [ -76.22284865631714, 7.947591495585537 ], [ -76.222710163165274, 7.947535944251161 ], [ -76.22268281784811, 7.947356253793199 ], [ -76.222780070042404, 7.947245913830839 ], [ -76.222877285980147, 7.947149390086564 ], [ -76.222920117380411, 7.947136670190248 ], [ -76.223015977052754, 7.947108220175767 ], [ -76.223210075940131, 7.947080982709681 ], [ -76.223348676539686, 7.947081271150391 ], [ -76.223487277942354, 7.947081548695901 ], [ -76.223639739724248, 7.947081864059871 ], [ -76.223778341165797, 7.947082151446123 ], [ -76.223916852195487, 7.947123887265378 ], [ -76.224138474642402, 7.947193433567217 ], [ -76.224242508556983, 7.947141843594992 ], [ -76.224304969155639, 7.947110869775078 ], [ -76.224360746271984, 7.946945166956178 ], [ -76.224333311033945, 7.946806934366037 ], [ -76.224208831151557, 7.94668231977397 ], [ -76.224125925875043, 7.94655778710973 ], [ -76.224126213161668, 7.946419607574539 ], [ -76.224057258681896, 7.946253653405938 ], [ -76.223974352727652, 7.946129127891248 ], [ -76.223933111687643, 7.945963227765053 ], [ -76.224044331938515, 7.945797641218469 ], [ -76.224127811727101, 7.945645816703432 ], [ -76.223989328389806, 7.945590264625848 ], [ -76.223850664158235, 7.945617610359401 ], [ -76.223725806844271, 7.945672622593666 ], [ -76.223614758271395, 7.945755304045135 ], [ -76.223489793273274, 7.945865589835982 ], [ -76.2232954959712, 7.945989548416621 ], [ -76.223170549795739, 7.946086018089173 ], [ -76.223045693104993, 7.946141031107011 ], [ -76.222893203605139, 7.946154542384388 ], [ -76.222754692836531, 7.94611279701479 ], [ -76.222644037672012, 7.946002034904017 ], [ -76.222575030382643, 7.945863711618693 ], [ -76.22257530832151, 7.945725532853764 ], [ -76.222658787867431, 7.945573709334115 ], [ -76.222659075778751, 7.945435529598008 ], [ -76.222534614008211, 7.945297099856558 ], [ -76.222437794008215, 7.945200171769269 ], [ -76.222299282755714, 7.945158436044469 ], [ -76.222160681764151, 7.945158147904395 ], [ -76.22192506333603, 7.945157662722834 ], [ -76.221772600223318, 7.945157349167345 ], [ -76.221620137987443, 7.945157034645168 ], [ -76.221412178373086, 7.945184244836149 ], [ -76.221273495651147, 7.945225413955331 ], [ -76.221107145809768, 7.945238889205348 ], [ -76.220857665908753, 7.945238377212726 ], [ -76.220677481958049, 7.945237999948547 ], [ -76.220538880800362, 7.945237721214664 ], [ -76.220386392012784, 7.945251223331052 ], [ -76.220233822387513, 7.945306182078976 ], [ -76.220137891051749, 7.945428622298547 ], [ -76.220136544072787, 7.945430337715552 ], [ -76.220080847610134, 7.94555458386974 ], [ -76.220080470718131, 7.945734210755977 ], [ -76.220080435377213, 7.945749778964207 ], [ -76.220080182880338, 7.945872389923778 ], [ -76.220093729944637, 7.94602441242102 ], [ -76.220065720584785, 7.946162537283626 ], [ -76.219968442104999, 7.946286692977458 ], [ -76.219857760909122, 7.946189737895446 ], [ -76.219774917635021, 7.946037572262984 ], [ -76.219678241381573, 7.945871563223655 ], [ -76.219567765740805, 7.945677887284795 ], [ -76.219512637010482, 7.945525775017949 ], [ -76.21942224792889, 7.945370555017826 ], [ -76.219415960064438, 7.945359756796043 ], [ -76.219398172954726, 7.945361500259648 ], [ -76.219277332321028, 7.945373294751914 ], [ -76.219166255147911, 7.945469792440981 ], [ -76.219069030978901, 7.945566315566444 ], [ -76.218930545813606, 7.945510755204714 ], [ -76.218819892343745, 7.945399984359967 ], [ -76.218709219773316, 7.945303028701486 ], [ -76.218681784807032, 7.945164795844178 ], [ -76.218682072309932, 7.945026617396813 ], [ -76.21871008231048, 7.944888500598337 ], [ -76.218765778352008, 7.944764255406385 ], [ -76.218807674973121, 7.944612340603405 ], [ -76.218710854904103, 7.944515422077115 ], [ -76.218627948835433, 7.944390888388421 ], [ -76.218489555181421, 7.944293878994348 ], [ -76.218378926857852, 7.944169291657914 ], [ -76.218254563938075, 7.94398940390914 ], [ -76.218130111848112, 7.943850964780308 ], [ -76.218033317595683, 7.943740220720326 ], [ -76.217922754262759, 7.943588000631435 ], [ -76.217825995663532, 7.943463441095769 ], [ -76.217729203402655, 7.943352695976553 ], [ -76.217618557290436, 7.943241925295493 ], [ -76.217480073033329, 7.943186364053972 ], [ -76.217230566137658, 7.943199668318243 ], [ -76.21710570866864, 7.943254681327564 ], [ -76.216980798242361, 7.94333733489145 ], [ -76.216842106824046, 7.943378496198438 ], [ -76.216634129360202, 7.943419521726936 ], [ -76.216467716363695, 7.943460629230829 ], [ -76.216287398150897, 7.943529340863483 ], [ -76.216148822539196, 7.943515237878799 ], [ -76.21588554516434, 7.943487057177877 ], [ -76.215566822890992, 7.943458760635532 ], [ -76.215400563075647, 7.943430778243121 ], [ -76.215234328959156, 7.943388987666368 ], [ -76.215109705867576, 7.943333454679155 ], [ -76.214957387846056, 7.943264050668865 ], [ -76.214818930158117, 7.943194673952571 ], [ -76.214638898790426, 7.943125206853868 ], [ -76.214500324974992, 7.94311110413065 ], [ -76.214361669659795, 7.943138457375617 ], [ -76.21420894708325, 7.943262497177229 ], [ -76.214042570066511, 7.943289787439024 ], [ -76.213917597319281, 7.943400073824893 ], [ -76.213834206366059, 7.943510440584618 ], [ -76.213722959105155, 7.94368984293408 ], [ -76.213611702640932, 7.943869237229744 ], [ -76.213514388104571, 7.944007218244289 ], [ -76.213361817798202, 7.944062168316005 ], [ -76.213250679286915, 7.944186297431709 ], [ -76.213056552576063, 7.944227349844569 ], [ -76.212941118793623, 7.944238615399637 ], [ -76.212917924993192, 7.944240879274032 ], [ -76.212779297368741, 7.944254406853777 ], [ -76.212695842741397, 7.944392407112321 ], [ -76.212723215273655, 7.944558280131921 ], [ -76.212806084399375, 7.944696630241062 ], [ -76.212891531757137, 7.944771478360085 ], [ -76.212916765940491, 7.944793585309709 ], [ -76.212958024733084, 7.944945670309174 ], [ -76.212888351674522, 7.945125153191062 ], [ -76.21279110070931, 7.94523549256748 ], [ -76.21266609959001, 7.945359596126822 ], [ -76.212554870804482, 7.945525173290796 ], [ -76.212554583116784, 7.94566335163343 ], [ -76.212540435043508, 7.945801504370917 ], [ -76.212498564250012, 7.945939593268607 ], [ -76.212415029629128, 7.946119048808443 ], [ -76.21231780497699, 7.946215572832546 ], [ -76.212192742100058, 7.946367308150966 ], [ -76.212178054026168, 7.946391597872308 ], [ -76.212109297039333, 7.946505306644378 ], [ -76.212108973671036, 7.946657302301507 ], [ -76.212191736088784, 7.946850924813347 ], [ -76.212274604935203, 7.946989274006856 ], [ -76.212413063160909, 7.947058651231936 ], [ -76.212502678226926, 7.947103557939337 ], [ -76.212580984561527, 7.947229062304167 ], [ -76.212543633144278, 7.947485727980109 ], [ -76.212359297583575, 7.947668714808136 ], [ -76.212321829531405, 7.947998774431913 ], [ -76.212431792038487, 7.948182390076975 ], [ -76.2125784240054, 7.9484394338399 ], [ -76.212394170826968, 7.948585768881574 ], [ -76.212026166824359, 7.948621693143018 ], [ -76.211879311044086, 7.948474666261257 ], [ -76.211732687197824, 7.948217576844917 ], [ -76.211585831050584, 7.948070585000724 ], [ -76.211328301603984, 7.94807004615522 ], [ -76.211143859865203, 7.94828970210219 ], [ -76.211180197147186, 7.948509853279509 ], [ -76.211143078144417, 7.948656493745418 ], [ -76.210995439919287, 7.948876266260888 ], [ -76.210737687407516, 7.948985743636039 ], [ -76.210590435368161, 7.949022126130282 ], [ -76.210370303065233, 7.948728232955583 ], [ -76.210370851318515, 7.948471485568438 ], [ -76.210444979168614, 7.948214873081449 ], [ -76.210666046051614, 7.948068654291457 ], [ -76.210813522011478, 7.947922247378519 ], [ -76.210924303163665, 7.947739061746209 ], [ -76.21099839553986, 7.947482475816922 ], [ -76.210925083810451, 7.947372298035115 ], [ -76.210741262195057, 7.947298555431921 ], [ -76.210557160873464, 7.947371525234132 ], [ -76.210409756525848, 7.947481236703237 ], [ -76.210262198587941, 7.947664303628877 ], [ -76.210114955997597, 7.947700694749569 ], [ -76.209931251115947, 7.947590247073003 ], [ -76.209784080139173, 7.947589941838263 ], [ -76.209600024055746, 7.947626252334525 ], [ -76.209415690256705, 7.947809239273186 ], [ -76.209341722614724, 7.947992504339811 ], [ -76.209194236844027, 7.948138911016772 ], [ -76.208936951162002, 7.948028310583387 ], [ -76.208863747189753, 7.947844776136059 ], [ -76.209048162064718, 7.9476250839694 ], [ -76.209085280130225, 7.947478443439175 ], [ -76.209012167069332, 7.947258211684106 ], [ -76.208828650309115, 7.947037746996496 ], [ -76.208718533914194, 7.946927487939164 ], [ -76.208571515875548, 7.946853816648206 ], [ -76.208392410011129, 7.946868550432773 ], [ -76.208340414827916, 7.947022933665883 ], [ -76.208314175903013, 7.94720315359537 ], [ -76.208236416622071, 7.947331748104278 ], [ -76.208055596017346, 7.947331361572242 ], [ -76.207874979827395, 7.947253738189524 ], [ -76.207771916874648, 7.947124757934485 ], [ -76.20764282009074, 7.947098751799616 ], [ -76.207487905179335, 7.947072646878754 ], [ -76.207410713001806, 7.946917983887236 ], [ -76.20751448576388, 7.946712198169904 ], [ -76.207540797981025, 7.946480478115488 ], [ -76.207412024909345, 7.946299933811035 ], [ -76.20712806665918, 7.94622208610764 ], [ -76.206843839964719, 7.946272994001664 ], [ -76.206714249064035, 7.946478726016306 ], [ -76.206507411629971, 7.946555540836587 ], [ -76.20635216480359, 7.94668397270701 ], [ -76.206325916342337, 7.946889920550297 ], [ -76.20627391331891, 7.947044340932361 ], [ -76.206093036926035, 7.947069699632163 ], [ -76.205912547665832, 7.946914821717812 ], [ -76.205809574193367, 7.946760068991675 ], [ -76.205628922928256, 7.946682437405133 ], [ -76.205422228938005, 7.946707769178738 ], [ -76.205318510350708, 7.946887783331063 ], [ -76.205240689131045, 7.947042158162724 ], [ -76.205111645769691, 7.946990369779559 ], [ -76.205034435783887, 7.94686144373124 ], [ -76.205034767738994, 7.946706952295898 ], [ -76.204931703792937, 7.946577971841059 ], [ -76.204828533037002, 7.946500473702764 ], [ -76.204751214775982, 7.946423057018763 ], [ -76.204751709342744, 7.946191318923011 ], [ -76.204855373965856, 7.946037005860719 ], [ -76.204958841942627, 7.945959975809331 ], [ -76.205191326100348, 7.945960470288724 ], [ -76.205243383525513, 7.94578031281636 ], [ -76.205114502135842, 7.945651278594366 ], [ -76.204933905391428, 7.945547909335668 ], [ -76.204649731947299, 7.945573044188997 ], [ -76.204442778296851, 7.94570136932493 ], [ -76.204236148148482, 7.945700928794102 ], [ -76.204107159273832, 7.945623403640984 ], [ -76.204107490574927, 7.945468875927979 ], [ -76.203952845795229, 7.945314051101518 ], [ -76.203772141271187, 7.945262154555805 ], [ -76.203617172120858, 7.94526182292102 ], [ -76.20351410909737, 7.945132851724504 ], [ -76.203540258719102, 7.944978413925055 ], [ -76.203592531661059, 7.944695229201015 ], [ -76.203515653803095, 7.944411809934173 ], [ -76.203335325598673, 7.944179649904579 ], [ -76.203102985578852, 7.944127682087911 ], [ -76.202818831244542, 7.94412708024807 ], [ -76.202637838169053, 7.944203940357033 ], [ -76.202508363732207, 7.944358162870455 ], [ -76.202379096325572, 7.944409394248459 ], [ -76.202275466656275, 7.94456366958449 ], [ -76.202197708837758, 7.944692264400939 ], [ -76.202068342384919, 7.944795013420105 ], [ -76.201964891685279, 7.944846306840637 ], [ -76.201861334396682, 7.944949065590153 ], [ -76.201757812750984, 7.945051869236345 ], [ -76.201602529680699, 7.945180300867613 ], [ -76.201473162830496, 7.945283040783817 ], [ -76.201344336294653, 7.945128235120563 ], [ -76.201344721980888, 7.944947969792605 ], [ -76.201474205252097, 7.944793747336839 ], [ -76.201629434170556, 7.944691060224394 ], [ -76.201759025315226, 7.944485328116532 ], [ -76.201836783297324, 7.944356734245925 ], [ -76.202017991827546, 7.944176847029254 ], [ -76.202121343251576, 7.94415133457187 ], [ -76.202302389387512, 7.944048693207973 ], [ -76.202509352398167, 7.943894641399591 ], [ -76.20256157065441, 7.94363723803242 ], [ -76.202484585620908, 7.943405292567986 ], [ -76.202329887233518, 7.943276204670457 ], [ -76.202200959957679, 7.943172943943838 ], [ -76.202123767702503, 7.943018244551932 ], [ -76.202020910676225, 7.942812018186252 ], [ -76.201969797258116, 7.942554400106131 ], [ -76.201815043628343, 7.942451084271938 ], [ -76.201505241813052, 7.942373137655489 ], [ -76.201221033376257, 7.942398307600993 ], [ -76.201014231774721, 7.942475113585505 ], [ -76.200858931007048, 7.942629283409559 ], [ -76.200703604037528, 7.942783478721072 ], [ -76.200548357317686, 7.942911911287932 ], [ -76.200445238759585, 7.942808667824476 ], [ -76.200419816638771, 7.94262834904292 ], [ -76.200549299982484, 7.942474126110074 ], [ -76.20083368926791, 7.942345971828645 ], [ -76.201040965852982, 7.942063155832734 ], [ -76.201093203076795, 7.941779980183248 ], [ -76.201016217093894, 7.941548071027011 ], [ -76.200861751950285, 7.941315964427648 ], [ -76.200629870377355, 7.941032213245432 ], [ -76.200397690893766, 7.940902963620426 ], [ -76.200268927351473, 7.940722419602244 ], [ -76.200036882875054, 7.940515924707669 ], [ -76.199882310184833, 7.940335318063116 ], [ -76.199598541277211, 7.940154450954593 ], [ -76.199340346538122, 7.94010238534347 ], [ -76.199262759945384, 7.940153732558993 ], [ -76.199158870372301, 7.940411027950424 ], [ -76.199106847784321, 7.940591185192178 ], [ -76.199157872745303, 7.940874550096252 ], [ -76.199131344548192, 7.941209252943902 ], [ -76.19915676768376, 7.941389581094431 ], [ -76.199130401647523, 7.941647037820348 ], [ -76.199000586686253, 7.941955788893232 ], [ -76.198871157068183, 7.942084275141217 ], [ -76.198690505613598, 7.942006642817454 ], [ -76.19874251015888, 7.941852221589315 ], [ -76.198794620830611, 7.94164632854922 ], [ -76.198795277057997, 7.941337298696896 ], [ -76.198847333580119, 7.941157178193628 ], [ -76.198847944531053, 7.940873884653034 ], [ -76.198770977051169, 7.940616204081787 ], [ -76.198512890909413, 7.940512673400774 ], [ -76.198254759969487, 7.940434833642188 ], [ -76.198022591093576, 7.940305583985323 ], [ -76.197738876090185, 7.940098971651283 ], [ -76.197616597372658, 7.939908806795055 ], [ -76.197552386246969, 7.939747703448683 ], [ -76.197455933053902, 7.939554377022274 ], [ -76.197327330858741, 7.939296577926449 ], [ -76.197166254157366, 7.939135295217778 ], [ -76.197037587836661, 7.93890968288784 ], [ -76.196779564542055, 7.938780378807192 ], [ -76.196521335086118, 7.938747644633709 ], [ -76.196230648706234, 7.938779203084432 ], [ -76.195875312004958, 7.938875026087501 ], [ -76.195519784854312, 7.939035196273948 ], [ -76.195261070804008, 7.939227767238117 ], [ -76.195034631907973, 7.93942043789979 ], [ -76.194840514798827, 7.939613135651349 ], [ -76.194678629598883, 7.939805949760278 ], [ -76.19458144975539, 7.939966677194077 ], [ -76.194548644149819, 7.940191947054957 ], [ -76.194612963273684, 7.940320836798417 ], [ -76.194709486772183, 7.940481986270429 ], [ -76.19487064463398, 7.940611091958184 ], [ -76.195064069678963, 7.940740261186376 ], [ -76.19528981725739, 7.940869500700793 ], [ -76.195386341171712, 7.941030649855849 ], [ -76.19541820400346, 7.941223878245914 ], [ -76.195353300647938, 7.941384675718092 ], [ -76.195256147567562, 7.941513224731757 ], [ -76.194965569746898, 7.94151260473936 ], [ -76.194739822673341, 7.941383365144167 ], [ -76.194611095397136, 7.941189965966607 ], [ -76.19448235711431, 7.940996531546573 ], [ -76.194256475876969, 7.940931691891053 ], [ -76.194030522309916, 7.940898984100063 ], [ -76.193772220857838, 7.940898435781317 ], [ -76.193384840066727, 7.940865423144392 ], [ -76.192997523120326, 7.940800232057062 ], [ -76.192675080952498, 7.940606384797841 ], [ -76.192578558025943, 7.940445236356467 ], [ -76.192352883080204, 7.940283808656383 ], [ -76.192127253405033, 7.940122355116167 ], [ -76.191901577859042, 7.939960927035295 ], [ -76.191708045230527, 7.939863936043209 ], [ -76.191514539226986, 7.939766980862854 ], [ -76.191288523064244, 7.939766487295453 ], [ -76.191127166703794, 7.939733923095207 ], [ -76.191030500374211, 7.939637174616228 ], [ -76.190998707648049, 7.939411768665043 ], [ -76.190869907730104, 7.939250558235296 ], [ -76.190676509873782, 7.939089165935403 ], [ -76.190515360724817, 7.938960059605162 ], [ -76.190322079277678, 7.938766527334813 ], [ -76.19012840293523, 7.938733927806908 ], [ -76.189837824709741, 7.93873329893193 ], [ -76.189772885309523, 7.938894097414982 ], [ -76.189707837686399, 7.939119296360303 ], [ -76.189513820309074, 7.939247638207469 ], [ -76.189320106564693, 7.939247216337359 ], [ -76.189094163353616, 7.939214517003069 ], [ -76.188997144656085, 7.939278702367654 ], [ -76.188964383752833, 7.939503971708254 ], [ -76.188964105218986, 7.939632728001611 ], [ -76.18896368280501, 7.939825848019122 ], [ -76.188823294680944, 7.939937325269594 ], [ -76.188729681202616, 7.940246234573155 ], [ -76.188442896032228, 7.940438954024893 ], [ -76.188155133694224, 7.940440413554268 ], [ -76.187867129154299, 7.940394059931194 ], [ -76.187579366700419, 7.940395520856502 ], [ -76.187291361193203, 7.940349166802442 ], [ -76.186859473900384, 7.940303540894995 ], [ -76.186571468350522, 7.940257187186922 ], [ -76.18623403882323, 7.939924187330385 ], [ -76.18584913573099, 7.93968705960755 ], [ -76.185560643198144, 7.939545076173729 ], [ -76.185176717749044, 7.939499206100585 ], [ -76.18488895606562, 7.93950066400558 ], [ -76.184601194300768, 7.939502121711751 ], [ -76.184313433360742, 7.939503579212134 ], [ -76.183977954262673, 7.939553095070594 ], [ -76.183634554209917, 7.939585973427935 ], [ -76.183450634130978, 7.939603581352084 ], [ -76.183211563600622, 7.939748240349812 ], [ -76.182924043632923, 7.939797511947488 ], [ -76.182514738585496, 7.940045174635498 ], [ -76.182445900661008, 7.940086826792526 ], [ -76.182174957611693, 7.940133257639921 ], [ -76.182074861608328, 7.940174582554131 ], [ -76.181934365859576, 7.940353877350607 ], [ -76.181894013636835, 7.940513426836586 ], [ -76.181853615883426, 7.940672949571411 ], [ -76.181853355647576, 7.940792704315237 ], [ -76.181853050155198, 7.94093234786911 ], [ -76.181812661741901, 7.941091905787451 ], [ -76.181712337525667, 7.941211409290087 ], [ -76.181572048133887, 7.941290945788311 ], [ -76.181331829974312, 7.941310385575933 ], [ -76.181091656417181, 7.941309855995666 ], [ -76.180831639043802, 7.941229456193949 ], [ -76.180611712934081, 7.941109253368347 ], [ -76.180512036157836, 7.94092943682451 ], [ -76.180392389812624, 7.940729652342783 ], [ -76.180332767839559, 7.940529992138909 ], [ -76.18021306759465, 7.940350130767259 ], [ -76.180033180247619, 7.940249978444394 ], [ -76.179833054220211, 7.940229587275577 ], [ -76.179632917695145, 7.940229146031276 ], [ -76.179472838269504, 7.940208835015589 ], [ -76.179312669135214, 7.940228446213264 ], [ -76.179172557755066, 7.940228140097865 ], [ -76.179052686712708, 7.940128121771783 ], [ -76.178992975938996, 7.939988308033581 ], [ -76.178988879992929, 7.939967664738045 ], [ -76.17897316835203, 7.939888460349668 ], [ -76.17903341826927, 7.939788837021384 ], [ -76.179113494370142, 7.939789007913469 ], [ -76.179213522203341, 7.939809183950651 ], [ -76.179413648175995, 7.939829584546558 ], [ -76.179573736883484, 7.939829925743871 ], [ -76.179773900407042, 7.939830365981719 ], [ -76.179954012014377, 7.939830761662055 ], [ -76.180154093913416, 7.939871113964913 ], [ -76.180294023703482, 7.939951226351559 ], [ -76.180453851899145, 7.940091254860214 ], [ -76.180573633528439, 7.940231194884996 ], [ -76.180693460024472, 7.940351173727956 ], [ -76.180733237207136, 7.940451030057226 ], [ -76.180813061527729, 7.940570919223568 ], [ -76.180912954278966, 7.940650977175812 ], [ -76.181072864328442, 7.940751085811258 ], [ -76.181232987656045, 7.940751435901365 ], [ -76.181353335801774, 7.940631977999004 ], [ -76.181413711059818, 7.940472464044785 ], [ -76.181414062143688, 7.940312824085261 ], [ -76.181414240587529, 7.940233026672246 ], [ -76.181474472728553, 7.940153310780822 ], [ -76.181514735641812, 7.940033681674085 ], [ -76.181554998141678, 7.939934005198773 ], [ -76.181595386722336, 7.939774446399966 ], [ -76.181655636755195, 7.939674822940078 ], [ -76.181815931576793, 7.939595366599055 ], [ -76.181951810597695, 7.939474570904551 ], [ -76.182074933606785, 7.939393147391383 ], [ -76.182105718743159, 7.93938445158462 ], [ -76.182218403978695, 7.939352615412324 ], [ -76.182402917979005, 7.939291727079833 ], [ -76.182525995856807, 7.939230704609086 ], [ -76.182628583768476, 7.939149236738417 ], [ -76.182656503674664, 7.939129442621518 ], [ -76.182920635230218, 7.939128105877448 ], [ -76.183208397211033, 7.939126650341471 ], [ -76.183496159089572, 7.939125191896149 ], [ -76.183783920001332, 7.939123735969463 ], [ -76.184119398863203, 7.939074221299477 ], [ -76.184407158645143, 7.93907276315528 ], [ -76.184694434035478, 7.938975674997231 ], [ -76.184982195414548, 7.938974218275246 ], [ -76.185317672719336, 7.93892470184426 ], [ -76.185605432968501, 7.938923242904779 ], [ -76.185893194948747, 7.938921783752606 ], [ -76.186181443316102, 7.939015954968428 ], [ -76.186469691737031, 7.939110125027996 ], [ -76.18675794202403, 7.939204293917398 ], [ -76.187028776126795, 7.939395092317161 ], [ -76.18705311886221, 7.939424336577176 ], [ -76.187175892307977, 7.939485889298753 ], [ -76.187339770922009, 7.939486240040667 ], [ -76.187544830184038, 7.939404995655909 ], [ -76.187729443314353, 7.939303261566375 ], [ -76.187914090981664, 7.939181118359802 ], [ -76.188016849610193, 7.939017920885658 ], [ -76.188181204726462, 7.938814047793132 ], [ -76.188345398909277, 7.938671432139465 ], [ -76.188509584732245, 7.938528805685373 ], [ -76.18867376956139, 7.938406616921844 ], [ -76.188837874353069, 7.938304838435538 ], [ -76.189022523041473, 7.938182703155284 ], [ -76.189207126055507, 7.93808096883352 ], [ -76.189432568072633, 7.938040608283302 ], [ -76.189678426982582, 7.938020737379289 ], [ -76.189821835207368, 7.938021042935863 ], [ -76.190067515188758, 7.938103264894699 ], [ -76.190313248705223, 7.938144641632972 ], [ -76.19045653012158, 7.938206230216259 ], [ -76.190620230136147, 7.938288273163171 ], [ -76.190845401894478, 7.938370451355874 ], [ -76.191070628210056, 7.938432228359567 ], [ -76.191254871871607, 7.938493870777571 ], [ -76.191418707098663, 7.938514667075308 ], [ -76.191500506983033, 7.938596529658085 ], [ -76.191582362125601, 7.938637556247187 ], [ -76.191705044898271, 7.938739946396636 ], [ -76.191868708951617, 7.938842398577738 ], [ -76.192093924547109, 7.938904166813718 ], [ -76.192339739866895, 7.938925133637863 ], [ -76.192483111813758, 7.938945848951449 ], [ -76.192667401067581, 7.938987091443386 ], [ -76.192851572780754, 7.939069179268307 ], [ -76.193015353924494, 7.939130811616614 ], [ -76.193138091276083, 7.939212774852749 ], [ -76.193342807696666, 7.939274498245009 ], [ -76.193609213225756, 7.939254626863542 ], [ -76.193711790623908, 7.939173158978951 ], [ -76.193814415033387, 7.93909168168763 ], [ -76.193917163858387, 7.938948930376946 ], [ -76.193978823738703, 7.938846927259569 ], [ -76.194081529255627, 7.938724612078754 ], [ -76.194184151666761, 7.938643134781648 ], [ -76.19424571403674, 7.938581986828941 ], [ -76.194327999805139, 7.93843921657185 ], [ -76.194369195699394, 7.93833717825953 ], [ -76.194431026790966, 7.93815348128797 ], [ -76.194533776979981, 7.938010720947523 ], [ -76.194677587676821, 7.937827203596203 ], [ -76.194739463915099, 7.937623106672739 ], [ -76.194821919682582, 7.937398618231302 ], [ -76.194924812887109, 7.937174165207804 ], [ -76.195027562810495, 7.937031413035553 ], [ -76.195232674633772, 7.936909313825119 ], [ -76.195376396368928, 7.936766644321385 ], [ -76.19558167925679, 7.9365832526804 ], [ -76.195704802386828, 7.93648138439274 ], [ -76.19590986967485, 7.936379731069733 ], [ -76.196114846768694, 7.936339324202459 ], [ -76.196319735061493, 7.936319319348364 ], [ -76.196586194398009, 7.936258602045784 ], [ -76.1967708332553, 7.936136458297277 ], [ -76.196934884195102, 7.93607556135924 ], [ -76.19718092322357, 7.935973953107272 ], [ -76.197324509775697, 7.935892565345615 ], [ -76.197549905690806, 7.935872604697187 ], [ -76.197672723950134, 7.935913711716784 ], [ -76.197815833746077, 7.936057002084873 ], [ -76.19795893632174, 7.936200283384026 ], [ -76.198040440263043, 7.936404685945194 ], [ -76.198101561705371, 7.936568232849333 ], [ -76.198183190652472, 7.936711353419211 ], [ -76.198326257010123, 7.936875080380418 ], [ -76.19846345711683, 7.936910957740753 ], [ -76.198551715851607, 7.936858415585438 ], [ -76.198622405346129, 7.936788240174519 ], [ -76.198657878847186, 7.936682848563613 ], [ -76.198658221418427, 7.936524656013626 ], [ -76.198605552005262, 7.936419076893187 ], [ -76.198570419217504, 7.936366265104691 ], [ -76.198605813093593, 7.936296016993654 ], [ -76.198729322116236, 7.93626113473413 ], [ -76.198834919320575, 7.936349242101583 ], [ -76.198940479542202, 7.936454929272823 ], [ -76.198992995515511, 7.936630827748139 ], [ -76.199010180780107, 7.936841796651303 ], [ -76.198974598144147, 7.936982365395703 ], [ -76.198886185773219, 7.937105200867666 ], [ -76.198744925983277, 7.937210367335928 ], [ -76.198638844140405, 7.937333194182036 ], [ -76.19860340486396, 7.937420995137695 ], [ -76.198620743009229, 7.937561679904051 ], [ -76.198726114742797, 7.937755240107697 ], [ -76.198866844774344, 7.93789618613093 ], [ -76.199025415794452, 7.937949257797628 ], [ -76.199201736645492, 7.937949634821956 ], [ -76.199342772606101, 7.937949931848189 ], [ -76.199483925017049, 7.937915058882605 ], [ -76.199660353965598, 7.937862696231267 ], [ -76.19974854153358, 7.937845332424286 ], [ -76.199889576541324, 7.937845637417105 ], [ -76.200048291640158, 7.93782838122776 ], [ -76.200154113088644, 7.937811016231709 ], [ -76.200277541839498, 7.937811276821925 ], [ -76.200348076979509, 7.93781142955236 ], [ -76.200436111889388, 7.937864348800927 ], [ -76.200541672978574, 7.937970045179698 ], [ -76.200611939618241, 7.938093249440724 ], [ -76.200717428581598, 7.938234078249131 ], [ -76.200822953911029, 7.938357363332369 ], [ -76.200946157553986, 7.938463085402465 ], [ -76.201033994718429, 7.938603922576027 ], [ -76.20108655530035, 7.938762233219514 ], [ -76.201156786103255, 7.938902989963909 ], [ -76.201279837134621, 7.939079041948454 ], [ -76.201491039672334, 7.939255274148429 ], [ -76.201614090605815, 7.939413737382199 ], [ -76.20166672336029, 7.939536869256257 ], [ -76.201684106003825, 7.939659964547633 ], [ -76.201719166543683, 7.939747910090228 ], [ -76.201824727530294, 7.939853596784092 ], [ -76.201912790309891, 7.93990652519533 ], [ -76.202106762838426, 7.939889376704843 ], [ -76.202195094293359, 7.939819244605824 ], [ -76.202265818957343, 7.939713927409107 ], [ -76.202301292667499, 7.939626125204433 ], [ -76.202301671043088, 7.939450342585474 ], [ -76.202231466548852, 7.939291996577275 ], [ -76.202143441144528, 7.939239076945193 ], [ -76.202090727892241, 7.939151050598574 ], [ -76.202090997864246, 7.939028027186144 ], [ -76.202161721656793, 7.938922717282159 ], [ -76.202214910948896, 7.938782184666405 ], [ -76.202179930595477, 7.9386590885722 ], [ -76.202127145715821, 7.938606240748743 ], [ -76.20205676341304, 7.938535768249973 ], [ -76.201986298554658, 7.938500481593102 ], [ -76.201880701802438, 7.938412340271447 ], [ -76.201792711627448, 7.938341830746453 ], [ -76.201739926834605, 7.938288982837189 ], [ -76.201722625603978, 7.938130754068893 ], [ -76.201758136254483, 7.938025363077909 ], [ -76.201899170996171, 7.938025660134483 ], [ -76.202075303536617, 7.938113945768079 ], [ -76.202233685597179, 7.938254892419003 ], [ -76.202374379549852, 7.938413391197075 ], [ -76.20251527197864, 7.93850160467642 ], [ -76.202691511887622, 7.938519526812312 ], [ -76.202815021589387, 7.938484645012314 ], [ -76.202903424630605, 7.938379371448381 ], [ -76.20299175609172, 7.938291641787934 ], [ -76.203080052023623, 7.938221546104082 ], [ -76.203168078245369, 7.938292018859835 ], [ -76.203203103335312, 7.938397598180842 ], [ -76.203185200268564, 7.938520578444338 ], [ -76.203114475078678, 7.938625895635127 ], [ -76.203043750573713, 7.938713653205868 ], [ -76.202972954778147, 7.938836524235535 ], [ -76.202972613387104, 7.938994726062743 ], [ -76.203113459980628, 7.939100484720648 ], [ -76.203201530560875, 7.939135852279732 ], [ -76.203377664361398, 7.939224101813594 ], [ -76.203500903522198, 7.939294692429922 ], [ -76.203588866645589, 7.939400343407288 ], [ -76.203641454122248, 7.939541063669433 ], [ -76.203711693400749, 7.939681856564794 ], [ -76.203711316292143, 7.939857602797591 ], [ -76.203587627250911, 7.939980402775426 ], [ -76.203446249881296, 7.940120746900563 ], [ -76.203357847073761, 7.940243582081683 ], [ -76.203251756227914, 7.940383997558948 ], [ -76.203110460361685, 7.940506717271317 ], [ -76.203074985304511, 7.940594553850545 ], [ -76.203056847606064, 7.940840594219186 ], [ -76.203056660189631, 7.94092850306818 ], [ -76.20305617451686, 7.941156988718123 ], [ -76.203002939537456, 7.941315075081666 ], [ -76.203002643598936, 7.941455715119336 ], [ -76.203019945556022, 7.941596364072016 ], [ -76.203107909324089, 7.941702014995315 ], [ -76.203231112700379, 7.941790194216537 ], [ -76.203425157519177, 7.941755419563151 ], [ -76.203584025136749, 7.941667879424319 ], [ -76.203743115628484, 7.941474839862733 ], [ -76.20374353002282, 7.941281504839576 ], [ -76.203761514128331, 7.941123337887539 ], [ -76.20376188165794, 7.940947555601742 ], [ -76.203779678050026, 7.94085970983422 ], [ -76.203850437680202, 7.940754400320643 ], [ -76.203903554772552, 7.94064904611789 ], [ -76.203921539866741, 7.940490889121734 ], [ -76.203957050258509, 7.940367908674545 ], [ -76.204063141000219, 7.940227520218817 ], [ -76.204169186648912, 7.940104694418634 ], [ -76.20418713558108, 7.939964081068694 ], [ -76.204275611376346, 7.939806067344768 ], [ -76.204363977811425, 7.939700792886784 ], [ -76.204434747077627, 7.939595475198747 ], [ -76.204523113933561, 7.939507790144763 ], [ -76.204629043526381, 7.939437685576521 ], [ -76.204805598840906, 7.939315047980641 ], [ -76.204929323906228, 7.939174659078938 ], [ -76.205017465984142, 7.939174847735501 ], [ -76.20510572602511, 7.93913989371108 ], [ -76.205112176327276, 7.939136058098977 ], [ -76.205126296720053, 7.939136084746025 ], [ -76.205266532946979, 7.939136382144873 ], [ -76.205406850289819, 7.93909854457268 ], [ -76.205394390370515, 7.938958713402322 ], [ -76.205369759345103, 7.938913446685758 ], [ -76.205318194633946, 7.938818737625766 ], [ -76.205318492085496, 7.938678932751008 ], [ -76.205318787743323, 7.93853912788952 ], [ -76.205395576345154, 7.938399475900985 ], [ -76.205453490987452, 7.938353482291229 ], [ -76.205523272099896, 7.938298065315054 ], [ -76.205663507974094, 7.938298360886006 ], [ -76.205803743843504, 7.938298658216454 ], [ -76.205943970547551, 7.938298944727373 ], [ -76.206071594027691, 7.938235667965388 ], [ -76.206110132237271, 7.938095935093432 ], [ -76.206110428611424, 7.93795613032809 ], [ -76.206087009862273, 7.937895044918057 ], [ -76.206047034159312, 7.937790768355751 ], [ -76.205983559544393, 7.937663540346464 ], [ -76.20598385594279, 7.937523725623371 ], [ -76.205984143374621, 7.9373839209079 ], [ -76.205831303778012, 7.937320051225739 ], [ -76.205665673241427, 7.937268864728683 ], [ -76.205525445874159, 7.937268568956222 ], [ -76.205449196876557, 7.937154024801146 ], [ -76.20537297523434, 7.937026760235946 ], [ -76.205373082098063, 7.93697592482022 ], [ -76.205373289412151, 7.936874244098946 ], [ -76.205373504899384, 7.936772564217909 ], [ -76.205399107212173, 7.936721781622392 ], [ -76.20547573322726, 7.93665839689308 ], [ -76.20550984217779, 7.936658460102203 ], [ -76.205526730381749, 7.936658496150058 ], [ -76.205540698875808, 7.936686505100337 ], [ -76.205552117218147, 7.936709394322898 ], [ -76.205551928242798, 7.936798363755532 ], [ -76.20551338969841, 7.936938087575016 ], [ -76.205627916071549, 7.937040010375263 ], [ -76.205768144190415, 7.937040298005555 ], [ -76.2059083796035, 7.937040593663918 ], [ -76.20602853832689, 7.937060814646756 ], [ -76.20606130931219, 7.937066331092935 ], [ -76.206175879639943, 7.93714283199286 ], [ -76.206277658903318, 7.937244727238284 ], [ -76.206328359765024, 7.937384640142542 ], [ -76.206328063387645, 7.937524444881708 ], [ -76.20637870966236, 7.93768978042009 ], [ -76.206493147184403, 7.937829835951725 ], [ -76.206531073634778, 7.937982432831212 ], [ -76.206530777413931, 7.938122238443436 ], [ -76.206594143898585, 7.93830031067388 ], [ -76.206683068784955, 7.938453014659952 ], [ -76.206759317526988, 7.93856756016419 ], [ -76.206873808312324, 7.938682193705591 ], [ -76.206988307254505, 7.938796818995159 ], [ -76.206936968310941, 7.938961938215745 ], [ -76.206923925096334, 7.939101724659106 ], [ -76.206910880922308, 7.939241502980333 ], [ -76.206961581571562, 7.939381414716157 ], [ -76.206998161813019, 7.939516269803078 ], [ -76.206999535853001, 7.939521300998219 ], [ -76.206935414214414, 7.939699113437733 ], [ -76.206820493332515, 7.939787840397926 ], [ -76.206667347673744, 7.93986377528388 ], [ -76.206526922887051, 7.939952446892647 ], [ -76.206462892005831, 7.940092126210494 ], [ -76.206462595133559, 7.94023193092407 ], [ -76.206436803612917, 7.940371691095946 ], [ -76.206347216006009, 7.940536729635441 ], [ -76.20627048138995, 7.940650959163154 ], [ -76.206155560107831, 7.940739686098229 ], [ -76.206053349784554, 7.940841150767348 ], [ -76.205912988296618, 7.940904409547697 ], [ -76.205785336795543, 7.940980397929325 ], [ -76.205670335153243, 7.941107258807388 ], [ -76.20554262978969, 7.94120866892533 ], [ -76.205402287162343, 7.941259209106464 ], [ -76.205236502565555, 7.941284281085705 ], [ -76.205211511009125, 7.94137488481735 ], [ -76.205197965068152, 7.941424014087923 ], [ -76.205184920514881, 7.941563790796893 ], [ -76.205273889970471, 7.941691074198082 ], [ -76.205375643355111, 7.941805680629448 ], [ -76.205477413243869, 7.941907576660083 ], [ -76.205604767223576, 7.941971393065685 ], [ -76.205608413869129, 7.94197870536389 ], [ -76.205680934861007, 7.942124070817768 ], [ -76.205680638896936, 7.942263874714937 ], [ -76.205680351121956, 7.942403680355452 ], [ -76.205680055272595, 7.942543494189644 ], [ -76.205781798097433, 7.94265809234123 ], [ -76.205934700033382, 7.94269654034012 ], [ -76.206068827858374, 7.942696827206169 ], [ -76.206074935544365, 7.942696836093908 ], [ -76.206077838310947, 7.94269459999947 ], [ -76.206189867205694, 7.942608109790715 ], [ -76.206190162943358, 7.942468305060252 ], [ -76.206139542675274, 7.942290259305914 ], [ -76.206114336290469, 7.942150391132507 ], [ -76.206101885594805, 7.942010559152402 ], [ -76.206102182356318, 7.941870755303431 ], [ -76.206229823924048, 7.94179475687903 ], [ -76.206359666339537, 7.941795036173374 ], [ -76.206370060001433, 7.941795053551481 ], [ -76.206497709702333, 7.941719064948847 ], [ -76.206663386812906, 7.941744828680801 ], [ -76.206701339730358, 7.941884714944458 ], [ -76.206688296737269, 7.942024501432525 ], [ -76.206688000202519, 7.942164306105485 ], [ -76.206687703686583, 7.942304110777736 ], [ -76.206725631353876, 7.942456717357805 ], [ -76.20685282283165, 7.942596791226862 ], [ -76.20696734058194, 7.942698704829054 ], [ -76.207081921117876, 7.942775204708414 ], [ -76.207222130102977, 7.942788204146635 ], [ -76.207362366392076, 7.942788501252154 ], [ -76.207502601749141, 7.942788797413656 ], [ -76.207617522986567, 7.942700070000617 ], [ -76.207575283635762, 7.94259413171755 ], [ -76.2075667948762, 7.942572859983712 ], [ -76.207528849696075, 7.94243297388231 ], [ -76.207503724660128, 7.942254981978052 ], [ -76.207401945349901, 7.942153094881055 ], [ -76.207312976106081, 7.942025804101577 ], [ -76.207198476759245, 7.941911179302523 ], [ -76.207109481278238, 7.941796598842143 ], [ -76.207122524217056, 7.941656821434175 ], [ -76.207262813743, 7.941631695193217 ], [ -76.207387806145675, 7.941597990345524 ], [ -76.207403122334398, 7.94159385765778 ], [ -76.207530880702478, 7.941467025383043 ], [ -76.207620362318451, 7.941352821992766 ], [ -76.207773290947117, 7.941378568066225 ], [ -76.207833128262394, 7.941468461751882 ], [ -76.207849539865265, 7.941493112123987 ], [ -76.20784108684434, 7.941591720039281 ], [ -76.207836469921745, 7.941645600766987 ], [ -76.207810679004652, 7.941785360866135 ], [ -76.207810381919458, 7.941925166300144 ], [ -76.207912107638691, 7.942052474990223 ], [ -76.208001023405259, 7.942205180044979 ], [ -76.208026175867744, 7.942370461429896 ], [ -76.20812795540931, 7.942472356421409 ], [ -76.208229724969343, 7.942574243313044 ], [ -76.208331925745497, 7.942472779130218 ], [ -76.208332033639394, 7.942422274554822 ], [ -76.208332222579614, 7.942332973769197 ], [ -76.20847248577941, 7.942320559257224 ], [ -76.208586958288706, 7.942447894818151 ], [ -76.208592931934916, 7.942451883923877 ], [ -76.208701537965467, 7.942524395972759 ], [ -76.208841792104394, 7.942511981384431 ], [ -76.208982055201332, 7.942499556743607 ], [ -76.209147892930275, 7.942449063291581 ], [ -76.209162624795482, 7.942430269591869 ], [ -76.209224501372859, 7.942418070849689 ], [ -76.209330440287943, 7.942347975874209 ], [ -76.209348065232902, 7.942330486230468 ], [ -76.209377745034871, 7.942271609618961 ], [ -76.209505342208658, 7.942221034683018 ], [ -76.209645577996938, 7.942221331092457 ], [ -76.209785760250696, 7.942247040987182 ], [ -76.209925888161763, 7.942298173398773 ], [ -76.210104231086135, 7.942362097439464 ], [ -76.210257401632191, 7.942273441775429 ], [ -76.210308660134359, 7.94214644822194 ], [ -76.210257832832184, 7.942070091112692 ], [ -76.210232411412491, 7.942031903125684 ], [ -76.21021969061745, 7.942022354259118 ], [ -76.210188761858419, 7.941999123636861 ], [ -76.210079589672176, 7.941955322030925 ], [ -76.209926768042024, 7.941878749891862 ], [ -76.209786748119825, 7.94177677318323 ], [ -76.209697770379151, 7.941649491368879 ], [ -76.209596097894121, 7.941496758914772 ], [ -76.209532624084389, 7.941369531206479 ], [ -76.209507471276268, 7.941204250122473 ], [ -76.209469553020739, 7.941051653111231 ], [ -76.209380574690769, 7.940924371130724 ], [ -76.209380871307971, 7.940784556867381 ], [ -76.209479848238061, 7.940802711796359 ], [ -76.209521053126679, 7.940810276089209 ], [ -76.209661207663459, 7.940848695704318 ], [ -76.209724683186892, 7.940975925204738 ], [ -76.209864837784608, 7.94101434562426 ], [ -76.210005074019719, 7.941014642068563 ], [ -76.210158057519564, 7.941014957451842 ], [ -76.21024702699107, 7.941142239231662 ], [ -76.210399956225558, 7.941167985198909 ], [ -76.210540110874248, 7.941206406242302 ], [ -76.210654583353289, 7.941333742010454 ], [ -76.210705310990221, 7.941460943212746 ], [ -76.210730517715973, 7.941600802383037 ], [ -76.210845061948589, 7.941690014220941 ], [ -76.210917232700197, 7.941733384142424 ], [ -76.210938684580853, 7.941746283622312 ], [ -76.210959507537623, 7.941830061084582 ], [ -76.210959219683787, 7.941969866032209 ], [ -76.210997174023447, 7.942109760347467 ], [ -76.211150076371993, 7.942148208111172 ], [ -76.211277691153668, 7.942084922435744 ], [ -76.211303507989541, 7.941932460349382 ], [ -76.211240059852514, 7.941792520071607 ], [ -76.211238676938478, 7.941789969211587 ], [ -76.211227583048867, 7.941665391145623 ], [ -76.211227869946526, 7.94152558623947 ], [ -76.211228166761501, 7.941385772220664 ], [ -76.21122837321424, 7.941287253582227 ], [ -76.211228453696791, 7.941245967313089 ], [ -76.21122875062666, 7.941106163231255 ], [ -76.211254541255514, 7.940966403387256 ], [ -76.211293105522941, 7.940813968405401 ], [ -76.211293402412025, 7.94067415439154 ], [ -76.211319193112274, 7.940534402692002 ], [ -76.211369920724437, 7.940661603774552 ], [ -76.211446061602686, 7.940826992803561 ], [ -76.211535013236286, 7.940966987169224 ], [ -76.211572913182337, 7.941132294893577 ], [ -76.211572617279103, 7.941272098921994 ], [ -76.211610570746004, 7.941411994038176 ], [ -76.211712241933569, 7.941564725723785 ], [ -76.211865036379976, 7.941654009285689 ], [ -76.212005271593696, 7.941654296841846 ], [ -76.21214556198575, 7.941629170860795 ], [ -76.2122733119717, 7.941502337751059 ], [ -76.212286947942516, 7.94142843272289 ], [ -76.212299102261497, 7.941362587010508 ], [ -76.2122993987348, 7.941222773134895 ], [ -76.212299686234743, 7.941082968363521 ], [ -76.212299982808943, 7.940943162617875 ], [ -76.212300270283279, 7.940803349713676 ], [ -76.212300565995903, 7.940663544877121 ], [ -76.212313609868417, 7.940523758055605 ], [ -76.212339392059178, 7.940384007399913 ], [ -76.212384648846765, 7.940316632730697 ], [ -76.212387927967313, 7.940311755356158 ], [ -76.212416126335853, 7.940269777423731 ], [ -76.212431809905482, 7.940257318308307 ], [ -76.212475262284542, 7.94022281312969 ], [ -76.212543820805664, 7.940168366037687 ], [ -76.21256721274132, 7.940203491162952 ], [ -76.212620078516565, 7.940282911432349 ], [ -76.212785620632744, 7.940372220909899 ], [ -76.21287462581374, 7.940486801389551 ], [ -76.212848834762895, 7.940626552078215 ], [ -76.212861294763755, 7.940766392850847 ], [ -76.212963011162415, 7.940893701684238 ], [ -76.213115940010255, 7.940919439391377 ], [ -76.213230870773572, 7.940830702882454 ], [ -76.213266650701186, 7.940809404396895 ], [ -76.213358511806106, 7.940754714643742 ], [ -76.213391786144271, 7.940754778102347 ], [ -76.21351149471586, 7.940755028827343 ], [ -76.213677280030495, 7.9407299574176 ], [ -76.213830397404777, 7.940666725239284 ], [ -76.213868935304177, 7.940526991692904 ], [ -76.213945723201235, 7.940387340021495 ], [ -76.213996981345076, 7.940260353769804 ], [ -76.21401001560055, 7.94012056719723 ], [ -76.214010203884754, 7.940033411896917 ], [ -76.214010311724408, 7.939980761676551 ], [ -76.214010598811711, 7.939840957128733 ], [ -76.214010895823264, 7.939701144371724 ], [ -76.214011182941192, 7.939561338918999 ], [ -76.214011479983355, 7.939421525257089 ], [ -76.214062738102996, 7.939294539048297 ], [ -76.214143935891158, 7.9392799947929 ], [ -76.214203028180904, 7.939269403697238 ], [ -76.214355903036946, 7.939320562713568 ], [ -76.214355615097162, 7.939460368128193 ], [ -76.214393568992918, 7.939600262689798 ], [ -76.214495761690969, 7.939498788881475 ], [ -76.214648905574521, 7.939422855339455 ], [ -76.214789142371515, 7.939423142235166 ], [ -76.21492945857031, 7.939385305358274 ], [ -76.215006210757238, 7.939258364096839 ], [ -76.215045890169108, 7.93923869066954 ], [ -76.215159356127657, 7.939182419582908 ], [ -76.215299591881674, 7.939182708152511 ], [ -76.215426946089266, 7.939246523981823 ], [ -76.215439369628726, 7.939399066614385 ], [ -76.215362644635718, 7.939513296692011 ], [ -76.21524766889199, 7.939627454943906 ], [ -76.21524218979701, 7.939634254912736 ], [ -76.215145414125502, 7.939754342350124 ], [ -76.215145118349241, 7.93989414681576 ], [ -76.215183071606404, 7.94003403215198 ], [ -76.215323154513243, 7.940110586948466 ], [ -76.215463382390922, 7.940110873592779 ], [ -76.215594365006964, 7.940111144080348 ], [ -76.215616364765538, 7.940111188901581 ], [ -76.215753241129576, 7.940111476080428 ], [ -76.215756600837338, 7.940111485321805 ], [ -76.215757876952054, 7.940110909831214 ], [ -76.215896971959069, 7.940048225626237 ], [ -76.216012000709668, 7.939908653838411 ], [ -76.216025036112697, 7.939768868367093 ], [ -76.216012585274598, 7.939629036154278 ], [ -76.21601287172291, 7.939489230970674 ], [ -76.216089650525973, 7.939349579326534 ], [ -76.216230184404722, 7.939210062311651 ], [ -76.216282249935702, 7.939210169018034 ], [ -76.216383167223938, 7.939210375656848 ], [ -76.216446642148725, 7.939337604327626 ], [ -76.216535592720334, 7.939477597997443 ], [ -76.216598986763969, 7.939642960224162 ], [ -76.216700738695579, 7.939757558336511 ], [ -76.216841002395398, 7.939745143228509 ], [ -76.216955896588175, 7.939669119204679 ], [ -76.216968652894309, 7.939532404410743 ], [ -76.217006175215431, 7.939516459257644 ], [ -76.217059445991751, 7.939340819935379 ], [ -76.217094874988661, 7.939252982811977 ], [ -76.217200812917312, 7.939182879433194 ], [ -76.217359455653849, 7.939200800149705 ], [ -76.217464980979983, 7.939324076231035 ], [ -76.217487141812072, 7.939435807976883 ], [ -76.217453986333908, 7.9395668717848 ], [ -76.217453689184453, 7.939709660346189 ], [ -76.217524980184081, 7.939866882594749 ], [ -76.2176537353143, 7.939938541135914 ], [ -76.217796961828412, 7.939938838129443 ], [ -76.217940162742309, 7.939953418408555 ], [ -76.218112011058494, 7.939968050580898 ], [ -76.218255237526648, 7.939968348315418 ], [ -76.21839843831934, 7.939982917583887 ], [ -76.218555804601451, 7.940068922848195 ], [ -76.218684534314576, 7.940154865200214 ], [ -76.218827618374945, 7.940226558656892 ], [ -76.218985290335738, 7.940169768039176 ], [ -76.218999941123769, 7.940012723628872 ], [ -76.2188998871856, 7.939912561678534 ], [ -76.218900182843058, 7.939769766096461 ], [ -76.218900389640666, 7.939669298329691 ], [ -76.218900480325601, 7.93962696959613 ], [ -76.218857809947195, 7.939484092952553 ], [ -76.218743426632031, 7.939383903632213 ], [ -76.218729404618074, 7.939241079760003 ], [ -76.218729701333856, 7.939098284143766 ], [ -76.218775865673791, 7.939037180892536 ], [ -76.218815877234704, 7.938984224601977 ], [ -76.218973720414681, 7.93884175217558 ], [ -76.219045629628994, 7.938699108569068 ], [ -76.219060254112875, 7.93855634931183 ], [ -76.21903946651112, 7.938509465802641 ], [ -76.219003228692657, 7.938427709731529 ], [ -76.218903175293505, 7.938327547622206 ], [ -76.218831857878172, 7.938184608131737 ], [ -76.21880350651945, 7.938041757869951 ], [ -76.218803803368644, 7.937898961353878 ], [ -76.218804100307878, 7.937756173871901 ], [ -76.21880439629723, 7.937613378264847 ], [ -76.218804693205456, 7.937470581746537 ], [ -76.218847990774421, 7.937313601058243 ], [ -76.218934193861926, 7.93718525921232 ], [ -76.219034751200752, 7.937042677608615 ], [ -76.21912095328554, 7.93691433577537 ], [ -76.219264386804838, 7.936814677235055 ], [ -76.219364944794307, 7.936672086589093 ], [ -76.21946541234324, 7.936572337867569 ], [ -76.21960864015557, 7.936572634681266 ], [ -76.219694868512335, 7.936430017648473 ], [ -76.219752459673785, 7.936287347706522 ], [ -76.219810041679381, 7.936144668807029 ], [ -76.219681286979963, 7.936073009704057 ], [ -76.219538059351336, 7.936072712846102 ], [ -76.219466444595255, 7.936072560791618 ], [ -76.219423532784035, 7.936043912993449 ], [ -76.219423658835325, 7.935986799420257 ], [ -76.21946683197956, 7.935886933275029 ], [ -76.219481213562418, 7.935858402059178 ], [ -76.219624467679978, 7.935844424680185 ], [ -76.219667435149276, 7.935844504894823 ], [ -76.219767758146801, 7.935816154824384 ], [ -76.219925305116476, 7.93581647809006 ], [ -76.220068531689293, 7.935816773953367 ], [ -76.220154707700459, 7.935702715436995 ], [ -76.220169116677368, 7.935659910836208 ], [ -76.220298051987953, 7.935645896870755 ], [ -76.220398286243977, 7.935660377713234 ], [ -76.220455454589541, 7.935717617628145 ], [ -76.220584210104292, 7.935789277378958 ], [ -76.220584182738364, 7.935803559790487 ], [ -76.220727411042191, 7.935803857220897 ], [ -76.220784668753993, 7.93581824797459 ], [ -76.220741558907847, 7.935889555569357 ], [ -76.220641235227362, 7.935917915800844 ], [ -76.220583949999238, 7.935917790276259 ], [ -76.220498007785267, 7.935917619252967 ], [ -76.220354780323476, 7.935917322655566 ], [ -76.220268605276644, 7.936031382104774 ], [ -76.220211049915847, 7.93615977768587 ], [ -76.220110528785739, 7.936288084981492 ], [ -76.220010034056386, 7.936402108058056 ], [ -76.219895210788962, 7.936516112891256 ], [ -76.219880596369862, 7.936658872871478 ], [ -76.219880298815838, 7.936801669253074 ], [ -76.219865647990929, 7.936958712631696 ], [ -76.219850996272456, 7.937115756020289 ], [ -76.219764829989415, 7.937229815445007 ], [ -76.219621449556968, 7.937300916560019 ], [ -76.219506689805897, 7.937386355599904 ], [ -76.219506394035548, 7.937529152014981 ], [ -76.219592065595677, 7.937657836205451 ], [ -76.219735229903463, 7.93768668960788 ], [ -76.219878458065907, 7.937686986173614 ], [ -76.220007509926276, 7.937615856775036 ], [ -76.220122305076686, 7.937516135133246 ], [ -76.220208005166995, 7.937630553864278 ], [ -76.220136122008228, 7.937758914137171 ], [ -76.220007042793625, 7.937844326002723 ], [ -76.219920840074437, 7.937972667989767 ], [ -76.21992054355222, 7.938115455316797 ], [ -76.219991824847639, 7.93827267876991 ], [ -76.220034504417754, 7.938415565064957 ], [ -76.220091466213987, 7.938572752113265 ], [ -76.220263196945609, 7.938644499756068 ], [ -76.220406425375145, 7.938644796909815 ], [ -76.220549651965499, 7.938645093124589 ], [ -76.220707027720934, 7.93873109842829 ], [ -76.220749894975228, 7.938780137295254 ], [ -76.220749815122161, 7.938816860333718 ], [ -76.220702014593698, 7.938845318947512 ], [ -76.220678110698017, 7.938859547829674 ], [ -76.220663792046963, 7.938859521439478 ], [ -76.220592177776368, 7.938859367959022 ], [ -76.220568310369046, 7.938854561754623 ], [ -76.220520565397834, 7.938859225293934 ], [ -76.220508842040459, 7.938864390387494 ], [ -76.220319952962726, 7.93890165198547 ], [ -76.220197988950403, 7.939009288311997 ], [ -76.220190810656916, 7.939015620794311 ], [ -76.220068119034465, 7.93908200725883 ], [ -76.220033084695842, 7.939100970140452 ], [ -76.219889678302408, 7.939186354893106 ], [ -76.219832087194575, 7.93932902498033 ], [ -76.219817471309682, 7.93947179494308 ], [ -76.219931754618045, 7.939614824924135 ], [ -76.220046100814756, 7.93972928813749 ], [ -76.220203477039803, 7.939815292601567 ], [ -76.220317878122714, 7.939901207123526 ], [ -76.22041790489439, 7.940015643778889 ], [ -76.220517922725691, 7.940130088588964 ], [ -76.2206179778874, 7.940230250866315 ], [ -76.220717942091767, 7.940373254067078 ], [ -76.220774878308276, 7.940544725003062 ], [ -76.220745943185264, 7.940687457682038 ], [ -76.220602563008981, 7.940758560435799 ], [ -76.220587946566539, 7.940901320399808 ], [ -76.22064497206955, 7.94102995038722 ], [ -76.220788200362591, 7.941030246181232 ], [ -76.220884966273545, 7.940987611844051 ], [ -76.220917224598963, 7.940973401275137 ], [ -76.221060479199153, 7.940959413684314 ], [ -76.22120385929577, 7.940888311679945 ], [ -76.221332910586014, 7.940817175251628 ], [ -76.221476137803762, 7.940817470844403 ], [ -76.221546143830196, 7.940830307686556 ], [ -76.221691042207297, 7.940789353800808 ], [ -76.221734304730404, 7.940646647443055 ], [ -76.221734602085519, 7.940503860365665 ], [ -76.221849360828642, 7.940418420564812 ], [ -76.221992625072119, 7.940404435374578 ], [ -76.222178944417266, 7.940347697156051 ], [ -76.222336670892275, 7.940262347881519 ], [ -76.222494397221496, 7.940176990441488 ], [ -76.222566306831638, 7.940034346612086 ], [ -76.222593507655048, 7.939900219225513 ], [ -76.222595251279856, 7.939891613091931 ], [ -76.222681425872764, 7.939777554015384 ], [ -76.222781920892885, 7.939663522135227 ], [ -76.222868096302477, 7.939549463051548 ], [ -76.222968149796998, 7.939649624606324 ], [ -76.222967853734843, 7.939792421449646 ], [ -76.223010470109102, 7.939963864555376 ], [ -76.223081813755229, 7.94009252206812 ], [ -76.223138838771831, 7.940221150553905 ], [ -76.223095575880166, 7.940363857758807 ], [ -76.223025831098099, 7.940414216836449 ], [ -76.222937787059777, 7.940477772994052 ], [ -76.222937491094939, 7.940620568933556 ], [ -76.222980133989481, 7.940777729638763 ], [ -76.222979846244087, 7.940920526410992 ], [ -76.223108629257894, 7.940977901274634 ], [ -76.223280619827065, 7.940921137223429 ], [ -76.223423911243998, 7.94089287634683 ], [ -76.223595731106997, 7.940921782965234 ], [ -76.223724487029614, 7.940993450810236 ], [ -76.223867633239351, 7.941036579082739 ], [ -76.224010861103295, 7.941036875568758 ], [ -76.224197000573113, 7.941065809941176 ], [ -76.2243113735435, 7.941166007967136 ], [ -76.224425757370895, 7.941266196819739 ], [ -76.224554485351817, 7.941352139438157 ], [ -76.224697505760446, 7.941452382423697 ], [ -76.224854854961706, 7.941552661400991 ], [ -76.224926172396849, 7.941695600596204 ], [ -76.22505487437526, 7.941795826205388 ], [ -76.225226811252568, 7.94176761877304 ], [ -76.225270101304474, 7.941610630142921 ], [ -76.225270398192066, 7.941467841744273 ], [ -76.225270685074335, 7.941325046194443 ], [ -76.225270792892559, 7.941274327385236 ], [ -76.22527098193784, 7.941182249662998 ], [ -76.225357183796746, 7.941053916909595 ], [ -76.225443385533239, 7.940925574220842 ], [ -76.22544433792504, 7.940924630769254 ], [ -76.225543854367118, 7.940825825100191 ], [ -76.225630028894898, 7.940711765656505 ], [ -76.225630325726002, 7.940568970074781 ], [ -76.225630559197882, 7.940454731110078 ], [ -76.225616266837051, 7.940440429808466 ], [ -76.225616339232971, 7.940402350797426 ], [ -76.225616526968096, 7.940314747403105 ], [ -76.225616553742029, 7.940297634300733 ], [ -76.225616850628199, 7.940154837811394 ], [ -76.225459564510118, 7.940026000555376 ], [ -76.225359509610755, 7.939925838985503 ], [ -76.225245100827351, 7.939839932657967 ], [ -76.225202431094871, 7.939697046693779 ], [ -76.225331455575429, 7.939640192676365 ], [ -76.225474682751255, 7.939640488850602 ], [ -76.225603439118473, 7.93971214800706 ], [ -76.225650915165033, 7.939726458314944 ], [ -76.225746585741518, 7.939755284760344 ], [ -76.2258898128364, 7.939755572643795 ], [ -76.226033039975079, 7.939755868608997 ], [ -76.226205031929737, 7.939699103686316 ], [ -76.2263341465992, 7.939599408675787 ], [ -76.226449077364776, 7.939428289384452 ], [ -76.226506667625273, 7.939285619275567 ], [ -76.226564276734152, 7.93912865606825 ], [ -76.226621840678703, 7.939000260162524 ], [ -76.226650775524291, 7.938857527007769 ], [ -76.226665390885628, 7.93871476587343 ], [ -76.22666568763502, 7.938571970423663 ], [ -76.226794740359225, 7.93850083292838 ], [ -76.226952439266356, 7.938429757637819 ], [ -76.22699570164788, 7.938287052435119 ], [ -76.227024672561342, 7.938130035123419 ], [ -76.227067962092548, 7.937973054841034 ], [ -76.227225508797517, 7.93797337771286 ], [ -76.227325509060606, 7.938102098062315 ], [ -76.227337627712487, 7.938250822677555 ], [ -76.227339477673823, 7.938273477894754 ], [ -76.22733440299794, 7.938279226703571 ], [ -76.227238983636823, 7.938387510252259 ], [ -76.227181401834031, 7.938530181156379 ], [ -76.227181105264677, 7.938672977438667 ], [ -76.227280980063796, 7.938858810873717 ], [ -76.227380918344309, 7.939016096710991 ], [ -76.227446476589719, 7.939091098405454 ], [ -76.227480945192156, 7.939130533685866 ], [ -76.227480647903775, 7.939273329930562 ], [ -76.227451687162841, 7.939430337213857 ], [ -76.227451326636682, 7.939601690932905 ], [ -76.227451291717827, 7.939621697173322 ], [ -76.227451040278225, 7.939744487094666 ], [ -76.227536649413423, 7.939901736781314 ], [ -76.227693998134612, 7.940002015551531 ], [ -76.227837198910009, 7.940016586836601 ], [ -76.227980425876908, 7.940016882995861 ], [ -76.228137982230422, 7.940017197909673 ], [ -76.228281272363134, 7.939988937419788 ], [ -76.228353146112582, 7.939860567620782 ], [ -76.228353443009837, 7.939717770596281 ], [ -76.228383050728809, 7.939629798853444 ], [ -76.228411088394864, 7.939546534952015 ], [ -76.228554458571196, 7.93947543296968 ], [ -76.228578066066291, 7.939485951890698 ], [ -76.228683250207553, 7.939532807712207 ], [ -76.228811978770096, 7.939618749772794 ], [ -76.228912006167405, 7.939733196120211 ], [ -76.228940356585795, 7.939876046075242 ], [ -76.228925741252269, 7.940018806087501 ], [ -76.228982765958037, 7.940147435768555 ], [ -76.229125912648286, 7.940190572959442 ], [ -76.229254938035311, 7.940133717863319 ], [ -76.229312492849402, 7.940005321932254 ], [ -76.229327108880483, 7.939862552918377 ], [ -76.229327368645528, 7.939733366167739 ], [ -76.229327396384591, 7.939719757002283 ], [ -76.229327692128038, 7.939576969153328 ], [ -76.229327979671623, 7.939434173235752 ], [ -76.22935130890346, 7.939392518194262 ], [ -76.229399862970467, 7.939305804247892 ], [ -76.229543152542647, 7.939277534420255 ], [ -76.229657940100509, 7.939177811823035 ], [ -76.229786695602442, 7.939249471262732 ], [ -76.229886668993586, 7.939392473735232 ], [ -76.229972278742082, 7.939549724385286 ], [ -76.230072279263268, 7.939678442670979 ], [ -76.230201034976815, 7.93975010188904 ], [ -76.230344181399573, 7.939793229629594 ], [ -76.230444209064473, 7.939907666384429 ], [ -76.230544235881766, 7.940022103099409 ], [ -76.230701638906524, 7.940093824008667 ], [ -76.230830429979335, 7.940151208734449 ], [ -76.230855133973662, 7.94018418607541 ], [ -76.230916130231535, 7.940265618431952 ], [ -76.230815662391024, 7.940365367384435 ], [ -76.230672434838979, 7.940365078585053 ], [ -76.230514851646333, 7.940379029794135 ], [ -76.230342860816251, 7.940435803606294 ], [ -76.230199490017199, 7.940506905317923 ], [ -76.230070374759421, 7.940606601281625 ], [ -76.229969906574723, 7.940706349239722 ], [ -76.229826589593657, 7.940748893550511 ], [ -76.22969751115167, 7.940834314331024 ], [ -76.229625600847498, 7.940976957584883 ], [ -76.229496459129493, 7.941090926726481 ], [ -76.229410230190837, 7.941233552969585 ], [ -76.229352675395447, 7.941361948964399 ], [ -76.229266498514164, 7.941476007945245 ], [ -76.229051631053878, 7.941489851013012 ], [ -76.228908394653686, 7.941489554596062 ], [ -76.228736556182326, 7.941474929945703 ], [ -76.228593319750743, 7.941474634321234 ], [ -76.228450091512002, 7.941474345811632 ], [ -76.22830691909806, 7.941445491731236 ], [ -76.228163690773286, 7.941445195890766 ], [ -76.228020517514878, 7.941416350741147 ], [ -76.227920463573909, 7.941316189261574 ], [ -76.227877820660083, 7.941159028023097 ], [ -76.227734736764248, 7.941087333926495 ], [ -76.22759159881673, 7.94104420619123 ], [ -76.227448363275556, 7.941043909200445 ], [ -76.227333522239846, 7.94117218899002 ], [ -76.227318898376438, 7.941314958277688 ], [ -76.227261288643149, 7.941471911652105 ], [ -76.227146465521912, 7.941585917342606 ], [ -76.226988650064229, 7.94171410624155 ], [ -76.226845215526666, 7.941813765582483 ], [ -76.226701836073929, 7.941884875605682 ], [ -76.22668966391268, 7.941890238621894 ], [ -76.226572811383221, 7.941941731153457 ], [ -76.22645805110858, 7.942027169344884 ], [ -76.226529342080013, 7.942184392139154 ], [ -76.226586375805027, 7.942313022247718 ], [ -76.226528730549191, 7.942484258974275 ], [ -76.22655708168692, 7.942627109324449 ], [ -76.226700192336082, 7.942684521374659 ], [ -76.226857684925221, 7.942713401093676 ], [ -76.227029594639433, 7.942699468805404 ], [ -76.227172822651298, 7.942699764870418 ], [ -76.227316049737212, 7.942700060892905 ], [ -76.227459286708438, 7.942700348657104 ], [ -76.227616779255214, 7.942729229870977 ], [ -76.227745571242153, 7.942786613583984 ], [ -76.227874353219931, 7.94284398918867 ], [ -76.228060493221619, 7.942872933134397 ], [ -76.228203729314274, 7.942873229658911 ], [ -76.22834698422264, 7.94285924299326 ], [ -76.228476008689455, 7.942802387781922 ], [ -76.22863379759518, 7.942688473402672 ], [ -76.228805761876473, 7.942645983038298 ], [ -76.228977790081586, 7.942574935183147 ], [ -76.229149835274484, 7.942489613199316 ], [ -76.229293125011239, 7.942461343018293 ], [ -76.22943636170325, 7.942461640070333 ], [ -76.229565062652796, 7.942561855624196 ], [ -76.229593413876458, 7.942704706253102 ], [ -76.229582705929417, 7.942767956068844 ], [ -76.229564416525136, 7.942876004839373 ], [ -76.22956411950976, 7.943018792651685 ], [ -76.229420685690727, 7.943118460942063 ], [ -76.229397841555738, 7.943169422250075 ], [ -76.229363130872656, 7.943246857032761 ], [ -76.229362834808839, 7.943389652995069 ], [ -76.229362546920882, 7.943532448893236 ], [ -76.229362250832963, 7.943675236722816 ], [ -76.229490925339718, 7.943789736241274 ], [ -76.229677037714552, 7.943832954304277 ], [ -76.229820265761163, 7.943833250199515 ], [ -76.229963528866278, 7.943819262800623 ], [ -76.230121110655418, 7.94380530406164 ], [ -76.230264365542936, 7.943791316630189 ], [ -76.23040760158618, 7.943791604133422 ], [ -76.230550829524219, 7.943791900685237 ], [ -76.230665239367738, 7.943877807370127 ], [ -76.230664951999415, 7.944020603085677 ], [ -76.230564447558137, 7.944134634693185 ], [ -76.230435341542574, 7.944234321160425 ], [ -76.230406397683097, 7.944377063293787 ], [ -76.230506452973103, 7.944477216393417 ], [ -76.230649626380924, 7.944506070130383 ], [ -76.230821563923953, 7.944477862784605 ], [ -76.230964827085032, 7.944463876770766 ], [ -76.231107937577121, 7.944521287704031 ], [ -76.231193609623929, 7.944649971078916 ], [ -76.231307992977648, 7.944750160596226 ], [ -76.231451111748541, 7.944807572191318 ], [ -76.231581512112754, 7.944742902381826 ], [ -76.231849892007602, 7.944761281785645 ], [ -76.232092384396296, 7.944739820882506 ], [ -76.232246776739018, 7.944674216999794 ], [ -76.232445079809352, 7.944718584638903 ], [ -76.232643211754578, 7.944828825945067 ], [ -76.232731076677055, 7.944960878132933 ], [ -76.232730672208064, 7.945158625098099 ], [ -76.232598116670559, 7.945312146677224 ], [ -76.232421562125865, 7.945421660229429 ], [ -76.232266934814689, 7.945597092404118 ], [ -76.232200505285078, 7.945750785090445 ], [ -76.232244144638813, 7.945948630275397 ], [ -76.232486276587665, 7.946102915587021 ], [ -76.232706607306724, 7.946147328202867 ], [ -76.233059267410709, 7.946126092152997 ], [ -76.233191498630788, 7.94612636194806 ], [ -76.233456116242323, 7.946060990764987 ], [ -76.233720768900682, 7.945973621054806 ], [ -76.233809126833492, 7.945885919082762 ], [ -76.233896551306955, 7.945755771367136 ], [ -76.233900278575916, 7.945733753264452 ], [ -76.2339005660005, 7.945590444792624 ], [ -76.233805030635409, 7.945446939166298 ], [ -76.23366148011462, 7.945351106861324 ], [ -76.233493970580184, 7.945255228806813 ], [ -76.233470309134262, 7.945111876327924 ], [ -76.233470596795428, 7.94496856779299 ], [ -76.233470892639687, 7.944825260097281 ], [ -76.233543054779418, 7.944682094964167 ], [ -76.233663088277936, 7.944562916182815 ], [ -76.233769098375163, 7.944527925875647 ], [ -76.233806935119915, 7.944515440038982 ], [ -76.233950682981288, 7.944515726746949 ], [ -76.234094422751554, 7.944516024310118 ], [ -76.234238170573079, 7.94451631091822 ], [ -76.234381920272099, 7.944516608303906 ], [ -76.234573727944451, 7.944445334603245 ], [ -76.234669802908314, 7.944326110939655 ], [ -76.234670090261645, 7.944182802566957 ], [ -76.234646428567899, 7.944039440350321 ], [ -76.234634607168104, 7.944003839590766 ], [ -76.234598808929704, 7.943896042415545 ], [ -76.234575138253547, 7.94375268024719 ], [ -76.234575434782258, 7.943609371787631 ], [ -76.234575722275665, 7.94346606430136 ], [ -76.234576018844209, 7.943322755840311 ], [ -76.234624321374412, 7.943131783146712 ], [ -76.234624617965665, 7.942988473787115 ], [ -76.234689978896427, 7.942810382653655 ], [ -76.23472098020892, 7.942725932838643 ], [ -76.234888928891948, 7.942606851722229 ], [ -76.235032820615999, 7.942535489569857 ], [ -76.235152898910968, 7.942392423959717 ], [ -76.235249019117418, 7.942249304567886 ], [ -76.235369005714432, 7.942154010762493 ], [ -76.235512746204236, 7.942154299115316 ], [ -76.235656493980585, 7.942154594589517 ], [ -76.235800242586578, 7.942154882778985 ], [ -76.235943991236368, 7.94215517904975 ], [ -76.236087928240508, 7.942059930780471 ], [ -76.23616018882025, 7.9418689939024 ], [ -76.236160475998204, 7.941725685723243 ], [ -76.236256550937256, 7.941606461207167 ], [ -76.236376538805118, 7.941511159131101 ], [ -76.236520376781073, 7.941463682649466 ], [ -76.236568005516006, 7.941607090089499 ], [ -76.236567709401058, 7.941750398283268 ], [ -76.236543464407887, 7.941893652692733 ], [ -76.236543166511993, 7.942036960902468 ], [ -76.236494963689424, 7.942180178775819 ], [ -76.236374930857849, 7.942299358691824 ], [ -76.236350684931679, 7.942442613133787 ], [ -76.236422262737207, 7.942586065307082 ], [ -76.236637786687751, 7.942634277923763 ], [ -76.236781535317391, 7.942634564802065 ], [ -76.236948989955579, 7.942754329394731 ], [ -76.237044579844749, 7.942873948189277 ], [ -76.237164173394518, 7.942969726600136 ], [ -76.237224413920543, 7.943070283583447 ], [ -76.237235803574961, 7.943089291667974 ], [ -76.237235463177143, 7.943256487419169 ], [ -76.237139387578665, 7.943375720333176 ], [ -76.237019454242557, 7.943447126898041 ], [ -76.236890259269941, 7.94346832821989 ], [ -76.236875660609812, 7.94347072607567 ], [ -76.236731823016584, 7.943518202031097 ], [ -76.236635549968639, 7.943732971283161 ], [ -76.236635263236664, 7.943876279385296 ], [ -76.236682881749587, 7.944019686754925 ], [ -76.236730511117543, 7.944163084985539 ], [ -76.236850049516292, 7.944282749305233 ], [ -76.236993456641841, 7.944450239807026 ], [ -76.237112959560122, 7.944593790671205 ], [ -76.237256555610713, 7.94466572757953 ], [ -76.237376148131858, 7.944761514742474 ], [ -76.237543665852371, 7.944857391787716 ], [ -76.237687361411261, 7.944881565757123 ], [ -76.237831252907696, 7.944810204322484 ], [ -76.23792732840792, 7.944690971201052 ], [ -76.237951572580926, 7.944547706915794 ], [ -76.237951608890455, 7.944529804264458 ], [ -76.237951869706379, 7.94440440795017 ], [ -76.237832366675093, 7.944260857422088 ], [ -76.237760735030861, 7.944141281779757 ], [ -76.237761031302483, 7.943997973757805 ], [ -76.237761319339739, 7.943856040055417 ], [ -76.237761318531767, 7.943854665805745 ], [ -76.237761614843265, 7.943711357782301 ], [ -76.237761903018665, 7.943568049821683 ], [ -76.237834019537658, 7.943448771354896 ], [ -76.237930094043165, 7.943329547395867 ], [ -76.238002354530707, 7.943138610452803 ], [ -76.238050557706046, 7.942995400699226 ], [ -76.238058446110301, 7.942982357423166 ], [ -76.238122674994159, 7.942876122246234 ], [ -76.238265777309735, 7.942757724390961 ], [ -76.238266666037092, 7.942756988322285 ], [ -76.23826745699921, 7.942755226615868 ], [ -76.238362929896169, 7.942542218276159 ], [ -76.238459246541581, 7.942303563262172 ], [ -76.238483546347496, 7.942136422189185 ], [ -76.238603570145159, 7.942017242892998 ], [ -76.238663362300315, 7.941987590400019 ], [ -76.238795432687397, 7.941922083883855 ], [ -76.238915357921243, 7.9418506771593 ], [ -76.239083163159904, 7.941803246131633 ], [ -76.239226911172594, 7.941803534084803 ], [ -76.239370750328433, 7.94175605759518 ], [ -76.239418952925547, 7.941612838895986 ], [ -76.239419249879873, 7.941469531083651 ], [ -76.239275645118383, 7.941397593793663 ], [ -76.239248434619824, 7.941397540283583 ], [ -76.239131896284206, 7.941397297676366 ], [ -76.23898815655609, 7.941397009569694 ], [ -76.238844310232139, 7.941444494985791 ], [ -76.238724672308578, 7.941372593816665 ], [ -76.238724959569709, 7.941229285984177 ], [ -76.238725246843671, 7.94108597724748 ], [ -76.238725544113123, 7.940942669335807 ], [ -76.238869480687228, 7.940847421421063 ], [ -76.238974979395579, 7.940777612634859 ], [ -76.239013418082635, 7.940752172572208 ], [ -76.239181267574068, 7.94068085497498 ], [ -76.239301300803021, 7.940561675643619 ], [ -76.239397420822598, 7.940418556015692 ], [ -76.239421719524657, 7.940251415983169 ], [ -76.239422106021451, 7.940060334749647 ], [ -76.239422213876367, 7.940006715416691 ], [ -76.239422438817428, 7.939893141196138 ], [ -76.239494554518899, 7.939773861970999 ], [ -76.239566816097323, 7.939582934290343 ], [ -76.239639031076436, 7.939415884304678 ], [ -76.239663276928312, 7.939272629273277 ], [ -76.239684190095915, 7.939128755110064 ], [ -76.239687567409874, 7.939105480316902 ], [ -76.239687863708241, 7.938962171631802 ], [ -76.239688150964398, 7.93881886301659 ], [ -76.239688439153809, 7.938675555297033 ], [ -76.239688734605792, 7.938532246616763 ], [ -76.239688924182957, 7.938439693084585 ], [ -76.239689022835123, 7.938388938895716 ], [ -76.239689363944493, 7.938221744407804 ], [ -76.239689651303735, 7.938078435788742 ], [ -76.239761767717368, 7.937959157563564 ], [ -76.239857833590378, 7.937839933023075 ], [ -76.239882089394527, 7.937696669828783 ], [ -76.239882375861086, 7.937553362144179 ], [ -76.23976288167016, 7.937409810651834 ], [ -76.23966729224054, 7.937290191368947 ], [ -76.239499828415205, 7.937170437302759 ], [ -76.239356089236409, 7.937170139703507 ], [ -76.239212341060494, 7.93716985296656 ], [ -76.239068601013486, 7.937169565212719 ], [ -76.238924808017558, 7.937193164193779 ], [ -76.238781058796434, 7.937192868282906 ], [ -76.238637265729068, 7.937216466270705 ], [ -76.238493527405083, 7.937216179213325 ], [ -76.23834977811579, 7.937215883156113 ], [ -76.238206038838626, 7.937215595102559 ], [ -76.238156739124619, 7.937133308719888 ], [ -76.23813440652205, 7.937096029001772 ], [ -76.238206524344321, 7.936976750923389 ], [ -76.238350416176075, 7.936905388602832 ], [ -76.238446581086677, 7.93673838265149 ], [ -76.238446868186628, 7.936595074761992 ], [ -76.238432810144602, 7.936552745881408 ], [ -76.238375434410017, 7.936379973342645 ], [ -76.238231740274415, 7.93635580024969 ], [ -76.238088000303819, 7.936355503007054 ], [ -76.238016369169728, 7.936235936800866 ], [ -76.238016655583365, 7.936092628855854 ], [ -76.238016898804602, 7.935973764209883 ], [ -76.238016951985287, 7.93594932083247 ], [ -76.238113117066661, 7.935782324022006 ], [ -76.238256909756487, 7.935758724596597 ], [ -76.23840065033076, 7.935759012822594 ], [ -76.238568446260061, 7.935711582117548 ], [ -76.238664620112019, 7.935544585219183 ], [ -76.238664790583869, 7.93545739413318 ], [ -76.23875241155632, 7.935399407685352 ], [ -76.238736970033273, 7.935305885257125 ], [ -76.238713308762073, 7.935162521777895 ], [ -76.238593671377544, 7.935090629763008 ], [ -76.238449922015405, 7.935090343387741 ], [ -76.238306182587422, 7.935090055078041 ], [ -76.238162434919943, 7.935089758650785 ], [ -76.238018794285239, 7.93504169939278 ], [ -76.237899389659546, 7.934850385060547 ], [ -76.237731835655467, 7.934778394145919 ], [ -76.237612199301495, 7.934706492691634 ], [ -76.23758852772437, 7.934563139900025 ], [ -76.237588581796061, 7.934539612675737 ], [ -76.237588823575763, 7.934419830912357 ], [ -76.237589112204503, 7.934276522883847 ], [ -76.237589399040772, 7.934133214868697 ], [ -76.237589695865267, 7.933989906775207 ], [ -76.237613941037893, 7.93384664265378 ], [ -76.237686057953056, 7.93372736482527 ], [ -76.23782979704886, 7.933727660768648 ], [ -76.237973447143816, 7.933775721113345 ], [ -76.238069027692603, 7.933895332350325 ], [ -76.23821267693495, 7.933943391680792 ], [ -76.238356416875178, 7.933943679273105 ], [ -76.238500209902625, 7.933920089956097 ], [ -76.238643949794621, 7.933920377452011 ], [ -76.238787455320974, 7.934040085964003 ], [ -76.238907093321913, 7.934111987966105 ], [ -76.239074943315245, 7.934040669644325 ], [ -76.239147104560004, 7.933897505903521 ], [ -76.239171350981977, 7.933754242799671 ], [ -76.239171638240322, 7.933610934091144 ], [ -76.239171781964814, 7.933539984933618 ], [ -76.239171933681547, 7.933467626221818 ], [ -76.239172221893071, 7.933324318408205 ], [ -76.239148694685241, 7.933109314681502 ], [ -76.239148991110824, 7.932966006799184 ], [ -76.239149279400522, 7.932822698979635 ], [ -76.239149565890671, 7.932679390269989 ], [ -76.23898206594032, 7.932583512799224 ], [ -76.238838658995604, 7.932416030647696 ], [ -76.238695207209943, 7.932272426998538 ], [ -76.238623630201161, 7.932128974770267 ], [ -76.23855214219104, 7.931937749949969 ], [ -76.238543122748879, 7.931883087572781 ], [ -76.238528479919196, 7.93179439719293 ], [ -76.238504809520535, 7.931651043587143 ], [ -76.238505097311915, 7.931507735677868 ], [ -76.238505393271979, 7.93136442680088 ], [ -76.238505681103248, 7.931221118890113 ], [ -76.238434048588715, 7.931101544311406 ], [ -76.238578039537728, 7.93098241911884 ], [ -76.238698063988522, 7.930863230195551 ], [ -76.238698351822947, 7.930719922308833 ], [ -76.238698647833104, 7.930576614357888 ], [ -76.238803948873411, 7.930559338856871 ], [ -76.238842431527559, 7.930553023655697 ], [ -76.238846096956578, 7.930575194628838 ], [ -76.238866102724515, 7.930696377219649 ], [ -76.238865815858361, 7.930839685979577 ], [ -76.238865519036906, 7.9309829939129 ], [ -76.23886523220358, 7.931126301767875 ], [ -76.238888892647026, 7.93126965539548 ], [ -76.239032299917426, 7.931437136778973 ], [ -76.239175707318793, 7.931604618968416 ], [ -76.239271242530037, 7.931748124850515 ], [ -76.239390880560876, 7.931820017008124 ], [ -76.239534619589307, 7.931820303586307 ], [ -76.239678368650928, 7.931820600878591 ], [ -76.239797960972481, 7.931916378691082 ], [ -76.239869583992089, 7.932035944760993 ], [ -76.239941216124237, 7.932155510730682 ], [ -76.240012801670346, 7.932298963385343 ], [ -76.240084380095524, 7.932442424194451 ], [ -76.240203873956432, 7.932585966204675 ], [ -76.240395241665695, 7.932729660219059 ], [ -76.240538693971942, 7.932873255748227 ], [ -76.240586322623145, 7.93301666260644 ], [ -76.240586025805214, 7.93315997119911 ], [ -76.240585738968406, 7.933303278809894 ], [ -76.240657370727718, 7.933422845388312 ], [ -76.240776864307904, 7.933566396075074 ], [ -76.240944319229584, 7.933686159173961 ], [ -76.241088013977162, 7.933710333433237 ], [ -76.241231761590782, 7.933710619998027 ], [ -76.24137550194898, 7.933710908376374 ], [ -76.241567013777313, 7.933782953154965 ], [ -76.241686606171129, 7.933878730920765 ], [ -76.241686318918454, 7.934022039284976 ], [ -76.241614112158899, 7.934189080761776 ], [ -76.241541951041967, 7.934332246419784 ], [ -76.24161338462703, 7.934547355831651 ], [ -76.241732977333882, 7.934643135294492 ], [ -76.241900540386951, 7.934715125167951 ], [ -76.242068093515016, 7.934787115931148 ], [ -76.242211787674265, 7.934811289626409 ], [ -76.242355528286595, 7.934811578414058 ], [ -76.242499276114415, 7.934811865288386 ], [ -76.24264301577351, 7.934812153079898 ], [ -76.242786853762738, 7.934764677421273 ], [ -76.2428110987493, 7.934621412791182 ], [ -76.242859302955182, 7.93447820438446 ], [ -76.242931419833454, 7.934358926199345 ], [ -76.243075159267121, 7.934359213001163 ], [ -76.243242956044028, 7.934311772696454 ], [ -76.243362890087681, 7.934240365772925 ], [ -76.243506683065277, 7.934216766656965 ], [ -76.243650090382715, 7.934384248892995 ], [ -76.243721623135116, 7.934551586910162 ], [ -76.243793254142105, 7.934671153405612 ], [ -76.243913232578876, 7.934575850677871 ], [ -76.243913520785, 7.934432541709162 ], [ -76.24398562913278, 7.934313264433725 ], [ -76.244129376566207, 7.934313551716359 ], [ -76.244273116730028, 7.934313839005677 ], [ -76.244393148601873, 7.934194660398143 ], [ -76.244536646078245, 7.934314368991741 ], [ -76.244608179104759, 7.934481706716533 ], [ -76.24465570854926, 7.934672877595807 ], [ -76.244847085518089, 7.934816572088254 ], [ -76.244966678708664, 7.934912351187716 ], [ -76.245038310087395, 7.935031916392389 ], [ -76.245061980570924, 7.935175270441883 ], [ -76.244965807273516, 7.935342274996879 ], [ -76.244907875203666, 7.935442887179566 ], [ -76.244869642921913, 7.935509272261451 ], [ -76.244773576590305, 7.935628506227499 ], [ -76.244725373166631, 7.935771714636399 ], [ -76.244698333746697, 7.935805276204532 ], [ -76.244629307648495, 7.935890947698693 ], [ -76.244581104259325, 7.936034166963389 ], [ -76.244652591534972, 7.936225382110253 ], [ -76.244772130814994, 7.936345046874601 ], [ -76.244915592163977, 7.936488642410766 ], [ -76.244963211286574, 7.936632048960232 ], [ -76.244962923753761, 7.936775357770674 ], [ -76.244938588977618, 7.936966383696968 ], [ -76.244986162907509, 7.937133677706749 ], [ -76.245249890562377, 7.937038662777182 ], [ -76.245321997673457, 7.936919385261193 ], [ -76.245322178095833, 7.936829732575668 ], [ -76.245322285960299, 7.936776075591022 ], [ -76.245322573375105, 7.936632767734111 ], [ -76.245411874742956, 7.936579588187789 ], [ -76.245442507263249, 7.93656135195815 ], [ -76.245658030525888, 7.93660955619614 ], [ -76.245753567390196, 7.936753052872033 ], [ -76.245753280142154, 7.936896360668223 ], [ -76.245752992014985, 7.937039669374224 ], [ -76.24573653511257, 7.937066887935578 ], [ -76.245680875083735, 7.937158947000611 ], [ -76.245590459662964, 7.937271173702834 ], [ -76.245584809778094, 7.937278181199855 ], [ -76.24539286661971, 7.937421112270401 ], [ -76.245296792026167, 7.937540335689115 ], [ -76.245296503823411, 7.937683643551722 ], [ -76.245152521588182, 7.937802788313085 ], [ -76.244960624175363, 7.937921823710138 ], [ -76.244744858058212, 7.937993050632022 ], [ -76.244601019594043, 7.938040527326045 ], [ -76.244600732125562, 7.938183835275775 ], [ -76.244600444677076, 7.938327143224761 ], [ -76.2445761988388, 7.938470406886154 ], [ -76.244575903266039, 7.938613714900653 ], [ -76.244695504220417, 7.938709492692413 ], [ -76.244887304113092, 7.938638221442524 ], [ -76.244959419595602, 7.938518942875147 ], [ -76.2450316265532, 7.938351892036855 ], [ -76.245199620882047, 7.938208915682624 ], [ -76.24534345925116, 7.938161439688918 ], [ -76.245487153513764, 7.938185614413042 ], [ -76.245630947362613, 7.938162014962851 ], [ -76.24570310872987, 7.938018850710301 ], [ -76.245846901582595, 7.937995252124036 ], [ -76.245990640985383, 7.937995539218355 ], [ -76.246134390343542, 7.937995827088387 ], [ -76.246325955943917, 7.938043977399106 ], [ -76.246469407572619, 7.938187572016835 ], [ -76.246589008596032, 7.938283350943754 ], [ -76.246804523670818, 7.938331554236775 ], [ -76.246948273032459, 7.938331841777321 ], [ -76.247091921978168, 7.938379893386523 ], [ -76.247187512357442, 7.938499511798217 ], [ -76.247283047604313, 7.938643008644647 ], [ -76.247378547745981, 7.93881039189413 ], [ -76.247498140058667, 7.938906171372813 ], [ -76.247641600516033, 7.939049766134408 ], [ -76.24780901130886, 7.939193406760345 ], [ -76.247976286894414, 7.939408705915844 ], [ -76.248023914952128, 7.93955211328241 ], [ -76.248095546556698, 7.939671679075793 ], [ -76.248167134035967, 7.939815131343701 ], [ -76.248238764842512, 7.939934697082989 ], [ -76.248382415361846, 7.939982756080378 ], [ -76.248502439236006, 7.939863568050169 ], [ -76.248430851648266, 7.939720115890859 ], [ -76.248359219955788, 7.939600550198223 ], [ -76.248359507723308, 7.939457241862526 ], [ -76.24828801955374, 7.939266018345809 ], [ -76.248216568210381, 7.939140784339633 ], [ -76.248192528915439, 7.939098635422323 ], [ -76.248073125112313, 7.938907320049294 ], [ -76.248001492836309, 7.938787755102755 ], [ -76.247977823322685, 7.938644391777993 ], [ -76.247882232801288, 7.938524781786227 ], [ -76.247786688383826, 7.938381285220972 ], [ -76.24771505624598, 7.938261710214051 ], [ -76.247595553636089, 7.938118167633242 ], [ -76.24754792517632, 7.937974760992907 ], [ -76.24762004238903, 7.937855483198956 ], [ -76.247788027113984, 7.937712507204042 ], [ -76.247820275536611, 7.937637910605243 ], [ -76.247860232717116, 7.937545456386753 ], [ -76.247788601790973, 7.937425891269521 ], [ -76.247764930882425, 7.937282537815609 ], [ -76.247765218275731, 7.937139229391407 ], [ -76.247885196736021, 7.937043927404972 ], [ -76.248028946396332, 7.937044213841192 ], [ -76.248172685176371, 7.937044502119377 ], [ -76.248292717672825, 7.936925312578548 ], [ -76.248341011767991, 7.936734332076024 ], [ -76.248341299030727, 7.936591022825722 ], [ -76.248341586327683, 7.936447715381595 ], [ -76.24850948183375, 7.936352512417505 ], [ -76.248577806860965, 7.936267710703999 ], [ -76.248599735090139, 7.936263381409622 ], [ -76.248735327011204, 7.936263650130387 ], [ -76.24875105724216, 7.936271528722798 ], [ -76.248828689146649, 7.93639591758844 ], [ -76.24882840131275, 7.936535677782322 ], [ -76.248812518982689, 7.936690933994634 ], [ -76.248812241151924, 7.93683069411125 ], [ -76.248811953371927, 7.936970454305055 ], [ -76.24887398192385, 7.937110339192792 ], [ -76.248982668702723, 7.937281379328486 ], [ -76.249075877990037, 7.937405795377805 ], [ -76.249169122896504, 7.937514679739508 ], [ -76.249277935893474, 7.937623601394795 ], [ -76.249312791231517, 7.937728541970192 ], [ -76.249324387673084, 7.937763450653116 ], [ -76.24926176726548, 7.937918616783184 ], [ -76.24922089261625, 7.937941146399312 ], [ -76.249121423002322, 7.937995980082868 ], [ -76.24896557371116, 7.938042260857545 ], [ -76.248918502796528, 7.938212985917018 ], [ -76.248918224296716, 7.938352745114717 ], [ -76.249073703982077, 7.938492811069623 ], [ -76.249229310640999, 7.938570766738237 ], [ -76.249384853536512, 7.938679786450119 ], [ -76.249509090770502, 7.938866375123109 ], [ -76.249617841373777, 7.939006350676266 ], [ -76.249773420026159, 7.939099837596051 ], [ -76.249944819251567, 7.939069125179273 ], [ -76.250085099718348, 7.93902281658877 ], [ -76.250272137812942, 7.938961067248912 ], [ -76.250412356252539, 7.93894582175378 ], [ -76.250552538217207, 7.938946100616501 ], [ -76.250692729224895, 7.938946379360893 ], [ -76.250832911151477, 7.938946658128698 ], [ -76.250973102113974, 7.938946935874714 ], [ -76.251113374139322, 7.938900627966829 ], [ -76.251222600220444, 7.93880766980524 ], [ -76.251234089672792, 7.938796252631114 ], [ -76.25133184358873, 7.938699181069663 ], [ -76.25148773796279, 7.938637376763029 ], [ -76.251519169651019, 7.938497679601729 ], [ -76.251503871967032, 7.938357883576033 ], [ -76.251363842400224, 7.938279964269878 ], [ -76.251223650797641, 7.938279684764682 ], [ -76.251083532012032, 7.93824835190788 ], [ -76.250943376773591, 7.938232541583769 ], [ -76.250803348194268, 7.938154622021005 ], [ -76.250756923130055, 7.93799923075392 ], [ -76.250757201054469, 7.937859471804553 ], [ -76.250850912963955, 7.937735432410328 ], [ -76.2509622692927, 7.937691279825986 ], [ -76.251006798108591, 7.937673627567447 ], [ -76.251147015944781, 7.937658374783208 ], [ -76.251333830087617, 7.937705330088396 ], [ -76.251505076310224, 7.937752257981524 ], [ -76.251645231322385, 7.937768068173352 ], [ -76.251785196978702, 7.937877043357704 ], [ -76.251925352007532, 7.937892853433351 ], [ -76.252065507934319, 7.937908663450187 ], [ -76.252205699288524, 7.937908941818107 ], [ -76.252345880655469, 7.937909220216559 ], [ -76.252470647708734, 7.937831820741298 ], [ -76.252502107268626, 7.937676593027527 ], [ -76.252460595530579, 7.937551601144643 ], [ -76.252455655398265, 7.937536733707071 ], [ -76.252378120590294, 7.937365765788349 ], [ -76.252362822832907, 7.937225970792047 ], [ -76.252363101217554, 7.93708621114667 ], [ -76.252379046719696, 7.936899900324599 ], [ -76.252441632060936, 7.936760256799159 ], [ -76.252566452559932, 7.936651803423404 ], [ -76.252675768743728, 7.936512258722375 ], [ -76.252691651392041, 7.936357002936735 ], [ -76.252691929784234, 7.936217243331503 ], [ -76.252661064276012, 7.936077421073296 ], [ -76.252630188831759, 7.935937597978085 ], [ -76.252614890400196, 7.935797811134348 ], [ -76.252601585628938, 7.935737578897705 ], [ -76.252420386874618, 7.935692015618736 ], [ -76.252164322303415, 7.935776565769501 ], [ -76.252078613812003, 7.935988998798926 ], [ -76.251950136663609, 7.936243850912469 ], [ -76.251736804539547, 7.936285937899981 ], [ -76.251480749014249, 7.936370450712773 ], [ -76.251224774184692, 7.936412483355348 ], [ -76.250968969969819, 7.93636942736275 ], [ -76.250755979052258, 7.936241453432584 ], [ -76.250585550989598, 7.936156049783087 ], [ -76.250542799814937, 7.936027303979396 ], [ -76.250542899347778, 7.935980043276788 ], [ -76.250589935013124, 7.935824850007698 ], [ -76.250559060276373, 7.935685028272695 ], [ -76.250418877609775, 7.935684748978907 ], [ -76.250278695844543, 7.935684471437516 ], [ -76.250192825880816, 7.935684299680353 ], [ -76.250138504077853, 7.935684192119686 ], [ -76.24999832226743, 7.935683913579952 ], [ -76.249842652957526, 7.935637012890728 ], [ -76.249702534160775, 7.935605679166507 ], [ -76.249562343262653, 7.935605401442867 ], [ -76.249422349613383, 7.93551194931388 ], [ -76.24937589829041, 7.935372090026947 ], [ -76.249313878255279, 7.935232205103961 ], [ -76.24923630794359, 7.935076769346501 ], [ -76.249158676349836, 7.934952379596503 ], [ -76.249158955233511, 7.934812620413364 ], [ -76.249299173346657, 7.934797365899422 ], [ -76.249393020185337, 7.934797555094691 ], [ -76.249439354950937, 7.934797644797157 ], [ -76.249579536529083, 7.934797922743986 ], [ -76.249719691587686, 7.934813734016132 ], [ -76.249859783581186, 7.934860599407295 ], [ -76.250015542999861, 7.934860912667785 ], [ -76.250186879234874, 7.934861245072614 ], [ -76.250373701173402, 7.934908209431247 ], [ -76.250529496083956, 7.934892991770544 ], [ -76.250669804371512, 7.934831152001721 ], [ -76.250638928908003, 7.934691329351617 ], [ -76.250545692837264, 7.934582444239687 ], [ -76.250358896740025, 7.934519958294984 ], [ -76.250203264399815, 7.934457525038019 ], [ -76.250063082109293, 7.934457246358972 ], [ -76.249978721372273, 7.934457084345721 ], [ -76.24992289073775, 7.934456967703313 ], [ -76.249736040739123, 7.934425544555649 ], [ -76.249595985411815, 7.934363148314193 ], [ -76.249440378837576, 7.934285192171515 ], [ -76.249300349267983, 7.934207272358308 ], [ -76.249160194390541, 7.934191461757965 ], [ -76.249020012048149, 7.934191182689795 ], [ -76.248864315876787, 7.934159813848209 ], [ -76.248739827661055, 7.934097452831225 ], [ -76.248724537996964, 7.933957657086173 ], [ -76.248818242138256, 7.933833618306402 ], [ -76.248868717561948, 7.933833717332489 ], [ -76.24895842437239, 7.933833895684907 ], [ -76.249098605695465, 7.933834174829983 ], [ -76.249223372825398, 7.933756775666705 ], [ -76.249317049225041, 7.9336482593974 ], [ -76.249348481115163, 7.933508562236333 ], [ -76.249348760125031, 7.933368802167863 ], [ -76.249309897799762, 7.933323428739145 ], [ -76.249271027558791, 7.933290999073731 ], [ -76.249209072209268, 7.933120058879822 ], [ -76.24920937697523, 7.932964767222747 ], [ -76.249162933672835, 7.932824916730712 ], [ -76.24902293221102, 7.932731465916911 ], [ -76.248914091786816, 7.932638077032903 ], [ -76.248883279620372, 7.932467198834007 ], [ -76.248899171396388, 7.932311933563692 ], [ -76.248899448924192, 7.93217217524877 ], [ -76.248899691916804, 7.932047857320532 ], [ -76.248899728269208, 7.932032415112079 ], [ -76.248900005820886, 7.931892654988832 ], [ -76.248822257148561, 7.93183039310099 ], [ -76.248744499286616, 7.931768112287135 ], [ -76.248651262718852, 7.931659228089426 ], [ -76.248655161008813, 7.931624803645709 ], [ -76.248667118112607, 7.931519495365297 ], [ -76.248791965690103, 7.931395518083878 ], [ -76.248807856718201, 7.931240252820251 ], [ -76.248808135315628, 7.931100492673202 ], [ -76.248761692611652, 7.93096064379313 ], [ -76.248727915695085, 7.930950465651329 ], [ -76.248606024355212, 7.930913742765653 ], [ -76.248465841246471, 7.930913463978278 ], [ -76.248294596224369, 7.93086653625712 ], [ -76.248201421521699, 7.930726596709288 ], [ -76.248139367380205, 7.930602233770616 ], [ -76.248046256068392, 7.930431230875839 ], [ -76.24817101375632, 7.930353840555801 ], [ -76.2482361243908, 7.930346752878886 ], [ -76.24831123240547, 7.930338586955524 ], [ -76.248451476820875, 7.930307810766033 ], [ -76.248591695413353, 7.930292557984981 ], [ -76.248731878286719, 7.93029283591152 ], [ -76.248872060241979, 7.930293114701169 ], [ -76.249012268852255, 7.930277869995308 ], [ -76.249183666582908, 7.930247147579482 ], [ -76.249308461359362, 7.930154226269395 ], [ -76.249495400955922, 7.930139062828654 ], [ -76.249635582754706, 7.930139341381404 ], [ -76.249775827734169, 7.930108564804469 ], [ -76.249807322874503, 7.929937812678888 ], [ -76.249823178029501, 7.929798080085706 ], [ -76.249807879767502, 7.929658292642159 ], [ -76.249667859289602, 7.929580364144828 ], [ -76.249563860898178, 7.929580158045626 ], [ -76.249527667717174, 7.929580085604134 ], [ -76.249340602783477, 7.929657359142026 ], [ -76.24920042110827, 7.929657080423478 ], [ -76.249060176146699, 7.929687856761994 ], [ -76.248919903617548, 7.929734164649588 ], [ -76.248779748564331, 7.929718364154389 ], [ -76.248608512265875, 7.929671436311007 ], [ -76.248484058671067, 7.929593543006769 ], [ -76.248499941034808, 7.92943828683026 ], [ -76.248593618070913, 7.929329770113799 ], [ -76.248593931807932, 7.929174479180999 ], [ -76.248531877160076, 7.929050125288424 ], [ -76.24853215524459, 7.928910365099224 ], [ -76.248610282162403, 7.928786290257289 ], [ -76.248638640688554, 7.928786342649625 ], [ -76.248750463615053, 7.928786568391187 ], [ -76.24889064596195, 7.928786847374058 ], [ -76.249030828282727, 7.928787125406084 ], [ -76.249171009678278, 7.928787403397779 ], [ -76.249311227644682, 7.928772149688657 ], [ -76.249498355527066, 7.92866382213213 ], [ -76.249451904097313, 7.928523964335503 ], [ -76.249311721909265, 7.928523684602736 ], [ -76.249306592858318, 7.928520603918448 ], [ -76.249156151955987, 7.928430205727795 ], [ -76.249280909697347, 7.928352808161578 ], [ -76.249383965353275, 7.928341596908912 ], [ -76.249421128402588, 7.928337553565814 ], [ -76.249483678290787, 7.9282134521478 ], [ -76.249577353924778, 7.928104935427875 ], [ -76.249661229528542, 7.928105106342749 ], [ -76.249701716606893, 7.928080986303152 ], [ -76.249838107784441, 7.92808126484581 ], [ -76.249974507934823, 7.928081534238273 ], [ -76.250110799894514, 7.928131247269651 ], [ -76.250222200510706, 7.928230367069899 ], [ -76.250336322697279, 7.928323845725648 ], [ -76.250358366555716, 7.928341901897896 ], [ -76.250494757661343, 7.928342171155336 ], [ -76.250631158724076, 7.928342441193507 ], [ -76.250804748742496, 7.928342782109207 ], [ -76.250941139796211, 7.928343052123269 ], [ -76.251077530895799, 7.928343330223558 ], [ -76.251213931881466, 7.928343600069997 ], [ -76.251362791404858, 7.928306805428297 ], [ -76.25136307025646, 7.928170826797199 ], [ -76.251338536830133, 7.928034795341613 ], [ -76.251214793518258, 7.927910925813266 ], [ -76.251137278277895, 7.927896714658477 ], [ -76.251078447555017, 7.927885926404066 ], [ -76.250942055771603, 7.92788565728465 ], [ -76.25075615930605, 7.927835844976224 ], [ -76.250657165368921, 7.927736752211062 ], [ -76.250719408671316, 7.92761325130566 ], [ -76.250855845389893, 7.927588799232712 ], [ -76.250992344209806, 7.927539616653712 ], [ -76.251081224004452, 7.927531737717698 ], [ -76.25112876198375, 7.92752752467507 ], [ -76.251277604287623, 7.927503100268277 ], [ -76.251413995000874, 7.927503370239051 ], [ -76.25155038659517, 7.927503639254409 ], [ -76.251686805180071, 7.927491548000242 ], [ -76.251786193907193, 7.927392850055718 ], [ -76.251674803354675, 7.927293729750733 ], [ -76.251551006283421, 7.927194583433181 ], [ -76.251427138242107, 7.927132526694914 ], [ -76.251408506522168, 7.927128206183294 ], [ -76.25126601556714, 7.927095121339262 ], [ -76.251129651999491, 7.927082491033763 ], [ -76.25099333161036, 7.92704513939514 ], [ -76.250869508585453, 7.926958353004911 ], [ -76.250733189136881, 7.926921001247573 ], [ -76.250596815528013, 7.926908360877063 ], [ -76.250448028303552, 7.926908065386772 ], [ -76.250311609702791, 7.926920156171104 ], [ -76.250100918649451, 7.926870291215092 ], [ -76.24991504880316, 7.926808118063192 ], [ -76.249778711292137, 7.926783117983584 ], [ -76.249654590927534, 7.92684468007706 ], [ -76.249518173124002, 7.926856770594686 ], [ -76.249357051351993, 7.926819365281117 ], [ -76.249394547032495, 7.926671098136731 ], [ -76.249444466337309, 7.926510488725717 ], [ -76.249455083522648, 7.926396555237522 ], [ -76.249457140793965, 7.92637452872924 ], [ -76.24942134292327, 7.926371213991677 ], [ -76.249320768225388, 7.926361897781754 ], [ -76.249258505517986, 7.926497758767288 ], [ -76.249159034805317, 7.926633539744517 ], [ -76.249047141290049, 7.92678166298592 ], [ -76.248873434348241, 7.92684313487101 ], [ -76.24873703439016, 7.926842855916817 ], [ -76.248600642647745, 7.926842586792123 ], [ -76.248556140245398, 7.926842496798208 ], [ -76.248464250880218, 7.926842316719132 ], [ -76.248315310735066, 7.926916194618481 ], [ -76.248215920916152, 7.927014892926707 ], [ -76.248216190945328, 7.926878905818975 ], [ -76.248216460157252, 7.926742927752235 ], [ -76.248216757345929, 7.926594580376324 ], [ -76.248340904253922, 7.926520658397325 ], [ -76.248477222745009, 7.926558010184815 ], [ -76.248613587368638, 7.926570648684689 ], [ -76.248750077398924, 7.926521466035894 ], [ -76.248874394736831, 7.926361008728202 ], [ -76.248911863533436, 7.926225102733565 ], [ -76.248936935715008, 7.926089169711279 ], [ -76.249036326000891, 7.925990463248315 ], [ -76.249049045790073, 7.925829780963016 ], [ -76.248962474669582, 7.925718354216516 ], [ -76.249024718530322, 7.925594854376646 ], [ -76.249148883913691, 7.925508571237101 ], [ -76.249285374408174, 7.925459387667378 ], [ -76.249421918215816, 7.92538549169821 ], [ -76.249570687924475, 7.925398149758269 ], [ -76.249694557076666, 7.925460204652929 ], [ -76.249855597917715, 7.925534694389231 ], [ -76.249991746512777, 7.925658589006293 ], [ -76.250115561638367, 7.925745366916824 ], [ -76.250251961878661, 7.92574563561941 ], [ -76.250376072756083, 7.925684073584947 ], [ -76.250512761309963, 7.925535996126961 ], [ -76.250612177210073, 7.925424937390398 ], [ -76.250724016614697, 7.92530153636923 ], [ -76.250857299604803, 7.925169186691639 ], [ -76.250873280834227, 7.925066949856947 ], [ -76.250848757219543, 7.924930918144985 ], [ -76.250822409518847, 7.924897007302693 ], [ -76.25076217789028, 7.924819491049782 ], [ -76.250688058286016, 7.924683360430728 ], [ -76.25068832689773, 7.924547372741847 ], [ -76.250652044342814, 7.924468590678574 ], [ -76.25066382054878, 7.924398980818411 ], [ -76.250616299647348, 7.924333556343117 ], [ -76.250564899045642, 7.924262805227481 ], [ -76.250428759126805, 7.924138908804244 ], [ -76.250292385618991, 7.924126278805819 ], [ -76.2501902029815, 7.924181587942757 ], [ -76.25015585062755, 7.924200182901059 ], [ -76.250031658769217, 7.924298827251627 ], [ -76.249895141690274, 7.924360371125609 ], [ -76.249770931735327, 7.924471384655236 ], [ -76.249634513807408, 7.924483475804571 ], [ -76.249498167139805, 7.924458476294831 ], [ -76.249436417407466, 7.924334732547349 ], [ -76.249435446851393, 7.924333349616762 ], [ -76.249349873803922, 7.924210944632688 ], [ -76.249226005119851, 7.924148890363274 ], [ -76.249089605193078, 7.92414861117244 ], [ -76.248953266831052, 7.924123620396476 ], [ -76.248816921140559, 7.924098619687623 ], [ -76.24891633837899, 7.923987561298906 ], [ -76.249065179024797, 7.923963136344243 ], [ -76.249201597785856, 7.923951045437226 ], [ -76.249325717571551, 7.923889482892626 ], [ -76.24921444334808, 7.923728550237057 ], [ -76.249338582053866, 7.923654628428223 ], [ -76.249487199292631, 7.923741450011578 ], [ -76.249611049868591, 7.923815875259812 ], [ -76.249747387167332, 7.923840865852292 ], [ -76.24988383197234, 7.923816413601154 ], [ -76.250020267688896, 7.923791962285893 ], [ -76.250156758385188, 7.923742778690663 ], [ -76.250243777669624, 7.923631694046254 ], [ -76.25028127408126, 7.923483427041419 ], [ -76.250331138917346, 7.923347538284322 ], [ -76.250343814303548, 7.923211578393669 ], [ -76.250331686803008, 7.923075573561179 ], [ -76.250228227568911, 7.923035669719095 ], [ -76.2501706190899, 7.923013445708226 ], [ -76.250084066633704, 7.922889648953102 ], [ -76.250084344823179, 7.922753671042235 ], [ -76.250084453378065, 7.922696970343385 ], [ -76.250084614804194, 7.922617684159783 ], [ -76.250245682339397, 7.922679812114669 ], [ -76.250344650195558, 7.922791274784217 ], [ -76.250480842701307, 7.922890440114389 ], [ -76.250629442631805, 7.922989632309148 ], [ -76.250765779563253, 7.923014622653674 ], [ -76.250902170659046, 7.923014891570894 ], [ -76.251001569881865, 7.922916194071257 ], [ -76.251138105184154, 7.922842289920037 ], [ -76.251287018958763, 7.922780781943014 ], [ -76.251423660538762, 7.922657425988658 ], [ -76.251510699075055, 7.922533979324907 ], [ -76.251510968608358, 7.922397991726802 ], [ -76.251387099602795, 7.922335937112138 ], [ -76.251298660949772, 7.922273952812375 ], [ -76.251213634852618, 7.922273781705753 ], [ -76.251089765900517, 7.922211726969037 ], [ -76.250953545617904, 7.922124922047425 ], [ -76.250854551766423, 7.922025828786528 ], [ -76.250792774374673, 7.921914447297828 ], [ -76.250792800564511, 7.921902086163399 ], [ -76.250830144230335, 7.921827984203898 ], [ -76.250929290617833, 7.921852913441841 ], [ -76.251053133253933, 7.921927329411845 ], [ -76.251189478839407, 7.921952319679117 ], [ -76.251205190654517, 7.921949742197851 ], [ -76.251338321060899, 7.921927895141357 ], [ -76.251375789982674, 7.921791980349044 ], [ -76.251487603324478, 7.921680947941128 ], [ -76.251636418249007, 7.921668875439945 ], [ -76.251772853869284, 7.921644422965444 ], [ -76.25190944274344, 7.9215457974299 ], [ -76.252021256678916, 7.921434755920681 ], [ -76.252021535330272, 7.921298778251779 ], [ -76.252157943693177, 7.921286685931094 ], [ -76.252281813262655, 7.921348742198903 ], [ -76.252319281857339, 7.921212826561746 ], [ -76.252319551378449, 7.921076849001915 ], [ -76.252282647870757, 7.92092842941516 ], [ -76.252245728210767, 7.920792369949704 ], [ -76.252382119288924, 7.920792639574046 ], [ -76.252456266080117, 7.920916409743164 ], [ -76.252517988552185, 7.921052514020852 ], [ -76.25251771916416, 7.92118850058905 ], [ -76.252542251626394, 7.921324532019721 ], [ -76.252541974056157, 7.921460509612423 ], [ -76.252541703831369, 7.921596497085856 ], [ -76.252467063114167, 7.921719970740032 ], [ -76.252466793805439, 7.921855958214969 ], [ -76.252516120098704, 7.921992034547961 ], [ -76.252575678678653, 7.922111393737013 ], [ -76.252577870837925, 7.922115777610891 ], [ -76.252577600712314, 7.92225176507617 ], [ -76.252577332339015, 7.92238774258862 ], [ -76.252577062242395, 7.92252372914909 ], [ -76.252502420577471, 7.922647202875629 ], [ -76.252456813739329, 7.922654102259607 ], [ -76.252341182866303, 7.922671609960715 ], [ -76.252278938408139, 7.922795101615918 ], [ -76.252278669180782, 7.922931089110217 ], [ -76.252265949405682, 7.923091770072618 ], [ -76.25216650473098, 7.923215198988475 ], [ -76.252215805154677, 7.923363636440686 ], [ -76.252277528248769, 7.923499739721414 ], [ -76.252339187600654, 7.923672935242076 ], [ -76.25242575877094, 7.923784371037175 ], [ -76.252561952836516, 7.923883536243244 ], [ -76.252698316980016, 7.923896167378936 ], [ -76.252735786282372, 7.923760259804067 ], [ -76.252773253707744, 7.923624345021592 ], [ -76.252909698776364, 7.923599892774402 ], [ -76.253046233665444, 7.923525988948425 ], [ -76.253158002616445, 7.923439679140801 ], [ -76.253294420544464, 7.923427587008231 ], [ -76.25341826301532, 7.923502003719391 ], [ -76.253542112770575, 7.923576420318727 ], [ -76.253653927329111, 7.92346537923085 ], [ -76.253740946253117, 7.923354294249827 ], [ -76.253753613217526, 7.923218333862289 ], [ -76.253716709641054, 7.923069913790953 ], [ -76.253605309549982, 7.922970793787144 ], [ -76.25350397093014, 7.922909905689377 ], [ -76.253481468179629, 7.922896377975699 ], [ -76.253419816885653, 7.922723190833387 ], [ -76.253407689316731, 7.922587176546771 ], [ -76.253544151903668, 7.922550365013703 ], [ -76.253627928576492, 7.922485668067709 ], [ -76.253655921414207, 7.92246405430718 ], [ -76.253680983959569, 7.922328111827533 ], [ -76.253642527239009, 7.922251054784918 ], [ -76.253606882333102, 7.922179620887067 ], [ -76.253582357528913, 7.922043588719119 ], [ -76.253582626523212, 7.921907611331029 ], [ -76.253582897269794, 7.921771623990128 ], [ -76.253657537582086, 7.921648151170445 ], [ -76.253695131677517, 7.921450431023472 ], [ -76.253695401541862, 7.9213144437022 ], [ -76.253695697621254, 7.92116610612186 ], [ -76.253695967523328, 7.921030118799168 ], [ -76.253597044753633, 7.920893943100295 ], [ -76.253535295008575, 7.920770200225274 ], [ -76.253411524615913, 7.920658691833014 ], [ -76.253312575920077, 7.920534877095228 ], [ -76.25328806950894, 7.92038648468427 ], [ -76.253226319975454, 7.920262741692668 ], [ -76.253114919174436, 7.920163622109908 ], [ -76.253028349103928, 7.920052195244951 ], [ -76.252991418547182, 7.919916135993544 ], [ -76.252991571757221, 7.919841962140712 ], [ -76.253024180895721, 7.91982578318037 ], [ -76.253066041870184, 7.919805022565423 ], [ -76.253066059869127, 7.919792662424492 ], [ -76.253177585749924, 7.919829969348451 ], [ -76.253214730653283, 7.919854763410203 ], [ -76.253301301672323, 7.919966199261083 ], [ -76.253387854693202, 7.920089987080382 ], [ -76.253524021146561, 7.920201512584162 ], [ -76.253573472524636, 7.920275785080569 ], [ -76.253622970741901, 7.920325336307392 ], [ -76.253734513770496, 7.920350273842548 ], [ -76.25375933536256, 7.920337966641346 ], [ -76.253833877384793, 7.920263937350483 ], [ -76.253854736220816, 7.920243229560361 ], [ -76.253858725014538, 7.920239260013778 ], [ -76.253896166126779, 7.920115714618613 ], [ -76.253896193158738, 7.920103354417089 ], [ -76.253896463136527, 7.919967367115492 ], [ -76.253896535155306, 7.919930283871077 ], [ -76.253921534912536, 7.919831433664831 ], [ -76.253996076896243, 7.919757411619771 ], [ -76.254008546117902, 7.919720348103743 ], [ -76.254067663775672, 7.919644880749855 ], [ -76.254095564523425, 7.919609261582806 ], [ -76.254095835414731, 7.91947327520146 ], [ -76.254095960588913, 7.919411470668295 ], [ -76.254096103669482, 7.919337296971753 ], [ -76.254096274697915, 7.919250763068399 ], [ -76.254083977345459, 7.919201282729239 ], [ -76.254009649751012, 7.919164056841735 ], [ -76.254009820812257, 7.919077522930516 ], [ -76.254009901843858, 7.91904043058366 ], [ -76.254121518396914, 7.919028294833541 ], [ -76.254146238954561, 7.919065422060696 ], [ -76.254195692014633, 7.91913969538553 ], [ -76.254232764903449, 7.919201579818338 ], [ -76.254306911634941, 7.919325349556464 ], [ -76.254319236870373, 7.919362458831181 ], [ -76.254343841546131, 7.919461409450776 ], [ -76.254355968823177, 7.919597413701513 ], [ -76.254355698947364, 7.919733400944094 ], [ -76.254367827178768, 7.919869405181111 ], [ -76.25441715260358, 7.920005482052441 ], [ -76.254429289132531, 7.920141496149028 ], [ -76.254429020188624, 7.920277474337478 ], [ -76.254428749514318, 7.920413460670476 ], [ -76.254416075241252, 7.920549421025739 ], [ -76.25439101184817, 7.920685354390356 ], [ -76.254390984838082, 7.920697714585664 ], [ -76.254415661610025, 7.920759572897575 ], [ -76.254514854266475, 7.920759771028643 ], [ -76.254552053294987, 7.920759841806658 ], [ -76.2546142437958, 7.92066107328862 ], [ -76.254642746557892, 7.920632757845378 ], [ -76.254663938043407, 7.920611718547853 ], [ -76.254697814301707, 7.920600534989049 ], [ -76.254738381914862, 7.920587140669475 ], [ -76.254837700336523, 7.92052552611625 ], [ -76.25485014971099, 7.920500821827065 ], [ -76.254974287807883, 7.920426900015025 ], [ -76.254986685007239, 7.920426917895402 ], [ -76.255073677970202, 7.920328193199104 ], [ -76.255148165745751, 7.920278893175867 ], [ -76.255185293801901, 7.920316057042876 ], [ -76.255085831777421, 7.9204518461708 ], [ -76.255073407522104, 7.920464180349791 ], [ -76.255035939823941, 7.920600085907081 ], [ -76.254998641996266, 7.920649465785792 ], [ -76.254961299187102, 7.920723559646542 ], [ -76.25493622700894, 7.920859502080048 ], [ -76.254873964771605, 7.920995362868517 ], [ -76.254737376224071, 7.921093989027431 ], [ -76.254625607304874, 7.921180298884543 ], [ -76.25458809372175, 7.921340935646469 ], [ -76.254575399860386, 7.921489257031335 ], [ -76.254575131215432, 7.921625244227949 ], [ -76.25468643206824, 7.921773807434349 ], [ -76.254773002995023, 7.92188523361926 ], [ -76.254785129905301, 7.922021238668797 ], [ -76.254784861400395, 7.922157225834823 ], [ -76.254921009241485, 7.922281112381651 ], [ -76.255082049712314, 7.922355610152875 ], [ -76.255193476657098, 7.922442359564212 ], [ -76.255280047976427, 7.922553796369835 ], [ -76.255304580646893, 7.922689828139555 ], [ -76.255415998678288, 7.92277657840894 ], [ -76.255552534383824, 7.922702674034541 ], [ -76.255664347134584, 7.922591632723446 ], [ -76.255751394018219, 7.9224681874187 ], [ -76.255863152778801, 7.922381868260858 ], [ -76.25596259686678, 7.922258448012021 ], [ -76.256000083771369, 7.922110172386236 ], [ -76.256014689848428, 7.922081201118902 ], [ -76.256062327705521, 7.921986671620806 ], [ -76.25614934833834, 7.921875585592545 ], [ -76.256263838394673, 7.921805651834347 ], [ -76.256269523865257, 7.921802175870398 ], [ -76.256310730161999, 7.921777004598941 ], [ -76.256446941604381, 7.92177727415947 ], [ -76.256447121031897, 7.921777273660159 ], [ -76.256583511890852, 7.921777543580011 ], [ -76.256719903637887, 7.92177781344795 ], [ -76.256868771519237, 7.921741017887873 ], [ -76.256955836616996, 7.921605210637964 ], [ -76.257018125802929, 7.921456979672749 ], [ -76.257117561181971, 7.921333561243618 ], [ -76.257204696845079, 7.921160661856928 ], [ -76.257266942130585, 7.921037161096081 ], [ -76.257403449906846, 7.920975618441276 ], [ -76.257515217832363, 7.920889299059533 ], [ -76.257663978598018, 7.920901955732529 ], [ -76.257800352075279, 7.920914586349467 ], [ -76.257936744281395, 7.920914855926155 ], [ -76.258011042790955, 7.920964451852162 ], [ -76.25807303615268, 7.920964568714851 ], [ -76.258147451833921, 7.920952351343131 ], [ -76.25817242633407, 7.920865871338536 ], [ -76.258209742400012, 7.920804129428923 ], [ -76.258222290935052, 7.920729981874417 ], [ -76.258209993100294, 7.920680511816187 ], [ -76.258098422317076, 7.920667926751007 ], [ -76.258036473657313, 7.920643078800806 ], [ -76.257962075858757, 7.920642936050163 ], [ -76.257937371794981, 7.920598396745966 ], [ -76.257961519258174, 7.920579218036189 ], [ -76.257900299130895, 7.920531553579207 ], [ -76.257900549956915, 7.920407935927829 ], [ -76.257900567803844, 7.920395575845572 ], [ -76.257900838236125, 7.920259589062588 ], [ -76.257888485751749, 7.920234840189908 ], [ -76.257963082338975, 7.920136088339484 ], [ -76.258024759599635, 7.920296923107819 ], [ -76.258074185596513, 7.920383555783613 ], [ -76.258095233332639, 7.92039760600661 ], [ -76.258111330685765, 7.920408350171559 ], [ -76.258247721769962, 7.920408618817495 ], [ -76.258359535856897, 7.920297578198425 ], [ -76.258446600155537, 7.920161761915828 ], [ -76.258446869604128, 7.9200257842457 ], [ -76.258447138992608, 7.919889796636987 ], [ -76.258410254336596, 7.919729017434577 ], [ -76.258410523776774, 7.91959302981945 ], [ -76.258398423917569, 7.919444664258987 ], [ -76.258398684338076, 7.919308676711699 ], [ -76.258398702142784, 7.91930241619198 ], [ -76.258464278600641, 7.919075303600611 ], [ -76.258474654716679, 7.919003888092583 ], [ -76.258467862769905, 7.918927764065051 ], [ -76.258402313284392, 7.918789819183674 ], [ -76.258409302028639, 7.918586395676028 ], [ -76.25839645603358, 7.918422299600606 ], [ -76.258318041788783, 7.918133392957304 ], [ -76.258212974782708, 7.918008490954756 ], [ -76.258127636377097, 7.917890200995474 ], [ -76.258108205070045, 7.917732655248849 ], [ -76.258174321234918, 7.917581845781392 ], [ -76.258299491714482, 7.917529591451824 ], [ -76.2583707833505, 7.917529734256684 ], [ -76.258464046293398, 7.917529913964504 ], [ -76.258615501609327, 7.91749740431109 ], [ -76.258707937802626, 7.917353205979955 ], [ -76.258708262063237, 7.917189137965107 ], [ -76.258708674534418, 7.916979138731453 ], [ -76.258778527683859, 7.916696655040171 ], [ -76.258781662988241, 7.916683960689642 ], [ -76.258786577045839, 7.916679084003072 ], [ -76.258933352239737, 7.916533314294942 ], [ -76.258933496332901, 7.916462464014361 ], [ -76.258933622085038, 7.916395502557405 ], [ -76.258828581975635, 7.916257476997737 ], [ -76.258802332646297, 7.916218050033223 ], [ -76.258684178062367, 7.916053757267195 ], [ -76.258723937404298, 7.915916018944994 ], [ -76.258803106117469, 7.915824300588743 ], [ -76.25882455832371, 7.915771137847894 ], [ -76.258842792671672, 7.915725934837213 ], [ -76.258816660647554, 7.915627443987841 ], [ -76.258639009564959, 7.915594287360191 ], [ -76.258581356698087, 7.915572602212703 ], [ -76.258481150376952, 7.915534908024576 ], [ -76.258356194149457, 7.915482158829089 ], [ -76.258264108218285, 7.91544917340635 ], [ -76.258106264593152, 7.91538323703009 ], [ -76.258106353753547, 7.915337296740789 ], [ -76.258073620084431, 7.915245353560054 ], [ -76.258093588603813, 7.915133828803823 ], [ -76.258093742369198, 7.915055072722662 ], [ -76.258028209626161, 7.914910569703483 ], [ -76.257903415713358, 7.914772508278975 ], [ -76.257771957173219, 7.914680377034518 ], [ -76.257725945232224, 7.914647472259103 ], [ -76.257712900800499, 7.914588381070185 ], [ -76.257738808644774, 7.914578751444608 ], [ -76.257818292347721, 7.914549213642088 ], [ -76.257995960339656, 7.91457581305828 ], [ -76.258147066107398, 7.914720486670735 ], [ -76.258199410601861, 7.914878095981647 ], [ -76.258232002202334, 7.915042217621067 ], [ -76.258232604367819, 7.915043081182243 ], [ -76.258356706359805, 7.915219663325136 ], [ -76.258534140808251, 7.915364381115854 ], [ -76.258646044205179, 7.915364605900979 ], [ -76.258869553679119, 7.91550942316978 ], [ -76.258994599878548, 7.915516231924858 ], [ -76.259211462212605, 7.91569384657851 ], [ -76.259329634989996, 7.915851583190276 ], [ -76.259329338838171, 7.916002516664421 ], [ -76.259315782814411, 7.916199374102639 ], [ -76.259322017759544, 7.916376575560129 ], [ -76.259459918338152, 7.916540914159822 ], [ -76.259499067290093, 7.916718178015445 ], [ -76.259525198735247, 7.916816669634241 ], [ -76.259557762322629, 7.916993925334671 ], [ -76.259554286232259, 7.917082625040548 ], [ -76.25955082740731, 7.917171099639385 ], [ -76.259491242025859, 7.917348176170464 ], [ -76.259286813411208, 7.91753809767582 ], [ -76.259205829182179, 7.917597521120082 ], [ -76.259135203948816, 7.917649362655459 ], [ -76.259055955248854, 7.917780453783816 ], [ -76.259042416577216, 7.917970743572973 ], [ -76.259042031205539, 7.91816421382534 ], [ -76.259041886588079, 7.918239817431747 ], [ -76.259013643858054, 7.918371257773671 ], [ -76.258995381295918, 7.918456292911264 ], [ -76.258869931214562, 7.918652925101469 ], [ -76.258863031639052, 7.918810409179001 ], [ -76.258882588645022, 7.918908890821961 ], [ -76.259011030050786, 7.919001318429279 ], [ -76.259012376658063, 7.919008110375433 ], [ -76.259012268817969, 7.919061316742257 ], [ -76.259043809275909, 7.919124513157696 ], [ -76.259043539974584, 7.919260499787688 ], [ -76.259043269721218, 7.919396478293082 ], [ -76.259011434079156, 7.91948325586207 ], [ -76.258993413560702, 7.919532366720977 ], [ -76.258906367355436, 7.919655822020966 ], [ -76.258794608185951, 7.919742132429661 ], [ -76.25868276656233, 7.919865534114372 ], [ -76.258682498147266, 7.920001520781383 ], [ -76.258793924632428, 7.920088270993557 ], [ -76.258917667825472, 7.920212140124921 ], [ -76.258917406712257, 7.920348117667754 ], [ -76.258917137539882, 7.920484105211661 ], [ -76.258929264629728, 7.920620109618906 ], [ -76.258928996403782, 7.920756097152743 ], [ -76.258928726369348, 7.920892082893176 ], [ -76.258923282294504, 7.920908262060061 ], [ -76.258878843250216, 7.921040323397655 ], [ -76.258754696290993, 7.92111425527802 ], [ -76.258630556519805, 7.92118818617893 ], [ -76.258531095870509, 7.92132397575276 ], [ -76.258394435293226, 7.921459693123719 ], [ -76.258245601910701, 7.92148411808797 ], [ -76.258109210534883, 7.921483857716289 ], [ -76.257972864623056, 7.921458858087632 ], [ -76.257861491515513, 7.921347385626878 ], [ -76.257783247537688, 7.921353225265214 ], [ -76.257700279606951, 7.921359431614444 ], [ -76.257576133055764, 7.921433354224631 ], [ -76.257538645831005, 7.921581629749614 ], [ -76.257525979990021, 7.92171758973659 ], [ -76.257513187831975, 7.921915354061406 ], [ -76.2575129183993, 7.922051340880173 ], [ -76.257450674079294, 7.922174841697879 ], [ -76.257363662931752, 7.92228592690673 ], [ -76.257239398935226, 7.92242167189986 ], [ -76.257115188586894, 7.922532685723596 ], [ -76.257015772722767, 7.922643744157397 ], [ -76.25701287970918, 7.922674798574803 ], [ -76.257003105906961, 7.922779704212683 ], [ -76.256891338374089, 7.922866023693681 ], [ -76.256730054951362, 7.922915151782981 ], [ -76.256593662836977, 7.922914882973971 ], [ -76.256457262541915, 7.922914613280434 ], [ -76.256419318340974, 7.92291798189945 ], [ -76.256320854347223, 7.922926705371168 ], [ -76.256233806806463, 7.923050159804706 ], [ -76.25618386977618, 7.923223130746302 ], [ -76.256319919813464, 7.923396469777981 ], [ -76.256456167051041, 7.923470913051479 ], [ -76.256592459910721, 7.923520626051126 ], [ -76.256592190389043, 7.923656612983793 ], [ -76.256591920814344, 7.923792590881273 ], [ -76.25659165132879, 7.923928577812584 ], [ -76.256591381790216, 7.924064555708742 ], [ -76.256504289526674, 7.924212733233569 ], [ -76.256355303522341, 7.924311340589924 ], [ -76.256280618410614, 7.924459535833985 ], [ -76.256255420617265, 7.924657281744278 ], [ -76.256342000018918, 7.924768708923549 ], [ -76.256341703687895, 7.92491705695624 ], [ -76.256341407378386, 7.925065404988135 ], [ -76.256328740582788, 7.925201365129668 ], [ -76.256315976195751, 7.925386767682053 ], [ -76.256290759813353, 7.925596874612957 ], [ -76.256203624416628, 7.925769774304236 ], [ -76.256190948577952, 7.925905733632277 ], [ -76.256209247198356, 7.926025857079229 ], [ -76.256215436564247, 7.926066487212565 ], [ -76.256189789945552, 7.926136349024479 ], [ -76.256165562200223, 7.926202375199291 ], [ -76.256041424052981, 7.926276297959518 ], [ -76.255904790049229, 7.926399654387932 ], [ -76.255916918056784, 7.926535659175291 ], [ -76.256040713586785, 7.92663480567115 ], [ -76.256176979875505, 7.926696880383186 ], [ -76.256338075192929, 7.926746646596724 ], [ -76.256474448091069, 7.926759276901816 ], [ -76.256598317056913, 7.926821332770594 ], [ -76.256672472980512, 7.92694510296528 ], [ -76.256783818506548, 7.927068943554054 ], [ -76.256945110584667, 7.927019814740929 ], [ -76.257007373021338, 7.926883953575939 ], [ -76.257020049386028, 7.926747994317912 ], [ -76.257069914358055, 7.926612106389661 ], [ -76.257132202683849, 7.926463884189368 ], [ -76.257194465944394, 7.926328023045092 ], [ -76.257318729707066, 7.926192277611642 ], [ -76.257318998721871, 7.926056299823031 ], [ -76.257319268589811, 7.925920312992188 ], [ -76.257331934972598, 7.925784352947509 ], [ -76.25731980754486, 7.925648348370061 ], [ -76.257286856533028, 7.925587829209135 ], [ -76.257245678731607, 7.925512218110147 ], [ -76.25719640573891, 7.925351419212149 ], [ -76.257196674835214, 7.92521543236847 ], [ -76.257172168870937, 7.925067039967049 ], [ -76.257172241244888, 7.92502994780679 ], [ -76.257197214052184, 7.924943466803044 ], [ -76.257219645176349, 7.924947985932917 ], [ -76.257259180289154, 7.924955944614505 ], [ -76.257333479698502, 7.925005541295536 ], [ -76.257345760050072, 7.925067381386192 ], [ -76.257395058966637, 7.925215819205144 ], [ -76.25744434111509, 7.925376626115825 ], [ -76.257580346150561, 7.925574687181005 ], [ -76.257580076322526, 7.925710673978989 ], [ -76.257616996833661, 7.925846732068545 ], [ -76.25774070397371, 7.92599532295697 ], [ -76.257765210319661, 7.926143715214251 ], [ -76.257752535060362, 7.926279675287765 ], [ -76.257715074944599, 7.926415581765394 ], [ -76.257603253277736, 7.926526622071356 ], [ -76.257578189638252, 7.926662555331971 ], [ -76.257565496596712, 7.926810876415057 ], [ -76.257549685792611, 7.926965369346009 ], [ -76.257540208749816, 7.927058066297216 ], [ -76.257527767702271, 7.92707747788083 ], [ -76.257453143539323, 7.927193882158748 ], [ -76.25739089994849, 7.927317382352733 ], [ -76.257381377922769, 7.927352686331297 ], [ -76.257340935926337, 7.92750271358018 ], [ -76.257340666283952, 7.927638701303412 ], [ -76.257352794043896, 7.927774705842933 ], [ -76.257352523528454, 7.927910692666825 ], [ -76.257359261721533, 7.927986240698132 ], [ -76.257364660405543, 7.928046698032242 ], [ -76.257463609935698, 7.928170512375554 ], [ -76.257575028405583, 7.928257272119969 ], [ -76.257617060172592, 7.928267027140308 ], [ -76.257736150203556, 7.928294669198035 ], [ -76.257810476294196, 7.928331903570279 ], [ -76.257909568667969, 7.928381545225558 ], [ -76.257985737813712, 7.928381697056103 ], [ -76.258045969670775, 7.928381813717523 ], [ -76.258194758172394, 7.928382110771916 ], [ -76.258343554729819, 7.928382397771154 ], [ -76.258502170366512, 7.928432165022488 ], [ -76.258603841208171, 7.928432361915343 ], [ -76.258740233087821, 7.928432632050138 ], [ -76.258876633097842, 7.928432901172755 ], [ -76.258947428843996, 7.928427609729638 ], [ -76.258981977551244, 7.928450670356136 ], [ -76.25912118125126, 7.928534311697351 ], [ -76.259232365823252, 7.928673470412713 ], [ -76.259371452045201, 7.928812690626412 ], [ -76.259454841528964, 7.928923992365763 ], [ -76.259677651513272, 7.929007832374324 ], [ -76.259928371046868, 7.929063877790796 ], [ -76.260234786571402, 7.929147843103206 ], [ -76.260541490104657, 7.929092903287197 ], [ -76.260764513671958, 7.929065530678632 ], [ -76.260987431043915, 7.929093782872611 ], [ -76.261098795333538, 7.929149558822322 ], [ -76.261349568875971, 7.929177865352824 ], [ -76.261628298235848, 7.929178412986998 ], [ -76.261795627645597, 7.929123157922049 ], [ -76.261907432255242, 7.928956664430851 ], [ -76.262019433970451, 7.928706806998568 ], [ -76.262159014165576, 7.928595909558286 ], [ -76.262382156323596, 7.928512995318028 ], [ -76.26263304632559, 7.928485713329254 ], [ -76.262800599728379, 7.928319326658626 ], [ -76.262995893527815, 7.928208547033885 ], [ -76.263163322090548, 7.92812551637939 ], [ -76.263330542706882, 7.928125847804568 ], [ -76.263525621151118, 7.928126233574511 ], [ -76.263692949633068, 7.928070978922134 ], [ -76.263860431533146, 7.927960172273363 ], [ -76.263944262832993, 7.927849203033221 ], [ -76.264028479696123, 7.927543712847575 ], [ -76.264112642816258, 7.927265990346935 ], [ -76.264196689749795, 7.927043844807958 ], [ -76.264280636976352, 7.926877297773069 ], [ -76.264420163402633, 7.926794212874472 ], [ -76.264587599908197, 7.926683368619797 ], [ -76.264699404645327, 7.926516875974726 ], [ -76.264866787621557, 7.926433843586646 ], [ -76.265062063557835, 7.926350867045566 ], [ -76.265173760123815, 7.926239952108715 ], [ -76.265174083025073, 7.926073234302232 ], [ -76.265202371358143, 7.925878765760564 ], [ -76.265314221068735, 7.925684488408063 ], [ -76.265453801120103, 7.925573599641007 ], [ -76.265676942256306, 7.925490676406771 ], [ -76.265983465665229, 7.925519054057927 ], [ -76.266150686583188, 7.925519385664549 ], [ -76.266345927223327, 7.925436409067387 ], [ -76.266541049977562, 7.92543678634572 ], [ -76.266652405365591, 7.925492598918857 ], [ -76.266707938716891, 7.925603873324146 ], [ -76.266651856737028, 7.925770482703558 ], [ -76.26662382975627, 7.925853783672913 ], [ -76.266456393179482, 7.925964591359549 ], [ -76.26617771719738, 7.92593626767431 ], [ -76.265982584919087, 7.925963656675079 ], [ -76.265787308604004, 7.926046635314714 ], [ -76.265703199935473, 7.926296545728446 ], [ -76.265619261934575, 7.926463137881949 ], [ -76.265535322630924, 7.926629685783353 ], [ -76.265507187673634, 7.92676857533565 ], [ -76.265423302542047, 7.926907318587709 ], [ -76.265283551864684, 7.927101580039094 ], [ -76.26525521921711, 7.92732382337586 ], [ -76.265254886593183, 7.927490542142801 ], [ -76.265226698025359, 7.927657205682078 ], [ -76.265226312181341, 7.927851736344579 ], [ -76.265225987787886, 7.928018455048885 ], [ -76.265281458567117, 7.928157469338726 ], [ -76.265364741574075, 7.928324393989848 ], [ -76.265476043304929, 7.928407964306479 ], [ -76.26558738864307, 7.928491543267813 ], [ -76.265754493888608, 7.928547427910815 ], [ -76.265893643024114, 7.9286588728794 ], [ -76.266032638998979, 7.928825859660031 ], [ -76.266088172754266, 7.928937098784914 ], [ -76.266171554775624, 7.929048436445877 ], [ -76.2661935806711, 7.929201310560354 ], [ -76.26619323136805, 7.929379142312971 ], [ -76.266237491267319, 7.929534837889476 ], [ -76.266281930515134, 7.929623843117414 ], [ -76.266348604364481, 7.929735143766312 ], [ -76.266370620685834, 7.929868534894539 ], [ -76.266325751195808, 7.93000183579205 ], [ -76.266258592631388, 7.930135092114675 ], [ -76.266146904904062, 7.930246006660934 ], [ -76.266057540942171, 7.930334743099514 ], [ -76.265990202680157, 7.930556914007926 ], [ -76.265967654793684, 7.930690260174008 ], [ -76.265900272699369, 7.9309346547751 ], [ -76.265899877275075, 7.9311347373587 ], [ -76.265921859278464, 7.931290388264798 ], [ -76.26594378667086, 7.931468263816678 ], [ -76.266054899583793, 7.931668560575895 ], [ -76.266233088572676, 7.931757826607075 ], [ -76.266433692110169, 7.931802662353692 ], [ -76.266567450561794, 7.931802931168313 ], [ -76.266679129910827, 7.931714230728394 ], [ -76.266723839174986, 7.931647620822218 ], [ -76.266701811550391, 7.931514230795916 ], [ -76.266701992415832, 7.931425279231973 ], [ -76.266657722798655, 7.931269583037929 ], [ -76.266747438180587, 7.931003016585212 ], [ -76.26688123282608, 7.930981061814955 ], [ -76.266992696126323, 7.931003502187318 ], [ -76.267037135115231, 7.931070283001742 ], [ -76.267126265539616, 7.931114893411488 ], [ -76.267215405607729, 7.931137323791281 ], [ -76.267326832688227, 7.931159764333934 ], [ -76.267415837884172, 7.931248850234335 ], [ -76.267393201259793, 7.931426636357942 ], [ -76.267303979635372, 7.931448715613091 ], [ -76.267192516857094, 7.931426241042564 ], [ -76.267058667821914, 7.93147045582922 ], [ -76.267013932354971, 7.931537065948573 ], [ -76.266969087606569, 7.931670366703855 ], [ -76.266924127242731, 7.931848106843406 ], [ -76.266901669718806, 7.931936977642305 ], [ -76.266901444864573, 7.932048107659626 ], [ -76.267012611250649, 7.932203938823573 ], [ -76.267257653566475, 7.932315590933552 ], [ -76.267436050135117, 7.932315940661242 ], [ -76.267636752318211, 7.932294112261252 ], [ -76.267792834286979, 7.932294416674258 ], [ -76.268082612682164, 7.932339431810298 ], [ -76.268216318407411, 7.932384167762331 ], [ -76.26839447232625, 7.932495648867909 ], [ -76.26852799653625, 7.932629299955621 ], [ -76.268683773639665, 7.932785220713898 ], [ -76.268951104310148, 7.932896871626571 ], [ -76.269106961624118, 7.933008353114968 ], [ -76.269218038123242, 7.933208615095274 ], [ -76.269217688379655, 7.933386480646102 ], [ -76.26912827865732, 7.933497441358837 ], [ -76.269016725938172, 7.933541701257009 ], [ -76.268838401395556, 7.93351909065102 ], [ -76.268704867030678, 7.933385475138145 ], [ -76.268638373186477, 7.933185259219079 ], [ -76.268527206847395, 7.933029427942732 ], [ -76.268349107021507, 7.932873471126348 ], [ -76.26819315927672, 7.932806475356855 ], [ -76.267948026793334, 7.932739299292813 ], [ -76.267791953734474, 7.932738994031912 ], [ -76.267568974146755, 7.93273855295086 ], [ -76.267357079248526, 7.932790018161922 ], [ -76.267188510896858, 7.93283168155465 ], [ -76.266977856246342, 7.932873256231564 ], [ -76.26672470964445, 7.933082698097218 ], [ -76.266471520237005, 7.933334126642332 ], [ -76.266386691543289, 7.933627920636511 ], [ -76.266386028053461, 7.933963836925207 ], [ -76.266385282099264, 7.934341714056423 ], [ -76.266426568767457, 7.934761702788331 ], [ -76.266341615151106, 7.93513944537295 ], [ -76.266256787128157, 7.935433203362746 ], [ -76.266171877702476, 7.935768956557474 ], [ -76.266129091045698, 7.93610479179531 ], [ -76.266086385763018, 7.936398630969882 ], [ -76.266085550338175, 7.93681853956424 ], [ -76.266042602069433, 7.937238357976484 ], [ -76.265999679886804, 7.937658140972011 ], [ -76.265956731866837, 7.938077969370002 ], [ -76.266060262510649, 7.938540889295669 ], [ -76.266086439166784, 7.938917184330436 ], [ -76.266274716640595, 7.939132527759812 ], [ -76.266490159887809, 7.939240461265729 ], [ -76.266759627734999, 7.939267867805093 ], [ -76.267029293358135, 7.939214633767114 ], [ -76.267271784117071, 7.939268882561046 ], [ -76.267487659229815, 7.939161804440269 ], [ -76.267622738180819, 7.939000825569127 ], [ -76.267757908032209, 7.938812969700731 ], [ -76.268000712549593, 7.938705980604295 ], [ -76.268135846795218, 7.938518124997443 ], [ -76.268190113551469, 7.9383301083411 ], [ -76.268325283872699, 7.938142251566271 ], [ -76.268568143329873, 7.938008375720321 ], [ -76.268784142508395, 7.93782067299877 ], [ -76.268973212101287, 7.937632925416861 ], [ -76.269107859695978, 7.937686958936371 ], [ -76.26908072202653, 7.93779437104924 ], [ -76.268999432644293, 7.938009220705514 ], [ -76.268971882139041, 7.938304757167972 ], [ -76.268836694719155, 7.938519500381979 ], [ -76.268674540202824, 7.938734152104143 ], [ -76.268620344334309, 7.938868440980931 ], [ -76.26851228627514, 7.93900257791031 ], [ -76.268296411719859, 7.939109657326745 ], [ -76.268026423371836, 7.939324102577948 ], [ -76.267891236115119, 7.93953884489988 ], [ -76.267702274620376, 7.939672820135294 ], [ -76.267432448035251, 7.939806642358934 ], [ -76.267297421980288, 7.939940768986258 ], [ -76.267189318807738, 7.940074906202875 ], [ -76.267162127194212, 7.940209240335642 ], [ -76.267134791222375, 7.940397274890566 ], [ -76.267134359577014, 7.940612286831537 ], [ -76.267187990263537, 7.940746738140221 ], [ -76.267322574773615, 7.940854508735637 ], [ -76.267403225623482, 7.940962172095554 ], [ -76.267295186133026, 7.9410694308309 ], [ -76.267106332583467, 7.941149677100051 ], [ -76.266944491717297, 7.941203127365009 ], [ -76.266917209798294, 7.941364311442408 ], [ -76.26697087602939, 7.941498770617238 ], [ -76.26713250107467, 7.941552858790947 ], [ -76.267240172739164, 7.941633689074207 ], [ -76.267320822617449, 7.941741316263236 ], [ -76.267320347253545, 7.941983169552713 ], [ -76.267481908552554, 7.942064108079041 ], [ -76.267697540629612, 7.942064529998285 ], [ -76.267913361224615, 7.941984337766626 ], [ -76.268048449575801, 7.941823369237306 ], [ -76.268371960336182, 7.941797155670258 ], [ -76.268506492375053, 7.941931767954442 ], [ -76.268425167084033, 7.942146582055454 ], [ -76.268263111406213, 7.942307543280617 ], [ -76.268101171594097, 7.942414685090062 ], [ -76.2678315425932, 7.942467928442726 ], [ -76.267669504542766, 7.942601965273371 ], [ -76.267561338234131, 7.942789874837697 ], [ -76.267561023724667, 7.942951114218092 ], [ -76.26758757809435, 7.943139284164807 ], [ -76.267587209699471, 7.943327373138533 ], [ -76.267586833397942, 7.943515489278331 ], [ -76.267451699090287, 7.943703353558377 ], [ -76.267424462216198, 7.943837651970028 ], [ -76.267424039534987, 7.944052654723277 ], [ -76.267612362773122, 7.944241112430493 ], [ -76.26777387968643, 7.944348937024042 ], [ -76.267989440134173, 7.944403132196923 ], [ -76.268178265303035, 7.944322849995196 ], [ -76.268232460711189, 7.9441885970009 ], [ -76.268232838405325, 7.944000480970584 ], [ -76.26836797173938, 7.94381266081862 ], [ -76.268637528626684, 7.943813190648693 ], [ -76.268772240014897, 7.943840301555491 ], [ -76.268879912615304, 7.943921131936125 ], [ -76.269041483058075, 7.944002071158716 ], [ -76.269095220773778, 7.944082792853687 ], [ -76.269176023776666, 7.944136718913533 ], [ -76.269175754573041, 7.944271070600729 ], [ -76.2689599253913, 7.944351272966897 ], [ -76.268771233972586, 7.944350894953597 ], [ -76.26855549469046, 7.944404246396024 ], [ -76.26844745500668, 7.944511495723352 ], [ -76.268420217989373, 7.944645839265218 ], [ -76.268447023112998, 7.944726508271987 ], [ -76.268473676343007, 7.944887800007367 ], [ -76.268446439009622, 7.945022099287062 ], [ -76.26823070918995, 7.945075440702275 ], [ -76.268042062809414, 7.945048185866318 ], [ -76.267772657961189, 7.944967041310331 ], [ -76.267584066093107, 7.944912898683722 ], [ -76.267368434241007, 7.944912468261053 ], [ -76.267206656742758, 7.944939039698554 ], [ -76.267098606805845, 7.945046325990568 ], [ -76.267071360659017, 7.945207510757414 ], [ -76.267044070111766, 7.945368695879373 ], [ -76.267097654801773, 7.945530041667412 ], [ -76.267205273299837, 7.945637759087213 ], [ -76.267474830783087, 7.945638289197155 ], [ -76.267636616626305, 7.945611716583828 ], [ -76.267825425338359, 7.94555835677875 ], [ -76.268067960700733, 7.945585683584242 ], [ -76.268229540954266, 7.945666621943224 ], [ -76.268337122524358, 7.945774339226498 ], [ -76.268282954558813, 7.945908619185888 ], [ -76.268174960290537, 7.945989027238115 ], [ -76.268066740163107, 7.946203786759927 ], [ -76.268147290776838, 7.946365179286384 ], [ -76.268227996069584, 7.946445955323989 ], [ -76.268443574061479, 7.946473264368132 ], [ -76.268578689171619, 7.946312294975384 ], [ -76.268686801666121, 7.946151271594086 ], [ -76.26898344323061, 7.946098083376594 ], [ -76.269118101293984, 7.946152115694942 ], [ -76.269144798605254, 7.946286521619367 ], [ -76.269063671718939, 7.946420722008935 ], [ -76.269009368622591, 7.946608730247205 ], [ -76.269036067184047, 7.946743172308938 ], [ -76.269170543714381, 7.946904680176771 ], [ -76.269409829318846, 7.947005614672943 ], [ -76.269619873062865, 7.947125826699567 ], [ -76.269769926886312, 7.947186004936817 ], [ -76.269980214162246, 7.947186418802175 ], [ -76.270160523876328, 7.947126886981851 ], [ -76.270250813087287, 7.947037226082182 ], [ -76.2703714569694, 7.946797906438955 ], [ -76.270431814816604, 7.946648301424458 ], [ -76.270612161056548, 7.946588734001684 ], [ -76.270792453180277, 7.946559170129071 ], [ -76.271002990627366, 7.946409861192094 ], [ -76.271183516300155, 7.946260453427595 ], [ -76.271393577840286, 7.946350707273474 ], [ -76.271423276926768, 7.946530441691145 ], [ -76.271212621897305, 7.94673966772217 ], [ -76.271002281358534, 7.946769177578571 ], [ -76.270881915873829, 7.946888744360775 ], [ -76.270881618974684, 7.947038466249198 ], [ -76.270941214076998, 7.947278145985412 ], [ -76.270940737528505, 7.947517699014317 ], [ -76.271030496740025, 7.947697560248233 ], [ -76.271240209026459, 7.947967485996442 ], [ -76.271480445093076, 7.947997884771643 ], [ -76.271810621351605, 7.948118331260186 ], [ -76.272020664757136, 7.948238499095621 ], [ -76.272140437815082, 7.94841841329982 ], [ -76.272290034293817, 7.948718189824601 ], [ -76.272530126742225, 7.948838420316188 ], [ -76.272830487575831, 7.948839013164356 ], [ -76.273101015037781, 7.948749703381674 ], [ -76.273431720775946, 7.948600627412713 ], [ -76.273642196095693, 7.948481277325479 ], [ -76.273762830982378, 7.94824191221483 ], [ -76.273883493277154, 7.94797266036593 ], [ -76.274184005687317, 7.947913334565585 ], [ -76.274334303078291, 7.947853750410934 ], [ -76.274544840724531, 7.947704431789254 ], [ -76.274605261838403, 7.947524877359426 ], [ -76.2746656559478, 7.947375271109778 ], [ -76.274816016159022, 7.947285726692073 ], [ -76.275026311141801, 7.947256172792932 ], [ -76.275236769156081, 7.947166781263484 ], [ -76.275387361864986, 7.946957437719848 ], [ -76.275417823868338, 7.946747897078631 ], [ -76.275298248942519, 7.9464481827431 ], [ -76.275268551010356, 7.946268448361685 ], [ -76.275328999204575, 7.946088920014788 ], [ -76.275539420062586, 7.945999492744963 ], [ -76.275599660977065, 7.945909769189107 ], [ -76.275630068582004, 7.945730141721835 ], [ -76.275660404977359, 7.945580481725836 ], [ -76.275690831389554, 7.945370905292259 ], [ -76.275781183904954, 7.94525132158697 ], [ -76.276051585862461, 7.94522188438965 ], [ -76.276261943855133, 7.945162415334482 ], [ -76.276291759035942, 7.945282232886267 ], [ -76.276171420988987, 7.945371839651686 ], [ -76.27605111823226, 7.945461447027737 ], [ -76.27596059460997, 7.9456709066076 ], [ -76.27602018914267, 7.945910586335319 ], [ -76.276020009561293, 7.946000426989293 ], [ -76.276019712595158, 7.946150149045992 ], [ -76.275899473549771, 7.946209788178512 ], [ -76.27574911409657, 7.946299340868919 ], [ -76.275718768727913, 7.946449000947024 ], [ -76.275778543004833, 7.946598840040538 ], [ -76.275898233858683, 7.946838671778334 ], [ -76.275987292582371, 7.94737785024137 ], [ -76.275836825397263, 7.947527275422598 ], [ -76.275596139870132, 7.947706489336755 ], [ -76.275415587154001, 7.947885810645943 ], [ -76.275235187648931, 7.947975301367963 ], [ -76.275114606637828, 7.948184671190271 ], [ -76.275114309672318, 7.948334394270979 ], [ -76.275174119947778, 7.948484269277032 ], [ -76.275354017020234, 7.948634340635927 ], [ -76.275504000333342, 7.948754391871701 ], [ -76.275624013577669, 7.948814507180273 ], [ -76.275834121136029, 7.948904761104984 ], [ -76.276044308738591, 7.94893512384579 ], [ -76.276164432015065, 7.948935357613151 ], [ -76.276506950822281, 7.948918218391683 ], [ -76.276818441401147, 7.948830165164305 ], [ -76.277041151933645, 7.948653250817148 ], [ -76.277130543191333, 7.948431716681894 ], [ -76.277175359995553, 7.948254452926902 ], [ -76.277086948405497, 7.94798828242788 ], [ -76.277042974828973, 7.947722155941725 ], [ -76.277087990386335, 7.947456245909058 ], [ -76.277221901728979, 7.947190460950572 ], [ -76.277355850177145, 7.946924684757263 ], [ -76.277490058300543, 7.946525923227395 ], [ -76.277490668543962, 7.94621555535354 ], [ -76.277446722567646, 7.945949428705872 ], [ -76.277447153735508, 7.945727761140598 ], [ -76.277625739352047, 7.945373411873157 ], [ -76.277903301161004, 7.945105354099527 ], [ -76.277982181888788, 7.945027020858428 ], [ -76.278016569201029, 7.944950278368806 ], [ -76.278129766242358, 7.944837854075314 ], [ -76.278261862569522, 7.944687934101336 ], [ -76.278287734523076, 7.944643010043008 ], [ -76.27833743913321, 7.944556671804802 ], [ -76.278413049703815, 7.944406644743966 ], [ -76.278469895101111, 7.944219031714231 ], [ -76.278526786225726, 7.944012643898026 ], [ -76.278564702913727, 7.943881310258288 ], [ -76.278621549165038, 7.943693697254201 ], [ -76.278716024750622, 7.943524930315206 ], [ -76.278772806558848, 7.943374857675336 ], [ -76.27890493990617, 7.94320616304604 ], [ -76.278999343703447, 7.943074937424194 ], [ -76.279112793408231, 7.942831117286515 ], [ -76.279169530213849, 7.942699818562629 ], [ -76.279226312746928, 7.942549745961961 ], [ -76.279283086274887, 7.942399683378704 ], [ -76.27933983298162, 7.942268384596807 ], [ -76.279415434798821, 7.942118347785322 ], [ -76.279528667660998, 7.941987166927602 ], [ -76.279660764554976, 7.94183723892436 ], [ -76.27971751112328, 7.941705941071723 ], [ -76.279811942112971, 7.941555948999643 ], [ -76.279906417809784, 7.941387174034699 ], [ -76.280019687016789, 7.94123721757976 ], [ -76.280132990940913, 7.941068478310731 ], [ -76.280189836519128, 7.940880864615444 ], [ -76.280246618722913, 7.940730802055035 ], [ -76.280284564336867, 7.940580693043642 ], [ -76.280341310662365, 7.940449395250318 ], [ -76.280473471225747, 7.940261926115197 ], [ -76.280586703292968, 7.940130736269193 ], [ -76.28075631382481, 7.940055978381597 ], [ -76.280888340018947, 7.93994358981534 ], [ -76.281020248041045, 7.93988752625492 ], [ -76.281189859245785, 7.939812768254879 ], [ -76.28132188521441, 7.93970037962936 ], [ -76.281454054172144, 7.939512911287375 ], [ -76.281585961922559, 7.939456846730075 ], [ -76.281755358352882, 7.939494720329555 ], [ -76.281905852318459, 7.939570096720184 ], [ -76.282056481959955, 7.939570385301346 ], [ -76.282226021171297, 7.939533159150272 ], [ -76.28233925426359, 7.939401978150549 ], [ -76.282452440582276, 7.939289553816494 ], [ -76.282565637785055, 7.939177138424557 ], [ -76.28266003332736, 7.939045911944993 ], [ -76.282754401299542, 7.938933460951993 ], [ -76.282905317927799, 7.938783568426852 ], [ -76.283037200308499, 7.938746279039496 ], [ -76.283187837636675, 7.93874656726766 ], [ -76.283206953994338, 7.938596421995939 ], [ -76.283094153345701, 7.938502341665446 ], [ -76.282943523349545, 7.938502054213027 ], [ -76.282792885175596, 7.938501766770226 ], [ -76.282754105350278, 7.938455197671189 ], [ -76.282698956720267, 7.938388957118278 ], [ -76.282661551261029, 7.938257478708201 ], [ -76.282605316771722, 7.938125965572309 ], [ -76.282586775275959, 7.937975749011668 ], [ -76.282587062958669, 7.937825578004191 ], [ -76.282718936005168, 7.937788279867056 ], [ -76.282832131954862, 7.937675864600389 ], [ -76.282851247660048, 7.937525720216649 ], [ -76.282964408722862, 7.937432079592046 ], [ -76.283077130265283, 7.937563701300213 ], [ -76.283001563184683, 7.937694963303567 ], [ -76.283001266643709, 7.937845143356359 ], [ -76.283000980028248, 7.937995315198795 ], [ -76.28306449906114, 7.938058880347233 ], [ -76.28313253812297, 7.938126972361625 ], [ -76.283264266631136, 7.938164772592192 ], [ -76.283414904611988, 7.938165059913841 ], [ -76.283565535328407, 7.938165348141403 ], [ -76.283678335836484, 7.938259419304448 ], [ -76.2838667763762, 7.938184688997971 ], [ -76.283923513187148, 7.938053391365513 ], [ -76.283961421832416, 7.937922057271115 ], [ -76.284018196134994, 7.937771994048561 ], [ -76.284112672195761, 7.937603218229716 ], [ -76.284169444626144, 7.93745315503921 ], [ -76.284169732636812, 7.937302974317801 ], [ -76.284170019763522, 7.937152793602719 ], [ -76.284264460069053, 7.937002793350441 ], [ -76.284377720308598, 7.936852836865684 ], [ -76.284453285904888, 7.936721575759327 ], [ -76.284547761682603, 7.936552800005051 ], [ -76.284604534776761, 7.936402727830838 ], [ -76.284661273111283, 7.936271430269572 ], [ -76.284718090924073, 7.936102590655628 ], [ -76.28475600027538, 7.935971257550972 ], [ -76.284812809904793, 7.935802418922568 ], [ -76.284850719234015, 7.935671085831237 ], [ -76.284888734583376, 7.935483428024622 ], [ -76.284889022696618, 7.935333256432507 ], [ -76.284927111248621, 7.935108058443969 ], [ -76.284927290621042, 7.935014552209102 ], [ -76.284945760004447, 7.934966959122225 ], [ -76.285064157926669, 7.934267055179637 ], [ -76.285124579353905, 7.933275297230288 ], [ -76.285008659619734, 7.932691624740041 ], [ -76.284892868085279, 7.9320496349985 ], [ -76.284835374661171, 7.931524407766942 ], [ -76.28471879204568, 7.93129080182822 ], [ -76.284332705231023, 7.930930028974052 ], [ -76.283901271093171, 7.930355717753449 ], [ -76.283902178165661, 7.929886070012021 ], [ -76.283908295900304, 7.92986185992081 ], [ -76.283960326151345, 7.929673087833021 ], [ -76.283960586758198, 7.929535735797122 ], [ -76.283960856373454, 7.929398374654759 ], [ -76.283961152825839, 7.929243846246529 ], [ -76.283961412584631, 7.929106494215648 ], [ -76.283927330670053, 7.928917559668205 ], [ -76.28384155089168, 7.928745695061952 ], [ -76.283738486680548, 7.928608144605208 ], [ -76.283720800147506, 7.928590447623855 ], [ -76.283635351632157, 7.928504927868939 ], [ -76.283635477700855, 7.928440896209168 ], [ -76.283635620589777, 7.928367566684395 ], [ -76.28363588238129, 7.928230213687185 ], [ -76.283567358055777, 7.928041218276481 ], [ -76.283481479164962, 7.927920861751057 ], [ -76.283309497402882, 7.927800344202806 ], [ -76.283227686642419, 7.927779790272369 ], [ -76.283171785281553, 7.927765741199548 ], [ -76.283034279654629, 7.927628118734103 ], [ -76.282879347584071, 7.927593488803147 ], [ -76.282741608611275, 7.927576051997597 ], [ -76.282603806834757, 7.927592958825845 ], [ -76.282483128122891, 7.927661409793823 ], [ -76.282328034299084, 7.92771262265115 ], [ -76.282324369344934, 7.927715219252964 ], [ -76.282207453399423, 7.927729565224326 ], [ -76.282103921766051, 7.927832386732033 ], [ -76.282000786334223, 7.927729170251322 ], [ -76.282018312022828, 7.927574678248752 ], [ -76.282139054592449, 7.927471883687294 ], [ -76.282259807137393, 7.927369098070529 ], [ -76.282414864884245, 7.927335051747829 ], [ -76.282552764510612, 7.927266636683404 ], [ -76.282604696882871, 7.927129382899646 ], [ -76.282604957309218, 7.926992021640093 ], [ -76.282794268254605, 7.927061066240233 ], [ -76.282914651359519, 7.927147142935723 ], [ -76.282994673138376, 7.927204356345016 ], [ -76.28303503540667, 7.927233218664949 ], [ -76.283189930538626, 7.927285024980602 ], [ -76.283327706148512, 7.927285286182904 ], [ -76.283499687636493, 7.927405803811502 ], [ -76.283637427384477, 7.927423240368718 ], [ -76.283792520679398, 7.927372018098227 ], [ -76.283792781647918, 7.927234665124186 ], [ -76.283810271665715, 7.927097339755262 ], [ -76.283810531694996, 7.926959978658505 ], [ -76.283759166770736, 7.926805351820229 ], [ -76.283690508335567, 7.92668504010079 ], [ -76.283604664905539, 7.926547517059922 ], [ -76.283501601534255, 7.926409958145257 ], [ -76.283415750090583, 7.926272435079128 ], [ -76.283347261597399, 7.926066272101555 ], [ -76.283261383399292, 7.925945915327254 ], [ -76.283210053100092, 7.925774121845419 ], [ -76.28321031357369, 7.925636768791441 ], [ -76.283227794891573, 7.925499444361732 ], [ -76.283314203699433, 7.925345076957623 ], [ -76.283400604318018, 7.925190711432149 ], [ -76.283486941151523, 7.925070686868664 ], [ -76.283607791528468, 7.924916392081403 ], [ -76.283728668664565, 7.924744921891997 ], [ -76.283797884262171, 7.924573362239415 ], [ -76.283729226384921, 7.924453041334495 ], [ -76.283574301934607, 7.924418402111524 ], [ -76.283436528235981, 7.924418142400227 ], [ -76.283298761753599, 7.924417880779164 ], [ -76.283160988017769, 7.924417620976358 ], [ -76.283040236366205, 7.924520406423377 ], [ -76.282962945373171, 7.924575230227038 ], [ -76.282919528808165, 7.924606024437786 ], [ -76.282781656046765, 7.924657272866171 ], [ -76.28264388118312, 7.924657003897257 ], [ -76.282506116332968, 7.924656742934817 ], [ -76.282368376629421, 7.924639316452603 ], [ -76.282299719059949, 7.924518996049632 ], [ -76.282231060626913, 7.924398674722123 ], [ -76.282368898327974, 7.924364592939469 ], [ -76.282506673138428, 7.924364862942914 ], [ -76.282644473901925, 7.924347955679365 ], [ -76.282816789125917, 7.924296770070169 ], [ -76.282844824597518, 7.924268931373252 ], [ -76.282920319983788, 7.924193948804549 ], [ -76.283023975740193, 7.924022451936141 ], [ -76.28309315565879, 7.923868057873942 ], [ -76.283110637177188, 7.9237307325507 ], [ -76.283110906052528, 7.923593371277453 ], [ -76.28311116686281, 7.923456019102101 ], [ -76.283111426713901, 7.92331865789893 ], [ -76.283111696543997, 7.923181295713086 ], [ -76.283111956511064, 7.923043944446256 ], [ -76.283112218223053, 7.922906582323328 ], [ -76.283112478220147, 7.922769230151706 ], [ -76.283112748131742, 7.92263186886655 ], [ -76.283044189044546, 7.92246003931062 ], [ -76.282958380559435, 7.922305349233256 ], [ -76.282889722619217, 7.922185028835465 ], [ -76.282805506287971, 7.922044487318896 ], [ -76.282806144161256, 7.921718533702004 ], [ -76.282865666195704, 7.921193531381822 ], [ -76.282866905935464, 7.920551757009409 ], [ -76.28286769692177, 7.920143328666341 ], [ -76.282869052905525, 7.9194432001138 ], [ -76.28275281079533, 7.919034547349571 ], [ -76.282694986105966, 7.918684374744605 ], [ -76.282660364744359, 7.918626586072313 ], [ -76.282569465392854, 7.918561592772246 ], [ -76.282431698956586, 7.918561332790452 ], [ -76.282293934306864, 7.918561071845218 ], [ -76.282156122628322, 7.918577978314052 ], [ -76.282018320887488, 7.918594884663283 ], [ -76.281880556170535, 7.918594623585542 ], [ -76.28174278963705, 7.918594364283204 ], [ -76.28160505190931, 7.918576926767691 ], [ -76.281484703737874, 7.918473674858473 ], [ -76.281381641342819, 7.918336125125562 ], [ -76.281226779836288, 7.918267152025045 ], [ -76.281089014158013, 7.918266883419934 ], [ -76.28095117710582, 7.918300964909517 ], [ -76.280813375239333, 7.918317870841989 ], [ -76.280692660097486, 7.918403489550464 ], [ -76.280554723356872, 7.918489072169313 ], [ -76.280416822763769, 7.918557488265395 ], [ -76.280417092325209, 7.918420125704952 ], [ -76.280486209122969, 7.918300075802461 ], [ -76.280555315844012, 7.918180016045054 ], [ -76.280676131391971, 7.918042888029221 ], [ -76.280779688310972, 7.917922900374166 ], [ -76.280779957845084, 7.917785538762858 ], [ -76.280694114657436, 7.917648023887531 ], [ -76.280556340052215, 7.91764775509285 ], [ -76.280418574554162, 7.917647494311962 ], [ -76.280297894751442, 7.91771594636608 ], [ -76.280160092954517, 7.91773285201371 ], [ -76.280022292048287, 7.917749759419991 ], [ -76.279867234235695, 7.917783796268995 ], [ -76.279729396162168, 7.917817878240134 ], [ -76.279574347318686, 7.91785191492879 ], [ -76.279384909852553, 7.917851556348331 ], [ -76.279247279120142, 7.917782610232104 ], [ -76.279192276347246, 7.917694503230693 ], [ -76.279190999715141, 7.91769395492219 ], [ -76.279082150958487, 7.917612236421392 ], [ -76.279055093746692, 7.917503459073276 ], [ -76.278919295252166, 7.917258632035071 ], [ -76.278756071546667, 7.917095263963298 ], [ -76.278592739958924, 7.916986263028454 ], [ -76.278429201883739, 7.916985938622919 ], [ -76.278265608642755, 7.917012771596655 ], [ -76.278183665243006, 7.917094158995338 ], [ -76.278047120644842, 7.917229768595562 ], [ -76.277938057415554, 7.91725673633396 ], [ -76.2778018273806, 7.917229292882354 ], [ -76.277720250826832, 7.917120443568828 ], [ -76.277529701120756, 7.917011343569061 ], [ -76.277338952338141, 7.91698382814216 ], [ -76.277175513292264, 7.916929147728204 ], [ -76.277066763311893, 7.916793071132214 ], [ -76.276958085415941, 7.916602628323544 ], [ -76.276849236323443, 7.916520908041039 ], [ -76.27684954973617, 7.916357854872298 ], [ -76.276872538335624, 7.916346445581312 ], [ -76.277013250125748, 7.916276619955998 ], [ -76.277149416759528, 7.916331255685104 ], [ -76.277203683794482, 7.916467224938871 ], [ -76.277285169692959, 7.916603256605466 ], [ -76.277448547244148, 7.916685119835476 ], [ -76.27761197683229, 7.916739765004736 ], [ -76.277830042954605, 7.91674018674951 ], [ -76.27796632687992, 7.916740448419969 ], [ -76.278075499268212, 7.916659149577127 ], [ -76.278075705590879, 7.916550426833973 ], [ -76.278103239353925, 7.916414611317517 ], [ -76.278185254837112, 7.916278893125434 ], [ -76.278267199404269, 7.916197550954283 ], [ -76.2784034740164, 7.916197810818779 ], [ -76.278485068198705, 7.916279476657352 ], [ -76.278512224063419, 7.916333887856245 ], [ -76.278566481578352, 7.916469865861842 ], [ -76.278675339876713, 7.91655158639417 ], [ -76.27878428783329, 7.916606158213322 ], [ -76.278947583082683, 7.916715169338153 ], [ -76.279056423138741, 7.916824108283653 ], [ -76.279137855575414, 7.91698731388627 ], [ -76.279246587545344, 7.917150582006482 ], [ -76.279491720055475, 7.91723256341289 ], [ -76.279628047876713, 7.917205640047649 ], [ -76.279737273863702, 7.91709716900128 ], [ -76.2800099216078, 7.917070507154115 ], [ -76.280173514267631, 7.917043647331703 ], [ -76.280310003944223, 7.916935220020195 ], [ -76.280364811199334, 7.916772266115665 ], [ -76.280474019122749, 7.916690968353972 ], [ -76.280692049281143, 7.916691390692368 ], [ -76.280788770045675, 7.916727754415305 ], [ -76.280875332380205, 7.916831733555535 ], [ -76.281018371149202, 7.916957004071123 ], [ -76.281107681292227, 7.917082167169801 ], [ -76.281214975877404, 7.917171657299231 ], [ -76.281340174335668, 7.917261182590148 ], [ -76.281483420372354, 7.917279310630297 ], [ -76.281488271271542, 7.917279320318116 ], [ -76.281626691670368, 7.917279580152733 ], [ -76.281787949089022, 7.917244177581766 ], [ -76.281931230299392, 7.917244446925682 ], [ -76.282074510662241, 7.917244726164986 ], [ -76.282217791832394, 7.917244995410013 ], [ -76.282378949751589, 7.917263159137285 ], [ -76.282522221902667, 7.917263438283805 ], [ -76.282665503922331, 7.917263707364657 ], [ -76.282808785022922, 7.917263977306627 ], [ -76.282969969904869, 7.917264282337353 ], [ -76.282996784381169, 7.917264335819711 ], [ -76.283131162995303, 7.917264597178947 ], [ -76.283274444929503, 7.917264866049656 ], [ -76.283435664903635, 7.917247313293081 ], [ -76.283471796314089, 7.917086675858134 ], [ -76.283382547839921, 7.916925796602131 ], [ -76.28331122226993, 7.916764954086843 ], [ -76.283311527192353, 7.916604244732108 ], [ -76.283311904316719, 7.916407819240252 ], [ -76.283312174121306, 7.91626496929968 ], [ -76.283312452101129, 7.916122119294111 ], [ -76.283312586567945, 7.916050694326744 ], [ -76.283312721945919, 7.915979269352064 ], [ -76.283312999894363, 7.915836410310761 ], [ -76.283313305869939, 7.915675700943517 ], [ -76.283313574871457, 7.915532851006304 ], [ -76.283313853860449, 7.915390000989825 ], [ -76.283296220093149, 7.915247114981497 ], [ -76.283278577296798, 7.915104229037992 ], [ -76.283171291359409, 7.915014739332606 ], [ -76.283135744945284, 7.914871817284716 ], [ -76.283118111332158, 7.914728931231672 ], [ -76.283118379628945, 7.914586081269014 ], [ -76.283118658819305, 7.914443231219967 ], [ -76.283190676517691, 7.914246948918209 ], [ -76.283298339761501, 7.914140013189663 ], [ -76.283388260961118, 7.913943758862433 ], [ -76.283406479020897, 7.913783086419164 ], [ -76.283406749156825, 7.913640235574213 ], [ -76.283371274352561, 7.913461597392589 ], [ -76.283264122805278, 7.91330069069896 ], [ -76.283174812509515, 7.913175518950263 ], [ -76.283067562582659, 7.913068180415936 ], [ -76.282978252401023, 7.912943007675591 ], [ -76.282837576095218, 7.912802215132552 ], [ -76.282835248733363, 7.912799888917577 ], [ -76.28265638628173, 7.912674547418938 ], [ -76.282567074595846, 7.912549385358137 ], [ -76.282549476873911, 7.912388639714729 ], [ -76.282549755665514, 7.912245789580962 ], [ -76.282514209176938, 7.912102868189629 ], [ -76.282545245672893, 7.911980077209789 ], [ -76.282550295193786, 7.911960090357294 ], [ -76.282693611553753, 7.911942500742524 ], [ -76.282818873226617, 7.911996310020856 ], [ -76.28301601704257, 7.911925262101017 ], [ -76.283069988313983, 7.911800368882513 ], [ -76.283070257876133, 7.911657509855783 ], [ -76.283070535684985, 7.911514659798372 ], [ -76.283070806265016, 7.911371809797306 ], [ -76.283088987659099, 7.911228995881753 ], [ -76.283017696644279, 7.911050294331102 ], [ -76.282874488320545, 7.911014307436342 ], [ -76.282695318968024, 7.911049674232638 ], [ -76.282569814960979, 7.91112086633025 ], [ -76.282462188129529, 7.91120994310057 ], [ -76.28245111182477, 7.91120992457049 ], [ -76.282301002810414, 7.911209636929609 ], [ -76.282157721868188, 7.911209358741915 ], [ -76.282014512537785, 7.911173372453924 ], [ -76.281853120533384, 7.911280209180929 ], [ -76.28179915064517, 7.911405102352412 ], [ -76.281798880529337, 7.911547951621493 ], [ -76.281762787026324, 7.911690738573663 ], [ -76.281762507884267, 7.911833588821034 ], [ -76.281744326067667, 7.91197640287329 ], [ -76.281618823375652, 7.912047594849066 ], [ -76.281475343553765, 7.912154457787524 ], [ -76.281367644614321, 7.912279251583825 ], [ -76.281242167947795, 7.912332575994397 ], [ -76.281063034873398, 7.912350092841599 ], [ -76.28095537200268, 7.91245702894142 ], [ -76.280937433015737, 7.91247485128502 ], [ -76.280829904320086, 7.912510362234046 ], [ -76.280758263550979, 7.912510226598698 ], [ -76.280686622712494, 7.912510082820153 ], [ -76.28054335113795, 7.912509814119574 ], [ -76.280435857730339, 7.912527466418425 ], [ -76.280400033217759, 7.912527394083887 ], [ -76.280310453395685, 7.912545081607903 ], [ -76.280274735991398, 7.912491442584328 ], [ -76.280274772284173, 7.912473584911942 ], [ -76.280310660304394, 7.912437940180028 ], [ -76.280382400036203, 7.912384508384946 ], [ -76.280525680722704, 7.912384786121712 ], [ -76.28054359335232, 7.912384813248625 ], [ -76.280686901231846, 7.91236723333588 ], [ -76.280830209985325, 7.9123496533716 ], [ -76.280955749241102, 7.912260602977605 ], [ -76.281063447511485, 7.912135818280413 ], [ -76.281153207593135, 7.912028846881382 ], [ -76.281296624065632, 7.911957700179046 ], [ -76.281457845166358, 7.91194014716846 ], [ -76.28149393877186, 7.911797360192225 ], [ -76.281476296297939, 7.911654473845065 ], [ -76.281476573752002, 7.911511623570772 ], [ -76.281458941311001, 7.911368738038813 ], [ -76.281459209750253, 7.911225887831845 ], [ -76.281459489090182, 7.911083038441991 ], [ -76.281495646258819, 7.910904541679375 ], [ -76.281621184985298, 7.910815492220736 ], [ -76.281764466772742, 7.910815770641955 ], [ -76.281889933801978, 7.910762438226721 ], [ -76.281997596976879, 7.910655502149799 ], [ -76.282069472141998, 7.91053064610208 ], [ -76.28217710804438, 7.910441569397296 ], [ -76.282213228630255, 7.91028092312972 ], [ -76.282088003891161, 7.910209263909557 ], [ -76.281944723272787, 7.910208986410224 ], [ -76.281801449940474, 7.910208716031871 ], [ -76.281676179856873, 7.910154907142751 ], [ -76.281497326280871, 7.910029565367916 ], [ -76.281407978562555, 7.909922262136537 ], [ -76.281354358810745, 7.909868586918715 ], [ -76.281282717637481, 7.909868452097285 ], [ -76.28124696513791, 7.90983267256536 ], [ -76.281193309128483, 7.909796856778264 ], [ -76.281175431939147, 7.909778962044534 ], [ -76.281175602620621, 7.90968967925845 ], [ -76.281175701607197, 7.909636111781972 ], [ -76.281319019339591, 7.909618531964247 ], [ -76.281354835341176, 7.909618595352444 ], [ -76.281480068948667, 7.90969026297946 ], [ -76.281623341226208, 7.909690531742216 ], [ -76.281802402346742, 7.909708732219975 ], [ -76.281963390350299, 7.909816179106282 ], [ -76.282088578683329, 7.909905696968249 ], [ -76.282231752185851, 7.909959541945415 ], [ -76.282375032612933, 7.909959811250344 ], [ -76.28251770414694, 7.90996008981486 ], [ -76.282518305842515, 7.909960089597189 ], [ -76.282661685929511, 7.909906793205426 ], [ -76.282823112587579, 7.909782106068577 ], [ -76.282912972379407, 7.909621568179044 ], [ -76.282913241397836, 7.909478709125549 ], [ -76.282913519569036, 7.909335859034276 ], [ -76.282913788699204, 7.909193009013562 ], [ -76.282830685994313, 7.909043196919856 ], [ -76.282824549709233, 7.909032129655499 ], [ -76.282735240140269, 7.908906968208133 ], [ -76.282735518382296, 7.908764109054458 ], [ -76.282735787647681, 7.908621258102208 ], [ -76.282736066001419, 7.908478407981332 ], [ -76.282736336220253, 7.908335557923905 ], [ -76.282736613636587, 7.908192698774414 ], [ -76.282808524658464, 7.908049984318707 ], [ -76.282880568941749, 7.907835843057415 ], [ -76.282880848262607, 7.9076929929455 ], [ -76.282952722038431, 7.907568136153727 ], [ -76.282990999235551, 7.907507329618699 ], [ -76.283009584854469, 7.907307687999039 ], [ -76.28306879299538, 7.906957731417917 ], [ -76.283070266765137, 7.906199238599387 ], [ -76.283071505816665, 7.90555747310365 ], [ -76.282955488813329, 7.905032130301407 ], [ -76.282897853058657, 7.904565265989136 ], [ -76.282781386276881, 7.904273305241157 ], [ -76.282781942871495, 7.903981595003652 ], [ -76.282782626015276, 7.903631529585537 ], [ -76.282783749209855, 7.903048056616834 ], [ -76.28290157199261, 7.902639888627841 ], [ -76.282960896771698, 7.902231569017157 ], [ -76.282961912155145, 7.901706459279797 ], [ -76.282962819336532, 7.90123970275576 ], [ -76.28290574883161, 7.900481129684703 ], [ -76.282789731634821, 7.899955795131667 ], [ -76.28261555661615, 7.899255323670141 ], [ -76.282499269734728, 7.898846672160833 ], [ -76.282265887602819, 7.89849615828725 ], [ -76.282267011074126, 7.897912711136191 ], [ -76.28226780184437, 7.897504283183145 ], [ -76.281976261931547, 7.896978643438826 ], [ -76.281918626304758, 7.896511734608834 ], [ -76.281568777546411, 7.895869296047299 ], [ -76.281511177812632, 7.89540243179019 ], [ -76.28133663511835, 7.894876972286021 ], [ -76.281103243743274, 7.894526458301335 ], [ -76.281162792817682, 7.894001456258206 ], [ -76.281280840531437, 7.893476596732809 ], [ -76.28141955807115, 7.892729925787467 ], [ -76.281420492754194, 7.892246282094464 ], [ -76.281583554816521, 7.891547950029966 ], [ -76.281696249206945, 7.891240815744162 ], [ -76.281696356050105, 7.891189046137563 ], [ -76.281680025004562, 7.891039980093246 ], [ -76.281647065614237, 7.890907441903126 ], [ -76.281564348574435, 7.89074169363676 ], [ -76.28156462729288, 7.890592664342149 ], [ -76.281564915008332, 7.890443624134481 ], [ -76.281565228890557, 7.890278038203504 ], [ -76.281565516652194, 7.890128997994148 ], [ -76.281565830585734, 7.88996341206131 ], [ -76.281566119299612, 7.889814371843141 ], [ -76.281566406301678, 7.889665341576126 ], [ -76.28156669332563, 7.889516311308316 ], [ -76.281566972145498, 7.88936727206941 ], [ -76.281434461287134, 7.889184869222862 ], [ -76.281335009387689, 7.889085325710471 ], [ -76.281202399671372, 7.888952599811661 ], [ -76.281119611341339, 7.888819963608284 ], [ -76.281020184832244, 7.888703866096454 ], [ -76.280937405688675, 7.888571229740301 ], [ -76.280837980128638, 7.888455122193738 ], [ -76.28077183679089, 7.88830596603112 ], [ -76.280705693518485, 7.888156809837656 ], [ -76.280639542085538, 7.888007644642978 ], [ -76.2805899732721, 7.887875080100962 ], [ -76.280557077062852, 7.887709421996655 ], [ -76.280540755208321, 7.887560354695749 ], [ -76.280457938699811, 7.887444283792282 ], [ -76.280408370084146, 7.887311720077784 ], [ -76.280408656886934, 7.88716267969633 ], [ -76.280408944703154, 7.887013650148118 ], [ -76.28040922256028, 7.886864618870427 ], [ -76.280409511255044, 7.886715580279223 ], [ -76.280459717721612, 7.886516970790168 ], [ -76.280559609799965, 7.886384685075375 ], [ -76.280592803152757, 7.886340731295605 ], [ -76.280659511788869, 7.886252399283952 ], [ -76.280792498162114, 7.886186418338455 ], [ -76.280941969376002, 7.886186697098442 ], [ -76.281041422107393, 7.886286248252705 ], [ -76.28099125113576, 7.886468301041501 ], [ -76.28087481111983, 7.886567439419173 ], [ -76.280857913921665, 7.886716432929721 ], [ -76.280841024973256, 7.886865437220892 ], [ -76.280973688678444, 7.886965051297793 ], [ -76.281122943879822, 7.887081247833483 ], [ -76.281189023887109, 7.887263525335556 ], [ -76.281255131005608, 7.887429246224439 ], [ -76.28127145300941, 7.887578304360762 ], [ -76.281271174718384, 7.887727342742569 ], [ -76.281403873941187, 7.887810392657645 ], [ -76.281487229319495, 7.887644959298636 ], [ -76.281487515685328, 7.887495919077208 ], [ -76.28148780305753, 7.887346888785594 ], [ -76.281488082289883, 7.88719785765371 ], [ -76.281488368735609, 7.887048819236743 ], [ -76.281488657072359, 7.8868997880322 ], [ -76.281488934565346, 7.886750757815555 ], [ -76.281489222874555, 7.886601717575122 ], [ -76.281539303510371, 7.88646934273318 ], [ -76.281639196038881, 7.886337056898503 ], [ -76.28165609380477, 7.886188052627205 ], [ -76.281656372255739, 7.886039023327426 ], [ -76.281640050337231, 7.88588995619462 ], [ -76.281540632921306, 7.88577385759767 ], [ -76.281358140589361, 7.885674153766332 ], [ -76.281208669550111, 7.88567386604547 ], [ -76.281009539949963, 7.885590690754045 ], [ -76.280948383171889, 7.885552422579161 ], [ -76.280876831694968, 7.885507642267857 ], [ -76.280794051903541, 7.885375014634691 ], [ -76.280761093064783, 7.885242476954753 ], [ -76.280611623006536, 7.885242189852514 ], [ -76.280462025646884, 7.885308143668347 ], [ -76.280328886834582, 7.88545692288016 ], [ -76.280229047990176, 7.885556088071856 ], [ -76.280079514540276, 7.885588922223091 ], [ -76.279998361280718, 7.885588768817826 ], [ -76.279930053310508, 7.885588633953348 ], [ -76.279780582170545, 7.885588355645885 ], [ -76.279614439141213, 7.885621152712936 ], [ -76.279481524055001, 7.885654022647241 ], [ -76.279382062697934, 7.885554470974336 ], [ -76.279448842992892, 7.885372446055166 ], [ -76.279532107917689, 7.885256689175109 ], [ -76.279631974088687, 7.885140968408098 ], [ -76.279682046349819, 7.885008591874796 ], [ -76.279781885301091, 7.884909426812168 ], [ -76.279914897730237, 7.884826880633674 ], [ -76.280014763631542, 7.884711150824969 ], [ -76.280114603334354, 7.884611985736432 ], [ -76.280264073238541, 7.884612273109809 ], [ -76.280430243685274, 7.884562911238714 ], [ -76.280579867028621, 7.884480400957045 ], [ -76.280712917067831, 7.884381298874174 ], [ -76.280862413827165, 7.884365021350449 ], [ -76.281011786020855, 7.884414984694767 ], [ -76.281061354992403, 7.884547550215481 ], [ -76.2810610680244, 7.884696588709156 ], [ -76.281127220303503, 7.884845744962441 ], [ -76.281259946328674, 7.884912238736289 ], [ -76.281344405165598, 7.884828344615364 ], [ -76.2813597847408, 7.884813074363481 ], [ -76.281509281520584, 7.884796795651612 ], [ -76.281632539767145, 7.884833915355301 ], [ -76.281675264125283, 7.884846788307543 ], [ -76.28177471552948, 7.884946330324783 ], [ -76.281940824397466, 7.884930088292262 ], [ -76.281990931852391, 7.884781147927611 ], [ -76.282007819686626, 7.88463214378881 ], [ -76.282074502272522, 7.884499804153548 ], [ -76.282174404329268, 7.884367518366738 ], [ -76.282290878681707, 7.884251824275166 ], [ -76.28242405507153, 7.884086480093685 ], [ -76.282490736511221, 7.88395413235575 ], [ -76.282358000917583, 7.883887647134872 ], [ -76.282286567294918, 7.883887512668104 ], [ -76.282208539736885, 7.883887360340673 ], [ -76.282059068553437, 7.883887071764188 ], [ -76.281909598339695, 7.883886793968172 ], [ -76.281760324728907, 7.883787152929506 ], [ -76.281627339248061, 7.883853133811159 ], [ -76.281494576650871, 7.883803205724987 ], [ -76.281494854591287, 7.883654174588298 ], [ -76.281594693651599, 7.88355501029443 ], [ -76.2817111337706, 7.883455872114183 ], [ -76.281777816358073, 7.883323522621121 ], [ -76.281820557404743, 7.883307632147263 ], [ -76.281910774593641, 7.88327409833913 ], [ -76.282060237409283, 7.883274385316393 ], [ -76.282209708293394, 7.883274664045281 ], [ -76.282359169253141, 7.883274950929594 ], [ -76.282459007960796, 7.883175785646287 ], [ -76.282459294722088, 7.883026756383289 ], [ -76.28235996011648, 7.882860971824608 ], [ -76.282360068344261, 7.882807036575363 ], [ -76.282360246874262, 7.882711931704175 ], [ -76.282343960568056, 7.882546309809177 ], [ -76.282344239294787, 7.882397278782863 ], [ -76.282327916924359, 7.882248212608506 ], [ -76.28221185527174, 7.882148635426199 ], [ -76.282129039216528, 7.882032562778269 ], [ -76.282129326257845, 7.881883532557019 ], [ -76.282096457131601, 7.881701318934812 ], [ -76.282046986957468, 7.881519068319625 ], [ -76.281980808329422, 7.881386467776577 ], [ -76.281848009580031, 7.881353096141567 ], [ -76.281698548395511, 7.881352816928188 ], [ -76.281549078064472, 7.881352529601409 ], [ -76.281416126615824, 7.881401955294305 ], [ -76.281332870855493, 7.881517711971239 ], [ -76.281150028309369, 7.881600158993701 ], [ -76.281000566041413, 7.881599881380822 ], [ -76.280851095511636, 7.881599592937134 ], [ -76.280735068687477, 7.88148345937891 ], [ -76.280602297895314, 7.881433530720473 ], [ -76.280452835528521, 7.881433242949099 ], [ -76.280432542998, 7.881486900100314 ], [ -76.280402763583439, 7.881565628350262 ], [ -76.280450078566219, 7.8816400797373 ], [ -76.28051866462944, 7.881747994860941 ], [ -76.280634726824658, 7.881847572720828 ], [ -76.280700833822692, 7.882013295066918 ], [ -76.280567758071697, 7.882128953430185 ], [ -76.28038491501637, 7.882211400288466 ], [ -76.28030878316244, 7.882299633318126 ], [ -76.280303231362595, 7.882306063573671 ], [ -76.280285048662577, 7.882327129915343 ], [ -76.280284770990804, 7.882476160326332 ], [ -76.280201379994097, 7.882658158946108 ], [ -76.280084841720324, 7.882806964884426 ], [ -76.279935217765285, 7.882889474794305 ], [ -76.279768958211577, 7.88298851513325 ], [ -76.279652482169155, 7.883104208677201 ], [ -76.279552644343667, 7.883203374446982 ], [ -76.279436204412917, 7.883302512201616 ], [ -76.279336364667046, 7.883401677070412 ], [ -76.279203414827037, 7.88345110241079 ], [ -76.279175872114507, 7.883451048090005 ], [ -76.279168111343878, 7.883459914287603 ], [ -76.278855255335472, 7.883553778710714 ], [ -76.278571001406064, 7.883543789743308 ], [ -76.278286989204958, 7.883410964988489 ], [ -76.278286755674785, 7.883374196668243 ], [ -76.278373325981534, 7.88330048144632 ], [ -76.27842340688791, 7.88316810582031 ], [ -76.278440296242508, 7.88301910222143 ], [ -76.278307506710647, 7.882985730385638 ], [ -76.278231258171317, 7.882994029893642 ], [ -76.278157999981602, 7.883002006911005 ], [ -76.278124538327333, 7.883134418594642 ], [ -76.277975004287498, 7.883167251713044 ], [ -76.27782554273648, 7.883166965049286 ], [ -76.277692744959595, 7.883133592177756 ], [ -76.277543274311526, 7.883133304575453 ], [ -76.277393811874461, 7.883133026793466 ], [ -76.27726088881073, 7.883165886799171 ], [ -76.277177596895783, 7.883298199963166 ], [ -76.27704463657679, 7.883347624786248 ], [ -76.276906638323908, 7.883347364603105 ], [ -76.276895175730246, 7.883347337808734 ], [ -76.276762126326915, 7.883446439806186 ], [ -76.276678860564118, 7.883562197213358 ], [ -76.276640952125319, 7.883460821671394 ], [ -76.276629292133094, 7.883429632359203 ], [ -76.276629579974056, 7.883280593216271 ], [ -76.276762565839462, 7.883214611874524 ], [ -76.276895526185854, 7.88316518624126 ], [ -76.277011938875958, 7.883082612845651 ], [ -76.277116304740687, 7.883071258222808 ], [ -76.277161435944166, 7.883066344909259 ], [ -76.277310961067656, 7.883033511238099 ], [ -76.277377651677767, 7.882901161848391 ], [ -76.277377705515022, 7.882870494310245 ], [ -76.277377930338261, 7.882752131917327 ], [ -76.277494379044384, 7.882652993628938 ], [ -76.277643839559929, 7.882653281397683 ], [ -76.277793310926327, 7.8826535690277 ], [ -76.277942899239633, 7.882587613740093 ], [ -76.277992980319397, 7.882455239044359 ], [ -76.278073118162723, 7.882335871372478 ], [ -76.278092908301488, 7.882306388246288 ], [ -76.278195747406841, 7.882295195379672 ], [ -76.278242405799816, 7.882290119143821 ], [ -76.278391876947467, 7.882290406613039 ], [ -76.278541248287752, 7.882340362238907 ], [ -76.278690584408665, 7.882406890744719 ], [ -76.278840054562423, 7.882407169912396 ], [ -76.278989516603858, 7.882407457221245 ], [ -76.279122439991923, 7.882374596812846 ], [ -76.279205759096726, 7.882225718833878 ], [ -76.279222657326301, 7.882076716161058 ], [ -76.279272765055751, 7.881927774950625 ], [ -76.279405750722589, 7.881861794009769 ], [ -76.279439212896818, 7.881729382419281 ], [ -76.279422890741571, 7.881580315695863 ], [ -76.279373331126806, 7.881447751348117 ], [ -76.279373609206317, 7.881298711763437 ], [ -76.279473447735086, 7.881199547095569 ], [ -76.279622910154501, 7.881199834348759 ], [ -76.27977238071368, 7.881200122387937 ], [ -76.279921842105011, 7.881200399603353 ], [ -76.279971923370056, 7.881068024079817 ], [ -76.280005421634186, 7.880919056770446 ], [ -76.279872721669577, 7.880836007205115 ], [ -76.279816685230912, 7.880829691780958 ], [ -76.279789745222828, 7.880802725069739 ], [ -76.279640472401596, 7.880703093445844 ], [ -76.279582350902416, 7.880690094058203 ], [ -76.279491072657962, 7.880669683806198 ], [ -76.279341602262747, 7.880669397394835 ], [ -76.279192140963147, 7.880669118086368 ], [ -76.279042669611044, 7.880668830671539 ], [ -76.278893208203684, 7.880668543125076 ], [ -76.278743737785092, 7.880668264630315 ], [ -76.278594276341124, 7.880667977880158 ], [ -76.278444804901596, 7.880667690251061 ], [ -76.278295344319986, 7.880667403386679 ], [ -76.278179253856436, 7.880584389283841 ], [ -76.278113111009702, 7.880435232672228 ], [ -76.278234168138809, 7.880435458360037 ], [ -76.278262573289638, 7.880435512394487 ], [ -76.278412034698604, 7.880435799297734 ], [ -76.278561505146243, 7.880436086076461 ], [ -76.278710967353504, 7.880436364734596 ], [ -76.278860437764564, 7.880436652309624 ], [ -76.279009899999281, 7.880436939894953 ], [ -76.279159370366614, 7.880437227362868 ], [ -76.279308867865012, 7.880420950032574 ], [ -76.279441783288149, 7.880388079910146 ], [ -76.279591279889118, 7.880371812435386 ], [ -76.279740778190373, 7.880355534959989 ], [ -76.279873737016189, 7.880306108893707 ], [ -76.280023199062128, 7.880306397038904 ], [ -76.280172670068396, 7.88030667512183 ], [ -76.280272562558807, 7.880174398142225 ], [ -76.280123576982874, 7.879925718055422 ], [ -76.280085371521508, 7.879906583390162 ], [ -76.279990842119858, 7.879859233201598 ], [ -76.279891389001463, 7.879759681961591 ], [ -76.279791936908055, 7.879660139705148 ], [ -76.279675937342347, 7.879527449802156 ], [ -76.279543201668645, 7.879460955696218 ], [ -76.279427113283475, 7.879377933755078 ], [ -76.279261166653569, 7.87931138703919 ], [ -76.279128468292569, 7.879228336953288 ], [ -76.278995741824801, 7.879161844333356 ], [ -76.27896277394737, 7.879029307029634 ], [ -76.278978152547054, 7.878968473148646 ], [ -76.278996244576277, 7.878896895431533 ], [ -76.279145679879903, 7.878913737998936 ], [ -76.279278477905876, 7.878947110905407 ], [ -76.279345160391898, 7.878814761763046 ], [ -76.279295590626873, 7.87868219823456 ], [ -76.279212775347318, 7.878566126188336 ], [ -76.279183399542802, 7.878524956643732 ], [ -76.279180560814808, 7.878496094387152 ], [ -76.279180848537493, 7.878347754888611 ], [ -76.27918113628894, 7.878199416292694 ], [ -76.279285556921664, 7.878051284099319 ], [ -76.279375065394575, 7.877917946737099 ], [ -76.27940507735444, 7.877784501580901 ], [ -76.279360755305106, 7.877621250637612 ], [ -76.279242032962969, 7.877472688397769 ], [ -76.279153027632901, 7.87733901869057 ], [ -76.279019197199844, 7.87730909590175 ], [ -76.278855668066441, 7.877249447737499 ], [ -76.278818099599519, 7.87724937595031 ], [ -76.278754814103806, 7.877193950039891 ], [ -76.278485435614897, 7.877139664955975 ], [ -76.278356051815166, 7.877102537019382 ], [ -76.278231114035719, 7.877114754374985 ], [ -76.278082407021785, 7.877084804019841 ], [ -76.278082551038878, 7.877005609437905 ], [ -76.278082685391524, 7.876936466238132 ], [ -76.278082972900293, 7.876788135612204 ], [ -76.278142737652274, 7.876654744850956 ], [ -76.278068582131766, 7.876535933788749 ], [ -76.277934751017071, 7.876506011424054 ], [ -76.277785981402431, 7.876505723787613 ], [ -76.277664780149379, 7.876457115917379 ], [ -76.277637336518382, 7.876446111153894 ], [ -76.277458957610548, 7.876371604907524 ], [ -76.277429457610822, 7.876238044404199 ], [ -76.277355418049154, 7.876059899174334 ], [ -76.277266358937027, 7.875955891559662 ], [ -76.277162450671227, 7.875837026558552 ], [ -76.277043694104194, 7.875703294205045 ], [ -76.276969654869546, 7.875525148796151 ], [ -76.276969942090957, 7.875376819814035 ], [ -76.276925565874294, 7.875243230991839 ], [ -76.276791769710854, 7.87519846797096 ], [ -76.276657992870838, 7.875138882998374 ], [ -76.276628528900275, 7.874990490327691 ], [ -76.276584151971946, 7.874856902315768 ], [ -76.276549566986617, 7.87477890983173 ], [ -76.276524907598713, 7.874723286008317 ], [ -76.276425122832364, 7.874689913603686 ], [ -76.276391103532688, 7.874678531870032 ], [ -76.276197651710817, 7.87470782616785 ], [ -76.276004432657544, 7.874618453269936 ], [ -76.275930277296439, 7.874499642329488 ], [ -76.275947561301663, 7.874452542854922 ], [ -76.275990095879322, 7.87433658881571 ], [ -76.275990382711626, 7.874188258787885 ], [ -76.275946007051402, 7.874054669674196 ], [ -76.275812237841166, 7.873995076039957 ], [ -76.275663467995116, 7.873994798127084 ], [ -76.275650775162404, 7.873994770874643 ], [ -76.275514707109679, 7.873994510152588 ], [ -76.275380903286035, 7.873949755548854 ], [ -76.275247161584701, 7.873875330670121 ], [ -76.275098536140476, 7.873800878416964 ], [ -76.27496493905862, 7.873652288309814 ], [ -76.274930083964193, 7.873589441954831 ], [ -76.274890809802187, 7.873518636945977 ], [ -76.274801813217422, 7.873384967127139 ], [ -76.274667982115773, 7.873355044110761 ], [ -76.274534240683295, 7.873280618871437 ], [ -76.274385444317602, 7.873295172324186 ], [ -76.274251442825758, 7.873354245317575 ], [ -76.274221438750843, 7.873487689693407 ], [ -76.274206500038034, 7.873517334346461 ], [ -76.27413197623035, 7.873591355219058 ], [ -76.274042629060929, 7.873635686627095 ], [ -76.274072642250047, 7.873502242166172 ], [ -76.274087607585358, 7.873457767391239 ], [ -76.27408771573738, 7.873398433333658 ], [ -76.274058133951911, 7.873309374189308 ], [ -76.274028553092165, 7.873220315030271 ], [ -76.273969083510949, 7.873205367031028 ], [ -76.273939439560479, 7.873145979024172 ], [ -76.273894954718941, 7.873071725262097 ], [ -76.273805842148278, 7.87299738919715 ], [ -76.273776089948939, 7.872997326205008 ], [ -76.273830743751148, 7.872990616317 ], [ -76.273895126051983, 7.872982720021282 ], [ -76.273924850724015, 7.872997614041497 ], [ -76.27405865513326, 7.873042368392324 ], [ -76.274073504198896, 7.873057234973786 ], [ -76.274192423047424, 7.873101961922315 ], [ -76.274341183792089, 7.873102248691777 ], [ -76.274489953518739, 7.873102528109946 ], [ -76.274653681301871, 7.873058339994061 ], [ -76.274787620373772, 7.873028929037321 ], [ -76.274936381005347, 7.873029215605568 ], [ -76.275085150689932, 7.873029503856859 ], [ -76.275248698113941, 7.873074311704499 ], [ -76.275352633379953, 7.873178345776376 ], [ -76.275501366526015, 7.873193464037977 ], [ -76.275650217578303, 7.873149249100643 ], [ -76.275784219538451, 7.873090175760015 ], [ -76.27594800090057, 7.873016317058646 ], [ -76.276111817776197, 7.87292762634531 ], [ -76.276186423270516, 7.872809102363696 ], [ -76.276320371018812, 7.872779690922227 ], [ -76.27649876738019, 7.872839365639385 ], [ -76.276617550892212, 7.872958257628734 ], [ -76.276676740935599, 7.87312154504257 ], [ -76.276795445138958, 7.873284939824993 ], [ -76.276869592169746, 7.873403750668955 ], [ -76.276958623899247, 7.873522588724872 ], [ -76.277077381348363, 7.873656321366795 ], [ -76.277196191776426, 7.873760382043304 ], [ -76.277314975778026, 7.873879273640349 ], [ -76.277418938118259, 7.873968476826395 ], [ -76.277507970144114, 7.874087314648599 ], [ -76.277611877829358, 7.874206179711026 ], [ -76.277745681770753, 7.874250943405631 ], [ -76.277894524361415, 7.874206718643165 ], [ -76.27798406776617, 7.874058559716406 ], [ -76.277954577137209, 7.873924998265427 ], [ -76.277954855102806, 7.873776659551019 ], [ -76.2779250487974, 7.873686917938672 ], [ -76.277910487221234, 7.87364307985519 ], [ -76.277910594745265, 7.87358373698652 ], [ -76.277910766149944, 7.873494741125682 ], [ -76.277925174699462, 7.873367701825139 ], [ -76.277925901518032, 7.873361269625591 ], [ -76.27792592882156, 7.87334642961365 ], [ -76.278030260230011, 7.873242800041623 ], [ -76.278089880932797, 7.873183574342559 ], [ -76.278090024954736, 7.873109408567982 ], [ -76.278134796546865, 7.873035324625311 ], [ -76.278193987121014, 7.873198611574793 ], [ -76.278193815758073, 7.873287608315303 ], [ -76.278193708186038, 7.873346942133793 ], [ -76.27822319966613, 7.873480502645746 ], [ -76.278356805571107, 7.873629093000654 ], [ -76.278475590628688, 7.873747985044073 ], [ -76.278564532689614, 7.873911326346688 ], [ -76.278579129638359, 7.874059692226883 ], [ -76.278623497869248, 7.874193279873976 ], [ -76.278667875219043, 7.874326869239917 ], [ -76.27868238303823, 7.874519728047466 ], [ -76.27859286640934, 7.874653065133964 ], [ -76.278592577856543, 7.874801394801195 ], [ -76.278592300276102, 7.874949734320317 ], [ -76.278636666911652, 7.875083321934753 ], [ -76.278740521525435, 7.875231859240728 ], [ -76.278829580575831, 7.875335857422273 ], [ -76.278963412124, 7.875365778719503 ], [ -76.279112173010816, 7.87536606707125 ], [ -76.279260942858144, 7.875366345361313 ], [ -76.27940970369454, 7.875366632703576 ], [ -76.279558465344167, 7.875366910951421 ], [ -76.279722057233514, 7.875396897136328 ], [ -76.279870817949387, 7.875397176179001 ], [ -76.280019578707623, 7.875397463299523 ], [ -76.280153527285336, 7.875368043167396 ], [ -76.280302287998907, 7.87536833109492 ], [ -76.280466015032019, 7.875324142400869 ], [ -76.280614811923186, 7.875309590181004 ], [ -76.28079337905433, 7.875280260441344 ], [ -76.280957025193999, 7.875280574318123 ], [ -76.281105785687487, 7.875280852938019 ], [ -76.281239418508036, 7.875414611689805 ], [ -76.281388018555305, 7.875503894695759 ], [ -76.281521850029861, 7.875533817786071 ], [ -76.281670610538555, 7.875534097071002 ], [ -76.281819371995667, 7.875534384426682 ], [ -76.281968222125698, 7.8754901599482 ], [ -76.282087401730323, 7.875401389388488 ], [ -76.282117414702768, 7.875267944442246 ], [ -76.282206869278269, 7.875164277926503 ], [ -76.282251757787066, 7.875030860096506 ], [ -76.282147813585269, 7.87492682689636 ], [ -76.282073693976869, 7.874793184085935 ], [ -76.281939862796122, 7.874763261089779 ], [ -76.281776162657252, 7.87479261839001 ], [ -76.281627402365572, 7.874792330902769 ], [ -76.281508249126048, 7.874866280322419 ], [ -76.281404332314892, 7.874747415013825 ], [ -76.281389743326145, 7.874599048685951 ], [ -76.281285915534639, 7.874435682333672 ], [ -76.281211759996566, 7.874316871121525 ], [ -76.281107798012727, 7.874227668339318 ], [ -76.280973994226159, 7.874182913997211 ], [ -76.280855128669785, 7.874108523930265 ], [ -76.280780973320276, 7.873989712565625 ], [ -76.280929760628169, 7.873975159601122 ], [ -76.281063538000168, 7.874034745815005 ], [ -76.281212271754754, 7.874049863633203 ], [ -76.281390651339223, 7.874124371113697 ], [ -76.281435026715343, 7.874257958941946 ], [ -76.281553891519181, 7.874332356921326 ], [ -76.281717529850539, 7.874332662579358 ], [ -76.281851307367532, 7.874392248446652 ], [ -76.282015033650794, 7.874348060273187 ], [ -76.282119336562047, 7.874259261819624 ], [ -76.282075049812065, 7.874081171409926 ], [ -76.282015796946013, 7.873947554805687 ], [ -76.282016165990242, 7.873754722942132 ], [ -76.282164846021445, 7.873799504079367 ], [ -76.282253788321256, 7.873962844003961 ], [ -76.282387447901016, 7.87408176337509 ], [ -76.28247642566437, 7.874230264084249 ], [ -76.282520775997895, 7.874378684351324 ], [ -76.282565090187987, 7.874541942807509 ], [ -76.282654041057924, 7.874705284255177 ], [ -76.282757921841849, 7.874838980088073 ], [ -76.282832077870523, 7.87495779170704 ], [ -76.282950809066833, 7.875106355349189 ], [ -76.283039778285072, 7.875254854927141 ], [ -76.283143685616409, 7.875373719660546 ], [ -76.283262532855531, 7.875462950431825 ], [ -76.283411293990014, 7.875463229100094 ], [ -76.283545269119699, 7.87541898701431 ], [ -76.283694066388733, 7.875404433721599 ], [ -76.283842826533018, 7.87540471225188 ], [ -76.283991587561673, 7.875404990722033 ], [ -76.284140357700238, 7.875405278102386 ], [ -76.284289118692627, 7.875405557369911 ], [ -76.284423264276811, 7.875272309819182 ], [ -76.284423543351238, 7.875123971124514 ], [ -76.284379193138179, 7.874975551368572 ], [ -76.28448373024581, 7.874768076369721 ], [ -76.284558334668631, 7.874649552636775 ], [ -76.284662782224402, 7.874486580298607 ], [ -76.284811794812256, 7.874353359880318 ], [ -76.28491624221607, 7.874190387548384 ], [ -76.284990909661204, 7.874042192975348 ], [ -76.284991187807591, 7.873893854363812 ], [ -76.284976589584772, 7.873745487830529 ], [ -76.284887531769257, 7.873641480588562 ], [ -76.284738769698592, 7.873641203095598 ], [ -76.284589974117409, 7.873655754672671 ], [ -76.284441185766624, 7.873670307951095 ], [ -76.284292424526271, 7.87367003029631 ], [ -76.284143655024451, 7.8736697418113 ], [ -76.283994893740726, 7.873669464050501 ], [ -76.283816550591766, 7.87358012592547 ], [ -76.2836532187562, 7.873416651264296 ], [ -76.283549283971581, 7.873312617409776 ], [ -76.283504908221019, 7.873179028231833 ], [ -76.283505186126007, 7.873030690308918 ], [ -76.283594667160401, 7.872912192931993 ], [ -76.283728668639753, 7.872853111201501 ], [ -76.283877573588953, 7.872779223816835 ], [ -76.284026397056209, 7.872749839908646 ], [ -76.284145550084418, 7.872675900129194 ], [ -76.284220155327532, 7.872557366616711 ], [ -76.28432454771665, 7.872424066225505 ], [ -76.284339702672369, 7.872275753666468 ], [ -76.284339954078717, 7.872145570652194 ], [ -76.284339981317999, 7.872127415853296 ], [ -76.284325392779607, 7.871979059032483 ], [ -76.284325670560776, 7.871830720319248 ], [ -76.284325743337007, 7.871792936996564 ], [ -76.284325959228852, 7.871682380616576 ], [ -76.284474692672745, 7.871697500276056 ], [ -76.284608326251515, 7.871831249852927 ], [ -76.284771766029934, 7.871935400739003 ], [ -76.284890631044689, 7.872009789666202 ], [ -76.285024380585867, 7.872084207325639 ], [ -76.285024102185403, 7.872232545942491 ], [ -76.284919762575583, 7.872336183755856 ], [ -76.284770830947267, 7.872424902249797 ], [ -76.284755677067309, 7.872573213852034 ], [ -76.284740486098485, 7.872736357317366 ], [ -76.284651031730888, 7.872840022110956 ], [ -76.284740063928268, 7.872958860365737 ], [ -76.284888833915787, 7.872959138798195 ], [ -76.285037478312404, 7.873018759780689 ], [ -76.285096730732434, 7.873152365686124 ], [ -76.285215515014286, 7.873271266839553 ], [ -76.28534931928256, 7.873316021558475 ], [ -76.285483267087557, 7.873286601946639 ], [ -76.285543022645868, 7.873153211341171 ], [ -76.285543301695881, 7.873004880929036 ], [ -76.285543588857749, 7.872856542321352 ], [ -76.28558855927001, 7.87267862211331 ], [ -76.285603767047107, 7.872500647966675 ], [ -76.285633834017787, 7.872337531626736 ], [ -76.285723396356829, 7.872174531563767 ], [ -76.285827816010013, 7.872026391128673 ], [ -76.285902420680657, 7.871907866592493 ], [ -76.285917576027487, 7.871759556012273 ], [ -76.285932765733605, 7.871596412709673 ], [ -76.286007398367033, 7.871463058232395 ], [ -76.286052287383853, 7.87132963972305 ], [ -76.28606744182612, 7.871181328268353 ], [ -76.286082596272124, 7.871033015913257 ], [ -76.286097759867616, 7.870884713427833 ], [ -76.286098038075735, 7.870736374056913 ], [ -76.286098317218674, 7.870588035581505 ], [ -76.286098603702797, 7.870439706082752 ], [ -76.28609888288203, 7.87029136670234 ], [ -76.286128912825788, 7.87014309133367 ], [ -76.2860994486322, 7.869994697820017 ], [ -76.286010444288522, 7.869861028877796 ], [ -76.285876747078589, 7.869756940565428 ], [ -76.285745718877592, 7.869625796378461 ], [ -76.285691578018003, 7.869591902888586 ], [ -76.285571804867772, 7.869495999238294 ], [ -76.285476072032139, 7.869376207884212 ], [ -76.285332134707062, 7.86937593915534 ], [ -76.285188368277815, 7.86927998123366 ], [ -76.285116674150572, 7.869136312951446 ], [ -76.284996954564747, 7.869016478069711 ], [ -76.284877227871021, 7.86889665221582 ], [ -76.284781584089387, 7.868729016847606 ], [ -76.284637692153197, 7.868704825016835 ], [ -76.284469806001681, 7.868680588911036 ], [ -76.284325868696556, 7.868680309798878 ], [ -76.28408609951822, 7.868608095198528 ], [ -76.283990366388167, 7.868488305053993 ], [ -76.283990563760426, 7.868383506671495 ], [ -76.283990644675427, 7.868344780935833 ], [ -76.283990913851596, 7.868201247853604 ], [ -76.283991184025254, 7.868057723797837 ], [ -76.283943482995141, 7.867914101136085 ], [ -76.28394375232709, 7.867770577982579 ], [ -76.284135578840662, 7.867818780667967 ], [ -76.28420732665667, 7.867938527409802 ], [ -76.284207049278294, 7.868082049685595 ], [ -76.284326820905719, 7.868177963973854 ], [ -76.284446637868342, 7.868249955429267 ], [ -76.284590574921879, 7.868250223720003 ], [ -76.284734512040529, 7.86825050280226 ], [ -76.284902309261597, 7.868322582575701 ], [ -76.285022126307609, 7.868394573807755 ], [ -76.28514193432585, 7.868466565059189 ], [ -76.285261661802522, 7.868586391755272 ], [ -76.285357395219663, 7.868706182351872 ], [ -76.285501062820444, 7.868849984040518 ], [ -76.285548771740039, 7.868993598066186 ], [ -76.285668580908464, 7.869065589049463 ], [ -76.285812527209785, 7.869065866669939 ], [ -76.285956464373584, 7.869066137084408 ], [ -76.286100400596808, 7.869066405649527 ], [ -76.286244301610907, 7.869090597722719 ], [ -76.28638823871492, 7.869090867081557 ], [ -76.286556304606606, 7.869019424057785 ], [ -76.286676525645191, 7.868876124589255 ], [ -76.286700789800463, 7.868732636869625 ], [ -76.286724523392692, 7.868592301945012 ], [ -76.286725053124101, 7.868589158196007 ], [ -76.286759010032782, 7.868454806391036 ], [ -76.286773400833255, 7.868397870952025 ], [ -76.286845598223096, 7.868278404172926 ], [ -76.286917840654766, 7.868135005646287 ], [ -76.286942094888673, 7.867991527072891 ], [ -76.286942374039327, 7.867848003355096 ], [ -76.286942643172878, 7.867704470680453 ], [ -76.28694295756334, 7.867537025225453 ], [ -76.286943226733797, 7.867393491645771 ], [ -76.286943505969134, 7.867249967924914 ], [ -76.286943775187396, 7.867106435247175 ], [ -76.286944045396069, 7.866962910692437 ], [ -76.286920328762292, 7.866819333827125 ], [ -76.286848723579027, 7.866627831314022 ], [ -76.2867771555334, 7.86641240610177 ], [ -76.286681466940664, 7.866268693052628 ], [ -76.286633811685689, 7.866101148252321 ], [ -76.286538078097237, 7.865981366881267 ], [ -76.286503348990877, 7.865963966943871 ], [ -76.286394275976846, 7.865909330756968 ], [ -76.286226659058329, 7.865741562158648 ], [ -76.286154919670508, 7.865621824806301 ], [ -76.286107209562871, 7.865478202640873 ], [ -76.286083495299991, 7.865334624648268 ], [ -76.28608376425278, 7.86519110087988 ], [ -76.28620389616502, 7.865095637435939 ], [ -76.286216471704279, 7.865095663588373 ], [ -76.286347832868728, 7.865095916405073 ], [ -76.286467920316639, 7.865024373838094 ], [ -76.286563652722435, 7.865144164370106 ], [ -76.286563383928609, 7.865287688070895 ], [ -76.286563105260157, 7.865431220883279 ], [ -76.286707051010907, 7.865431489672278 ], [ -76.286851078131107, 7.865383915750192 ], [ -76.286875341682403, 7.865240437150606 ], [ -76.28701959302407, 7.865073259568967 ], [ -76.287187793830256, 7.864930041617307 ], [ -76.287284030023187, 7.864786698292719 ], [ -76.287380303202127, 7.864619431423393 ], [ -76.287428695172039, 7.864404221686192 ], [ -76.287428963792877, 7.864260698103019 ], [ -76.287429234167746, 7.864117164567251 ], [ -76.287429314601468, 7.864072419972469 ], [ -76.287429502829269, 7.863973640982596 ], [ -76.287501700577266, 7.863854165421878 ], [ -76.287621788404138, 7.863782632680246 ], [ -76.287705430124674, 7.863758970952906 ], [ -76.287789808645641, 7.863735102865468 ], [ -76.287933746394273, 7.863735372434242 ], [ -76.288077727572542, 7.863711729211348 ], [ -76.288102170591074, 7.863472551847523 ], [ -76.28812661372335, 7.863233385332671 ], [ -76.288126749369923, 7.863160936028447 ], [ -76.288154676562982, 7.863077895151005 ], [ -76.28833369379727, 7.862722611715717 ], [ -76.288512880378704, 7.862278376726538 ], [ -76.288513374584923, 7.862021979819178 ], [ -76.288618054983445, 7.861932848784957 ], [ -76.288633927705234, 7.861792773610517 ], [ -76.288571810310998, 7.861621412326608 ], [ -76.288514219255561, 7.861578175919861 ], [ -76.288447088059868, 7.861527780103181 ], [ -76.288275446837162, 7.861480753778882 ], [ -76.28815070685549, 7.86140268129165 ], [ -76.288026047372142, 7.861277905430211 ], [ -76.287885776348773, 7.8611531018409 ], [ -76.287761061613423, 7.861059471039978 ], [ -76.287698845203394, 7.860934811103835 ], [ -76.287688336563818, 7.860928234782977 ], [ -76.287395525862266, 7.860821437009 ], [ -76.287237275786254, 7.860786056763994 ], [ -76.287092330172996, 7.860753653106872 ], [ -76.286739979824986, 7.860723705923689 ], [ -76.286687962580459, 7.860719285111724 ], [ -76.286351128824805, 7.860617831080012 ], [ -76.286338853874923, 7.860614307856737 ], [ -76.286115337712133, 7.860550172621258 ], [ -76.285812142968851, 7.860482387617059 ], [ -76.285761729065285, 7.860442017220548 ], [ -76.285643885064076, 7.86034764325976 ], [ -76.285307114066029, 7.860212581737456 ], [ -76.285003982927364, 7.860111189553894 ], [ -76.28498139894964, 7.860073494134846 ], [ -76.284903195174792, 7.859942965713092 ], [ -76.284925057869145, 7.859856455980658 ], [ -76.284968810654775, 7.859871088762529 ], [ -76.285109281110266, 7.859886926884685 ], [ -76.285249785670445, 7.859887186843793 ], [ -76.285263045402459, 7.859885750415847 ], [ -76.285390328107141, 7.85987188939677 ], [ -76.285530832623351, 7.859872149263622 ], [ -76.285671213165756, 7.859934689784208 ], [ -76.28579589850743, 7.860043888763675 ], [ -76.285920584895223, 7.860153097609192 ], [ -76.286076649104871, 7.860184530230303 ], [ -76.286217154537653, 7.860184789816125 ], [ -76.286357598073494, 7.860216194652651 ], [ -76.286498075694567, 7.860232024051419 ], [ -76.286638492265951, 7.860278986936241 ], [ -76.286779023712683, 7.860263689075081 ], [ -76.286810509757444, 7.860123642344503 ], [ -76.286810779808775, 7.859983531997486 ], [ -76.286811039977479, 7.85984342985861 ], [ -76.286811156597182, 7.859781159221821 ], [ -76.28681131007464, 7.859703320413608 ], [ -76.286842561984301, 7.859687814977134 ], [ -76.28695184220436, 7.859688021666283 ], [ -76.286967184637902, 7.85982815879955 ], [ -76.286967157757744, 7.859843726890324 ], [ -76.286966924512527, 7.859968260013505 ], [ -76.28704465603019, 7.860139649599335 ], [ -76.287122477304379, 7.860264335711314 ], [ -76.287247252712717, 7.860326840571346 ], [ -76.287372029052989, 7.860389345371496 ], [ -76.287512444762967, 7.860436308811011 ], [ -76.287684122366315, 7.860467768409054 ], [ -76.287824590882124, 7.860483597377872 ], [ -76.287960760628863, 7.860483848742355 ], [ -76.288204767832852, 7.860621316808674 ], [ -76.288456979027941, 7.860679853837017 ], [ -76.28864271169931, 7.860722960716888 ], [ -76.288739200916837, 7.860675079088128 ], [ -76.28884511791378, 7.860622520335077 ], [ -76.288890893527466, 7.860456381286756 ], [ -76.288901930744785, 7.860416329386299 ], [ -76.288946923289728, 7.860253036120834 ], [ -76.288947598537078, 7.85989484288444 ], [ -76.288947874774522, 7.859748936958339 ], [ -76.289049933631091, 7.859245024895483 ], [ -76.28907614290722, 7.859098533601013 ], [ -76.289152117903058, 7.858673901205774 ], [ -76.289190394618458, 7.858578998893686 ], [ -76.289355284531936, 7.858170180031633 ], [ -76.289558321857498, 7.857733673359856 ], [ -76.289673867182245, 7.857485266312351 ], [ -76.289688281184681, 7.857358061028281 ], [ -76.289688550722488, 7.857217960098392 ], [ -76.289688811148565, 7.857077850204561 ], [ -76.289657944618298, 7.856890981622983 ], [ -76.289564510600499, 7.856766269271611 ], [ -76.289424032708254, 7.856750441382592 ], [ -76.289283527045853, 7.856750179699323 ], [ -76.289205706384351, 7.856625493967536 ], [ -76.289118191817749, 7.856555417237539 ], [ -76.289205940207253, 7.856500952062191 ], [ -76.289315426288653, 7.856392183740095 ], [ -76.289456022384698, 7.856345750254878 ], [ -76.289596553809389, 7.85633044298778 ], [ -76.289737060249664, 7.85633071184472 ], [ -76.289893079402248, 7.856377702662042 ], [ -76.289986521513583, 7.856502415776971 ], [ -76.290079982347208, 7.856611560866392 ], [ -76.290220425169323, 7.856642957554597 ], [ -76.290314298601785, 7.856534163235691 ], [ -76.290314568935131, 7.856394060574031 ], [ -76.290314829265043, 7.856253950762378 ], [ -76.290221395326341, 7.856129237673119 ], [ -76.290080979522202, 7.856082273771386 ], [ -76.289909427800026, 7.855988553001068 ], [ -76.289815994943652, 7.855863839738317 ], [ -76.289691307954087, 7.855754631939613 ], [ -76.289602204604279, 7.855714943573966 ], [ -76.289550920033108, 7.855692099722122 ], [ -76.289410476619693, 7.855660703565669 ], [ -76.289332502948483, 7.855613857314133 ], [ -76.289270150619743, 7.855567035947105 ], [ -76.289223430214292, 7.855504675156515 ], [ -76.289145401940928, 7.8554889640726 ], [ -76.289005049165198, 7.855410864378241 ], [ -76.28892698585878, 7.855410719563264 ], [ -76.288864543911089, 7.85541060417473 ], [ -76.288802128825353, 7.855394918904812 ], [ -76.288755435381205, 7.855316989958757 ], [ -76.288739858144325, 7.855301395924903 ], [ -76.288739974741659, 7.855239123588993 ], [ -76.288804104943083, 7.855220987244937 ], [ -76.288849318230248, 7.855208194953397 ], [ -76.288942984783517, 7.855208374802191 ], [ -76.28898981436538, 7.855208456164593 ], [ -76.28913031960505, 7.855208725388453 ], [ -76.289270851626881, 7.855193418376191 ], [ -76.289348852965773, 7.855224696611312 ], [ -76.289411268010141, 7.855240381801922 ], [ -76.289551773202191, 7.855240650879907 ], [ -76.289692279216808, 7.855240911772792 ], [ -76.289832775239034, 7.855241171793162 ], [ -76.289895226175773, 7.855241288783656 ], [ -76.289973281286052, 7.85524144162591 ], [ -76.290113786336505, 7.855241702384337 ], [ -76.290238616387782, 7.855273071597116 ], [ -76.290254201817135, 7.855288666392087 ], [ -76.290425753211821, 7.855382388014233 ], [ -76.290550492879305, 7.855460460396431 ], [ -76.290612799770699, 7.855538415724193 ], [ -76.290659513013679, 7.855600768198376 ], [ -76.290768559195897, 7.855725516947375 ], [ -76.290846470295762, 7.855803499897724 ], [ -76.290893308010482, 7.855803580955701 ], [ -76.29104947995198, 7.855772741910878 ], [ -76.291143291244623, 7.855695081888062 ], [ -76.29115894026387, 7.8556795413963 ], [ -76.29119042589133, 7.855539494151278 ], [ -76.291190624367388, 7.855430527804489 ], [ -76.291190686109374, 7.855399392587004 ], [ -76.291190773296165, 7.85535263333592 ], [ -76.290911474723288, 7.855047662392309 ], [ -76.290834607646673, 7.854970722866851 ], [ -76.290776919697578, 7.854912981909918 ], [ -76.290685965735605, 7.854844693294797 ], [ -76.290507682661598, 7.854710836851042 ], [ -76.290388073720081, 7.854519206656771 ], [ -76.290345226082749, 7.854450556371861 ], [ -76.290311343839349, 7.854280029208515 ], [ -76.290379086339954, 7.854179121173987 ], [ -76.290412421700324, 7.85416811675736 ], [ -76.290553043636962, 7.854106106187063 ], [ -76.290693550035911, 7.854106366894874 ], [ -76.290834018783769, 7.854122203806244 ], [ -76.291021417287254, 7.854091419406066 ], [ -76.291146569961569, 7.853951541720864 ], [ -76.29128716579379, 7.853905108034036 ], [ -76.291443049837184, 7.854029937805507 ], [ -76.291536420643169, 7.854185786794964 ], [ -76.291661016841431, 7.854341689155238 ], [ -76.291801468685122, 7.854373084601621 ], [ -76.291941965042312, 7.854373345834905 ], [ -76.292098083604813, 7.854373641770856 ], [ -76.292238588980894, 7.854373902833527 ], [ -76.292410221293451, 7.854420930420863 ], [ -76.292550637304188, 7.854467893660862 ], [ -76.292659683346599, 7.854592633681112 ], [ -76.292768766166247, 7.854701805562604 ], [ -76.292877839155665, 7.85481098740735 ], [ -76.292908794843015, 7.854951151163258 ], [ -76.292924147356871, 7.855091280050956 ], [ -76.292923886844548, 7.855231390418409 ], [ -76.292892365133753, 7.855387004722114 ], [ -76.292845275072125, 7.85552701611283 ], [ -76.292798141127321, 7.855682604683363 ], [ -76.29275098769169, 7.85585376120962 ], [ -76.292859945083592, 7.856025204171322 ], [ -76.293015856224272, 7.856134465735318 ], [ -76.293187676722042, 7.856088086274481 ], [ -76.293250416386769, 7.855932525287019 ], [ -76.293328758358697, 7.855777000050497 ], [ -76.293485055566677, 7.855683888958515 ], [ -76.293610064824492, 7.855621851620922 ], [ -76.293766120186547, 7.855653274666494 ], [ -76.293875166997509, 7.855778024023566 ], [ -76.294015375830412, 7.855933952632261 ], [ -76.294124421820186, 7.856058692834772 ], [ -76.294233504588178, 7.856167874859461 ], [ -76.294342514984066, 7.856308182098905 ], [ -76.29446709436678, 7.856479652635804 ], [ -76.294591779617107, 7.85658886113484 ], [ -76.294779114864227, 7.856589201702622 ], [ -76.29495105154335, 7.856480551371669 ], [ -76.295107313560081, 7.856403008652955 ], [ -76.295247811056711, 7.856403269390285 ], [ -76.295404046323327, 7.856341293655208 ], [ -76.295544721576277, 7.856248148200084 ], [ -76.295669757923449, 7.856170542339902 ], [ -76.29581035418687, 7.856124108838105 ], [ -76.295950912849122, 7.85609323340465 ], [ -76.296091651911397, 7.855968951859304 ], [ -76.296232184778205, 7.855953644305084 ], [ -76.296388068769204, 7.856078474022048 ], [ -76.296497179314684, 7.856172079125538 ], [ -76.296637648153435, 7.85618790738714 ], [ -76.29677815358302, 7.85618817570761 ], [ -76.296918658936093, 7.856188436753571 ], [ -76.297059165168591, 7.856188696841792 ], [ -76.297230806133641, 7.856235714625781 ], [ -76.297355545607275, 7.856313778933267 ], [ -76.297368170386591, 7.856319402382102 ], [ -76.297484717532797, 7.856403667345622 ], [ -76.297631748974368, 7.856485475721274 ], [ -76.297653050929725, 7.856476419161877 ], [ -76.297746315359277, 7.856436766015715 ], [ -76.29776784139915, 7.856351582082728 ], [ -76.297779265512787, 7.856306369374725 ], [ -76.297697741321443, 7.856175758719568 ], [ -76.297534539780301, 7.855996075924435 ], [ -76.29737124724393, 7.855865314015944 ], [ -76.297325106232392, 7.855848785027277 ], [ -76.297294064691982, 7.85579994314502 ], [ -76.297153612645801, 7.855768546297756 ], [ -76.297013108380199, 7.855768286168355 ], [ -76.296872611335885, 7.855768025031443 ], [ -76.296701086858562, 7.855658736054306 ], [ -76.29657636521479, 7.855565105350474 ], [ -76.296529796095001, 7.855424914076055 ], [ -76.29649894829528, 7.855222479299449 ], [ -76.296327568026683, 7.855035350199752 ], [ -76.296187304877535, 7.854910547662016 ], [ -76.296062528525738, 7.854848051680682 ], [ -76.295922194130625, 7.854754384145394 ], [ -76.295813209721999, 7.854598509409395 ], [ -76.29575108310172, 7.854427155409812 ], [ -76.295751342774579, 7.854287045429446 ], [ -76.29570485504702, 7.854100149995722 ], [ -76.295648216663963, 7.854029282360474 ], [ -76.295549006959689, 7.853959753404536 ], [ -76.295361816285151, 7.853881571884514 ], [ -76.295221309696657, 7.85388131181535 ], [ -76.295080831562487, 7.853865482811798 ], [ -76.294893586621555, 7.853818429753287 ], [ -76.294768810634565, 7.853755925037757 ], [ -76.294597205516297, 7.853693338565559 ], [ -76.294456754094753, 7.853661943144226 ], [ -76.294347823935894, 7.853474931713332 ], [ -76.294348085190748, 7.853334830560744 ], [ -76.29435981727103, 7.853282655944395 ], [ -76.294379570624784, 7.853194773634642 ], [ -76.294388102215251, 7.85315266082079 ], [ -76.294319169644098, 7.853037612696173 ], [ -76.294194255719006, 7.852787323329149 ], [ -76.29418486577336, 7.852768508017052 ], [ -76.294060822261784, 7.85239510422308 ], [ -76.294050813095808, 7.852364975926603 ], [ -76.29401786841099, 7.851961632104278 ], [ -76.293985769141486, 7.85188656017087 ], [ -76.293917201812221, 7.851726196092629 ], [ -76.293873370687919, 7.851629560720471 ], [ -76.293749385809747, 7.851356207861337 ], [ -76.293732370038384, 7.851299260593924 ], [ -76.293726277515873, 7.851278873552491 ], [ -76.29369033016323, 7.850807375916409 ], [ -76.293689961485128, 7.85080543181714 ], [ -76.293658945116178, 7.850641742060309 ], [ -76.293583560009523, 7.850515923208376 ], [ -76.29356625089288, 7.850440484067002 ], [ -76.293449283926606, 7.850338040551922 ], [ -76.293315429161652, 7.849765728652727 ], [ -76.293217003247591, 7.849288120429904 ], [ -76.293358054553849, 7.848761438011203 ], [ -76.293211935193753, 7.848331894273839 ], [ -76.292923751382759, 7.848237785623781 ], [ -76.292571771826772, 7.848266650829562 ], [ -76.292300702412859, 7.848288880193743 ], [ -76.291725093037456, 7.848244099412667 ], [ -76.291361535078906, 7.848215813598217 ], [ -76.291149482538955, 7.848199315990643 ], [ -76.290812846349539, 7.848009837168388 ], [ -76.290330094305787, 7.847390810923409 ], [ -76.289559160165439, 7.846677673601913 ], [ -76.289074895113785, 7.8457717772051 ], [ -76.288640600163873, 7.845248118617254 ], [ -76.288255766927364, 7.845011077296907 ], [ -76.287869166767479, 7.84443935306567 ], [ -76.287819199528741, 7.844057114270316 ], [ -76.28771850960689, 7.843149196800585 ], [ -76.287527484543986, 7.843293639691797 ], [ -76.287387433669821, 7.844011568034257 ], [ -76.287176479311697, 7.844916211291177 ], [ -76.287153005509083, 7.845016869138279 ], [ -76.286677080176261, 7.845688749379707 ], [ -76.28620342265323, 7.846790933208713 ], [ -76.28515440795303, 7.847896138386593 ], [ -76.284245440181692, 7.848283412175771 ], [ -76.283288021625438, 7.848575310975779 ], [ -76.283178893235743, 7.848561699575394 ], [ -76.283163322609539, 7.848567876360694 ], [ -76.282897134306765, 7.848624227059397 ], [ -76.282669060702801, 7.848623786811356 ], [ -76.282327001226577, 7.848604185592894 ], [ -76.282174580951221, 7.848603896904537 ], [ -76.281566136560571, 7.848439949960384 ], [ -76.280667583867242, 7.848048162799017 ], [ -76.280487430731782, 7.847426234238935 ], [ -76.280354205594222, 7.84686941941604 ], [ -76.281175508875734, 7.847103230559947 ], [ -76.281964897538643, 7.847304168009861 ], [ -76.28208242501951, 7.847296023416444 ], [ -76.282246034363311, 7.847231121611229 ], [ -76.282801244108768, 7.847191287284487 ], [ -76.283664028408978, 7.847138949737815 ], [ -76.284475586648867, 7.846465311092159 ], [ -76.285189232308809, 7.84540968187357 ], [ -76.285425429872177, 7.844739062136648 ], [ -76.285328528533967, 7.844548317925007 ], [ -76.284897519410208, 7.844646204813695 ], [ -76.284562651228953, 7.844791401178266 ], [ -76.284350947896343, 7.84473980165872 ], [ -76.283986539591112, 7.844650983912281 ], [ -76.283782624819679, 7.844615116124219 ], [ -76.283458628817399, 7.844558124600434 ], [ -76.283169437803906, 7.844272763678406 ], [ -76.283115278523539, 7.844009914669068 ], [ -76.283071025535847, 7.843795149449961 ], [ -76.283350328979282, 7.843824615264368 ], [ -76.283502792520153, 7.843840698607939 ], [ -76.283789909886153, 7.84401755713547 ], [ -76.283887621706498, 7.844077746777192 ], [ -76.284175300041838, 7.844076239261996 ], [ -76.284701697731563, 7.843882224783438 ], [ -76.285180149940359, 7.843688464212575 ], [ -76.285321465024481, 7.843209593124517 ], [ -76.285462023843465, 7.842587288386344 ], [ -76.285937951148284, 7.841915410086645 ], [ -76.286556956849552, 7.84109934229667 ], [ -76.287032628745052, 7.840379652072241 ], [ -76.28789312527843, 7.83989700534102 ], [ -76.288492774642236, 7.839717705182859 ], [ -76.28875538559474, 7.839749038909449 ], [ -76.289620679664083, 7.84017480891881 ], [ -76.290294695713783, 7.840697207806623 ], [ -76.290730250280475, 7.841459921724979 ], [ -76.290832463188664, 7.842654703689069 ], [ -76.290886477828778, 7.843801926688943 ], [ -76.291274850877286, 7.844708326108064 ], [ -76.291612496518198, 7.845089051166798 ], [ -76.292189620048987, 7.845420702102297 ], [ -76.292536513066693, 7.845677298876558 ], [ -76.292767250975018, 7.845847976336112 ], [ -76.293103886152494, 7.846037453953382 ], [ -76.293197498574031, 7.845606647201853 ], [ -76.293003436322536, 7.845177353649398 ], [ -76.293001917236722, 7.844890485692365 ], [ -76.293142717256131, 7.844315991978926 ], [ -76.293477831742535, 7.844218602822353 ], [ -76.293508288571829, 7.844215401788325 ], [ -76.293957037111568, 7.844168265350898 ], [ -76.294350835317331, 7.844166190614613 ], [ -76.294436494697152, 7.844165740000213 ], [ -76.294723663071863, 7.844068601851669 ], [ -76.295153401154678, 7.843731647659829 ], [ -76.295341889814907, 7.843109091029688 ], [ -76.29543474073671, 7.842534849955727 ], [ -76.295479899300801, 7.842008673381595 ], [ -76.295644863820556, 7.841731188971137 ], [ -76.295765037943738, 7.841529043825108 ], [ -76.296108402048176, 7.841466753167254 ], [ -76.296579350623048, 7.841381313819108 ], [ -76.29715656328186, 7.841342282823567 ], [ -76.29734622275663, 7.841329457668433 ], [ -76.298017458266543, 7.84132591686713 ], [ -76.298497926690672, 7.841514633411353 ], [ -76.29926632156149, 7.841749639933186 ], [ -76.299939334284474, 7.842080775033605 ], [ -76.299941888987306, 7.842081778622844 ], [ -76.300419803656922, 7.842269486844426 ], [ -76.300610569248192, 7.842077229593401 ], [ -76.300273681290534, 7.841839946637694 ], [ -76.299966494721076, 7.841723986723763 ], [ -76.299649123397955, 7.841604181729745 ], [ -76.29955488674274, 7.841522829793594 ], [ -76.29926378368495, 7.841271528708192 ], [ -76.299247396508676, 7.841258056382598 ], [ -76.299042590678482, 7.84108968628775 ], [ -76.298974842505075, 7.841033990964425 ], [ -76.298828470404501, 7.84055663791699 ], [ -76.298489301857714, 7.839889051579521 ], [ -76.29819858838556, 7.839316834634696 ], [ -76.297666881993777, 7.838506824563341 ], [ -76.297089767298871, 7.838175180732311 ], [ -76.296561104539038, 7.837938903577284 ], [ -76.295887593704336, 7.837512139432091 ], [ -76.295359440258778, 7.837371482569651 ], [ -76.295164658108504, 7.837297123905333 ], [ -76.295117132720307, 7.837189958138095 ], [ -76.29496271215038, 7.837035393597676 ], [ -76.294750207254651, 7.836919287394298 ], [ -76.294479543761184, 7.83688021027698 ], [ -76.294247555256632, 7.836841205214359 ], [ -76.293996151832673, 7.836840737907158 ], [ -76.293783430621204, 7.83684034268549 ], [ -76.293512733049923, 7.836820552554708 ], [ -76.293326177104447, 7.836780321380928 ], [ -76.292765602946616, 7.836476693015524 ], [ -76.292524867208215, 7.836286708412802 ], [ -76.291993679764815, 7.83557231040489 ], [ -76.291799121159954, 7.835047392687884 ], [ -76.291170025807006, 7.833951004895588 ], [ -76.290783439336323, 7.833379283222347 ], [ -76.290349157813665, 7.832855622637531 ], [ -76.290162431173712, 7.832819399275303 ], [ -76.28986920737762, 7.832762517654706 ], [ -76.289390265337389, 7.83286065814047 ], [ -76.289055156559172, 7.832958041602813 ], [ -76.28819265653695, 7.833058194432346 ], [ -76.287857295682642, 7.833107765967211 ], [ -76.287281957979161, 7.833110784093196 ], [ -76.287082188694328, 7.833045540995663 ], [ -76.286705612707607, 7.832922553913053 ], [ -76.286369243335315, 7.832780877612298 ], [ -76.286341824043319, 7.832713549060793 ], [ -76.286174943607548, 7.832303766818666 ], [ -76.28651055659283, 7.832302008924815 ], [ -76.286750784859109, 7.83239637487242 ], [ -76.286942563908312, 7.832395369596248 ], [ -76.287372552842612, 7.832106237682029 ], [ -76.287870209653875, 7.831797228371019 ], [ -76.287993816330768, 7.831720476731152 ], [ -76.288377373294679, 7.831718465216333 ], [ -76.28871298505544, 7.831716703955082 ], [ -76.288858078573256, 7.831955006752596 ], [ -76.289179566992146, 7.832272243947437 ], [ -76.289195458997625, 7.832287926207921 ], [ -76.289531070033291, 7.832286164112515 ], [ -76.289913618393854, 7.832092904972793 ], [ -76.289960048403529, 7.831805784325804 ], [ -76.289908317654067, 7.831088862989973 ], [ -76.28966632353584, 7.830659817773408 ], [ -76.289327937776548, 7.830135653042983 ], [ -76.289468996300755, 7.8296089712912 ], [ -76.290042056874455, 7.829175648224255 ], [ -76.290230805172456, 7.828600904165496 ], [ -76.290228282163866, 7.828122789234969 ], [ -76.290272945556822, 7.827500988794593 ], [ -76.290029695067602, 7.826832885031314 ], [ -76.290074862709702, 7.826306708437011 ], [ -76.290215920906675, 7.825780027280326 ], [ -76.290259829342602, 7.825014791027006 ], [ -76.290016579254953, 7.824346686603749 ], [ -76.289630761338586, 7.823918395292092 ], [ -76.289194983561615, 7.823107861139132 ], [ -76.288710256119217, 7.822106332361676 ], [ -76.288514199715564, 7.82129454083878 ], [ -76.288461975105662, 7.82048199428582 ], [ -76.288983809026618, 7.819427378220986 ], [ -76.289603794910079, 7.818802561353015 ], [ -76.290512192010652, 7.818319672112452 ], [ -76.29132520614192, 7.817932906969733 ], [ -76.291871628100481, 7.817808801119458 ], [ -76.291970213549703, 7.817763377513817 ], [ -76.292132227876422, 7.817709855297908 ], [ -76.292264269091291, 7.817650296789984 ], [ -76.292312433821209, 7.817548719726766 ], [ -76.292324684171973, 7.817411194371569 ], [ -76.292282885584228, 7.817315430276194 ], [ -76.292247050475027, 7.817237618716491 ], [ -76.29220526299946, 7.817135874393827 ], [ -76.292169472183346, 7.817034141092766 ], [ -76.292145741953661, 7.816896548616554 ], [ -76.292146044337528, 7.816735078541826 ], [ -76.292194230317193, 7.81662154111826 ], [ -76.292338175975388, 7.816609848241139 ], [ -76.292433922842562, 7.816717672958457 ], [ -76.292433688737376, 7.816843259947927 ], [ -76.292469467605613, 7.81695097341733 ], [ -76.292547224722981, 7.817058764970191 ], [ -76.292642972680952, 7.817166589565995 ], [ -76.292702728038762, 7.81728032818296 ], [ -76.292768391645396, 7.817441920312648 ], [ -76.292894145046887, 7.817537840406392 ], [ -76.293037912311334, 7.81762183308171 ], [ -76.293205722286046, 7.817675967845406 ], [ -76.293523462796287, 7.817724401217792 ], [ -76.293673361068116, 7.817736639536037 ], [ -76.293853120203536, 7.817814718590011 ], [ -76.294026581268767, 7.818054255400533 ], [ -76.294089539451974, 7.818146958272948 ], [ -76.294347626068785, 7.818299547608191 ], [ -76.294399552059801, 7.818316506927134 ], [ -76.294779868257294, 7.818440716397665 ], [ -76.295066768058703, 7.818295769940347 ], [ -76.29544904753152, 7.81805469942314 ], [ -76.295881037871325, 7.818148055330913 ], [ -76.296074072397289, 7.81838610431679 ], [ -76.296132629175887, 7.818697937141747 ], [ -76.296126085338116, 7.818725715890833 ], [ -76.296130603038335, 7.818848713884047 ], [ -76.296130351801949, 7.818981169662675 ], [ -76.296139559023544, 7.819132563338575 ], [ -76.296150336747857, 7.819222671129495 ], [ -76.296032699397756, 7.819629448980223 ], [ -76.296082915815035, 7.820059498738797 ], [ -76.296420286026589, 7.82039241414917 ], [ -76.29670844957883, 7.820486523610979 ], [ -76.296996107993664, 7.820485012257357 ], [ -76.297522722328893, 7.820338804300492 ], [ -76.297857059349241, 7.820097981556549 ], [ -76.298287027871098, 7.819808844001094 ], [ -76.298956961574163, 7.819566255638611 ], [ -76.299244871510851, 7.819612552738581 ], [ -76.299581990709115, 7.819897654106422 ], [ -76.299824236507078, 7.820374502745703 ], [ -76.29992366690503, 7.821043354685492 ], [ -76.299926706264628, 7.821617089880517 ], [ -76.299882053734535, 7.822238887084097 ], [ -76.300030695665583, 7.82314654198504 ], [ -76.300514181166236, 7.82390899494626 ], [ -76.301043077154716, 7.824193082419486 ], [ -76.301474566669611, 7.824190808387337 ], [ -76.302001943076803, 7.824188026805464 ], [ -76.302816471583156, 7.824088106388158 ], [ -76.303535113055716, 7.823988689298342 ], [ -76.30420555578911, 7.823841713645924 ], [ -76.304776811912404, 7.823073700325026 ], [ -76.306067719991361, 7.822397510141093 ], [ -76.30659483701902, 7.822346914398201 ], [ -76.307601129506395, 7.822245970658662 ], [ -76.308510264578757, 7.821906478638165 ], [ -76.308601965331789, 7.821901420718413 ], [ -76.309468866675147, 7.821853597170727 ], [ -76.310190296907379, 7.822280090119169 ], [ -76.310913255922117, 7.822993446964351 ], [ -76.311036660871721, 7.823151684837945 ], [ -76.31139599434951, 7.82361244911981 ], [ -76.311494935273188, 7.824185671067307 ], [ -76.311354161029641, 7.824760162574339 ], [ -76.311311819804118, 7.825812254197226 ], [ -76.31098105640595, 7.82672243684128 ], [ -76.311226629962363, 7.827820815702272 ], [ -76.311232487798875, 7.828920465372078 ], [ -76.311571913604269, 7.829635848740439 ], [ -76.312536393840219, 7.830682603016138 ], [ -76.313210156098151, 7.831157149791853 ], [ -76.313786499881758, 7.831345339650267 ], [ -76.314217993944339, 7.831343051279779 ], [ -76.314744608924201, 7.831196817701366 ], [ -76.315318910884244, 7.831002522008816 ], [ -76.31565349472649, 7.830809496637644 ], [ -76.316253150635816, 7.830806312700458 ], [ -76.316564421693286, 7.830804658769369 ], [ -76.31723563183354, 7.83080109342175 ], [ -76.317471300602747, 7.830917037943866 ], [ -76.317620202120025, 7.830990297177934 ], [ -76.317910420398746, 7.831466872760404 ], [ -76.318198593123824, 7.831560964956819 ], [ -76.318292946035427, 7.83127359173151 ], [ -76.318290900743918, 7.830891107041681 ], [ -76.31824014740782, 7.83036544626965 ], [ -76.318181763219926, 7.8301006447792 ], [ -76.31809273673116, 7.829696862286626 ], [ -76.318184279982802, 7.828883572649104 ], [ -76.31856424900522, 7.828212185693829 ], [ -76.318898660172223, 7.827752312905028 ], [ -76.31908779006821, 7.827492224985323 ], [ -76.319469034368225, 7.827059890103516 ], [ -76.32025415013328, 7.827145804722535 ], [ -76.320419358620896, 7.827311158351457 ], [ -76.320749984077324, 7.827523960402337 ], [ -76.321290295783982, 7.827604113382966 ], [ -76.320096128973603, 7.82777373419254 ], [ -76.319284929960133, 7.828495225549795 ], [ -76.3190021275134, 7.829405156806225 ], [ -76.319101849602546, 7.830121805363471 ], [ -76.319249003805979, 7.830742575917403 ], [ -76.319252538039279, 7.830763049229487 ], [ -76.319347958728216, 7.831315794283216 ], [ -76.319355809890368, 7.831404055799923 ], [ -76.31939226998179, 7.831813919022059 ], [ -76.319398971543606, 7.831889264788953 ], [ -76.319400886528328, 7.83224724480798 ], [ -76.319401273969618, 7.832319559563414 ], [ -76.3191141226215, 7.832416709808806 ], [ -76.318346002248049, 7.832229549440258 ], [ -76.317934891785995, 7.832261029651305 ], [ -76.317675047013864, 7.832280928122774 ], [ -76.317148944336509, 7.832522783174852 ], [ -76.316720515785804, 7.833098804777914 ], [ -76.316146211918053, 7.833293105114507 ], [ -76.315632363750098, 7.833193457280925 ], [ -76.315186312198009, 7.833106955116674 ], [ -76.314370502206742, 7.832967849900305 ], [ -76.313457271007934, 7.832542388552566 ], [ -76.312817189135259, 7.831910839000723 ], [ -76.31258969234338, 7.831686373339124 ], [ -76.312496406649032, 7.831602703167685 ], [ -76.310999903159029, 7.830260436826776 ], [ -76.310661240994406, 7.829688484791544 ], [ -76.310224145556106, 7.828638932656678 ], [ -76.309836270691619, 7.827828180403166 ], [ -76.309925285336291, 7.826536778695007 ], [ -76.310064787738568, 7.825723232575791 ], [ -76.310396828014504, 7.825052105002973 ], [ -76.31039301026189, 7.82433494209307 ], [ -76.310246636074524, 7.823857594834101 ], [ -76.310052066038551, 7.823332689903058 ], [ -76.309571110342802, 7.823048362403555 ], [ -76.308898383869874, 7.822765046702775 ], [ -76.308132314384977, 7.822960347940231 ], [ -76.307673688973765, 7.823268771170174 ], [ -76.307127291242367, 7.823300345707096 ], [ -76.30645862911372, 7.823782002550623 ], [ -76.306031712656861, 7.824644880279959 ], [ -76.30541124430934, 7.825174094009887 ], [ -76.304837701977391, 7.825511809431055 ], [ -76.30416725655094, 7.825658787110677 ], [ -76.303591936706539, 7.825661824173086 ], [ -76.303016614705413, 7.825664859562733 ], [ -76.302680503817626, 7.825571009316929 ], [ -76.302439773381664, 7.825381028678466 ], [ -76.302008282162433, 7.825383305119863 ], [ -76.301977491518215, 7.825393721194409 ], [ -76.301864706315314, 7.82543187461639 ], [ -76.301723410959724, 7.825910743955121 ], [ -76.301245497064301, 7.826200140153358 ], [ -76.300719385168122, 7.826441976354752 ], [ -76.2999527940283, 7.826541642283829 ], [ -76.299618577328019, 7.826426962407887 ], [ -76.29899214891914, 7.826212014779973 ], [ -76.298366350224583, 7.825737186366493 ], [ -76.297882612084265, 7.824926918650071 ], [ -76.297592168387382, 7.824402509710097 ], [ -76.297063271698235, 7.824118417043001 ], [ -76.296902930876698, 7.824064221256964 ], [ -76.296774336179055, 7.82392119518672 ], [ -76.296447707741635, 7.823745025954559 ], [ -76.296196494081599, 7.823594072669582 ], [ -76.295920118642584, 7.823443065600961 ], [ -76.295593544589238, 7.82324181723747 ], [ -76.295313773788763, 7.823188087943446 ], [ -76.29498002106186, 7.823131975015756 ], [ -76.2941788322196, 7.822651389546186 ], [ -76.293841713716802, 7.822366285065338 ], [ -76.293695106264224, 7.821841114774787 ], [ -76.293548246290797, 7.821268134282199 ], [ -76.293259073109724, 7.820982776228952 ], [ -76.293069571101952, 7.821414085009878 ], [ -76.293120797246758, 7.822035382624578 ], [ -76.293263857112549, 7.822363487690647 ], [ -76.293411990638873, 7.8227032322224 ], [ -76.293608815397548, 7.823658451671658 ], [ -76.293708996691819, 7.82447074235231 ], [ -76.294046874871697, 7.824899280655165 ], [ -76.294385764903822, 7.825519065393598 ], [ -76.29486697098271, 7.825851224188135 ], [ -76.295638622312126, 7.826707793211205 ], [ -76.296220523967804, 7.827947861423889 ], [ -76.296273781025235, 7.828951645854663 ], [ -76.296230138515369, 7.829764690787588 ], [ -76.296138552834094, 7.830577987146484 ], [ -76.295949813099881, 7.831152730821883 ], [ -76.295375493613918, 7.831347005663566 ], [ -76.295039644634741, 7.831253224311773 ], [ -76.295007699905881, 7.831278611592293 ], [ -76.294688412394763, 7.831278010336558 ], [ -76.294440270080898, 7.831171415911124 ], [ -76.294341795838889, 7.831072848107912 ], [ -76.293840263242615, 7.831163830226258 ], [ -76.293122361667599, 7.831406667661472 ], [ -76.292692630539221, 7.831743617161908 ], [ -76.292838485643628, 7.832125352160577 ], [ -76.293223052971157, 7.83231458144001 ], [ -76.29356094052298, 7.832743119384667 ], [ -76.293661128536769, 7.83355540713587 ], [ -76.293664414924407, 7.834176955621104 ], [ -76.293611405321045, 7.83428409066562 ], [ -76.293379782324962, 7.834752203646546 ], [ -76.292853401149117, 7.834946225370063 ], [ -76.292950554893608, 7.835184777403349 ], [ -76.293527409717314, 7.835468619175916 ], [ -76.294631912130541, 7.835797494948355 ], [ -76.295350831733288, 7.835745898036762 ], [ -76.295733123600101, 7.835504821768471 ], [ -76.296230072820038, 7.835466793194924 ], [ -76.296404096681059, 7.835453474892335 ], [ -76.297076084324701, 7.835593373403896 ], [ -76.29738795060581, 7.835772592829739 ], [ -76.297653194600684, 7.835925019675494 ], [ -76.298036752599842, 7.835922997755167 ], [ -76.298117446158841, 7.83578043191712 ], [ -76.298226757629095, 7.835587308553349 ], [ -76.29870595068536, 7.835536969085056 ], [ -76.298899503755905, 7.835870635648505 ], [ -76.299285599233045, 7.836346724826609 ], [ -76.299483211407619, 7.837445369970461 ], [ -76.300307157303465, 7.839114458669103 ], [ -76.301367533698112, 7.840160732640405 ], [ -76.302427662983959, 7.841159192144444 ], [ -76.30324552690135, 7.841680804968937 ], [ -76.303680086354532, 7.842252254603311 ], [ -76.304356408563024, 7.843204924182051 ], [ -76.304696860722558, 7.8441115567724 ], [ -76.304606567800789, 7.845163906022565 ], [ -76.304420893925609, 7.846312384914083 ], [ -76.304234202295646, 7.84726962006703 ], [ -76.303613959947015, 7.847846650558139 ], [ -76.303231409933673, 7.84803992633499 ], [ -76.30265605784102, 7.848042970419919 ], [ -76.302485125292023, 7.847916537875619 ], [ -76.302078417569675, 7.847615714400697 ], [ -76.301448510315183, 7.846375922043571 ], [ -76.301205222847926, 7.845707833594499 ], [ -76.300725004022368, 7.845566934088867 ], [ -76.300513388258949, 7.845697432785657 ], [ -76.299864773966505, 7.846097417198538 ], [ -76.299289169404972, 7.84605264498853 ], [ -76.297994121880905, 7.845963856872721 ], [ -76.297228764355523, 7.84630258441883 ], [ -76.296271365769769, 7.846594510897777 ], [ -76.295503975878617, 7.846550744928349 ], [ -76.295122689170867, 7.846983069117379 ], [ -76.294981639100996, 7.847509751002478 ], [ -76.295510568127852, 7.847793837972555 ], [ -76.296518198926506, 7.847931961376594 ], [ -76.296852047925228, 7.847877589308759 ], [ -76.297428415246628, 7.847783721080119 ], [ -76.298194535909388, 7.847588425799786 ], [ -76.298867304806137, 7.847871748412455 ], [ -76.29949314384956, 7.84834656711117 ], [ -76.300168710122165, 7.849155809726953 ], [ -76.300747114732332, 7.849726499757499 ], [ -76.300948587617611, 7.850346237315446 ], [ -76.300983940797295, 7.85064889361148 ], [ -76.300970855003186, 7.850743836255154 ], [ -76.301031197259789, 7.850818846110021 ], [ -76.301032924802172, 7.850820993635238 ], [ -76.301054844180172, 7.850950791741043 ], [ -76.301122423628016, 7.851052265125595 ], [ -76.301203083875123, 7.851195879193247 ], [ -76.301292799366138, 7.851303650134884 ], [ -76.30141847295441, 7.851420439692856 ], [ -76.301535146086508, 7.851537221310516 ], [ -76.301597821695424, 7.85168079855113 ], [ -76.30166051530567, 7.85181541141064 ], [ -76.301732182589646, 7.851959007372948 ], [ -76.301821887735954, 7.852075743271278 ], [ -76.301911602638583, 7.852183504904905 ], [ -76.301930127255446, 7.852289299059408 ], [ -76.301996997000359, 7.852314909884422 ], [ -76.302055063917408, 7.852407930771314 ], [ -76.302063093274398, 7.852417576323336 ], [ -76.302120115336251, 7.852465868385499 ], [ -76.302299882105956, 7.852531429332688 ], [ -76.302376736712432, 7.852569925436143 ], [ -76.302430588605063, 7.852596898836713 ], [ -76.302659536928772, 7.852597322339588 ], [ -76.302830293317086, 7.852570757723233 ], [ -76.302970344136213, 7.852548971687282 ], [ -76.303117676547842, 7.852467706430065 ], [ -76.30329771601194, 7.852386501979548 ], [ -76.303324917745741, 7.852408283884702 ], [ -76.30337936316009, 7.852451880784579 ], [ -76.303388501588742, 7.852516527858279 ], [ -76.303395503685522, 7.852566061373153 ], [ -76.303329728889125, 7.852761628945768 ], [ -76.303312921964249, 7.853006207597528 ], [ -76.303289235058031, 7.85309995508319 ], [ -76.303279972662736, 7.85313660567907 ], [ -76.303198145990123, 7.853169070163467 ], [ -76.303104896731341, 7.853148226853654 ], [ -76.303051024204692, 7.85313618534845 ], [ -76.302920498702733, 7.852972870140191 ], [ -76.302796078677133, 7.852902779897124 ], [ -76.30269265217602, 7.852857430426201 ], [ -76.302548787373439, 7.852857169272087 ], [ -76.302439121012554, 7.852856962652106 ], [ -76.3023959209563, 7.852856882164801 ], [ -76.302260976029288, 7.852892499766224 ], [ -76.302215773277368, 7.853026915274451 ], [ -76.302260427907086, 7.85318839606886 ], [ -76.30238611135826, 7.8532962297393 ], [ -76.302547816549463, 7.853377221796215 ], [ -76.302709540594293, 7.853449249414115 ], [ -76.302835242105886, 7.853548117622531 ], [ -76.302987830089961, 7.853700830578728 ], [ -76.303122541139686, 7.853790744001299 ], [ -76.303239286041816, 7.85387165466667 ], [ -76.3033470206895, 7.853961521741312 ], [ -76.303454710820176, 7.854078285320138 ], [ -76.303553436037049, 7.85417709068722 ], [ -76.303634149784443, 7.854293808874665 ], [ -76.303741831029768, 7.854410572380488 ], [ -76.303849484765507, 7.854545266241137 ], [ -76.303930180819208, 7.854670948637843 ], [ -76.303992883137681, 7.85480556057667 ], [ -76.304055594320332, 7.854931209132542 ], [ -76.304154237967651, 7.855074849355066 ], [ -76.304252918303504, 7.855200559957026 ], [ -76.304324630942617, 7.85531726013205 ], [ -76.304333361621914, 7.855460738596669 ], [ -76.304387063605418, 7.855595332654834 ], [ -76.304485689827402, 7.855747947850516 ], [ -76.304575378023301, 7.855873648623732 ], [ -76.304656072800057, 7.855999324366957 ], [ -76.304745761117914, 7.856125025058685 ], [ -76.30481746528848, 7.856250681143376 ], [ -76.304834200357902, 7.856288419078764 ], [ -76.304840802863268, 7.85638654217101 ], [ -76.304921659856277, 7.85650795938283 ], [ -76.305039052103865, 7.856571271717628 ], [ -76.305053272338682, 7.856578944037454 ], [ -76.305184956332255, 7.856614552896763 ], [ -76.305316828790481, 7.856549111287031 ], [ -76.305443598719663, 7.85649881394607 ], [ -76.305540069021333, 7.856397933421689 ], [ -76.305626414762202, 7.856286918933773 ], [ -76.305631608217453, 7.856221243149037 ], [ -76.305626685220346, 7.856140385682676 ], [ -76.30560654476227, 7.85607466540326 ], [ -76.305596537342865, 7.856003905328476 ], [ -76.305596672090019, 7.855928114423786 ], [ -76.305596789107057, 7.855867478374855 ], [ -76.305672992695492, 7.855761503786928 ], [ -76.305678086994632, 7.855746357754994 ], [ -76.305686622097411, 7.85574547834949 ], [ -76.305695568222475, 7.855701300781703 ], [ -76.305843080858423, 7.855522190424638 ], [ -76.305850812347586, 7.855510673629441 ], [ -76.305941474042655, 7.855375604797641 ], [ -76.306056249785115, 7.855212741680063 ], [ -76.306140674360762, 7.855140852424292 ], [ -76.306170905883818, 7.855115108719216 ], [ -76.30635088534568, 7.855066515549584 ], [ -76.306378456195631, 7.855055577973322 ], [ -76.306388797805013, 7.855045303670032 ], [ -76.306505479542935, 7.85497477670512 ], [ -76.30655621689327, 7.854939499902893 ], [ -76.30662216196275, 7.854899193031298 ], [ -76.306703342667063, 7.854843766886715 ], [ -76.306733795749935, 7.854818550848798 ], [ -76.306774407933801, 7.85477820763055 ], [ -76.306830257242183, 7.854717670375908 ], [ -76.306840470827026, 7.854677272890362 ], [ -76.306840586648164, 7.854611579332671 ], [ -76.306840641028572, 7.854581261376217 ], [ -76.30684076688604, 7.854515575870481 ], [ -76.306866242564737, 7.854439830363028 ], [ -76.306866252346637, 7.854434772696843 ], [ -76.306922126569333, 7.854359080559806 ], [ -76.306957601736329, 7.854359152677796 ], [ -76.306957556897913, 7.854382895148437 ], [ -76.306957511522725, 7.854404624706607 ], [ -76.306942133374363, 7.854500600563547 ], [ -76.306931892381542, 7.854561219582521 ], [ -76.30692164232245, 7.854621837770261 ], [ -76.306946821898478, 7.854707780230187 ], [ -76.30696196817577, 7.85473812484928 ], [ -76.306961770162957, 7.854844233678657 ], [ -76.306961715799346, 7.854874551631166 ], [ -76.306870348590294, 7.85496028701404 ], [ -76.306728334028975, 7.855030768689207 ], [ -76.306601546053429, 7.855091171562272 ], [ -76.306484827762048, 7.855181911142718 ], [ -76.306368055919449, 7.855302967770772 ], [ -76.306352604556508, 7.855439367938927 ], [ -76.306327011861356, 7.855575750385519 ], [ -76.306260850668963, 7.855732263421019 ], [ -76.306214973741646, 7.855878715690392 ], [ -76.30610847769303, 7.855924000116347 ], [ -76.306083145597867, 7.855923954728621 ], [ -76.305941400857307, 7.855847894988203 ], [ -76.305804550507744, 7.855862807141937 ], [ -76.305774098295686, 7.855893070814593 ], [ -76.305809338619397, 7.85601439698666 ], [ -76.305854365727569, 7.856066581659575 ], [ -76.305874613697455, 7.856158234107447 ], [ -76.30587435300211, 7.856300153253515 ], [ -76.305874223823295, 7.856370229680679 ], [ -76.305775649390711, 7.856614658410011 ], [ -76.305690015589832, 7.856748300927993 ], [ -76.305660842093232, 7.856793827622385 ], [ -76.305497005316468, 7.856956600999464 ], [ -76.305430207080178, 7.856981439136235 ], [ -76.305235164815358, 7.85705396530114 ], [ -76.305038711348232, 7.857167753825685 ], [ -76.304923992872375, 7.857298002392757 ], [ -76.304914098887252, 7.857302913817062 ], [ -76.304727567736307, 7.857395484885008 ], [ -76.304498435913615, 7.857492908550281 ], [ -76.304269152038827, 7.857671868407014 ], [ -76.304088777755169, 7.857932452685175 ], [ -76.304076347080695, 7.858036177163157 ], [ -76.304056815534793, 7.85806111928526 ], [ -76.304005791640307, 7.858149783179359 ], [ -76.30399475094724, 7.858188050550382 ], [ -76.303992990704771, 7.858194141117074 ], [ -76.30399228994537, 7.858204965638069 ], [ -76.303986441902708, 7.858295560644543 ], [ -76.303992711861426, 7.858346288795723 ], [ -76.304056241100994, 7.858371765218269 ], [ -76.30414527268816, 7.858359251627079 ], [ -76.304170703739402, 7.858359297196758 ], [ -76.304278871140966, 7.858315118264141 ], [ -76.304348839888874, 7.858296226245522 ], [ -76.304418828251229, 7.858271000769237 ], [ -76.30444426797186, 7.85826470392754 ], [ -76.304564957288918, 7.858321990351726 ], [ -76.304577649963704, 7.858334691635648 ], [ -76.304672881179201, 7.858410940690492 ], [ -76.304691915681161, 7.858429993998173 ], [ -76.304768020810641, 7.858531575874747 ], [ -76.304774345199476, 7.858550601850582 ], [ -76.304735968519651, 7.858677326793142 ], [ -76.304627722201161, 7.858765891933738 ], [ -76.304614992521394, 7.858772207089664 ], [ -76.304525808899541, 7.858867140650857 ], [ -76.304500340859136, 7.858886114259943 ], [ -76.304423904233019, 7.858962047869776 ], [ -76.304411139378388, 7.858987381251476 ], [ -76.304404571575731, 7.859101484650185 ], [ -76.304404418671567, 7.85918390540927 ], [ -76.304436147745861, 7.859215660886598 ], [ -76.304480658512915, 7.85921574141712 ], [ -76.304512503575083, 7.859184103409723 ], [ -76.304550800392121, 7.859101753683357 ], [ -76.304557168707674, 7.859095429881995 ], [ -76.304652614653492, 7.859057565884777 ], [ -76.304684450945331, 7.859032261235716 ], [ -76.304773564290159, 7.85897537040845 ], [ -76.304805363665139, 7.858969091218142 ], [ -76.304856218028988, 7.858975522825121 ], [ -76.304938727628695, 7.859051754451031 ], [ -76.304957754409372, 7.859077149211965 ], [ -76.305040228907927, 7.859172398114383 ], [ -76.305052903829989, 7.859191432796885 ], [ -76.305122712104392, 7.859261303688675 ], [ -76.305148143186116, 7.859261349176125 ], [ -76.305230796958213, 7.859261502398691 ], [ -76.305288019638837, 7.859261609224115 ], [ -76.305421643543639, 7.85920479058304 ], [ -76.305542557921171, 7.859141621267803 ], [ -76.305593456061644, 7.859122693983182 ], [ -76.305669830835882, 7.859078452449634 ], [ -76.30573984602924, 7.859034201365837 ], [ -76.305778069187582, 7.858996237610945 ], [ -76.305854462207051, 7.858939321215736 ], [ -76.305886298367426, 7.858914014702415 ], [ -76.305956403250249, 7.858825388345362 ], [ -76.305962808370168, 7.858800037285687 ], [ -76.306032893674413, 7.858717750692422 ], [ -76.306077450804622, 7.858692473180362 ], [ -76.306147384382811, 7.858692608098962 ], [ -76.306217290536239, 7.85870540888419 ], [ -76.306261722407143, 7.858749875247702 ], [ -76.306299739146127, 7.858819682799726 ], [ -76.306331395376077, 7.858889472684377 ], [ -76.306334615643664, 7.858900250036831 ], [ -76.30639260366614, 7.859045586134616 ], [ -76.306490486864959, 7.859176224787912 ], [ -76.306588518722521, 7.859225326429923 ], [ -76.306718701545662, 7.859212585636062 ], [ -76.306752085817124, 7.859209318612011 ], [ -76.30681581271314, 7.859185622837101 ], [ -76.30688300674781, 7.859160636697713 ], [ -76.306997574319922, 7.859111924589063 ], [ -76.307063199297559, 7.858997893705697 ], [ -76.307161441923654, 7.858932844581126 ], [ -76.307325129758269, 7.858851608320582 ], [ -76.307423431862048, 7.858753944586233 ], [ -76.307554532092567, 7.858607417917131 ], [ -76.307685602912542, 7.858477198978123 ], [ -76.307701641589844, 7.858468514094661 ], [ -76.307711863037426, 7.85844822128369 ], [ -76.307724618951326, 7.858429222136603 ], [ -76.307839235168586, 7.85833433175315 ], [ -76.307864702963258, 7.858315359824524 ], [ -76.307953842722682, 7.858245786444755 ], [ -76.307985669665285, 7.858220488951537 ], [ -76.308062080710002, 7.858157229883379 ], [ -76.30806846752732, 7.858144562700377 ], [ -76.308132005355688, 7.858163696943933 ], [ -76.308138248567644, 7.858227109650705 ], [ -76.308093656210048, 7.85827774777897 ], [ -76.308074539814228, 7.858296729292796 ], [ -76.307979040011247, 7.858372628264283 ], [ -76.307966284112823, 7.858391627413627 ], [ -76.307908828026811, 7.85851831558453 ], [ -76.307902476648536, 7.858518306910288 ], [ -76.307876812039595, 7.858645059868138 ], [ -76.307876794281256, 7.858651393280757 ], [ -76.307978340041075, 7.858753018592271 ], [ -76.307984681891838, 7.858759369645581 ], [ -76.308105396855098, 7.858803971781992 ], [ -76.30811174776791, 7.858810322760854 ], [ -76.308206970387687, 7.858886571672022 ], [ -76.308226014074947, 7.858905624671263 ], [ -76.308264031101089, 7.858975432805465 ], [ -76.308213105121624, 7.859007045188742 ], [ -76.308130505232484, 7.858981532827401 ], [ -76.308111433788113, 7.858981497021485 ], [ -76.308066922293222, 7.85898141597046 ], [ -76.307984366945107, 7.858930543935259 ], [ -76.307927181279766, 7.858911419283362 ], [ -76.30785730103284, 7.858879591693762 ], [ -76.307831886829945, 7.85887320482492 ], [ -76.30773653968032, 7.858860350047213 ], [ -76.307717469140044, 7.858860314213886 ], [ -76.307591041716464, 7.858860087178852 ], [ -76.307455718776907, 7.858982306060657 ], [ -76.307242760277916, 7.859177605235462 ], [ -76.307029860225782, 7.85934028708898 ], [ -76.306800696513008, 7.859454018188635 ], [ -76.306707381317537, 7.859481747054985 ], [ -76.306637067909321, 7.859502639779149 ], [ -76.306489944809627, 7.859469756309605 ], [ -76.306340286509396, 7.859347197755961 ], [ -76.306310324209065, 7.859322659894666 ], [ -76.306228705301677, 7.859240972857007 ], [ -76.306147088245496, 7.859159286679033 ], [ -76.305999902844391, 7.85915901581001 ], [ -76.305921923535209, 7.85921263805448 ], [ -76.305787034172397, 7.859305392154221 ], [ -76.305680789364771, 7.859424135560871 ], [ -76.305655932964726, 7.859451917711686 ], [ -76.305475769779633, 7.85959835172558 ], [ -76.305343394236729, 7.859622101017004 ], [ -76.305303024084296, 7.859629343998738 ], [ -76.305295818610176, 7.859630635779503 ], [ -76.30529232631045, 7.85962932434703 ], [ -76.305190552111597, 7.859591051867881 ], [ -76.305165079042027, 7.859581474263234 ], [ -76.305001752229529, 7.859467022002777 ], [ -76.304995200529163, 7.859454993360968 ], [ -76.304903961145556, 7.859287462184902 ], [ -76.304883730245166, 7.859285182124308 ], [ -76.304756806753971, 7.859270883102596 ], [ -76.304684734044798, 7.859318605131103 ], [ -76.304609442700823, 7.859368455762531 ], [ -76.304598430736604, 7.859476249999457 ], [ -76.304588231890335, 7.859488550572144 ], [ -76.304505371761621, 7.859602520113295 ], [ -76.304359125855612, 7.859608583661037 ], [ -76.304314820901226, 7.859500731608883 ], [ -76.304314865656593, 7.85947537278136 ], [ -76.304238797326121, 7.859354774413235 ], [ -76.30422612233707, 7.859335728851923 ], [ -76.304207257259534, 7.859221580808875 ], [ -76.304207400613919, 7.859145502439183 ], [ -76.30420751664073, 7.859082108040876 ], [ -76.304207615765662, 7.859025047070792 ], [ -76.304207768729, 7.858942627198548 ], [ -76.304214344749198, 7.858828522813305 ], [ -76.304220750057766, 7.85880318077038 ], [ -76.30422084829074, 7.858746119807579 ], [ -76.304106448088604, 7.858726886582294 ], [ -76.304036513543082, 7.858726762173091 ], [ -76.303966570824556, 7.858726636009544 ], [ -76.303896637089522, 7.858726500728909 ], [ -76.303853878358595, 7.858719861616197 ], [ -76.303814009836898, 7.85871367316678 ], [ -76.303775858655314, 7.858713601214637 ], [ -76.303693096976943, 7.858776851964469 ], [ -76.303677153605591, 7.858819002180492 ], [ -76.303710770098547, 7.858942812426948 ], [ -76.30371430559758, 7.858971444356173 ], [ -76.303726883133407, 7.859073299718398 ], [ -76.303726460584571, 7.859301601731379 ], [ -76.303671305656295, 7.859533417182148 ], [ -76.3036605316356, 7.859578706017827 ], [ -76.303627553323565, 7.859725411158387 ], [ -76.303627265922188, 7.859879898929177 ], [ -76.303627250520123, 7.859888482883661 ], [ -76.303757566984345, 7.860165947823782 ], [ -76.303986219311284, 7.860329442326509 ], [ -76.304255628285574, 7.86044064025432 ], [ -76.304264021222792, 7.860444105820177 ], [ -76.304273260968159, 7.860454507852382 ], [ -76.304289242921044, 7.86047250463607 ], [ -76.304394580056154, 7.860591111587212 ], [ -76.304404825967026, 7.860611638961307 ], [ -76.304476046610688, 7.860754335271126 ], [ -76.304475594534765, 7.860998943987985 ], [ -76.304467415609111, 7.861047329342976 ], [ -76.304425990364052, 7.861292385391765 ], [ -76.304468971998759, 7.861414537871743 ], [ -76.304523600280547, 7.861569789227644 ], [ -76.304752130748341, 7.861798512211315 ], [ -76.304953308170624, 7.86189927763683 ], [ -76.304980875259531, 7.86191308498987 ], [ -76.305226062312499, 7.861978765361525 ], [ -76.305520400513728, 7.861995612768177 ], [ -76.305550573899367, 7.862003193642949 ], [ -76.305847328192172, 7.862077750428964 ], [ -76.306009234078658, 7.862172325981728 ], [ -76.30604336332344, 7.862192262135097 ], [ -76.306170025359179, 7.86223989123058 ], [ -76.306304844380136, 7.862290587403173 ], [ -76.306435464953623, 7.862404977370518 ], [ -76.30658222759935, 7.862633549880576 ], [ -76.306659389213721, 7.862703053230613 ], [ -76.306745495803185, 7.862780616321924 ], [ -76.306788021575443, 7.862837372804661 ], [ -76.306843378626084, 7.86291125357427 ], [ -76.306843267068544, 7.862972387302285 ], [ -76.306843199292089, 7.863009098263426 ], [ -76.306695953142665, 7.86304144280123 ], [ -76.306548889064757, 7.862975942557754 ], [ -76.306426435729975, 7.862822736980809 ], [ -76.306317453267994, 7.862768146666046 ], [ -76.306260490963425, 7.862735555888875 ], [ -76.306195381290593, 7.862702938957759 ], [ -76.306048829567629, 7.862662055622184 ], [ -76.305926641105415, 7.862661832191604 ], [ -76.30591034564695, 7.862661805197636 ], [ -76.305763776738658, 7.862629043120881 ], [ -76.305657891843225, 7.862620725302222 ], [ -76.305592737988391, 7.862612486780634 ], [ -76.3054542711441, 7.862604105785401 ], [ -76.305389098275441, 7.862603988622926 ], [ -76.305322456663575, 7.862603866758858 ], [ -76.305208621933161, 7.862565797110646 ], [ -76.305094296211337, 7.862484050568586 ], [ -76.305003647070407, 7.862453735139013 ], [ -76.304947201213949, 7.86243485826815 ], [ -76.304685931132155, 7.862222381169039 ], [ -76.304649172866974, 7.86218383974463 ], [ -76.304575351153545, 7.862139488218516 ], [ -76.304461489247501, 7.862041805136903 ], [ -76.304412675259115, 7.862009223919322 ], [ -76.304323201789188, 7.861935948264934 ], [ -76.304225618283141, 7.861846421659543 ], [ -76.304201219895646, 7.861822006094467 ], [ -76.304095489139542, 7.86173246228114 ], [ -76.304014280886761, 7.861594220053849 ], [ -76.303998111408987, 7.861529209286663 ], [ -76.303998263692677, 7.861447982887629 ], [ -76.304006681042779, 7.861301781902444 ], [ -76.304045686166475, 7.861247533354789 ], [ -76.304088346910305, 7.861188217394857 ], [ -76.304112807704513, 7.861180132117272 ], [ -76.304153744376706, 7.861066487168218 ], [ -76.304145839138954, 7.860936509062409 ], [ -76.304145857285278, 7.86092838856889 ], [ -76.304040152190183, 7.860822593798718 ], [ -76.303915339150677, 7.860829684807995 ], [ -76.303886977847853, 7.86093263128128 ], [ -76.303830588586479, 7.861044571079717 ], [ -76.303822414095876, 7.861060800252991 ], [ -76.303804907245294, 7.861095554388448 ], [ -76.303690278688038, 7.861176878891116 ], [ -76.303678167164364, 7.861167785991667 ], [ -76.303624954135159, 7.861127837148036 ], [ -76.30362523188353, 7.860977990564818 ], [ -76.303625255817849, 7.860964763630312 ], [ -76.30364194313691, 7.860785414369703 ], [ -76.303642213603467, 7.860638647761228 ], [ -76.303606716021136, 7.860531798688424 ], [ -76.303593424751526, 7.860491793027191 ], [ -76.303462745581868, 7.860410016297467 ], [ -76.303435645371835, 7.860423465400605 ], [ -76.303428271955866, 7.860427123754173 ], [ -76.303331794897318, 7.860475002554212 ], [ -76.303249752603151, 7.860621617811185 ], [ -76.303200328750364, 7.860817215259559 ], [ -76.303147964268348, 7.860934120428304 ], [ -76.303094908793412, 7.860983311692343 ], [ -76.303005095364895, 7.861096867953257 ], [ -76.302909769673363, 7.861199457050499 ], [ -76.302903266818959, 7.861213171364227 ], [ -76.302761249142222, 7.861512662755629 ], [ -76.302747641180218, 7.861527307550786 ], [ -76.302610872386722, 7.861605927707238 ], [ -76.302524079306707, 7.861655819967571 ], [ -76.302290343337191, 7.861790181030766 ], [ -76.302213848745495, 7.861836924031222 ], [ -76.30209611640872, 7.861908870343037 ], [ -76.30205863597773, 7.861931773676464 ], [ -76.301851707720843, 7.862058225195184 ], [ -76.301583464300393, 7.862358018776362 ], [ -76.301581522594958, 7.862360188826806 ], [ -76.301323848697706, 7.862416786758293 ], [ -76.301278073073291, 7.862426841151315 ], [ -76.300814109289917, 7.862487654867754 ], [ -76.300772406252293, 7.862493120077041 ], [ -76.300300128576595, 7.862727494579467 ], [ -76.29985889380194, 7.862803171400762 ], [ -76.299854379795477, 7.862803164441574 ], [ -76.299717835742669, 7.862802912080757 ], [ -76.299581283517526, 7.862802659739469 ], [ -76.299444740348292, 7.862802409089138 ], [ -76.299270969554186, 7.862789706800357 ], [ -76.299154521062789, 7.862789491373738 ], [ -76.299134426340117, 7.862789455143569 ], [ -76.298997873148892, 7.86278920442397 ], [ -76.298836499082427, 7.862788897657565 ], [ -76.298687424142074, 7.862850513767597 ], [ -76.298761670272299, 7.862974436364498 ], [ -76.298898178338064, 7.862999445290217 ], [ -76.298966455096192, 7.863054120387027 ], [ -76.29898509186205, 7.863061128419792 ], [ -76.29922088727929, 7.863128779048099 ], [ -76.299238243716289, 7.863136235317999 ], [ -76.299448370097309, 7.863226493701783 ], [ -76.299456618741189, 7.863230036383746 ], [ -76.299459657208715, 7.86324533081866 ], [ -76.299490009069572, 7.863398132670909 ], [ -76.299372450031072, 7.863495451171351 ], [ -76.299287477622514, 7.863565792349536 ], [ -76.298781935308554, 7.86356485488708 ], [ -76.298518420836274, 7.863518653592999 ], [ -76.298007020316646, 7.863428988865372 ], [ -76.297649560910429, 7.863386382259022 ], [ -76.29743419702352, 7.863360713446462 ], [ -76.296995995959065, 7.863393504970902 ], [ -76.296935446363833, 7.863387353858603 ], [ -76.296659031365053, 7.863359272399531 ], [ -76.296543577734383, 7.863379981946807 ], [ -76.296288173653039, 7.863425796394938 ], [ -76.296039296892758, 7.863487345807163 ], [ -76.29574867615537, 7.863559219077661 ], [ -76.295687468920434, 7.863604816669107 ], [ -76.295478677276307, 7.863760358169126 ], [ -76.295478172074866, 7.864029211414645 ], [ -76.295416874726769, 7.864114446898848 ], [ -76.295420296121421, 7.864119392738166 ], [ -76.295484363572797, 7.864211021116561 ], [ -76.295506956867555, 7.864243334326215 ], [ -76.295444632075089, 7.864379373879658 ], [ -76.295221256310839, 7.86434182490828 ], [ -76.295180535587576, 7.864273857550265 ], [ -76.295109882776188, 7.864155946381455 ], [ -76.294998331251847, 7.864069096231522 ], [ -76.294824309319239, 7.864192552261096 ], [ -76.294730381120175, 7.864239155780191 ], [ -76.29467520733391, 7.864266546089909 ], [ -76.294538609350397, 7.864291043326045 ], [ -76.294433299032193, 7.864238294397486 ], [ -76.294414587372557, 7.864228925058388 ], [ -76.294414848350016, 7.86409276672387 ], [ -76.294501948039226, 7.863981520018933 ], [ -76.294613923209752, 7.86384556940606 ], [ -76.294750521043298, 7.863821072207138 ], [ -76.294775673782681, 7.863647822346024 ], [ -76.29462677833142, 7.863610407971971 ], [ -76.294428260149331, 7.863560524077053 ], [ -76.294241867715769, 7.863659204343775 ], [ -76.294142325660644, 7.863782803429559 ], [ -76.29410481215281, 7.863931267833928 ], [ -76.293968080403275, 7.864030037846048 ], [ -76.293781777703146, 7.864079202391818 ], [ -76.293657504551845, 7.864153242185132 ], [ -76.293545557113646, 7.864276813970759 ], [ -76.293545296768187, 7.864412970607279 ], [ -76.293582279770689, 7.864549200718366 ], [ -76.293644021019134, 7.864722612263392 ], [ -76.293726899938136, 7.864842456102041 ], [ -76.293755438896312, 7.864883734016169 ], [ -76.293854425398223, 7.865057207156625 ], [ -76.29387899362284, 7.865193419025908 ], [ -76.29387880486189, 7.86529501804792 ], [ -76.293878741671705, 7.865329576452271 ], [ -76.2938784906449, 7.865465733870852 ], [ -76.293878229677503, 7.865601892270451 ], [ -76.293877978680243, 7.865738048784282 ], [ -76.293964612375717, 7.865874368550787 ], [ -76.29410112007929, 7.865899386909255 ], [ -76.294250123698902, 7.865874907793663 ], [ -76.294386864834777, 7.865776138306211 ], [ -76.294523408757243, 7.865776390211667 ], [ -76.294659961714288, 7.865776641097914 ], [ -76.294895797048795, 7.86578945988003 ], [ -76.295081973050188, 7.865802188943873 ], [ -76.2952184805727, 7.865827197885786 ], [ -76.295355025312887, 7.865827450409069 ], [ -76.295503992351584, 7.865827728148012 ], [ -76.295801962657762, 7.865803528020717 ], [ -76.295938507297137, 7.865803778549845 ], [ -76.296062780217909, 7.865729748889105 ], [ -76.296162278226973, 7.865630906700334 ], [ -76.296336137680157, 7.865594094330205 ], [ -76.296468124160555, 7.865568029861782 ], [ -76.296609238504757, 7.865557468570943 ], [ -76.296789757672627, 7.865543961159267 ], [ -76.297160805535455, 7.865376616976762 ], [ -76.297396789347715, 7.86534344833969 ], [ -76.29742676859604, 7.865353474276186 ], [ -76.297497835779097, 7.865377242418288 ], [ -76.297497647199179, 7.865478062289444 ], [ -76.29735402052691, 7.865620744720842 ], [ -76.297295051615478, 7.865679327763687 ], [ -76.296890302194655, 7.865846610028896 ], [ -76.296789617014383, 7.865899211127857 ], [ -76.296695364607331, 7.866003240590042 ], [ -76.296570947815326, 7.866151544210362 ], [ -76.296570696882526, 7.866287702173032 ], [ -76.296533173669147, 7.866436174731964 ], [ -76.296470858319452, 7.866572216159123 ], [ -76.296458165208108, 7.866720733868434 ], [ -76.296457913409427, 7.866856891850484 ], [ -76.296457886248945, 7.86686927144294 ], [ -76.296581908324967, 7.86693138865464 ], [ -76.296594321615657, 7.866931415746968 ], [ -76.296667598060495, 7.866924238910125 ], [ -76.296718478590918, 7.866919261911404 ], [ -76.296768021190459, 7.866981246324576 ], [ -76.296767877284836, 7.867055519189446 ], [ -76.296668388325202, 7.867154359719875 ], [ -76.296667166992989, 7.867154594286437 ], [ -76.296544204955467, 7.867178884120024 ], [ -76.296519375711341, 7.867178838993636 ], [ -76.296457077534882, 7.867302500948648 ], [ -76.296443117890192, 7.867339412737635 ], [ -76.296419653930101, 7.867401459763678 ], [ -76.296394780238813, 7.86742616290197 ], [ -76.296258137334817, 7.867475427421142 ], [ -76.296096852561504, 7.86742561564887 ], [ -76.295997723886501, 7.867326405725019 ], [ -76.295948136919165, 7.867289179406284 ], [ -76.295911109124503, 7.867177707245178 ], [ -76.295898954105709, 7.867041522933487 ], [ -76.295898999402951, 7.867016764709704 ], [ -76.295899170093122, 7.866925801716836 ], [ -76.295899206062487, 7.866905364877162 ], [ -76.295899394537912, 7.866806334634695 ], [ -76.295837419814774, 7.866756712413021 ], [ -76.295701028931134, 7.866669808666128 ], [ -76.295564503010738, 7.866657178637475 ], [ -76.295470745681769, 7.866656999322053 ], [ -76.295415534770584, 7.866656900146453 ], [ -76.295266620920202, 7.866631864194901 ], [ -76.29519268951978, 7.866609028916641 ], [ -76.295105338295002, 7.86658205274386 ], [ -76.295026259361151, 7.866587972076371 ], [ -76.294943937651837, 7.866594125576447 ], [ -76.294819575336376, 7.866717679708759 ], [ -76.294695320065642, 7.866779341412208 ], [ -76.294558821149096, 7.8667543224078 ], [ -76.294516150767578, 7.866746507403631 ], [ -76.294397600274479, 7.866667383716662 ], [ -76.294248641825021, 7.866667104733099 ], [ -76.294112089354655, 7.866666844791907 ], [ -76.294057453100024, 7.866676644810561 ], [ -76.293975563268205, 7.866654214224476 ], [ -76.293938067138598, 7.866790300086902 ], [ -76.293975032601978, 7.866938907754895 ], [ -76.294036819265685, 7.867087561652879 ], [ -76.294048226888393, 7.867215347112859 ], [ -76.294048972798947, 7.867223746276648 ], [ -76.2940487211781, 7.86735990366971 ], [ -76.294110507981458, 7.867508556614246 ], [ -76.294209637359515, 7.867607767145301 ], [ -76.29425903453847, 7.867744014187504 ], [ -76.294258774902701, 7.867880171613708 ], [ -76.294233694096292, 7.868016284637083 ], [ -76.294196198194314, 7.868152379565308 ], [ -76.294186604057117, 7.868255488066247 ], [ -76.29418353157466, 7.868288509801186 ], [ -76.29418327108894, 7.868424668145285 ], [ -76.294183019753063, 7.868560835451713 ], [ -76.294219885858467, 7.868758948743309 ], [ -76.294219634508408, 7.868895107008909 ], [ -76.294219374109417, 7.869031264441619 ], [ -76.2942190239323, 7.869216936585427 ], [ -76.29421877264393, 7.86935309484879 ], [ -76.294230926608648, 7.869489279403164 ], [ -76.294354830814285, 7.869613292322318 ], [ -76.294422905900817, 7.869660992007827 ], [ -76.294475214891719, 7.869755287579718 ], [ -76.294548059255177, 7.869886622281108 ], [ -76.2946209118236, 7.870017955982619 ], [ -76.294693793330083, 7.870134719101724 ], [ -76.294703306116887, 7.870166573096573 ], [ -76.294737378641571, 7.870280569422593 ], [ -76.294737099525051, 7.870426348021208 ], [ -76.294736831294614, 7.870572125630193 ], [ -76.29473655215584, 7.870717896096521 ], [ -76.294707042721868, 7.8708636207776 ], [ -76.294531332320503, 7.871009067218512 ], [ -76.294472608533013, 7.871140157607846 ], [ -76.294355405778319, 7.871271142098785 ], [ -76.294282067548693, 7.871402197397394 ], [ -76.294223335509827, 7.871533287869113 ], [ -76.294164559363665, 7.87169352929159 ], [ -76.29412042458577, 7.871839227152027 ], [ -76.294032407953509, 7.87199941474113 ], [ -76.293929802112487, 7.872144995799655 ], [ -76.293900284317061, 7.872290719734668 ], [ -76.293899987202678, 7.872451069820915 ], [ -76.293855880246824, 7.87258218813267 ], [ -76.293855602053171, 7.872727965935008 ], [ -76.293782235667976, 7.872873600898102 ], [ -76.293745889884661, 7.872931335835275 ], [ -76.293708916049923, 7.872990085794698 ], [ -76.293664808132746, 7.873121204139043 ], [ -76.293591496605416, 7.873237688077955 ], [ -76.293547389565347, 7.873368807331042 ], [ -76.293590949253627, 7.873529237355639 ], [ -76.293736979251108, 7.873616975066017 ], [ -76.293897714657703, 7.87366101077308 ], [ -76.294014505076717, 7.873748695424692 ], [ -76.294131294633118, 7.873836380030177 ], [ -76.294277467811867, 7.873851228559738 ], [ -76.294421045541569, 7.873815726959489 ], [ -76.294452981269842, 7.873807821616139 ], [ -76.294584754833679, 7.873706024625322 ], [ -76.294613716727426, 7.873851857889281 ], [ -76.294584206566981, 7.873997581756844 ], [ -76.29448164651096, 7.874114003985408 ], [ -76.294408326159171, 7.874230489015466 ], [ -76.294378815948889, 7.874376212907117 ], [ -76.294378547273126, 7.874521992359885 ], [ -76.294261450833787, 7.874594657117775 ], [ -76.294138130802693, 7.874539734281795 ], [ -76.294129982685305, 7.874536104044454 ], [ -76.29405721063128, 7.874361031805984 ], [ -76.293998982155401, 7.874229725125344 ], [ -76.293882155533282, 7.874156620176127 ], [ -76.293750749659608, 7.874068908579867 ], [ -76.293663244710828, 7.87395212763138 ], [ -76.293531785805357, 7.873893566047893 ], [ -76.293414637091246, 7.873995389716761 ], [ -76.2934143580556, 7.874141169388817 ], [ -76.293414089000109, 7.874286948078333 ], [ -76.293516092307286, 7.874462065401256 ], [ -76.2935597062894, 7.87459334524638 ], [ -76.293559435538342, 7.874739123926728 ], [ -76.293676226315299, 7.874826807670198 ], [ -76.29379293529604, 7.874958222881109 ], [ -76.293834159310293, 7.875096159257711 ], [ -76.293836520703636, 7.875104082231092 ], [ -76.293836242875471, 7.875249860925779 ], [ -76.293782182107762, 7.875233574433687 ], [ -76.293690132105667, 7.875205852301161 ], [ -76.293661170225207, 7.875060019789728 ], [ -76.293485755859749, 7.87504511741054 ], [ -76.293339591210056, 7.875030267791667 ], [ -76.293193416512068, 7.875015409161529 ], [ -76.293149310271801, 7.875146527582394 ], [ -76.293149041268833, 7.875292306304526 ], [ -76.293148762249132, 7.875438076070053 ], [ -76.293148493281066, 7.875583853887237 ], [ -76.293133598990508, 7.87572960574307 ], [ -76.293221095357481, 7.875846386772499 ], [ -76.293352509161352, 7.875934099189903 ], [ -76.293454630153491, 7.876050915115967 ], [ -76.293542125781883, 7.876167696018753 ], [ -76.293556471557608, 7.876313501605443 ], [ -76.293556192835894, 7.876459272210143 ], [ -76.293555924158724, 7.876605049963047 ], [ -76.293555644637308, 7.876750828704104 ], [ -76.293555375937842, 7.876896598324711 ], [ -76.293525856548683, 7.8770423233168 ], [ -76.293437921151849, 7.877158780667598 ], [ -76.293393814146256, 7.877289899172204 ], [ -76.293525282405966, 7.877348451258019 ], [ -76.293657029245324, 7.877261233605483 ], [ -76.293788766959423, 7.877174016005148 ], [ -76.293934968334668, 7.877174286403355 ], [ -76.294081105876074, 7.877203714171703 ], [ -76.29422722558229, 7.877247723188746 ], [ -76.294373425999851, 7.877247991623022 ], [ -76.294548912028603, 7.877219166350214 ], [ -76.294680604619629, 7.877161097675008 ], [ -76.294797728373666, 7.877073853877862 ], [ -76.294914877143114, 7.876972029615665 ], [ -76.294929770646362, 7.87682627794276 ], [ -76.294915425293496, 7.876680481639193 ], [ -76.294901078994201, 7.87653467630308 ], [ -76.294857492900704, 7.876388817288319 ], [ -76.294846911026909, 7.876381755862154 ], [ -76.294847035587452, 7.876318594853128 ], [ -76.294803639309066, 7.876187900029533 ], [ -76.294802875096494, 7.876186362908092 ], [ -76.294799390102824, 7.876184621320491 ], [ -76.294682599610354, 7.87609693633667 ], [ -76.294536461614996, 7.876067506834739 ], [ -76.294390287645072, 7.876052657818892 ], [ -76.29436132626995, 7.875906826382797 ], [ -76.294361334622607, 7.875899406085199 ], [ -76.294361595728688, 7.875761055962234 ], [ -76.294478691405445, 7.875688382024292 ], [ -76.294624946067259, 7.875659502294792 ], [ -76.294756630079547, 7.875601433864373 ], [ -76.294829950398011, 7.875484949623499 ], [ -76.294990875056001, 7.87542694569039 ], [ -76.295035036260245, 7.875266668165255 ], [ -76.295108401283855, 7.875121033010046 ], [ -76.295196372747341, 7.874989996030759 ], [ -76.295211258275117, 7.874844252601288 ], [ -76.295196939119961, 7.874683867721153 ], [ -76.295138710269484, 7.874552562271522 ], [ -76.295130364982029, 7.874543021278551 ], [ -76.295036589574636, 7.874435754020686 ], [ -76.294919826632054, 7.874333489350595 ], [ -76.294788330670883, 7.874289507930591 ], [ -76.294773984909199, 7.874143710654634 ], [ -76.294876509705077, 7.874041859883794 ], [ -76.29498862920039, 7.873980019866146 ], [ -76.295008230141178, 7.873969213761423 ], [ -76.295154422050601, 7.873969483358411 ], [ -76.295300675997737, 7.873940601852557 ], [ -76.295373987870036, 7.873824117756473 ], [ -76.295505681256657, 7.873766060131516 ], [ -76.295608205672565, 7.873664200257936 ], [ -76.295608447623991, 7.87353443795404 ], [ -76.29568210135271, 7.873446637345426 ], [ -76.295856886240614, 7.873381642670394 ], [ -76.295987923613851, 7.873360147349695 ], [ -76.296097068740522, 7.87336035305734 ], [ -76.296250186719362, 7.873208250555293 ], [ -76.296337710257149, 7.873099580811012 ], [ -76.296425267839055, 7.872990867432012 ], [ -76.296512827397464, 7.8728604228207 ], [ -76.296556871735362, 7.872664599276578 ], [ -76.296600799385118, 7.872534074205419 ], [ -76.296688357858997, 7.872403620590402 ], [ -76.296710528146122, 7.872229499801746 ], [ -76.296754455547529, 7.872077191139359 ], [ -76.296863637408322, 7.872077397396972 ], [ -76.296885116181514, 7.872251599396057 ], [ -76.296863025622613, 7.872403953092648 ], [ -76.2968408199511, 7.872599812582294 ], [ -76.296753261297596, 7.87270848171091 ], [ -76.296753010037364, 7.872839096824785 ], [ -76.29670908177188, 7.872991406426419 ], [ -76.296643361039514, 7.873100155830169 ], [ -76.296555927910788, 7.873165274827452 ], [ -76.296424693010295, 7.873295648382039 ], [ -76.296337215683636, 7.873360802946691 ], [ -76.296271450134512, 7.87351303141106 ], [ -76.296162214643346, 7.873556374753114 ], [ -76.295987510236529, 7.873577826973279 ], [ -76.295878230395942, 7.873642945204698 ], [ -76.295790715577638, 7.873729839375571 ], [ -76.295681445342311, 7.873794922272715 ], [ -76.295572165384769, 7.873860041370304 ], [ -76.295484641567043, 7.87396871923046 ], [ -76.295440759724869, 7.874077478450597 ], [ -76.295440750651082, 7.874081485425147 ], [ -76.29527102329989, 7.874159216305476 ], [ -76.295270753921216, 7.874304985700477 ], [ -76.295270474668754, 7.874450764207276 ], [ -76.29527020630961, 7.874596542627816 ], [ -76.295372353105378, 7.874698771226893 ], [ -76.295489143148131, 7.874786456124877 ], [ -76.295591290105946, 7.874888692758971 ], [ -76.295626477129687, 7.874945061891114 ], [ -76.295664171360002, 7.875005447105146 ], [ -76.295634633901869, 7.875165752289677 ], [ -76.295532100145678, 7.875267603350922 ], [ -76.295458753122944, 7.875398658140877 ], [ -76.295458484054066, 7.875544435632764 ], [ -76.295458214114475, 7.875690214937848 ], [ -76.295457935970177, 7.875835985272167 ], [ -76.295340812744101, 7.875923238091732 ], [ -76.295223718103699, 7.875995903194347 ], [ -76.295267331094053, 7.87612718167535 ], [ -76.295208607542492, 7.876258274150836 ], [ -76.295120671925744, 7.876374730700184 ], [ -76.295120402837583, 7.876518785312125 ], [ -76.295120393833571, 7.876520510113505 ], [ -76.295163979969487, 7.876666360022161 ], [ -76.295238504142432, 7.876740947180276 ], [ -76.295280725111809, 7.876783203813184 ], [ -76.295283706879289, 7.876786618068158 ], [ -76.295382844889062, 7.876900011741539 ], [ -76.295499607969063, 7.877002275934587 ], [ -76.295533241017495, 7.87703593579054 ], [ -76.295601755713534, 7.87710451413825 ], [ -76.295674582014229, 7.877250418394795 ], [ -76.295674304236258, 7.877396196820106 ], [ -76.295630205288447, 7.877527315221928 ], [ -76.295498459045746, 7.877614531552824 ], [ -76.295395933947376, 7.877716382762471 ], [ -76.295249625059952, 7.877774423054835 ], [ -76.295088719400852, 7.877817856973343 ], [ -76.294942446325209, 7.877861316653493 ], [ -76.294928945383788, 7.877861290070586 ], [ -76.294796245695196, 7.877861038569846 ], [ -76.294650045108526, 7.877860768565707 ], [ -76.294503852669422, 7.877860500253037 ], [ -76.294357651969221, 7.877860221112279 ], [ -76.294269715894004, 7.877976678616717 ], [ -76.294401211384539, 7.878020659749231 ], [ -76.29453267994306, 7.878079213169398 ], [ -76.294634800119809, 7.878196029360692 ], [ -76.294678414381991, 7.878327308769478 ], [ -76.294795123201027, 7.878458724063923 ], [ -76.294911948690441, 7.878531829105336 ], [ -76.295072738069095, 7.878546705314634 ], [ -76.295218929840317, 7.878546983273265 ], [ -76.295262804293998, 7.878547064439672 ], [ -76.295350452299971, 7.878576376303601 ], [ -76.295496626255741, 7.878591233643141 ], [ -76.295657441527311, 7.87859153096841 ], [ -76.295803643124728, 7.878591799603182 ], [ -76.295949843880905, 7.878592079034844 ], [ -76.296096036375928, 7.87859234763846 ], [ -76.296212861997901, 7.878665453109258 ], [ -76.29632965177791, 7.878753138143204 ], [ -76.296475853342272, 7.878753407422534 ], [ -76.29653224905698, 7.878727976105732 ], [ -76.29663680357676, 7.87868082291277 ], [ -76.296783057836308, 7.878651942065977 ], [ -76.296929259306665, 7.878652212104647 ], [ -76.297064823843002, 7.878598438867844 ], [ -76.297075567980883, 7.878594172098857 ], [ -76.297148969000844, 7.878433957048807 ], [ -76.297236986312456, 7.878273769666829 ], [ -76.297383177610499, 7.8782740387765 ], [ -76.297514870635538, 7.878215971939055 ], [ -76.297631992771443, 7.878128728384518 ], [ -76.297792944162879, 7.878056134562362 ], [ -76.297939198885416, 7.878027254330336 ], [ -76.298085390901164, 7.878027523222792 ], [ -76.298231591963329, 7.878027792896069 ], [ -76.298377793068852, 7.878028070648866 ], [ -76.298524019930881, 7.878013760716375 ], [ -76.298670238679122, 7.877999459835253 ], [ -76.298743559578895, 7.877882976086044 ], [ -76.298889868408523, 7.877824934749041 ], [ -76.299035924684631, 7.877898093640681 ], [ -76.299086338614629, 7.877942946759621 ], [ -76.299167286284515, 7.878014956126822 ], [ -76.299269433099809, 7.878117192968949 ], [ -76.299415472699579, 7.878204922945297 ], [ -76.299517619616879, 7.8783071596815 ], [ -76.299371418649457, 7.878306891402524 ], [ -76.299225217646665, 7.87830662126551 ], [ -76.29910840102437, 7.878233515838242 ], [ -76.298947612264271, 7.878218640287978 ], [ -76.298801356790463, 7.878247520878776 ], [ -76.298655128921737, 7.87826182191119 ], [ -76.298538033915392, 7.878334496106389 ], [ -76.298406376936498, 7.878377982735817 ], [ -76.298245533620118, 7.878392265963821 ], [ -76.298113840682703, 7.878450324881344 ], [ -76.298011315528939, 7.878552184687795 ], [ -76.297865088328521, 7.878566486395302 ], [ -76.297718832509759, 7.878595366688368 ], [ -76.297601738059782, 7.878668039816044 ], [ -76.297440814086229, 7.878726053238172 ], [ -76.297294612599416, 7.878725775258646 ], [ -76.297177463532122, 7.878827608282209 ], [ -76.297031137019246, 7.878900218777152 ], [ -76.296884936382313, 7.87889994880305 ], [ -76.296694798963301, 7.878943329020691 ], [ -76.296563051851564, 7.879030545782533 ], [ -76.296548158288346, 7.879176298207751 ], [ -76.296547888280102, 7.879322068308807 ], [ -76.296401742010062, 7.879292648173085 ], [ -76.296285004737612, 7.879175804153004 ], [ -76.296212124854407, 7.879059050286683 ], [ -76.296183154069197, 7.878913216698289 ], [ -76.296022446128575, 7.878854611380397 ], [ -76.295876254357907, 7.878854332844362 ], [ -76.295700732121006, 7.878897739444942 ], [ -76.295554531299842, 7.878897469907971 ], [ -76.295408331299328, 7.878897192181892 ], [ -76.295284524832539, 7.878896966746344 ], [ -76.295122144965418, 7.878965976227915 ], [ -76.295042509797128, 7.87907144738755 ], [ -76.295013000116612, 7.879217162311905 ], [ -76.294925001382097, 7.87936277918512 ], [ -76.294793533179899, 7.879304217943755 ], [ -76.294823131669943, 7.879114763344047 ], [ -76.294815648948926, 7.879038720846328 ], [ -76.29480878594093, 7.87896896706718 ], [ -76.294677119763421, 7.879012453731922 ], [ -76.294652487694648, 7.879018069298185 ], [ -76.294486983398258, 7.879055824915876 ], [ -76.294355325282751, 7.879099312343562 ], [ -76.29423822975501, 7.879171985731747 ], [ -76.294106536509105, 7.879230052744321 ], [ -76.293960345249857, 7.87922977539153 ], [ -76.293814144060363, 7.879229505293257 ], [ -76.293741263699786, 7.879112741686696 ], [ -76.293756158382152, 7.878966999797118 ], [ -76.293580806997042, 7.878922937086697 ], [ -76.293434605867986, 7.878922667714404 ], [ -76.293288404646447, 7.878922389256699 ], [ -76.2931421513685, 7.878951269908444 ], [ -76.292995878377099, 7.878994730953305 ], [ -76.292849515400064, 7.879081920867986 ], [ -76.292732384276917, 7.879169164563918 ], [ -76.292615289182422, 7.879241839421865 ], [ -76.292520695711985, 7.87931871736486 ], [ -76.292454229593815, 7.879372733017838 ], [ -76.292424710869071, 7.879518457238933 ], [ -76.292424442173115, 7.879664227007059 ], [ -76.292438788201792, 7.87981003272379 ], [ -76.292540925593244, 7.879912269968979 ], [ -76.292686991604171, 7.879985429354424 ], [ -76.292833048576014, 7.880058586931799 ], [ -76.292949847601093, 7.880146272063682 ], [ -76.293056648945523, 7.880135825339503 ], [ -76.293109074844196, 7.880153359587053 ], [ -76.29323009591711, 7.88026103239759 ], [ -76.293378083540972, 7.880355327571733 ], [ -76.293377806407406, 7.880503065035953 ], [ -76.293377526570168, 7.880650801617357 ], [ -76.293377248573719, 7.880798539087136 ], [ -76.293471337579632, 7.880906157080728 ], [ -76.293578921094934, 7.881000372423845 ], [ -76.293726855267963, 7.881121528047846 ], [ -76.293888335890429, 7.881202412136266 ], [ -76.29402283228093, 7.881310111280608 ], [ -76.294116867779607, 7.881444588813202 ], [ -76.294197410799129, 7.881592478850352 ], [ -76.294304965952506, 7.881700124227742 ], [ -76.294313751192121, 7.881744384029688 ], [ -76.294331645898225, 7.881834484868358 ], [ -76.294358307993491, 7.881982266743829 ], [ -76.294277261750764, 7.882102990770133 ], [ -76.294210148646783, 7.881981988194816 ], [ -76.294089091712721, 7.88188774640455 ], [ -76.293995082942203, 7.881739837647478 ], [ -76.293874008291013, 7.881659026029926 ], [ -76.293739387289477, 7.881618484906719 ], [ -76.293591380303042, 7.881537618573793 ], [ -76.293483870091293, 7.881403114073027 ], [ -76.29338986069078, 7.881255196919246 ], [ -76.293282305847157, 7.881147552062507 ], [ -76.293134272234397, 7.881080124861053 ], [ -76.292986103970307, 7.88107984581617 ], [ -76.292851510090472, 7.881025874825901 ], [ -76.292743953600905, 7.880918229761875 ], [ -76.292649891592106, 7.880797173024074 ], [ -76.292623257272609, 7.880635962184113 ], [ -76.292623400842103, 7.880559388805488 ], [ -76.292623534655277, 7.880488224610572 ], [ -76.292583380705381, 7.880353836758363 ], [ -76.292510939699739, 7.88028792696416 ], [ -76.292435473196477, 7.880219260044139 ], [ -76.292301030515688, 7.880084701126707 ], [ -76.292247401987581, 7.87995028723743 ], [ -76.292159932811373, 7.879902505395018 ], [ -76.292099385906781, 7.879869429118545 ], [ -76.291991436358771, 7.87997667037354 ], [ -76.291883368009763, 7.880137638663674 ], [ -76.291856148887447, 7.880285321667134 ], [ -76.291842404565159, 7.880433032434696 ], [ -76.291828661153559, 7.880580742294407 ], [ -76.291761026766693, 7.880728352811765 ], [ -76.291653066997242, 7.880835594181939 ], [ -76.291558555975584, 7.880956300915591 ], [ -76.291531336795913, 7.881103983962737 ], [ -76.2915310582015, 7.881251720795809 ], [ -76.291530752655632, 7.881412888015732 ], [ -76.291517008334779, 7.881560597925578 ], [ -76.29147632431777, 7.881708254060797 ], [ -76.291341423734096, 7.881815449843128 ], [ -76.29117963730701, 7.881895731938693 ], [ -76.291058230180582, 7.881989516080391 ], [ -76.290963717829044, 7.882110213826111 ], [ -76.290855705386846, 7.882244314188232 ], [ -76.290707338635158, 7.882351482968267 ], [ -76.290559171388551, 7.882351205041102 ], [ -76.29037054277866, 7.882377714329255 ], [ -76.290208881734927, 7.882390837938408 ], [ -76.29011436991992, 7.882511535622061 ], [ -76.289992810280921, 7.882685908314837 ], [ -76.289884849558746, 7.882793148713609 ], [ -76.289749896811841, 7.882927205090943 ], [ -76.289655384755704, 7.883047901869854 ], [ -76.289533878767855, 7.883195405612059 ], [ -76.28946629831907, 7.883316157225135 ], [ -76.289358240173271, 7.883477126411926 ], [ -76.289304108396195, 7.883611326304827 ], [ -76.289263395739937, 7.88377242026993 ], [ -76.28920912889879, 7.883973777683498 ], [ -76.289141432228647, 7.884161677657556 ], [ -76.289046856722763, 7.884309236293969 ], [ -76.288992724823942, 7.884443435324669 ], [ -76.288898132229335, 7.884604430640387 ], [ -76.288722825936247, 7.884711546283923 ], [ -76.288614866251962, 7.884818786683041 ], [ -76.288628053012644, 7.884966541855952 ], [ -76.288762548537107, 7.885074240945605 ], [ -76.288897171034222, 7.885114790633975 ], [ -76.289045338604808, 7.885115068752714 ], [ -76.289180113102802, 7.885075031392865 ], [ -76.289234245763524, 7.884940823290931 ], [ -76.289342250183665, 7.884806722929749 ], [ -76.289490444580167, 7.884793571426123 ], [ -76.289558025083053, 7.884672819720175 ], [ -76.289706265232681, 7.88463280921296 ], [ -76.289692511544843, 7.884780519426048 ], [ -76.28969223373349, 7.884928255596046 ], [ -76.289691955044773, 7.88507599267581 ], [ -76.289705071301555, 7.885264046030838 ], [ -76.289704791760556, 7.885411783113972 ], [ -76.289650660184847, 7.885545991229966 ], [ -76.289515813767366, 7.885626319047167 ], [ -76.289367645169676, 7.885626040274269 ], [ -76.289192482528406, 7.885652566654624 ], [ -76.289044314787304, 7.885652288667029 ], [ -76.288896156078067, 7.885652009652116 ], [ -76.288761381357574, 7.885692047911103 ], [ -76.288720688369395, 7.885839713421718 ], [ -76.288814750365162, 7.885960761091177 ], [ -76.288800924621526, 7.886148769836034 ], [ -76.288868037677915, 7.886269772729027 ], [ -76.289016232597987, 7.886256613042729 ], [ -76.289164554346598, 7.88617631213009 ], [ -76.289312722264512, 7.886176590901473 ], [ -76.289460935053654, 7.886150008866111 ], [ -76.28958231568086, 7.886069654973543 ], [ -76.289743986383854, 7.886056530947349 ], [ -76.289878580363919, 7.88611050243782 ], [ -76.289770638792916, 7.886204312819441 ], [ -76.289676046389815, 7.886365300210311 ], [ -76.289554620914714, 7.886472523039351 ], [ -76.289621734232128, 7.886593525697738 ], [ -76.289742790683519, 7.886687767729124 ], [ -76.289796411182152, 7.886822173820144 ], [ -76.289863505854072, 7.886956606728516 ], [ -76.289971008394105, 7.887091111190566 ], [ -76.290119175622138, 7.8870913904517 ], [ -76.290280836640221, 7.887078266139809 ], [ -76.290415719093915, 7.886984499345349 ], [ -76.29053707175359, 7.886917574655169 ], [ -76.290725646672499, 7.886917934291755 ], [ -76.29090075462527, 7.886918257945972 ], [ -76.291048922554552, 7.886918535991633 ], [ -76.291197091375466, 7.886918814880906 ], [ -76.291223770526244, 7.887053175975462 ], [ -76.29110239111148, 7.88713353032269 ], [ -76.290954232166612, 7.887133251352896 ], [ -76.290819476262357, 7.88715986006019 ], [ -76.290657715825034, 7.887226712431627 ], [ -76.290536336188538, 7.887307065776225 ], [ -76.290388014593304, 7.887387367229748 ], [ -76.290239820356589, 7.887400517605886 ], [ -76.29007815928793, 7.887413651891531 ], [ -76.289943412187455, 7.887440260304954 ], [ -76.289902717862617, 7.887587915894716 ], [ -76.289956346796004, 7.887722321827119 ], [ -76.290117909391398, 7.887762917209932 ], [ -76.290266050800597, 7.88777662490743 ], [ -76.290414219129403, 7.887776903052536 ], [ -76.290548866769171, 7.88780402320785 ], [ -76.290642947685939, 7.887911642439001 ], [ -76.290494762374962, 7.887924792907778 ], [ -76.290346593091868, 7.887924513916719 ], [ -76.290198424700421, 7.887924235769261 ], [ -76.290063669316922, 7.88795084435012 ], [ -76.289942289340104, 7.888031197654042 ], [ -76.289807648906276, 7.888004087197897 ], [ -76.289767511976848, 7.887856277736756 ], [ -76.289646517974717, 7.887735167741957 ], [ -76.28948502808899, 7.887654282789485 ], [ -76.289310001322818, 7.88761366109576 ], [ -76.289161831992061, 7.887613383444926 ], [ -76.289013511713151, 7.88769369177649 ], [ -76.288892103588836, 7.887787476158391 ], [ -76.288757258186351, 7.887867804068921 ], [ -76.288676212141922, 7.887988528101497 ], [ -76.288660670926575, 7.888050000116626 ], [ -76.288653898160987, 7.888058650874055 ], [ -76.288623309725367, 7.888209684693566 ], [ -76.288592659538992, 7.888390946691583 ], [ -76.288516483169872, 7.888602329078847 ], [ -76.288440404097827, 7.888768392219125 ], [ -76.288334124914442, 7.88887396188831 ], [ -76.2881976618594, 7.888919029795412 ], [ -76.288151910092878, 7.889070037436383 ], [ -76.288151659038675, 7.889206023851814 ], [ -76.288151398043155, 7.889342011248368 ], [ -76.288151137893365, 7.889477988699479 ], [ -76.28815088599498, 7.889613976023439 ], [ -76.288135274395145, 7.889855695408824 ], [ -76.28811983199391, 7.890006763799612 ], [ -76.288104335897856, 7.890188044052813 ], [ -76.288104047747666, 7.890339141449166 ], [ -76.288118914735094, 7.890490265123476 ], [ -76.288133809021829, 7.890626278794024 ], [ -76.288118393914601, 7.890762229966705 ], [ -76.287966606071464, 7.890897929119701 ], [ -76.287860352760376, 7.8909883889383 ], [ -76.287723709933545, 7.891124116233745 ], [ -76.287602284875021, 7.891229649731379 ], [ -76.287541378700325, 7.891380630290487 ], [ -76.287541127757351, 7.891516616775847 ], [ -76.287540866873002, 7.891652604242339 ], [ -76.287601224891631, 7.891788698645055 ], [ -76.287661583036154, 7.891924802056285 ], [ -76.287737032763616, 7.892091142753859 ], [ -76.287797273788016, 7.892287677145221 ], [ -76.287918105791363, 7.892499437393375 ], [ -76.288039018822388, 7.89266587569761 ], [ -76.288038759090981, 7.892801854050099 ], [ -76.288023317001048, 7.892952924285964 ], [ -76.288023055555371, 7.893088910784146 ], [ -76.288144148520871, 7.893164684343162 ], [ -76.288256762408309, 7.893198604039376 ], [ -76.288340943299843, 7.893270819985815 ], [ -76.288477270566062, 7.893301299614532 ], [ -76.288583173953469, 7.893392155003254 ], [ -76.288582912686437, 7.893528133293327 ], [ -76.288582662374878, 7.893664119627971 ], [ -76.288582401215848, 7.89380010695094 ], [ -76.288551831332825, 7.893936030996919 ], [ -76.288536424920395, 7.894071991131469 ], [ -76.288536164635758, 7.894207969417163 ], [ -76.28855105878435, 7.894343982948802 ], [ -76.288687477068265, 7.894329134129288 ], [ -76.288793811404005, 7.894193353821317 ], [ -76.288884963177622, 7.894072647364349 ], [ -76.289006388289081, 7.893967113297395 ], [ -76.28917325002638, 7.893876769592887 ], [ -76.289232979112157, 7.89382591617142 ], [ -76.289279503392706, 7.893786309263899 ], [ -76.289325244541516, 7.893635301560931 ], [ -76.289416396970068, 7.893514595995347 ], [ -76.289552752341592, 7.893529966128044 ], [ -76.289689027036701, 7.893590656186348 ], [ -76.289840419915478, 7.893666492339133 ], [ -76.289946438555631, 7.893696909099872 ], [ -76.289961413621739, 7.893787594308878 ], [ -76.289915958848084, 7.893787513024472 ], [ -76.289809876726096, 7.893787306340628 ], [ -76.289779577163671, 7.893787252112038 ], [ -76.289643248896937, 7.893756773021684 ], [ -76.289506866351417, 7.893756521057171 ], [ -76.289415741111128, 7.893862117578879 ], [ -76.289404296934151, 7.893963098116003 ], [ -76.289400325855667, 7.89399806866537 ], [ -76.289333833145633, 7.894103710746269 ], [ -76.289324328624062, 7.894118803161458 ], [ -76.289172710884543, 7.894163844041919 ], [ -76.289036265555737, 7.894193802973203 ], [ -76.28897819879478, 7.894237056808269 ], [ -76.288899569177033, 7.894359749067023 ], [ -76.288899281934732, 7.89451084541764 ], [ -76.288899020986676, 7.89464683179038 ], [ -76.288898770030841, 7.894782818987435 ], [ -76.288989490568113, 7.894888748845278 ], [ -76.289140964583822, 7.894919255171848 ], [ -76.289277355787561, 7.894919516069047 ], [ -76.289413737833627, 7.894919767055245 ], [ -76.289580339951456, 7.8949654111496 ], [ -76.28971669490025, 7.894980781036437 ], [ -76.28985296925579, 7.895041470839065 ], [ -76.28997396262541, 7.895162572639345 ], [ -76.290064692596317, 7.895268511077552 ], [ -76.290201074730078, 7.895268771696501 ], [ -76.29032247420237, 7.895178339062667 ], [ -76.290383352971318, 7.89504246826173 ], [ -76.290519762100743, 7.895027618847112 ], [ -76.290541016077825, 7.895025302115446 ], [ -76.290656171209321, 7.895012770295271 ], [ -76.290628413106276, 7.89509528928329 ], [ -76.290610455949476, 7.895148667151722 ], [ -76.290504175598286, 7.895254227861371 ], [ -76.290352584993798, 7.895284169262178 ], [ -76.290231178190083, 7.895374592937297 ], [ -76.290215771589402, 7.895510552929021 ], [ -76.290079272737586, 7.895570732276123 ], [ -76.289942970960837, 7.895525141760903 ], [ -76.289837069398317, 7.895434287049967 ], [ -76.289700831088666, 7.895358487252012 ], [ -76.289579800560048, 7.895252493609455 ], [ -76.289428318291328, 7.895221987570148 ], [ -76.28929193516295, 7.895221726699069 ], [ -76.289155553001095, 7.895221475713799 ], [ -76.289019161681537, 7.89522121481753 ], [ -76.28888275321232, 7.895236072816464 ], [ -76.288746281234481, 7.895281141784085 ], [ -76.288594653911616, 7.895326182723948 ], [ -76.288564066010096, 7.895477216724515 ], [ -76.288563805995523, 7.89561320403351 ], [ -76.288578700400834, 7.895749218435531 ], [ -76.288639058044836, 7.895885313198856 ], [ -76.288714479658267, 7.896066772278201 ], [ -76.288714228826223, 7.896202758589242 ], [ -76.288713967981181, 7.896338736847278 ], [ -76.288698552799758, 7.896474697060987 ], [ -76.288622412093687, 7.896670978970298 ], [ -76.288500987236603, 7.896776513272259 ], [ -76.288409834975553, 7.896897210888109 ], [ -76.288409510808265, 7.897063417365709 ], [ -76.288409502087305, 7.897066435956402 ], [ -76.288454831178612, 7.897139054930769 ], [ -76.288530370790411, 7.897260066722467 ], [ -76.288621101209813, 7.897366006332421 ], [ -76.288742095326228, 7.897487108348182 ], [ -76.288832735364693, 7.897638375179962 ], [ -76.288846523595168, 7.897700790030851 ], [ -76.288938583315129, 7.897759449960884 ], [ -76.289074741181665, 7.897880578769659 ], [ -76.2891654619186, 7.897986517320682 ], [ -76.289165200620587, 7.898122503646976 ], [ -76.289301528687432, 7.898152984134277 ], [ -76.289437911795062, 7.898153234675673 ], [ -76.289559292328363, 7.898077920808637 ], [ -76.289589853368739, 7.897941987751415 ], [ -76.289590112803864, 7.897806009626195 ], [ -76.289575218642113, 7.897669996334328 ], [ -76.289530015596426, 7.897533928070844 ], [ -76.28953026687995, 7.897397940965499 ], [ -76.289500219262877, 7.897261899707753 ], [ -76.289409641579596, 7.897080413070481 ], [ -76.289334156022008, 7.89692917344563 ], [ -76.28933441658377, 7.896793195273776 ], [ -76.289334677092256, 7.896657208067039 ], [ -76.289334928558205, 7.896521220930975 ], [ -76.28933518917475, 7.896385242757125 ], [ -76.289380904807828, 7.896249336785257 ], [ -76.289502366343555, 7.896128693230781 ], [ -76.289654135685566, 7.89600810287501 ], [ -76.289790634788716, 7.89594792539048 ], [ -76.289927017111509, 7.895948176973118 ], [ -76.2901088626393, 7.895948517748623 ], [ -76.290245245904273, 7.89594877915748 ], [ -76.290411882780873, 7.895979311788884 ], [ -76.290593638800587, 7.896024983189252 ], [ -76.290820895009119, 7.896055623677324 ], [ -76.290957250218767, 7.896070993895028 ], [ -76.291138925922255, 7.89616199395557 ], [ -76.291320564641708, 7.896268103026081 ], [ -76.291472020962274, 7.896313709969347 ], [ -76.291608322089743, 7.896359299814804 ], [ -76.291699042752896, 7.896465237691627 ], [ -76.291789710220414, 7.896601387271292 ], [ -76.291834885797655, 7.896752573108976 ], [ -76.291940680745014, 7.896903857698361 ], [ -76.292076973028003, 7.896949448263412 ], [ -76.29221339055735, 7.896934589867846 ], [ -76.29238010966435, 7.896919795302576 ], [ -76.292516636167377, 7.896844507030817 ], [ -76.292516895623962, 7.896708520251252 ], [ -76.292532329303896, 7.896557458667491 ], [ -76.29252131600262, 7.896501997104234 ], [ -76.292502307992791, 7.896406308975301 ], [ -76.292502567513239, 7.896270322191556 ], [ -76.292502828864116, 7.896134335392868 ], [ -76.292503134312014, 7.895968127909262 ], [ -76.292503394869044, 7.89583215015042 ], [ -76.292518809713499, 7.895696190307896 ], [ -76.29261001609251, 7.895545264386174 ], [ -76.29264060329804, 7.895394230685571 ], [ -76.292640863815791, 7.895258243908039 ], [ -76.292641115362713, 7.895122266235426 ], [ -76.292641375909852, 7.894986278553164 ], [ -76.292717426971663, 7.894835325733713 ], [ -76.292808606165977, 7.894699509796832 ], [ -76.292914912636036, 7.894578838872751 ], [ -76.293066592591614, 7.894503568690703 ], [ -76.293108642986795, 7.894503650224359 ], [ -76.293202975896008, 7.894503830223021 ], [ -76.293339358190124, 7.89450408087679 ], [ -76.29350599508625, 7.894534615121514 ], [ -76.293642270231388, 7.894595305318806 ], [ -76.293823999262841, 7.894656085320261 ], [ -76.293960380689015, 7.894656344791477 ], [ -76.294096762945671, 7.894656596983538 ], [ -76.294233146090093, 7.894656849123781 ], [ -76.294369536529274, 7.894657109292964 ], [ -76.294521073909948, 7.894657388237816 ], [ -76.294657456155889, 7.89465764837695 ], [ -76.294793838319066, 7.894657900340667 ], [ -76.294930219622373, 7.894658160397611 ], [ -76.295066548742838, 7.894688631145786 ], [ -76.295202823059313, 7.894749320725073 ], [ -76.295339205258017, 7.894749582435455 ], [ -76.295520961171647, 7.894795242647343 ], [ -76.295657326373174, 7.89481061314864 ], [ -76.295712849980603, 7.894899572940616 ], [ -76.29573286504521, 7.894931624777932 ], [ -76.295739602099175, 7.894962122558398 ], [ -76.295762914044332, 7.895067665731125 ], [ -76.295799330837838, 7.895090455903897 ], [ -76.295884007338145, 7.895143438935077 ], [ -76.296004920169139, 7.895309869695685 ], [ -76.296004892597878, 7.895325581291063 ], [ -76.296004668018583, 7.895445856867414 ], [ -76.296004407731687, 7.895581844102789 ], [ -76.296064828386491, 7.895687718796275 ], [ -76.296079955780613, 7.895702856397916 ], [ -76.296216284371013, 7.895733335634081 ], [ -76.296352693575272, 7.895718477972967 ], [ -76.29648910274436, 7.895703619367822 ], [ -76.296625574786233, 7.895658550851471 ], [ -76.296762155131503, 7.895553034699344 ], [ -76.296762415245198, 7.89541705659978 ], [ -76.296747511982744, 7.895281042733834 ], [ -76.296671972913003, 7.895160022403996 ], [ -76.296620552821977, 7.895057003167788 ], [ -76.296596486844862, 7.895008791344749 ], [ -76.296596532086298, 7.894984689079216 ], [ -76.296596738860202, 7.894872804250306 ], [ -76.296596999048475, 7.894736817090863 ], [ -76.296597251172102, 7.894600839029233 ], [ -76.296658210846502, 7.894419630431782 ], [ -76.296658462086853, 7.894283652383897 ], [ -76.296673876556412, 7.894147692053058 ], [ -76.296795248530813, 7.894072369002195 ], [ -76.29694695583575, 7.893981997832062 ], [ -76.297038135001898, 7.89384618159872 ], [ -76.297105139539596, 7.893751112894499 ], [ -76.297144487061232, 7.893695283288127 ], [ -76.297265974568447, 7.893559528815245 ], [ -76.297311690103214, 7.893423632168489 ], [ -76.297327105339448, 7.893287671903066 ], [ -76.297327357347669, 7.89315168489797 ], [ -76.297342762710329, 7.893015733749547 ], [ -76.297343022904769, 7.892879746680824 ], [ -76.297358429130412, 7.89274378739875 ], [ -76.297388989583595, 7.892607863070755 ], [ -76.297510450762459, 7.892487211307413 ], [ -76.297556220019857, 7.892321094093665 ], [ -76.297556472083599, 7.892185107114398 ], [ -76.297496113971789, 7.892049011886464 ], [ -76.297466065084592, 7.891912971185882 ], [ -76.297466317233102, 7.891776984192392 ], [ -76.297466569407106, 7.891640998101647 ], [ -76.297542566223839, 7.891520264153911 ], [ -76.297663937357157, 7.891444940320629 ], [ -76.29781556381846, 7.891399898850787 ], [ -76.297967235793479, 7.891324628667973 ], [ -76.298088606827633, 7.891249313800037 ], [ -76.298240233957685, 7.891204264086077 ], [ -76.29837669703781, 7.891159194830604 ], [ -76.298498067840583, 7.891083870859488 ], [ -76.298634477005436, 7.891069013098512 ], [ -76.298770868331118, 7.891069265064377 ], [ -76.298876968380526, 7.891054352746001 ], [ -76.298907305289347, 7.891039306410279 ], [ -76.299013547793891, 7.890948845724754 ], [ -76.299013629301811, 7.890903517114926 ], [ -76.299029044202626, 7.890767557041438 ], [ -76.299074499206384, 7.890767645591781 ], [ -76.299150245384979, 7.890782891136926 ], [ -76.299150101096515, 7.890858438575682 ], [ -76.299149930867216, 7.890949096743809 ], [ -76.299119541237047, 7.890994371785363 ], [ -76.299073824509847, 7.891130269206722 ], [ -76.299073797650337, 7.891145379041063 ], [ -76.298997828278914, 7.891251003222203 ], [ -76.298876573202691, 7.891265887907804 ], [ -76.298861419119177, 7.891265861121185 ], [ -76.298724982155349, 7.891295828826197 ], [ -76.298709827996774, 7.891295793000396 ], [ -76.298588536935156, 7.89132578842831 ], [ -76.29845207391682, 7.891370864993197 ], [ -76.298436919823104, 7.891370838192739 ], [ -76.298345795211731, 7.891476434642315 ], [ -76.298330504823966, 7.891551948045944 ], [ -76.298269805940706, 7.891597168579779 ], [ -76.298194032617758, 7.89159702463971 ], [ -76.298133424347498, 7.89159691734628 ], [ -76.297997032697666, 7.891596657112609 ], [ -76.297845469146495, 7.8916114879274 ], [ -76.29781510621369, 7.891641653098539 ], [ -76.297724071124279, 7.891701920770279 ], [ -76.297723872782569, 7.891807679890504 ], [ -76.297723792080419, 7.891853008549475 ], [ -76.297753841039153, 7.891989050102214 ], [ -76.297768797836255, 7.892094844156172 ], [ -76.29779901726809, 7.892140227406184 ], [ -76.29781406390434, 7.892200701759307 ], [ -76.297829047640519, 7.892291386851897 ], [ -76.297813605513454, 7.892442446973103 ], [ -76.297783188769017, 7.89250283187266 ], [ -76.297722489632321, 7.892548044276344 ], [ -76.297661620082309, 7.892683914972172 ], [ -76.297631049836497, 7.892819848397999 ], [ -76.29763102294261, 7.89283495734952 ], [ -76.297630771825581, 7.892970935274132 ], [ -76.297721492407391, 7.893076874237159 ], [ -76.297873146244839, 7.893016721751508 ], [ -76.298009582095389, 7.89298675498629 ], [ -76.298146000096196, 7.892971897056769 ], [ -76.298282409978924, 7.892957047281728 ], [ -76.298418792006871, 7.892957299185611 ], [ -76.298555174009323, 7.892957550141419 ], [ -76.298691556000648, 7.892957801955974 ], [ -76.298843155839521, 7.892927869770181 ], [ -76.299025055769391, 7.892897992019856 ], [ -76.299146426754234, 7.892822667704156 ], [ -76.299282899075934, 7.892777590677433 ], [ -76.299419280909845, 7.892777842278229 ], [ -76.299540563146181, 7.892747848338591 ], [ -76.299570872378794, 7.892747910844222 ], [ -76.299722525504222, 7.8926877497147 ], [ -76.299707172815275, 7.89279349093038 ], [ -76.299691965064639, 7.892823683845261 ], [ -76.299600930222269, 7.892883951014922 ], [ -76.299449249197409, 7.89295921203391 ], [ -76.299418886378774, 7.892989378216184 ], [ -76.2992975959082, 7.893019373120662 ], [ -76.299161159409508, 7.893049340280439 ], [ -76.299024740573358, 7.893064188607067 ], [ -76.298888251251668, 7.89312437716337 ], [ -76.298766880108829, 7.893199699651918 ], [ -76.298630488922882, 7.893199439835576 ], [ -76.298494105937721, 7.89319918804093 ], [ -76.298357723847488, 7.893198937097875 ], [ -76.298221341731761, 7.893198685206747 ], [ -76.298084959533199, 7.893198425140239 ], [ -76.297948578286935, 7.893198173152609 ], [ -76.297812186156747, 7.893197922109527 ], [ -76.297675723251359, 7.893242989664321 ], [ -76.297645163012007, 7.893378923024597 ], [ -76.297554011025539, 7.893499630316731 ], [ -76.297432584662275, 7.893605164152289 ], [ -76.297386807323818, 7.893771288714416 ], [ -76.297333626763049, 7.893903135283606 ], [ -76.297325909842385, 7.893922269339916 ], [ -76.297310503650138, 7.894058219602703 ], [ -76.297310243604372, 7.894194206669737 ], [ -76.297309991731495, 7.894330193671766 ], [ -76.297309740782993, 7.894466180665964 ], [ -76.297309479814373, 7.894602158704007 ], [ -76.297309228902492, 7.894738145696887 ], [ -76.297324123186996, 7.894874159549356 ], [ -76.297414825628422, 7.89499520822446 ], [ -76.297551207538277, 7.894995460143338 ], [ -76.297702574393369, 7.895086396163832 ], [ -76.297853885873849, 7.895207560850664 ], [ -76.297952664729593, 7.895297437286168 ], [ -76.298187889271574, 7.895667552014392 ], [ -76.298239075073724, 7.895693189606198 ], [ -76.298309296130967, 7.89585740203232 ], [ -76.298357005987157, 7.896001024969231 ], [ -76.298500916008948, 7.896025215882984 ], [ -76.298644861622279, 7.896025477162062 ], [ -76.29878881724656, 7.896025746443395 ], [ -76.298812182048451, 7.896025790553374 ], [ -76.298932762883666, 7.896026015753636 ], [ -76.299052588931247, 7.89609800673344 ], [ -76.29922043878031, 7.896146156265949 ], [ -76.299364214788355, 7.896242114958748 ], [ -76.299484040865778, 7.896314096723209 ], [ -76.2995316609762, 7.89650556323935 ], [ -76.299483411980631, 7.896648996829098 ], [ -76.299363315943467, 7.896720538706951 ], [ -76.299219324557072, 7.896744192060043 ], [ -76.299127436945199, 7.896858268722529 ], [ -76.29912313369104, 7.896863623234188 ], [ -76.299122863809743, 7.89700714686849 ], [ -76.299122594933891, 7.897150680432419 ], [ -76.299122325086245, 7.897294203161831 ], [ -76.299098061606699, 7.897437691313608 ], [ -76.299169773936057, 7.897581350276929 ], [ -76.29936152899387, 7.897677397844308 ], [ -76.29952942423661, 7.89770163360548 ], [ -76.299793115025992, 7.897821730432188 ], [ -76.299960830928455, 7.897941645612366 ], [ -76.300080656825045, 7.898013636900123 ], [ -76.300272455768209, 7.898085754275462 ], [ -76.300416410970854, 7.898086022706711 ], [ -76.300560133361785, 7.898205894911444 ], [ -76.300727766834711, 7.89837365522079 ], [ -76.300799516356079, 7.898493400328492 ], [ -76.300943111774956, 7.898685038438359 ], [ -76.301062802579963, 7.898828786447231 ], [ -76.301182404554723, 7.899020388139909 ], [ -76.301182134796434, 7.899163912380637 ], [ -76.301349905128191, 7.89925990598603 ], [ -76.301493850626002, 7.899260174858995 ], [ -76.301685829950316, 7.89923661267856 ], [ -76.301829785366138, 7.899236882263351 ], [ -76.301973739783634, 7.899237142771408 ], [ -76.302112052611818, 7.899237402659703 ], [ -76.302117686097887, 7.89923741232823 ], [ -76.302128959790195, 7.899243062015093 ], [ -76.302261506352679, 7.899309447875769 ], [ -76.302381242151469, 7.899429273812336 ], [ -76.30254901179508, 7.899525267685829 ], [ -76.302740766287798, 7.899621315722386 ], [ -76.302932476393053, 7.899741276917038 ], [ -76.303052256857185, 7.8998371811163 ], [ -76.303219937132297, 7.899981019213942 ], [ -76.303291684963227, 7.900100765301795 ], [ -76.303333815515018, 7.900185152713455 ], [ -76.303363398392293, 7.90024442365007 ], [ -76.303387121625804, 7.900388000820988 ], [ -76.303386852827416, 7.900531524741038 ], [ -76.303386592275999, 7.900675057629919 ], [ -76.303386322612397, 7.900818581555651 ], [ -76.303433905877071, 7.901033961676763 ], [ -76.30360149555267, 7.90122564398175 ], [ -76.303769121533634, 7.901393404825792 ], [ -76.303936710616782, 7.901585086876512 ], [ -76.304080397250175, 7.901728880975701 ], [ -76.304200177781851, 7.901824794435639 ], [ -76.304368037236074, 7.901872943334587 ], [ -76.304415755912757, 7.902016566156843 ], [ -76.304415485891795, 7.902160089936153 ], [ -76.304415216869288, 7.902303622741613 ], [ -76.304414946882019, 7.902447145616036 ], [ -76.304414686968357, 7.902590679251721 ], [ -76.304366348899592, 7.902781957550587 ], [ -76.304294097252523, 7.902925356311957 ], [ -76.304245848567533, 7.903068799093716 ], [ -76.304365495107859, 7.903236469243354 ], [ -76.304485321288368, 7.903308451090044 ], [ -76.304677040072448, 7.903428412309468 ], [ -76.304844764147958, 7.903548336591297 ], [ -76.305012534224986, 7.903644331258775 ], [ -76.305180258390294, 7.90376424719772 ], [ -76.305324158903758, 7.903788430048783 ], [ -76.305444119630565, 7.90378865464411 ], [ -76.305707990800101, 7.903813061831562 ], [ -76.30594791306865, 7.903813510753261 ], [ -76.30613995455235, 7.903766017061397 ], [ -76.30623595808882, 7.903742275294122 ], [ -76.306452111189415, 7.903623067896772 ], [ -76.30637977939594, 7.903814301247134 ], [ -76.306235418989772, 7.904029331356762 ], [ -76.306218288260538, 7.90402930442157 ], [ -76.305851551106215, 7.904028622335614 ], [ -76.305723505386609, 7.904076231627747 ], [ -76.305635523611784, 7.904076071010607 ], [ -76.305491577906636, 7.904075800638665 ], [ -76.305347623134651, 7.904075532095453 ], [ -76.305203668399784, 7.904075270729654 ], [ -76.305059757730632, 7.904051078920273 ], [ -76.304868004354844, 7.903955041136713 ], [ -76.304700144873351, 7.903906891001027 ], [ -76.304556413691401, 7.903787010762197 ], [ -76.304436588240122, 7.903715028992313 ], [ -76.304292902371131, 7.903571235347925 ], [ -76.304173066966214, 7.903499243598417 ], [ -76.304005306997638, 7.903403250215767 ], [ -76.303885525045615, 7.903307345916571 ], [ -76.303717665750526, 7.903259188001153 ], [ -76.303573711074421, 7.903258926858054 ], [ -76.303429540355921, 7.903378259065965 ], [ -76.303405277176807, 7.903521746980514 ], [ -76.303357028157379, 7.903665189811385 ], [ -76.303284822061002, 7.903784657246334 ], [ -76.303164725561686, 7.903856198974331 ], [ -76.303020779659832, 7.903855937653782 ], [ -76.302949022639851, 7.903736192740826 ], [ -76.302949292038022, 7.903592668768792 ], [ -76.302949562290777, 7.903449135754754 ], [ -76.302853989588328, 7.903233666395215 ], [ -76.302734163523937, 7.90316168395328 ], [ -76.302590298221602, 7.903113570576724 ], [ -76.302446343370733, 7.903113300892165 ], [ -76.302278628051837, 7.902993385156774 ], [ -76.302134808128756, 7.902921358270174 ], [ -76.301990897635676, 7.902897166063718 ], [ -76.301846942781864, 7.902896897044291 ], [ -76.30170299612702, 7.90289663604124 ], [ -76.301558951557965, 7.902944210720068 ], [ -76.301462714617202, 7.903087555145929 ], [ -76.301414673111978, 7.90311935584939 ], [ -76.30141463692118, 7.903135309555928 ], [ -76.30141437696409, 7.903278842703775 ], [ -76.301414106988645, 7.9034223668956 ], [ -76.301413838004379, 7.903565899210195 ], [ -76.301413568069762, 7.903709423400534 ], [ -76.30148528129061, 7.903853091103743 ], [ -76.301557028886094, 7.903972826568459 ], [ -76.301700670042351, 7.904140542927507 ], [ -76.301844354812516, 7.904284344986759 ], [ -76.302012125049231, 7.904380339216901 ], [ -76.302155764715238, 7.904548054393103 ], [ -76.302251463358346, 7.904691757899953 ], [ -76.302377109775463, 7.904859446329257 ], [ -76.302443090593428, 7.904859572048562 ], [ -76.302587046893763, 7.904859833346355 ], [ -76.302730993264262, 7.904860101900439 ], [ -76.302874947783479, 7.904860372146977 ], [ -76.303018903109248, 7.904860632399011 ], [ -76.303186986187953, 7.904789179714252 ], [ -76.303331112119807, 7.904693760642421 ], [ -76.303499060550735, 7.904694075697653 ], [ -76.303643015801583, 7.904694344791692 ], [ -76.303810955946986, 7.904694649848008 ], [ -76.303906708408576, 7.904814441202548 ], [ -76.304026398932336, 7.904958189007142 ], [ -76.30414622481058, 7.905030170772636 ], [ -76.304361847578363, 7.905198021362573 ], [ -76.304553477340548, 7.905365826846288 ], [ -76.304697162331749, 7.905509620110974 ], [ -76.304840937559533, 7.905605577770134 ], [ -76.304960583631143, 7.905773249151721 ], [ -76.30496032429626, 7.905916771850818 ], [ -76.30500803333193, 7.906060395294958 ], [ -76.305151897865287, 7.90610850008025 ], [ -76.305271994275799, 7.906036957657893 ], [ -76.305416038829264, 7.905989383240047 ], [ -76.305559994271903, 7.905989653292123 ], [ -76.305703948708825, 7.905989913364065 ], [ -76.305871988106588, 7.905942382739157 ], [ -76.305949908338334, 7.905942527085849 ], [ -76.305980846070824, 7.905937443050366 ], [ -76.30611804507808, 7.905937694163547 ], [ -76.306243656956624, 7.90601772514952 ], [ -76.306346387793425, 7.90610911139095 ], [ -76.306471936987549, 7.906223331591404 ], [ -76.30658605875594, 7.90633753385945 ], [ -76.30666583783848, 7.906474473701695 ], [ -76.306665828592116, 7.906475246235217 ], [ -76.306665578126925, 7.906611268982756 ], [ -76.306642400623261, 7.906782208827956 ], [ -76.306630714279265, 7.906918978115149 ], [ -76.306676168623412, 7.907067253711052 ], [ -76.306747917201562, 7.9070631841966 ], [ -76.306870555190216, 7.907056214193057 ], [ -76.306996444922078, 7.906988048587042 ], [ -76.307122371222889, 7.906897085616453 ], [ -76.30722561425452, 7.906714890152311 ], [ -76.30722586567677, 7.906578103143016 ], [ -76.307226134902237, 7.906429907980129 ], [ -76.307295036057369, 7.906270448402551 ], [ -76.307341101543869, 7.906088144193133 ], [ -76.307387112555162, 7.905940039159748 ], [ -76.307421706616324, 7.90578050728834 ], [ -76.307433457259805, 7.905609539753628 ], [ -76.307513704381634, 7.905495696426022 ], [ -76.307605350189334, 7.905393270150502 ], [ -76.307742701917178, 7.905313733109286 ], [ -76.307879893236446, 7.905313984687612 ], [ -76.308017092691884, 7.905314236156035 ], [ -76.308154122235763, 7.905405685182191 ], [ -76.308168772679309, 7.90542034515638 ], [ -76.308228233131487, 7.905479850076757 ], [ -76.308256826119191, 7.905508460988623 ], [ -76.308187997109357, 7.905633731187192 ], [ -76.308153700167722, 7.905633667874285 ], [ -76.308072806053872, 7.905642480914306 ], [ -76.308050779728234, 7.905644878928642 ], [ -76.307913409273624, 7.905735816113299 ], [ -76.307856186649275, 7.905769916385971 ], [ -76.307841525646595, 7.905813483659832 ], [ -76.307821690968538, 7.905872440846363 ], [ -76.307787141820583, 7.906009172586045 ], [ -76.307798281400011, 7.906168777395825 ], [ -76.307798030168854, 7.906305571556855 ], [ -76.307786343262237, 7.906442340723274 ], [ -76.307755252304432, 7.906565364857573 ], [ -76.307751784164964, 7.906579072560365 ], [ -76.307751532924016, 7.906715860401733 ], [ -76.307694067694683, 7.906875346808739 ], [ -76.307659517575743, 7.907012069557426 ], [ -76.307682110925313, 7.907160310186303 ], [ -76.307796233262835, 7.907274512777652 ], [ -76.307860481255531, 7.907284483585001 ], [ -76.307944814370018, 7.9072975819372 ], [ -76.308082059175021, 7.907275033920246 ], [ -76.308219250199798, 7.907275286029201 ], [ -76.308402101852153, 7.907321226342209 ], [ -76.308457985661448, 7.907358515356976 ], [ -76.30846054558144, 7.907358523969201 ], [ -76.308604501066142, 7.907358792771539 ], [ -76.308748626541416, 7.907263373779868 ], [ -76.308868767763158, 7.907167901029965 ], [ -76.308988908090214, 7.907072437309093 ], [ -76.309157162569733, 7.906905297257338 ], [ -76.309179656639657, 7.906750373325062 ], [ -76.309089330552823, 7.906649931925157 ], [ -76.308986688542603, 7.906512948321438 ], [ -76.308986941157286, 7.906376153405001 ], [ -76.30899609496376, 7.906269028912866 ], [ -76.308998627660415, 7.906239384368881 ], [ -76.308998880373338, 7.906102597583277 ], [ -76.309033473745373, 7.905943065829565 ], [ -76.308999427755111, 7.905806216727644 ], [ -76.30888536920655, 7.905657815242314 ], [ -76.308823734941328, 7.905572987442845 ], [ -76.308794136347473, 7.90553224928015 ], [ -76.308794387405186, 7.905395461574097 ], [ -76.30879464839073, 7.905258666561127 ], [ -76.30872644774351, 7.905041956629653 ], [ -76.308646713346619, 7.904882219062931 ], [ -76.308601275868128, 7.904722542957725 ], [ -76.308544403785589, 7.904562849961057 ], [ -76.308510358236035, 7.904425999794727 ], [ -76.308462818630147, 7.904282907956249 ], [ -76.308453512266709, 7.90425490667853 ], [ -76.308373796075557, 7.90408376893832 ], [ -76.308338465105692, 7.90403514282458 ], [ -76.308282562964024, 7.903958202656325 ], [ -76.30825206508888, 7.903825323915668 ], [ -76.308248534584195, 7.903809954211267 ], [ -76.308248795053345, 7.90367315821982 ], [ -76.308169033519675, 7.903524827687282 ], [ -76.308054957374807, 7.903387825600422 ], [ -76.307988265787685, 7.903273336254562 ], [ -76.307975177156521, 7.90325088686948 ], [ -76.307986865187146, 7.903114109605477 ], [ -76.307988562010763, 7.903109744187094 ], [ -76.307918547618087, 7.902965797578123 ], [ -76.308014249982435, 7.902927972038343 ], [ -76.30811731410148, 7.902887235921133 ], [ -76.308163847818633, 7.902868844032937 ], [ -76.308251455378127, 7.902850423894161 ], [ -76.308300789972876, 7.902932749307617 ], [ -76.308468379525237, 7.903124431126405 ], [ -76.308564040715083, 7.90329205727139 ], [ -76.308563780549434, 7.903435590326405 ], [ -76.308659477685126, 7.903579293384877 ], [ -76.308779178746121, 7.903723041928802 ], [ -76.308874920885259, 7.903842822697927 ], [ -76.308970583393688, 7.904010448601176 ], [ -76.309066333832789, 7.904130230113423 ], [ -76.309186026229241, 7.904273986615739 ], [ -76.309305761648758, 7.904393813666406 ], [ -76.309425551898613, 7.904489718408139 ], [ -76.309455161005374, 7.904496338190263 ], [ -76.309504774633609, 7.904564618591606 ], [ -76.30963034963851, 7.904667440330371 ], [ -76.309744490038796, 7.904770244265999 ], [ -76.309847221772387, 7.904861629450068 ], [ -76.309949907992831, 7.904975813749515 ], [ -76.310041140847062, 7.905101372139995 ], [ -76.310132419297517, 7.905204130428185 ], [ -76.310246468905277, 7.905352532417007 ], [ -76.310360590953323, 7.905466734227458 ], [ -76.310385905381438, 7.905497699153152 ], [ -76.310428871835654, 7.90563785523999 ], [ -76.31042861952497, 7.905774640930484 ], [ -76.310428369117133, 7.905911435639968 ], [ -76.310428116858063, 7.906048223135932 ], [ -76.310427838756524, 7.906196417909243 ], [ -76.31049221228551, 7.906314581980263 ], [ -76.31049620991196, 7.906321930621945 ], [ -76.310575943585718, 7.906481669237692 ], [ -76.310575908065545, 7.906504468302914 ], [ -76.310621532787096, 7.906561547337797 ], [ -76.310690129366137, 7.906561672565524 ], [ -76.310747297590311, 7.906561780943872 ], [ -76.31082732886729, 7.906561924743472 ], [ -76.310861706761315, 7.906516388704339 ], [ -76.310976081383288, 7.90649380543005 ], [ -76.310941891334792, 7.906436744138486 ], [ -76.310896157007178, 7.906436663413136 ], [ -76.310770393166678, 7.906436429829201 ], [ -76.310758985283201, 7.906425012082797 ], [ -76.310690631726715, 7.90628809133996 ], [ -76.310690694968329, 7.906253892214937 ], [ -76.310690892028134, 7.906151304719581 ], [ -76.310748286350773, 7.906026016682477 ], [ -76.310828523196179, 7.905912164098577 ], [ -76.310839958855496, 7.905912190821712 ], [ -76.310954376916584, 7.905866798561957 ], [ -76.310965803519636, 7.905866826257435 ], [ -76.311103003658815, 7.90586707843237 ], [ -76.311114439241678, 7.905867096114461 ], [ -76.311240202858912, 7.905867328762402 ], [ -76.311377358410112, 7.905890379966286 ], [ -76.311457136744338, 7.906027319192426 ], [ -76.311605701123142, 7.906061788009067 ], [ -76.311719868200854, 7.90615319100021 ], [ -76.311857022002371, 7.906176242010069 ], [ -76.311994213054774, 7.906176493017299 ], [ -76.312131413156607, 7.906176744810723 ], [ -76.312268613232604, 7.906176995655472 ], [ -76.312394502118536, 7.906108831595023 ], [ -76.312531675303575, 7.906120474265965 ], [ -76.312554608717178, 7.906086320428189 ], [ -76.312634739241531, 7.906029474866672 ], [ -76.312760502660581, 7.906029699807509 ], [ -76.312771939214514, 7.906029727372401 ], [ -76.312897595072798, 7.906086948600231 ], [ -76.312931901864587, 7.906087012330874 ], [ -76.313034795029026, 7.906087201011432 ], [ -76.313091963054532, 7.906087309094643 ], [ -76.313171967295887, 7.906098851604759 ], [ -76.313148961370061, 7.90617860438802 ], [ -76.313057494710364, 7.906178434345573 ], [ -76.312977463677626, 7.906178290040927 ], [ -76.31292029472695, 7.90617818195435 ], [ -76.312817357071069, 7.906200793244872 ], [ -76.312783060240008, 7.906200730332953 ], [ -76.312645814839684, 7.906223277855391 ], [ -76.312622935032238, 7.906234640665716 ], [ -76.312565577701491, 7.906337129710415 ], [ -76.31250831020084, 7.906394019661037 ], [ -76.312428279097148, 7.906393877074765 ], [ -76.312291052192691, 7.906405025445808 ], [ -76.312153861996535, 7.906404772753745 ], [ -76.312016661829347, 7.906404521902329 ], [ -76.311890898131296, 7.906404287749671 ], [ -76.31185660034572, 7.906404224775535 ], [ -76.311753724714336, 7.906392636768543 ], [ -76.311719426925052, 7.9063925737827 ], [ -76.311605242928024, 7.906312569881673 ], [ -76.311570980610014, 7.906289707838001 ], [ -76.311513964793434, 7.906209812165448 ], [ -76.311411233296127, 7.906118425873419 ], [ -76.311399797709697, 7.90611840820235 ], [ -76.311285639739779, 7.90602700501831 ], [ -76.311274204082338, 7.906026978308735 ], [ -76.311148529599578, 7.905981154669148 ], [ -76.311079925892173, 7.905981028631409 ], [ -76.311011285766455, 7.906003701645349 ], [ -76.310896812537536, 7.906083283953075 ], [ -76.310862300047816, 7.906197218282799 ], [ -76.310930795928584, 7.906254331747035 ], [ -76.310976629037455, 7.906197424242551 ], [ -76.311010971399824, 7.906174688168776 ], [ -76.311113890682407, 7.906163477272291 ], [ -76.311205357508101, 7.906163646840007 ], [ -76.311251046341624, 7.906186527576511 ], [ -76.311353840116979, 7.906243713916725 ], [ -76.31135377692982, 7.906277913019228 ], [ -76.311410711826355, 7.906403407797717 ], [ -76.311421976535073, 7.906494622783139 ], [ -76.311421851995306, 7.906563020065048 ], [ -76.311433026767375, 7.906699834192492 ], [ -76.311547167274071, 7.906802637216837 ], [ -76.311569993056338, 7.906825471656479 ], [ -76.311604102356497, 7.906928131912272 ], [ -76.311604039213435, 7.906962331005396 ], [ -76.311489629127365, 7.907007714438547 ], [ -76.3114324609558, 7.907007615221658 ], [ -76.31136399067006, 7.906939091040941 ], [ -76.31129549452001, 7.906881966880151 ], [ -76.311261259855939, 7.906847705671805 ], [ -76.311124248983745, 7.906744857257804 ], [ -76.310987030821281, 7.906756006092937 ], [ -76.310861249214341, 7.906767180688088 ], [ -76.310849812625548, 7.906767153982478 ], [ -76.310712532994017, 7.906812500939058 ], [ -76.310712487522025, 7.906835300079977 ], [ -76.310735143190357, 7.906949331954946 ], [ -76.31079220369125, 7.907006437654045 ], [ -76.310826420607825, 7.907052098892578 ], [ -76.310917744360296, 7.907132057613881 ], [ -76.310929107734694, 7.907166275377709 ], [ -76.310963243751516, 7.907257534783739 ], [ -76.310963153762017, 7.907303133046274 ], [ -76.31091715059496, 7.907451238854583 ], [ -76.310888206790551, 7.90752299624728 ], [ -76.310848231520666, 7.907622097621326 ], [ -76.310756541090967, 7.907747322709847 ], [ -76.310687648825365, 7.907906792282199 ], [ -76.310664526520341, 7.908043542580285 ], [ -76.310641404146139, 7.908180283848655 ], [ -76.310572511825427, 7.908339753447248 ], [ -76.310472915530198, 7.908438693734695 ], [ -76.310469430997443, 7.908442160853204 ], [ -76.310332186209067, 7.908464699824735 ], [ -76.310183470297702, 7.908510029186074 ], [ -76.310046342349679, 7.908475578749747 ], [ -76.309964551058087, 7.90843776020474 ], [ -76.309897832904838, 7.908406910592291 ], [ -76.309726290071268, 7.908429396240325 ], [ -76.309566192829067, 7.908451899441463 ], [ -76.309348872409529, 7.908497093376723 ], [ -76.309223342307362, 7.908371472838692 ], [ -76.309086232142562, 7.908325622937018 ], [ -76.308960341780988, 7.908393787397578 ], [ -76.308868687007859, 7.908496213263305 ], [ -76.308801879067133, 7.908579154083006 ], [ -76.308777005341426, 7.908610038299372 ], [ -76.308639723693446, 7.908655375888111 ], [ -76.308479725145659, 7.908620890361217 ], [ -76.308445095357342, 7.908596627004998 ], [ -76.308365539641656, 7.908540877450539 ], [ -76.308228323163192, 7.908552024726914 ], [ -76.308113796663562, 7.908654406021293 ], [ -76.307976453341155, 7.908733951660855 ], [ -76.307839279613077, 7.908722300560293 ], [ -76.307823927780646, 7.90871401829174 ], [ -76.30769079790241, 7.908642234116717 ], [ -76.307566883633513, 7.908600794554367 ], [ -76.307553678535029, 7.908596383749559 ], [ -76.307393617328003, 7.908596087951093 ], [ -76.30733582038755, 7.908701270915576 ], [ -76.307324787799757, 7.908721349276953 ], [ -76.307290167034239, 7.9088922804273 ], [ -76.307267053575174, 7.909029030937989 ], [ -76.307175371192542, 7.909142846815091 ], [ -76.307072245259249, 7.909268053915826 ], [ -76.307043310312565, 7.909303978182614 ], [ -76.307041351899315, 7.909317470649259 ], [ -76.30696901877613, 7.909508713405097 ], [ -76.306872737975638, 7.90967598835755 ], [ -76.306872468997028, 7.909819511752967 ], [ -76.306872199212037, 7.909963045092281 ], [ -76.306872117740525, 7.910006344154242 ], [ -76.30678462177697, 7.910099059049985 ], [ -76.306703036503421, 7.910223690670412 ], [ -76.30662147855233, 7.910335846167974 ], [ -76.306558633302842, 7.910479226043585 ], [ -76.306458263986244, 7.910610066112807 ], [ -76.306426912938647, 7.910647444247036 ], [ -76.306326778061219, 7.910653498934702 ], [ -76.306201526369748, 7.910703175826312 ], [ -76.306182750629759, 7.910703140358543 ], [ -76.30603258020011, 7.910696626928925 ], [ -76.306001291264849, 7.910696573191887 ], [ -76.305901102364501, 7.910733816652662 ], [ -76.30588216592615, 7.910821133750729 ], [ -76.305882021660793, 7.910895999439221 ], [ -76.305881967781943, 7.910927198245131 ], [ -76.305886702114492, 7.91093193190494 ], [ -76.305963167254589, 7.911008458918198 ], [ -76.305963085953906, 7.91105212662853 ], [ -76.305981681010095, 7.911145748720836 ], [ -76.306056555933239, 7.911264433929649 ], [ -76.306069041735995, 7.911283173049567 ], [ -76.306131502028137, 7.911345678148984 ], [ -76.306187763723642, 7.911376984313368 ], [ -76.306250240511943, 7.911427010626896 ], [ -76.306325242319843, 7.911477056880561 ], [ -76.306350242325252, 7.911495822349508 ], [ -76.306462783080349, 7.911545947687412 ], [ -76.306475278016094, 7.911558443787188 ], [ -76.306556467736797, 7.911645949053552 ], [ -76.306568891537438, 7.911695877055068 ], [ -76.30666268482355, 7.911733489837556 ], [ -76.306700234573924, 7.911733561608164 ], [ -76.306794117173112, 7.911721254657848 ], [ -76.306800406089266, 7.911708785800345 ], [ -76.306913134646408, 7.911659082360975 ], [ -76.306925657926101, 7.911652865712638 ], [ -76.307032134821625, 7.911603153102531 ], [ -76.307057162206604, 7.911603197664021 ], [ -76.307144739287892, 7.911622072137478 ], [ -76.307144595375874, 7.911696945860662 ], [ -76.307144577121278, 7.911709423715032 ], [ -76.307144406709199, 7.911803010146961 ], [ -76.307100550715433, 7.91182788512559 ], [ -76.307075524216813, 7.911827839661724 ], [ -76.307031712881354, 7.911827758859804 ], [ -76.306937839385739, 7.91183382287697 ], [ -76.306919054503453, 7.911840029554036 ], [ -76.306806362337042, 7.911871012993219 ], [ -76.306800072507357, 7.911883480955434 ], [ -76.306681064927332, 7.911945654077382 ], [ -76.306662290038744, 7.911945617743908 ], [ -76.306543398226196, 7.911945402243215 ], [ -76.306524623335036, 7.911945365903505 ], [ -76.306437171938853, 7.911857851575898 ], [ -76.306418460006526, 7.911826627210575 ], [ -76.306356045137832, 7.911739158272506 ], [ -76.306331063345922, 7.911714157871531 ], [ -76.306224728595097, 7.911689004702244 ], [ -76.306218467907755, 7.911688995613217 ], [ -76.306168404923085, 7.911688905553294 ], [ -76.306099629962659, 7.91165758206036 ], [ -76.306099674698459, 7.911632627164461 ], [ -76.306099746711197, 7.911595185295309 ], [ -76.306099827973782, 7.911551517591791 ], [ -76.306099934710829, 7.911495363832703 ], [ -76.306049997695027, 7.911426643015051 ], [ -76.306012520048725, 7.911389138335605 ], [ -76.305918771613605, 7.911326571352284 ], [ -76.305887529116916, 7.911301552773002 ], [ -76.305886019538789, 7.911298948311122 ], [ -76.305818914965585, 7.911182884745709 ], [ -76.305737645202214, 7.911139065013003 ], [ -76.3056876452154, 7.911107776887723 ], [ -76.305618870373337, 7.911076453259831 ], [ -76.305550031657191, 7.911076326704412 ], [ -76.3055062303022, 7.911076245629975 ], [ -76.305418536271432, 7.911119752183404 ], [ -76.305280868767014, 7.911119499825203 ], [ -76.305143175680115, 7.911131726261645 ], [ -76.305030499872643, 7.911150232233033 ], [ -76.304986689356383, 7.91115639411308 ], [ -76.304855193815769, 7.911199819448745 ], [ -76.304834649230415, 7.911203195873302 ], [ -76.304780076904876, 7.911212160634919 ], [ -76.304717499718933, 7.911212044864262 ], [ -76.304687208545786, 7.911202917780727 ], [ -76.304592419363004, 7.911174377678504 ], [ -76.304586184274982, 7.911161892424773 ], [ -76.304479984969817, 7.911061863952821 ], [ -76.304392507518187, 7.910993070732131 ], [ -76.304361264200978, 7.910968052900136 ], [ -76.304255091589198, 7.910855557212875 ], [ -76.304223875711713, 7.910818062303442 ], [ -76.304207552711347, 7.910748306850849 ], [ -76.304199045985527, 7.910711952887339 ], [ -76.304174208120671, 7.910605842625244 ], [ -76.304155541220908, 7.910549654083892 ], [ -76.304149513025337, 7.91042486022837 ], [ -76.304149548689338, 7.910406139260376 ], [ -76.304168575315316, 7.910268912207076 ], [ -76.304268889782392, 7.910169280329261 ], [ -76.304293962030926, 7.910144370150816 ], [ -76.304356727588853, 7.910044657183937 ], [ -76.304394394377866, 7.909982332351598 ], [ -76.304444565350281, 7.909920034041232 ], [ -76.304526132187817, 7.909807878694528 ], [ -76.304526141406043, 7.909801644719411 ], [ -76.304526392231594, 7.9096643821465 ], [ -76.304526418752729, 7.909651905097546 ], [ -76.304526653050075, 7.909527120397335 ], [ -76.304569862262781, 7.90945302741764 ], [ -76.304569898168467, 7.909432517596019 ], [ -76.30461814564751, 7.909289074560886 ], [ -76.304666403991689, 7.909145632350365 ], [ -76.304738600823256, 7.909026164552126 ], [ -76.304834792738532, 7.908906734338399 ], [ -76.304931029548243, 7.908763380952255 ], [ -76.304979322762208, 7.908596015679884 ], [ -76.305003585904387, 7.908452536831674 ], [ -76.305027849883871, 7.908309048946911 ], [ -76.30502810975193, 7.908165525359857 ], [ -76.305004386222478, 7.908021946923646 ], [ -76.304836571698985, 7.9079498761537 ], [ -76.304740379899613, 7.908069307183991 ], [ -76.304548311068345, 7.908140714197796 ], [ -76.304380362311278, 7.908140399231536 ], [ -76.304236496952981, 7.908092294437506 ], [ -76.304164828523085, 7.907924713756191 ], [ -76.304165098640695, 7.907781180931313 ], [ -76.304165367944591, 7.90763765714696 ], [ -76.304093745559484, 7.90744614507474 ], [ -76.303926021405942, 7.907326229186265 ], [ -76.303782066178357, 7.907325959656538 ], [ -76.303590122592723, 7.907325609266394 ], [ -76.303421958618856, 7.907444906131916 ], [ -76.303253829638251, 7.907540279834449 ], [ -76.303133734121346, 7.907611821979373 ], [ -76.30301363764039, 7.907683363210309 ], [ -76.302821434859297, 7.907826537326307 ], [ -76.302725243205543, 7.907945968112025 ], [ -76.30262904327455, 7.908065389928264 ], [ -76.302484691592795, 7.908280420021278 ], [ -76.302340603207128, 7.908351917100418 ], [ -76.302148525244618, 7.908423324198608 ], [ -76.302004570287821, 7.908423054203669 ], [ -76.301860615317793, 7.908422785062297 ], [ -76.301716660392103, 7.908422524001753 ], [ -76.301572705381218, 7.908422254760663 ], [ -76.301428794607276, 7.908398063124531 ], [ -76.301308967660177, 7.908326080793449 ], [ -76.301165148176622, 7.908254045224753 ], [ -76.300997423965995, 7.90813412884913 ], [ -76.300805624100221, 7.908062002927276 ], [ -76.300685528659741, 7.908133544593755 ], [ -76.300565342733151, 7.90825293098838 ], [ -76.300493136349388, 7.908372406702002 ], [ -76.300492866781994, 7.90851593099698 ], [ -76.300516590756857, 7.908659509402345 ], [ -76.300420399863611, 7.908778930956428 ], [ -76.300348417672296, 7.908778795727446 ], [ -76.300300573747407, 7.908706949205618 ], [ -76.300180782855406, 7.908611036065987 ], [ -76.300157068131725, 7.908467466554591 ], [ -76.300133073785503, 7.908467422362823 ], [ -76.300109349067171, 7.908323843882426 ], [ -76.30010961880231, 7.908180320435359 ], [ -76.300181816245612, 7.908060843923836 ], [ -76.300301911824576, 7.90798930327875 ], [ -76.300422052579307, 7.907893839335824 ], [ -76.300542148943265, 7.907822296843973 ], [ -76.300590406281842, 7.907678862738754 ], [ -76.300590586304821, 7.90758317415773 ], [ -76.300614670158723, 7.907535375413392 ], [ -76.300638924136464, 7.907391896302261 ], [ -76.300711175646043, 7.907248498275978 ], [ -76.300807412383662, 7.907105153549468 ], [ -76.300951501815007, 7.907033657059896 ], [ -76.300951771363074, 7.906890123787906 ], [ -76.3010720473535, 7.906722893662739 ], [ -76.301072307016227, 7.906579370422524 ], [ -76.301048583279567, 7.906435792067224 ], [ -76.300952839950696, 7.906316010646334 ], [ -76.300785115885077, 7.906196094738083 ], [ -76.300641160610425, 7.906195824863159 ], [ -76.300497215289525, 7.906195555762968 ], [ -76.300353305259904, 7.906171364311934 ], [ -76.300233478277804, 7.906099382233336 ], [ -76.300113867856751, 7.905907789156673 ], [ -76.300042119030778, 7.905788044391836 ], [ -76.299946512077852, 7.905596496288517 ], [ -76.299874754311517, 7.905476750619483 ], [ -76.299803005728634, 7.905357013882894 ], [ -76.299731248070927, 7.905237269057233 ], [ -76.299611422366624, 7.905165286634061 ], [ -76.299515679690984, 7.905045495550577 ], [ -76.299348000038435, 7.904901658090747 ], [ -76.299348269541383, 7.90475812458661 ], [ -76.299348539150969, 7.90461460192269 ], [ -76.299348808701922, 7.904471069320479 ], [ -76.29934907833794, 7.904327544848241 ], [ -76.299349347929706, 7.904184012244562 ], [ -76.299349616700425, 7.904040487778 ], [ -76.299349878178234, 7.903896955237275 ], [ -76.299350146996943, 7.903753431672655 ], [ -76.299350416670336, 7.903609899065991 ], [ -76.299350685522668, 7.903466374596457 ], [ -76.299326962068832, 7.903322796716824 ], [ -76.299255213337474, 7.90320306056745 ], [ -76.299207538686005, 7.903035524932781 ], [ -76.299183859883755, 7.902868024608626 ], [ -76.299184128907001, 7.90272450101484 ], [ -76.299208392812204, 7.90258101276585 ], [ -76.299256649911328, 7.902437578853693 ], [ -76.299400865757264, 7.902294316299643 ], [ -76.299473162145475, 7.902126996251549 ], [ -76.299497461527579, 7.901959594746915 ], [ -76.299641596271002, 7.901864176028569 ], [ -76.299761691545143, 7.901792634408814 ], [ -76.299785947232465, 7.901649155324248 ], [ -76.299666164561017, 7.901553241980873 ], [ -76.299498871644204, 7.901469447299538 ], [ -76.299474411013534, 7.901457203438104 ], [ -76.299419335139007, 7.901457094757134 ], [ -76.299330456309349, 7.901456934245782 ], [ -76.299162515762475, 7.901456618717485 ], [ -76.299018561021271, 7.901456350320639 ], [ -76.298874704527421, 7.901408245109187 ], [ -76.298754922964577, 7.901312332283662 ], [ -76.298635231604251, 7.901168582688388 ], [ -76.298515405560465, 7.901096592162528 ], [ -76.298395624158061, 7.901000679161208 ], [ -76.298203960225237, 7.900856795851847 ], [ -76.298084133411606, 7.900784805140277 ], [ -76.298038993010962, 7.900769713223909 ], [ -76.297827169990811, 7.90074291687874 ], [ -76.297300164615365, 7.900916938223061 ], [ -76.297256039029222, 7.901004514940402 ], [ -76.297171939231475, 7.901046241753479 ], [ -76.297003774151449, 7.901165537575613 ], [ -76.296859685117681, 7.901237034866756 ], [ -76.296667571360032, 7.901332354564181 ], [ -76.29652348126794, 7.901403851793462 ], [ -76.296355406141103, 7.901475304345404 ], [ -76.296211450993908, 7.901475034980569 ], [ -76.296139254294573, 7.901594510819658 ], [ -76.29611498999563, 7.901737989364372 ], [ -76.295994849846267, 7.901833452658224 ], [ -76.295850940173153, 7.901809261633042 ], [ -76.295851208691261, 7.901665737574927 ], [ -76.295923407310411, 7.90154626173253 ], [ -76.295947669812676, 7.901402774155359 ], [ -76.29606776612205, 7.901331240618986 ], [ -76.296187862316145, 7.90125969893411 ], [ -76.296331996299656, 7.901164280255524 ], [ -76.296404193876555, 7.901044812558277 ], [ -76.296500386265123, 7.900925382212957 ], [ -76.296620526053658, 7.900829918022699 ], [ -76.296788654650697, 7.900734543858431 ], [ -76.296908750575724, 7.900663011120562 ], [ -76.297004941814265, 7.900543579856993 ], [ -76.297053281092246, 7.900352302027996 ], [ -76.297077633592536, 7.9001609696496 ], [ -76.297005930090805, 7.900017311058108 ], [ -76.296861929916275, 7.900040964177799 ], [ -76.296765738679611, 7.900160395379691 ], [ -76.29662164887074, 7.900231883437481 ], [ -76.296477657610637, 7.900255536392354 ], [ -76.296333658144974, 7.90027918756175 ], [ -76.296189612998177, 7.900326762978579 ], [ -76.296021627647875, 7.900350371185504 ], [ -76.295877672837278, 7.900350100641091 ], [ -76.295709688314361, 7.900373708726289 ], [ -76.295565732559552, 7.900373439891338 ], [ -76.295421786744072, 7.90037317002453 ], [ -76.295277876651923, 7.900348977681414 ], [ -76.295110072254943, 7.900276907268016 ], [ -76.294942123345947, 7.900276591711726 ], [ -76.294798176583726, 7.900276323429453 ], [ -76.294654221632058, 7.900276053354882 ], [ -76.294510266667189, 7.900275784133918 ], [ -76.294366365602286, 7.900251592272058 ], [ -76.294174522293346, 7.90020338836036 ], [ -76.294030566379476, 7.900203118970316 ], [ -76.293886611344149, 7.900202848619903 ], [ -76.293742665363609, 7.900202579955049 ], [ -76.293598755200321, 7.900178387870644 ], [ -76.293454854101881, 7.900154196561551 ], [ -76.293310854078882, 7.900177848549741 ], [ -76.293310585373789, 7.900321372968931 ], [ -76.293382332936758, 7.900441119191236 ], [ -76.293429998410772, 7.900608653941113 ], [ -76.293429728067892, 7.900752187389545 ], [ -76.293429458572618, 7.900895710892478 ], [ -76.29342918917655, 7.901039244332279 ], [ -76.293452868914528, 7.901206735125941 ], [ -76.293596545014054, 7.901350528134945 ], [ -76.293740186393109, 7.901518253444841 ], [ -76.293739863184456, 7.90168569860082 ], [ -76.293739593095395, 7.901829231096047 ], [ -76.293835200684455, 7.902020779444817 ], [ -76.293906859163016, 7.902188368636074 ], [ -76.293930584183116, 7.902331937663983 ], [ -76.293930270254862, 7.902499383615258 ], [ -76.293930000347856, 7.902642916079074 ], [ -76.293929731302782, 7.902786440404257 ], [ -76.293929487530889, 7.90291202515773 ], [ -76.294001298621808, 7.903001873666428 ], [ -76.294072867804189, 7.903217298738825 ], [ -76.294096593084291, 7.903360867703563 ], [ -76.294120262803062, 7.903528368301799 ], [ -76.294188067822162, 7.903732456395448 ], [ -76.294263858757645, 7.903720004711325 ], [ -76.294407858839151, 7.903696352824031 ], [ -76.294575888862141, 7.903648832115645 ], [ -76.294767966766202, 7.903577425264353 ], [ -76.294888062011367, 7.903505882711445 ], [ -76.295032232733689, 7.903386541617176 ], [ -76.295176413412378, 7.903267210365471 ], [ -76.295320367510897, 7.90326747894305 ], [ -76.295464233054133, 7.903315593348889 ], [ -76.295478030762666, 7.903326642308644 ], [ -76.295584014032556, 7.903411497257657 ], [ -76.295631724113377, 7.903555119597997 ], [ -76.295703426544122, 7.903698778364262 ], [ -76.295703158329331, 7.903842310563014 ], [ -76.295703112726343, 7.903866233054933 ], [ -76.295702888258162, 7.903985834644607 ], [ -76.295678624984987, 7.904129323200419 ], [ -76.295678534689301, 7.904177167274295 ], [ -76.295678354946261, 7.904272847283931 ], [ -76.295678085891396, 7.904416378586856 ], [ -76.295677815893427, 7.904559902668882 ], [ -76.295677546893671, 7.90470343577715 ], [ -76.295677276936459, 7.90484695985769 ], [ -76.295557496300901, 7.904751056153583 ], [ -76.295461752760374, 7.904631265435645 ], [ -76.295438028596408, 7.904487696766009 ], [ -76.295294397016562, 7.9043199717707 ], [ -76.29524667874874, 7.904176357579352 ], [ -76.295102769047773, 7.904152166607457 ], [ -76.294958822758147, 7.904151897113218 ], [ -76.29481482264633, 7.904175550146153 ], [ -76.294764975232823, 7.904183734259117 ], [ -76.294670823404147, 7.904199203128891 ], [ -76.294526867968642, 7.904198932660072 ], [ -76.294406726719842, 7.904294387799651 ], [ -76.294406458147336, 7.90443792108243 ], [ -76.294454167163025, 7.904581534644006 ], [ -76.294484324140114, 7.904611709323642 ], [ -76.294573903844366, 7.904701370328944 ], [ -76.294693594870949, 7.904845117624308 ], [ -76.294693325570407, 7.90498865087059 ], [ -76.294693056218506, 7.905132175081948 ], [ -76.294692786958691, 7.905275708326748 ], [ -76.294692516734258, 7.905419231640363 ], [ -76.294692247508053, 7.905562763980258 ], [ -76.294691978237623, 7.905706288188665 ], [ -76.294691699991219, 7.905849820598597 ], [ -76.294643451150108, 7.90599325469727 ], [ -76.294571243670021, 7.90611273083143 ], [ -76.294451103875858, 7.906208186186154 ], [ -76.294307013540347, 7.90627968257161 ], [ -76.294185292133491, 7.906299678739019 ], [ -76.293837095788433, 7.906453173642697 ], [ -76.293465148682643, 7.906399500422119 ], [ -76.293323332194632, 7.90627784116461 ], [ -76.293179376692962, 7.906277563291986 ], [ -76.293121542763558, 7.906306264101009 ], [ -76.29298726322348, 7.906372891587342 ], [ -76.292986985322074, 7.906516416097307 ], [ -76.292986714754349, 7.906659948680106 ], [ -76.293010440366601, 7.906803516857283 ], [ -76.293010169855094, 7.906947050338611 ], [ -76.293081919292163, 7.907066796145306 ], [ -76.293129582904598, 7.907234330650729 ], [ -76.293177302235023, 7.907377945216929 ], [ -76.29320101725861, 7.907521523358525 ], [ -76.293200838223839, 7.907617210810319 ], [ -76.293200747742787, 7.907665046864199 ], [ -76.293200478326227, 7.907808580306708 ], [ -76.293200344071479, 7.907880346120702 ], [ -76.293200208843984, 7.907952102907475 ], [ -76.293199938562054, 7.908095636355648 ], [ -76.293151951387259, 7.908095546232685 ], [ -76.293080157789419, 7.907999723060292 ], [ -76.292936427351208, 7.907879843443968 ], [ -76.292864724360243, 7.907736184128213 ], [ -76.292792966626848, 7.907616439276871 ], [ -76.292721262852766, 7.907472779902904 ], [ -76.292553502510287, 7.907376776967935 ], [ -76.292481744950038, 7.907257031998711 ], [ -76.292482014773526, 7.907113508388972 ], [ -76.292530317398857, 7.906946151564787 ], [ -76.292554624612151, 7.906778741957194 ], [ -76.292626967368534, 7.906587509065482 ], [ -76.29250727507555, 7.906443751167822 ], [ -76.292363320377987, 7.906443482063565 ], [ -76.292219275067083, 7.906491056239161 ], [ -76.292075283616086, 7.906514708642319 ], [ -76.291931096332419, 7.906634040575591 ], [ -76.291810909825386, 7.90675342709404 ], [ -76.291666865120519, 7.906800993010322 ], [ -76.291570673843324, 7.906920424219573 ], [ -76.291570403676047, 7.907063947959462 ], [ -76.291522147365143, 7.907207391275826 ], [ -76.291378056670212, 7.907278878857357 ], [ -76.291257961387345, 7.907350421071361 ], [ -76.291158419251758, 7.90736677043015 ], [ -76.291084865234978, 7.907439821121142 ], [ -76.290616357957219, 7.907613986032539 ], [ -76.289855646121239, 7.907612531193841 ], [ -76.289581876193111, 7.907490594441842 ], [ -76.289471894638211, 7.907526913086156 ], [ -76.289328578240031, 7.907544501604907 ], [ -76.289185098954874, 7.907651364891038 ], [ -76.289041790624992, 7.90766895417279 ], [ -76.288898518260922, 7.907668684982691 ], [ -76.288737359555753, 7.907650520596968 ], [ -76.288604095163308, 7.907617040970189 ], [ -76.288594151088603, 7.907614542628735 ], [ -76.288450806579334, 7.907649982016745 ], [ -76.288432634108474, 7.907792805245296 ], [ -76.28841445159911, 7.90793561861828 ], [ -76.288414174231264, 7.90807846885386 ], [ -76.288413904204063, 7.908221328065772 ], [ -76.288413635038609, 7.908364179139021 ], [ -76.288413364980045, 7.908507029315254 ], [ -76.288430936246542, 7.908685632241305 ], [ -76.288430693939716, 7.908811063134261 ], [ -76.288412663621401, 7.908873522674351 ], [ -76.288412547740833, 7.908935588027453 ], [ -76.288412277762816, 7.909078438200743 ], [ -76.288412008711077, 7.909221288366141 ], [ -76.288411702784302, 7.909381996972853 ], [ -76.288321880777048, 7.909524684857852 ], [ -76.288231994835243, 7.909703082332104 ], [ -76.288178023584223, 7.909827973688042 ], [ -76.288095613261177, 7.909937102182242 ], [ -76.288070297982472, 7.909970618414995 ], [ -76.288016327657289, 7.910095519713431 ], [ -76.287980241814736, 7.910238298109388 ], [ -76.287944111891704, 7.910398944052559 ], [ -76.287979657871475, 7.910541865199639 ], [ -76.288094265718073, 7.910640177192613 ], [ -76.288104821047028, 7.910649240794462 ], [ -76.288230091296072, 7.910703041020127 ], [ -76.288373372133705, 7.910703319890374 ], [ -76.288516643811292, 7.910703588845036 ], [ -76.288659926349212, 7.910703858567961 ], [ -76.288803269884284, 7.910668410569545 ], [ -76.288946541575044, 7.910668690222082 ], [ -76.289089993825456, 7.910579675900604 ], [ -76.289197621069718, 7.91049058991308 ], [ -76.289251582887033, 7.910365696783532 ], [ -76.289305553745493, 7.910240803588244 ], [ -76.289305823250189, 7.910097953547075 ], [ -76.289306092782198, 7.909955104408589 ], [ -76.289306371316584, 7.909812245260264 ], [ -76.289396121935312, 7.909705273202162 ], [ -76.289521590387125, 7.909651939899369 ], [ -76.28966493438368, 7.909616501712773 ], [ -76.289808242340015, 7.909598912862823 ], [ -76.289969462677533, 7.909581359773342 ], [ -76.290112743715156, 7.909581629162162 ], [ -76.290238113302038, 7.909581871736155 ], [ -76.29005877321913, 7.909706531364472 ], [ -76.289915429284221, 7.90974196968552 ], [ -76.289789960909587, 7.90979530309724 ], [ -76.289700211316742, 7.909902274295574 ], [ -76.289628301291231, 7.910044989104104 ], [ -76.289610118610327, 7.91018781233273 ], [ -76.289609849230686, 7.910330663233969 ], [ -76.289609606713753, 7.910455653986024 ], [ -76.289609579864035, 7.910473513231069 ], [ -76.289609373352178, 7.910580654603677 ], [ -76.289645053651725, 7.910652151732381 ], [ -76.289644954903181, 7.91070571786366 ], [ -76.289573180399557, 7.910777008167677 ], [ -76.289501538735479, 7.910776873930187 ], [ -76.289429934791769, 7.9107588803466 ], [ -76.289286662310758, 7.910758610818188 ], [ -76.289143380755661, 7.910758342215233 ], [ -76.289125469182764, 7.910758306388575 ], [ -76.28898209692403, 7.910811602928389 ], [ -76.288928126846116, 7.910936495238833 ], [ -76.288927992153489, 7.911007928866351 ], [ -76.288874128971415, 7.911079246819749 ], [ -76.288694896577368, 7.91115033912485 ], [ -76.288641133084425, 7.911168089977917 ], [ -76.288551579678796, 7.911167918860055 ], [ -76.288408307845216, 7.91116764998333 ], [ -76.288372518849116, 7.911149727991103 ], [ -76.288247149541078, 7.911149494979876 ], [ -76.288193287095893, 7.911220811989827 ], [ -76.28812889628162, 7.911252765236914 ], [ -76.28808572318647, 7.911274181067056 ], [ -76.288031760949409, 7.911399074233665 ], [ -76.288031491253264, 7.911541932578017 ], [ -76.288031348229055, 7.911613358200507 ], [ -76.28808494094045, 7.911684882351286 ], [ -76.288192299085026, 7.911738654741774 ], [ -76.288210210716869, 7.911738690591259 ], [ -76.288249781898813, 7.911738762550128 ], [ -76.28828185173991, 7.911738825893543 ], [ -76.288425123789338, 7.911739094732795 ], [ -76.288568235091617, 7.911828648297836 ], [ -76.288711272762711, 7.911953917754633 ], [ -76.288818496313354, 7.912079116325938 ], [ -76.288889867071546, 7.912222100691959 ], [ -76.288907501215718, 7.912364986652864 ], [ -76.288943021108324, 7.912525767659711 ], [ -76.288978566920193, 7.912668681272886 ], [ -76.289085816794582, 7.912776029451377 ], [ -76.289175163143966, 7.91288333269357 ], [ -76.28931837276464, 7.912919319631078 ], [ -76.289461690033406, 7.912901731266947 ], [ -76.289569316721625, 7.912812654018127 ], [ -76.289694785007981, 7.912759321203199 ], [ -76.28983806627987, 7.91275959024266 ], [ -76.289999188297358, 7.912795603658394 ], [ -76.290142396933192, 7.912831590302612 ], [ -76.290285670019031, 7.912831860145316 ], [ -76.290446898719523, 7.912814307211215 ], [ -76.290590171749187, 7.912814576048035 ], [ -76.290625995934434, 7.912814648397703 ], [ -76.29073341709325, 7.91283270406619 ], [ -76.29076916955205, 7.912868484150779 ], [ -76.290768962696418, 7.912975626301701 ], [ -76.290625618812001, 7.913011065295003 ], [ -76.290482337549861, 7.913010794755834 ], [ -76.290339066249174, 7.913010525895427 ], [ -76.290195784047782, 7.913010256167976 ], [ -76.290052502739513, 7.913009987287384 ], [ -76.289909231371198, 7.913009717375314 ], [ -76.289801603845362, 7.91309879380611 ], [ -76.289675965171298, 7.913241411440572 ], [ -76.289532549205717, 7.913312566054678 ], [ -76.289389205006586, 7.913348013746982 ], [ -76.289245924366199, 7.913347743725774 ], [ -76.289102641836081, 7.913347466442069 ], [ -76.288995356825239, 7.913257984878515 ], [ -76.288870122389739, 7.9131863168774 ], [ -76.288762836561702, 7.913096836126148 ], [ -76.288763105849327, 7.912953986024013 ], [ -76.288727622736076, 7.912775346556769 ], [ -76.288656287761981, 7.91261450285038 ], [ -76.288513186085524, 7.912524950262422 ], [ -76.288369904707821, 7.912524680733058 ], [ -76.288226623309981, 7.912524411154259 ], [ -76.288116445127883, 7.912579073988469 ], [ -76.288083216162462, 7.912595567006503 ], [ -76.28801130628483, 7.912738281933527 ], [ -76.287975211589014, 7.912881068611394 ], [ -76.287939054908179, 7.913059564871062 ], [ -76.287938776289508, 7.913202415160096 ], [ -76.287938506752127, 7.913345265376955 ], [ -76.287991965121492, 7.913488223136112 ], [ -76.288135112166074, 7.913559917301223 ], [ -76.288278321188997, 7.913595903640585 ], [ -76.28842149521806, 7.91364974924854 ], [ -76.288582544993702, 7.913721479081744 ], [ -76.28872575398934, 7.9137574570972 ], [ -76.288869035744213, 7.913757726328995 ], [ -76.289048096849598, 7.913775925552305 ], [ -76.289191207272765, 7.913865478566148 ], [ -76.289334281884877, 7.913972890824051 ], [ -76.289405653388712, 7.914115875787298 ], [ -76.289530716943972, 7.914276818301532 ], [ -76.289691631806306, 7.914419981999717 ], [ -76.289727797868323, 7.914474285587963 ], [ -76.289798782945397, 7.914580888620065 ], [ -76.289870153862452, 7.914723873398525 ], [ -76.289887796946161, 7.91486675905683 ], [ -76.28988751752388, 7.915009619013592 ], [ -76.289869346227235, 7.915152433158033 ], [ -76.289869066760147, 7.915295283178227 ], [ -76.289832981973987, 7.915438069759926 ], [ -76.289725246545771, 7.915580722554275 ], [ -76.289678049387874, 7.915635412082808 ], [ -76.289617547775592, 7.915705516030386 ], [ -76.289563514335228, 7.915866117207307 ], [ -76.289563244902553, 7.916008976222249 ], [ -76.289562974512194, 7.91615182620942 ], [ -76.28958058195073, 7.916312571204204 ], [ -76.289723826856573, 7.916330699103484 ], [ -76.28986710030162, 7.916330967697478 ], [ -76.289992639178465, 7.916241917588074 ], [ -76.289996312863636, 7.916240553250842 ], [ -76.29006524980403, 7.916214924054138 ], [ -76.290090286376639, 7.916248332135337 ], [ -76.290090025689437, 7.916384274893607 ], [ -76.290007955821793, 7.916520063878899 ], [ -76.289898667300818, 7.916628615587857 ], [ -76.289816552229638, 7.916791588745996 ], [ -76.289789017875719, 7.916927485727095 ], [ -76.289788767148309, 7.917063428443561 ], [ -76.289788505558491, 7.91719937034178 ], [ -76.289870055241636, 7.917335474105291 ], [ -76.289951658091596, 7.917444376438739 ], [ -76.2900605879815, 7.917526150230479 ], [ -76.290224152681901, 7.917553647221781 ], [ -76.290360401374301, 7.917608283416728 ], [ -76.290496702313135, 7.917635727216982 ], [ -76.290633057346056, 7.917635986750065 ], [ -76.290742291727199, 7.917554627165371 ], [ -76.290851527857996, 7.917473265748184 ], [ -76.290851779093643, 7.917337324072602 ], [ -76.290852040314888, 7.917201382317648 ], [ -76.29082502694537, 7.917065385795626 ], [ -76.29082528814034, 7.916929435001484 ], [ -76.290825538551871, 7.916793493326732 ], [ -76.290934773618929, 7.916712132884885 ], [ -76.29094800668372, 7.916709527570712 ], [ -76.29107118413333, 7.916685200953068 ], [ -76.291219908874865, 7.916770308416804 ], [ -76.291261859942622, 7.916794320368193 ], [ -76.29134347201412, 7.916903231287053 ], [ -76.291425075008007, 7.917012134112604 ], [ -76.291506678121934, 7.91712104593824 ], [ -76.291615553985025, 7.91723000161489 ], [ -76.291724223045691, 7.917447718303997 ], [ -76.291860362876861, 7.917556737670541 ], [ -76.291996456846348, 7.917692931139034 ], [ -76.292105387012995, 7.917774705105161 ], [ -76.292241732821367, 7.91777496506652 ], [ -76.292378088514198, 7.917775216773585 ], [ -76.292541501306644, 7.917884281423246 ], [ -76.292541240733627, 7.918020222948082 ], [ -76.292540989247286, 7.91815616530409 ], [ -76.292404372876362, 7.918291856147208 ], [ -76.292295093122704, 7.918400408347984 ], [ -76.292213023125328, 7.918536197631987 ], [ -76.292212762539336, 7.918672140100947 ], [ -76.292294366305114, 7.918781051545468 ], [ -76.292430720510808, 7.918781303113558 ], [ -76.292567066614922, 7.918781563735502 ], [ -76.292703421690206, 7.918781815206859 ], [ -76.29283982252467, 7.918754884349987 ], [ -76.292976177619053, 7.918755143866187 ], [ -76.292988870708427, 7.918755170939225 ], [ -76.293139797322254, 7.91875544985612 ], [ -76.29327615238364, 7.918755710177196 ], [ -76.293412499207022, 7.918755962387207 ], [ -76.293548854224696, 7.918756221715287 ], [ -76.293657774865792, 7.918837986978555 ], [ -76.293739278552991, 7.919001274303442 ], [ -76.293820881792172, 7.919110185262571 ], [ -76.293684428165122, 7.919164308718049 ], [ -76.293548081171679, 7.919164047618362 ], [ -76.29341172609108, 7.919163797379335 ], [ -76.293275379967241, 7.919163536182905 ], [ -76.293139024842915, 7.919163284950899 ], [ -76.29311059297109, 7.919163231406466 ], [ -76.293002677776414, 7.919163023672055 ], [ -76.292866322622729, 7.919162773253887 ], [ -76.292784306654667, 7.919271370345214 ], [ -76.2927840463488, 7.919407311830322 ], [ -76.292783795129623, 7.919543254146566 ], [ -76.292783534025986, 7.919679204671676 ], [ -76.292946848273701, 7.919842645169193 ], [ -76.293110421847999, 7.919870142310598 ], [ -76.293246768155527, 7.919870394431449 ], [ -76.293355698272791, 7.919952166830096 ], [ -76.293409983196725, 7.920088217306078 ], [ -76.293436996071108, 7.920224204194438 ], [ -76.293545916374583, 7.920305978374065 ], [ -76.293654792007146, 7.920414942890657 ], [ -76.293691451911954, 7.92043696069707 ], [ -76.293790995235895, 7.920496762356316 ], [ -76.293708924806154, 7.920632550997209 ], [ -76.293572569255048, 7.920632300106188 ], [ -76.293457172126182, 7.920632075005082 ], [ -76.293436222667907, 7.920632039161148 ], [ -76.293299867914556, 7.920631779139199 ], [ -76.29316352226887, 7.92063152713157 ], [ -76.293027165666714, 7.920631267034332 ], [ -76.292945149693466, 7.92073987328732 ], [ -76.292944889638761, 7.920875814743272 ], [ -76.292944637764663, 7.921011757037519 ], [ -76.29294437775367, 7.921147699395549 ], [ -76.292998662876442, 7.921283749006489 ], [ -76.292998402013822, 7.92141969136303 ], [ -76.292998151129723, 7.921555632736689 ], [ -76.293107027156509, 7.921664599122447 ], [ -76.29324337314381, 7.921664850105516 ], [ -76.293379728253186, 7.921665110909725 ], [ -76.29351607420395, 7.921665361803188 ], [ -76.293625004073348, 7.921747135723653 ], [ -76.293815644594702, 7.921883436715699 ], [ -76.293951783870398, 7.921992448250744 ], [ -76.294060713884704, 7.922074221081841 ], [ -76.294197015272857, 7.922101664773771 ], [ -76.294333523328106, 7.922020359385262 ], [ -76.294415592668855, 7.921884568800035 ], [ -76.294524882154363, 7.921776016732109 ], [ -76.294661022373262, 7.921885027062523 ], [ -76.294742633927186, 7.921993939244635 ], [ -76.294878881608696, 7.922048574932667 ], [ -76.295015182931408, 7.92207601833748 ], [ -76.295151528812056, 7.922076270445249 ], [ -76.295205813884806, 7.922212319422151 ], [ -76.295096579106612, 7.92229368031622 ], [ -76.294960124925538, 7.92234780273923 ], [ -76.294823778871915, 7.922347543378041 ], [ -76.294687423796205, 7.922347291271055 ], [ -76.294605407261741, 7.922455888778011 ], [ -76.29452333704225, 7.922591677618915 ], [ -76.294414101986149, 7.922673038428564 ], [ -76.294338355840353, 7.922687994696833 ], [ -76.294277693029983, 7.922699970343176 ], [ -76.294141293164301, 7.922726910279357 ], [ -76.29400493780669, 7.922726649868832 ], [ -76.293868590657866, 7.922726398383159 ], [ -76.293732236169831, 7.922726137875831 ], [ -76.293595880757394, 7.922725877330871 ], [ -76.293487005244558, 7.922616921175644 ], [ -76.293361367154247, 7.922580871413424 ], [ -76.293296221201075, 7.922562185954824 ], [ -76.293159864885169, 7.922561926155089 ], [ -76.293023662658982, 7.922480106702749 ], [ -76.29291474166628, 7.922398334392673 ], [ -76.29277838715106, 7.92239807262435 ], [ -76.292641987090732, 7.922425013874786 ], [ -76.292559969845129, 7.922533611204321 ], [ -76.292532436791845, 7.922669499089041 ], [ -76.292504912871294, 7.922805395941156 ], [ -76.292504652051434, 7.922941338356106 ], [ -76.2925043921488, 7.923077279859791 ], [ -76.292504139520673, 7.923213222208912 ], [ -76.292503879726397, 7.923349172745441 ], [ -76.292585483100282, 7.923458075586237 ], [ -76.292694357958723, 7.923567041925386 ], [ -76.292775809250998, 7.923757512430094 ], [ -76.292857312606216, 7.92392079784859 ], [ -76.292857061186211, 7.924056749173019 ], [ -76.292787683586184, 7.924108411854029 ], [ -76.292747817197579, 7.924138109897524 ], [ -76.292611362722567, 7.924192223783045 ], [ -76.29247501672144, 7.924191972926996 ], [ -76.292284169835128, 7.924164420813139 ], [ -76.292147813759797, 7.924164160890505 ], [ -76.292038894134208, 7.924082395680188 ], [ -76.291930018294323, 7.923973430970356 ], [ -76.2918210878087, 7.923891656715871 ], [ -76.291821339671301, 7.923755715189182 ], [ -76.291821599700199, 7.923619772693959 ], [ -76.291821860660676, 7.92348383109432 ], [ -76.291822120726081, 7.923347888597762 ], [ -76.291842593887253, 7.923327551261631 ], [ -76.291815519152877, 7.923136056953454 ], [ -76.291640202923418, 7.92301903420737 ], [ -76.29128897962724, 7.92307673155208 ], [ -76.290937298569432, 7.92336776026005 ], [ -76.290527307712864, 7.923542032666031 ], [ -76.290234241288573, 7.923774848655416 ], [ -76.290231797897846, 7.923786895941128 ], [ -76.290130467682971, 7.923806900885589 ], [ -76.289994113320176, 7.92380664922715 ], [ -76.289993851808347, 7.923942591973628 ], [ -76.289993600275125, 7.924078533737251 ], [ -76.289993339698754, 7.924214475571801 ], [ -76.290047570933723, 7.924377717235708 ], [ -76.290129021518453, 7.92456818688051 ], [ -76.290183306778957, 7.924704237036283 ], [ -76.29029197610177, 7.924921952657134 ], [ -76.290346252368465, 7.925057993786125 ], [ -76.290427810244381, 7.925194096644435 ], [ -76.290454714664065, 7.925384467753314 ], [ -76.290454462578197, 7.925520410358264 ], [ -76.290454203254271, 7.92565635211644 ], [ -76.290453942215308, 7.925792303825865 ], [ -76.290453682021749, 7.925928245589854 ], [ -76.290480694341596, 7.926064241922235 ], [ -76.29056225160825, 7.926200335622196 ], [ -76.29067101950865, 7.926363677136328 ], [ -76.290725305326291, 7.926499718007702 ], [ -76.290779590360955, 7.926635767897966 ], [ -76.290861041264122, 7.926826246103036 ], [ -76.290860779531869, 7.926962187821445 ], [ -76.290860528705977, 7.927098131260032 ], [ -76.290860267916372, 7.927234072969925 ], [ -76.290860008051169, 7.927370014671983 ], [ -76.29094156592636, 7.927506118071313 ], [ -76.290995796576254, 7.927669351143314 ], [ -76.291050072936486, 7.927805400964142 ], [ -76.291131630939404, 7.927941496132189 ], [ -76.291267672340538, 7.928104889861372 ], [ -76.291321956982713, 7.92824093138895 ], [ -76.291430887113194, 7.928322705345341 ], [ -76.291567350214891, 7.928268581239562 ], [ -76.291703857956747, 7.928187274806487 ], [ -76.291813093046514, 7.928105914829207 ], [ -76.291949546996875, 7.92805179975303 ], [ -76.292031572135471, 7.927943193865389 ], [ -76.292059096848845, 7.927807305895531 ], [ -76.292059357094132, 7.927671355315193 ], [ -76.292059609259894, 7.927535412026036 ], [ -76.29205986870025, 7.927399469582292 ], [ -76.292169158117431, 7.927290918224386 ], [ -76.292305720047409, 7.927182427603606 ], [ -76.292442173553624, 7.927128305287596 ], [ -76.292578529590941, 7.927128555685792 ], [ -76.292714831154356, 7.927156009167524 ], [ -76.292851186272372, 7.927156261286391 ], [ -76.292987434124413, 7.927210896099274 ], [ -76.293123789295777, 7.927211157155323 ], [ -76.293260144369796, 7.927211408228947 ], [ -76.293396500410779, 7.927211669188163 ], [ -76.293532854542107, 7.927211920179287 ], [ -76.293669363186552, 7.927130614287274 ], [ -76.293669623057184, 7.926994672050228 ], [ -76.293642655918731, 7.926831484186875 ], [ -76.293531903242453, 7.926809187339534 ], [ -76.293330815211377, 7.926406275254828 ], [ -76.293097180728751, 7.926172453398435 ], [ -76.293039760737372, 7.925588897702721 ], [ -76.293040326628173, 7.925297196795434 ], [ -76.293099642070757, 7.924888877011915 ], [ -76.293275406764849, 7.924772517948284 ], [ -76.293568356194726, 7.924598029379227 ], [ -76.293919812966536, 7.924423684082709 ], [ -76.293979093277898, 7.924015363935914 ], [ -76.294038084884235, 7.923782099401608 ], [ -76.294096915665278, 7.923607196888562 ], [ -76.294389758039841, 7.923491026399605 ], [ -76.294470768051227, 7.923507340066577 ], [ -76.29457603330161, 7.923570580612626 ], [ -76.29471237882899, 7.923570832669571 ], [ -76.294848787969386, 7.923543901410356 ], [ -76.294985133523127, 7.923544162415478 ], [ -76.295121542521613, 7.923517221140038 ], [ -76.295258050622607, 7.923435915335285 ], [ -76.295394604050202, 7.923327415552959 ], [ -76.295530960267783, 7.923327668191352 ], [ -76.29569468672355, 7.923273597976113 ], [ -76.295831042041513, 7.923273858661141 ], [ -76.29596738820797, 7.923274110338917 ], [ -76.296103797006623, 7.923247178741083 ], [ -76.296267469694087, 7.923220292401938 ], [ -76.296403871167186, 7.923193360778242 ], [ -76.296594815898374, 7.923166527679907 ], [ -76.296704052205612, 7.923085168213674 ], [ -76.296813286637914, 7.923003806943614 ], [ -76.29694964165131, 7.923004059167083 ], [ -76.29708599670397, 7.923004318573033 ], [ -76.29724961563636, 7.923004624978555 ], [ -76.29741339673636, 7.92292336296088 ], [ -76.297550003546604, 7.92278767241446 ], [ -76.29756396390907, 7.922777278580087 ], [ -76.297659238579371, 7.922706311917892 ], [ -76.297789073330918, 7.92266958863809 ], [ -76.297850238994712, 7.922652296137072 ], [ -76.297986584690932, 7.92265254813937 ], [ -76.298122886928795, 7.922679991254082 ], [ -76.298259241658698, 7.92268024309132 ], [ -76.298395597341198, 7.922680503007284 ], [ -76.298531898661921, 7.922707946883477 ], [ -76.298695418597532, 7.922762627013498 ], [ -76.298859145757845, 7.922708557604409 ], [ -76.298941152630462, 7.92259995163093 ], [ -76.299023277103444, 7.922436970375307 ], [ -76.299159731132448, 7.922382846817395 ], [ -76.299296033193016, 7.922410289552145 ], [ -76.299377634895222, 7.92251920217096 ], [ -76.299431921264883, 7.922655251805484 ], [ -76.299568275810074, 7.922655503216229 ], [ -76.299704631243117, 7.922655754574966 ], [ -76.299840986657841, 7.922656005888892 ], [ -76.300004605919781, 7.922656312161643 ], [ -76.300140961366239, 7.922656572411109 ], [ -76.300277360920077, 7.922629631571764 ], [ -76.300413814667948, 7.922575507643794 ], [ -76.300468612375596, 7.922439674348977 ], [ -76.300550628637083, 7.922331068173317 ], [ -76.300632644853351, 7.922222461095314 ], [ -76.300768991017733, 7.922222722172547 ], [ -76.30090534615303, 7.922222974099074 ], [ -76.301041756367411, 7.922196042035535 ], [ -76.301178102395838, 7.92219629394793 ], [ -76.301314456553868, 7.92219654484746 ], [ -76.301450811606912, 7.922196796598423 ], [ -76.301587158558561, 7.9221970574033 ], [ -76.301709842141705, 7.92222175230857 ], [ -76.301832595726637, 7.922197505858778 ], [ -76.301968951695457, 7.922197767369764 ], [ -76.301995963971862, 7.922333754313581 ], [ -76.301859563932339, 7.922360693831557 ], [ -76.301844643173609, 7.922375516035291 ], [ -76.301750275266855, 7.922469247112907 ], [ -76.301652816562154, 7.922507901187148 ], [ -76.301588443275193, 7.922555853437509 ], [ -76.301559176143641, 7.9225776457767 ], [ -76.301510496394414, 7.922585640681946 ], [ -76.301395503078922, 7.922604533065979 ], [ -76.301259147811692, 7.922604272318048 ], [ -76.301122801666622, 7.922604021390968 ], [ -76.300986392308531, 7.922630960753927 ], [ -76.300904331045786, 7.922766750861056 ], [ -76.300808857611685, 7.92280461478952 ], [ -76.300767877368671, 7.922820874045827 ], [ -76.30068586107312, 7.922929472148029 ], [ -76.300685601231635, 7.923065423415321 ], [ -76.300685348578213, 7.923201364686964 ], [ -76.30071236074069, 7.923337360889446 ], [ -76.300821245823499, 7.923446316934485 ], [ -76.30082098602449, 7.9235822591468 ], [ -76.300875271270954, 7.923718309252265 ], [ -76.301011625979896, 7.923718560948354 ], [ -76.301093085039085, 7.923909030007319 ], [ -76.301065560644645, 7.924044928134245 ], [ -76.300956676199704, 7.923935971336484 ], [ -76.300867104724205, 7.923882161694649 ], [ -76.300820482856551, 7.923854151570803 ], [ -76.300657006627631, 7.923772279670373 ], [ -76.300575404307821, 7.923663367548299 ], [ -76.300439147925246, 7.923608741551012 ], [ -76.300302792197215, 7.923608480625115 ], [ -76.300211783699311, 7.923517400581924 ], [ -76.300166698360655, 7.923472288180755 ], [ -76.300085095316206, 7.923363375890882 ], [ -76.299976210371625, 7.923254418660479 ], [ -76.29978541729227, 7.923199685158716 ], [ -76.299649069838395, 7.923199432932181 ], [ -76.299607729954758, 7.923199352124374 ], [ -76.299512715052359, 7.923199172587553 ], [ -76.299493948587397, 7.923199136971935 ], [ -76.299376360320039, 7.92319892123224 ], [ -76.299240013724571, 7.923198669767503 ], [ -76.299157996861567, 7.923307266858743 ], [ -76.299157736567906, 7.923443218329532 ], [ -76.299130213177307, 7.923579105724103 ], [ -76.299129960994392, 7.923715048098484 ], [ -76.299156918576813, 7.923878235810037 ], [ -76.299156668255407, 7.924014178164924 ], [ -76.299049678887144, 7.924031749054691 ], [ -76.298992995018978, 7.924041064796978 ], [ -76.298884064766739, 7.923959291160896 ], [ -76.298802452745988, 7.923850378593706 ], [ -76.298829978046868, 7.923714491156297 ], [ -76.298829978279073, 7.923713951783644 ], [ -76.298830282751922, 7.92355135662912 ], [ -76.298721361751959, 7.923469583714202 ], [ -76.298665954028337, 7.923469485067518 ], [ -76.298585006823586, 7.923469332135635 ], [ -76.298448651884115, 7.923469081415647 ], [ -76.298339416945581, 7.923550441232815 ], [ -76.298339165397209, 7.923686382803059 ], [ -76.29833890481305, 7.923822325347842 ], [ -76.298338653373307, 7.923958275950872 ], [ -76.298338392818536, 7.924094217590892 ], [ -76.298174513054249, 7.924229855259671 ], [ -76.298065582810295, 7.924148081363561 ], [ -76.297987331393671, 7.924017493012221 ], [ -76.297984034300498, 7.924011986279854 ], [ -76.297875257201611, 7.923848654888203 ], [ -76.297711683276376, 7.923821156781526 ], [ -76.297575229377316, 7.923875281029833 ], [ -76.297509005058615, 7.923875154976054 ], [ -76.297438873182287, 7.923875020102818 ], [ -76.297357314951867, 7.923738924866744 ], [ -76.297248493713212, 7.92360277713776 ], [ -76.297139618189476, 7.923493819715617 ], [ -76.296975891168984, 7.923547889561722 ], [ -76.296921094017407, 7.923683732844717 ], [ -76.296730093796342, 7.923737749337898 ], [ -76.296593845528534, 7.923683121816611 ], [ -76.296430271565015, 7.923655624950235 ], [ -76.29621200813969, 7.923709595043452 ], [ -76.296184430229246, 7.923872675740065 ], [ -76.296102414065487, 7.923981272595308 ], [ -76.295938732005197, 7.924008159971778 ], [ -76.295747840253441, 7.92400779983926 ], [ -76.295611484688948, 7.924007540129659 ], [ -76.295447918713876, 7.923980050968947 ], [ -76.295311564024303, 7.92397979114991 ], [ -76.295175110340708, 7.924033913849475 ], [ -76.295116278989639, 7.92409234979095 ], [ -76.29506582075102, 7.92414246715684 ], [ -76.294929258841691, 7.924250965231115 ], [ -76.294874461806657, 7.924386807643954 ], [ -76.294874210136058, 7.924522749668194 ], [ -76.294873950335727, 7.924658692659729 ], [ -76.294873688734214, 7.924794634761508 ], [ -76.294846111261791, 7.924957714697928 ], [ -76.294828503617993, 7.925001382426162 ], [ -76.294620714705673, 7.925125142802637 ], [ -76.29444484332295, 7.925299864801207 ], [ -76.294210274274889, 7.925532797608884 ], [ -76.294268144085194, 7.925882970196389 ], [ -76.294443387372525, 7.926058321599224 ], [ -76.294500887997842, 7.926583549258567 ], [ -76.294383064888351, 7.926991751803895 ], [ -76.294265358834608, 7.927341600892991 ], [ -76.294185373212855, 7.927657987704342 ], [ -76.294077287812428, 7.927729538101805 ], [ -76.294022491302101, 7.927865372549403 ], [ -76.293913102593294, 7.928028299658066 ], [ -76.293912842108256, 7.928164250898416 ], [ -76.293912743049617, 7.928215770416549 ], [ -76.293912590630981, 7.92830019303223 ], [ -76.293966821630661, 7.928463426098148 ], [ -76.293939189706506, 7.928653698450542 ], [ -76.293857119727804, 7.928789487713414 ], [ -76.293720611637895, 7.928870793864047 ], [ -76.29350228492433, 7.928951957007474 ], [ -76.293365930134556, 7.928951696304038 ], [ -76.293229584395149, 7.928951436387457 ], [ -76.29306580260085, 7.929032697128025 ], [ -76.292956558669317, 7.929114058406292 ], [ -76.292819996618832, 7.929222555748193 ], [ -76.292737980632907, 7.929331153602698 ], [ -76.292628692020969, 7.929439706157559 ], [ -76.292492129781778, 7.929548205276405 ], [ -76.292328349346363, 7.929629465866133 ], [ -76.29219194873437, 7.929656397999027 ], [ -76.292105790724932, 7.929699140016761 ], [ -76.29202816809223, 7.929737650380978 ], [ -76.291837005605743, 7.929873232964074 ], [ -76.291700605727385, 7.929900164974193 ], [ -76.291673072946779, 7.930036062113026 ], [ -76.291781796358109, 7.930226585025043 ], [ -76.291890671799479, 7.930335550916034 ], [ -76.291972283551203, 7.930444454201202 ], [ -76.292108683540391, 7.930417522036095 ], [ -76.292245038984049, 7.930417782954559 ], [ -76.29240881969119, 7.930336521362128 ], [ -76.29249084495008, 7.930227924291499 ], [ -76.292654670977313, 7.930119478568672 ], [ -76.292845670524059, 7.93006545534423 ], [ -76.292982025744934, 7.930065715164637 ], [ -76.293118380954752, 7.930065975843606 ], [ -76.29325473607436, 7.930066227443558 ], [ -76.293391092153783, 7.930066488025659 ], [ -76.293473116970745, 7.929957880949951 ], [ -76.293582351852265, 7.92987652136733 ], [ -76.293691586671088, 7.929795159966526 ], [ -76.293827941703128, 7.929795421352272 ], [ -76.294046215181851, 7.9297414501257 ], [ -76.294182570148379, 7.929741711402174 ], [ -76.294318925916457, 7.929741961785622 ], [ -76.294371898847388, 7.929742060980214 ], [ -76.294455280846449, 7.929742222972379 ], [ -76.294591635679012, 7.929742474176734 ], [ -76.29472788362915, 7.929797109783136 ], [ -76.294864185021183, 7.929824553110208 ], [ -76.295000539905075, 7.929824814106578 ], [ -76.295074121063834, 7.929824948776109 ], [ -76.295136895597665, 7.929825065113373 ], [ -76.295300676063746, 7.929743812637956 ], [ -76.295304413085731, 7.929739356935055 ], [ -76.295437336772252, 7.929580930327035 ], [ -76.295546580952106, 7.929499570346857 ], [ -76.295557288850432, 7.929494251731623 ], [ -76.29571036206714, 7.929418316884117 ], [ -76.295819651350584, 7.929309764741255 ], [ -76.295928886295243, 7.929228403888228 ], [ -76.296038121126799, 7.929147034893129 ], [ -76.296147356888184, 7.929065674913637 ], [ -76.296338463535548, 7.928957284158948 ], [ -76.296447699091189, 7.928875914207101 ], [ -76.296638698798532, 7.92882189869383 ], [ -76.296775053946021, 7.928822150201369 ], [ -76.296966053526475, 7.928768134565151 ], [ -76.297157206664437, 7.928632552371225 ], [ -76.297293759527435, 7.928524044267105 ], [ -76.297457442135851, 7.928497167415432 ], [ -76.297593895531648, 7.928443042597574 ], [ -76.297730349796637, 7.928388919549089 ], [ -76.297866858252704, 7.928307613356623 ], [ -76.298030593905551, 7.928253544193 ], [ -76.298166939616152, 7.9282537953919 ], [ -76.298275825228458, 7.928362751833687 ], [ -76.298275519272664, 7.928525886434834 ], [ -76.29841187500783, 7.928526137437391 ], [ -76.298548220836395, 7.928526398411619 ], [ -76.298657464778316, 7.928445037968047 ], [ -76.298793864574009, 7.928418096812242 ], [ -76.298794126206332, 7.928282155241381 ], [ -76.298930526004384, 7.928255224003763 ], [ -76.299066934821084, 7.928228291753391 ], [ -76.299203290365554, 7.928228544343003 ], [ -76.299367169770633, 7.928092906688218 ], [ -76.299394693598671, 7.927957010169662 ], [ -76.299285764740432, 7.927875245217238 ], [ -76.299149561667761, 7.927793418151179 ], [ -76.299038988789448, 7.927793211377898 ], [ -76.299013207173232, 7.927793166381208 ], [ -76.298876905879922, 7.927765723355741 ], [ -76.298740757073304, 7.927656712112882 ], [ -76.298604509037503, 7.927602075947016 ], [ -76.298577487599786, 7.927466080435427 ], [ -76.29854262425718, 7.927439913103793 ], [ -76.298468558085716, 7.927384316058165 ], [ -76.298417058207463, 7.927358525391874 ], [ -76.298305092027135, 7.927302442628966 ], [ -76.298230514203382, 7.927209144192299 ], [ -76.298196260992128, 7.927166294842037 ], [ -76.298196522084524, 7.927030353191591 ], [ -76.298158100650909, 7.927001517140891 ], [ -76.2980875917699, 7.92694857870454 ], [ -76.29806057062018, 7.926812583068416 ], [ -76.298060830898962, 7.926676641405089 ], [ -76.298197231255855, 7.926649709693892 ], [ -76.298333587287502, 7.926649960969092 ], [ -76.298362053968731, 7.926650014575181 ], [ -76.298366024981505, 7.926650023765406 ], [ -76.298469941567802, 7.926650222151334 ], [ -76.2986062966567, 7.926650473344048 ], [ -76.298742500058736, 7.926732291749503 ], [ -76.298849748570362, 7.926818171173441 ], [ -76.298878647546672, 7.926841302224412 ], [ -76.298886903533045, 7.926842964224858 ], [ -76.299014950328768, 7.926868746264462 ], [ -76.299151304510289, 7.926868997255679 ], [ -76.299256622712988, 7.926974396800468 ], [ -76.299260180770574, 7.926977962594565 ], [ -76.299341792855373, 7.927086865728231 ], [ -76.299450721511036, 7.927168638879998 ], [ -76.299587069397163, 7.927168890641123 ], [ -76.299696411951174, 7.927033155057207 ], [ -76.299723935727926, 7.926897257681118 ], [ -76.299642431836901, 7.926733972251117 ], [ -76.299566182579909, 7.926632219177878 ], [ -76.299560819805336, 7.926625069178911 ], [ -76.299560838304799, 7.926616139154954 ], [ -76.299561079607898, 7.926489126812834 ], [ -76.299561332114848, 7.92635317637287 ], [ -76.299561591954003, 7.926217234005477 ], [ -76.29969814520615, 7.926108734706807 ], [ -76.29983455504393, 7.926081804305881 ], [ -76.299998128745003, 7.92610929212197 ], [ -76.300134376202408, 7.926163927960337 ], [ -76.300187897515045, 7.926164025861103 ], [ -76.300313751732588, 7.926118660620936 ], [ -76.300450151975753, 7.926106561425517 ], [ -76.300561570282085, 7.926193292667836 ], [ -76.300511677845336, 7.926353893751187 ], [ -76.300488447074429, 7.926404604342444 ], [ -76.300449433248161, 7.926489747433656 ], [ -76.300449182174674, 7.926625724848599 ], [ -76.300448921087181, 7.926761694211212 ], [ -76.30044866997828, 7.926897662590719 ], [ -76.300411147084915, 7.927070650641324 ], [ -76.300336479040965, 7.927218836720507 ], [ -76.300298984394473, 7.927379465133381 ], [ -76.300249090983542, 7.927540066285508 ], [ -76.300248830852738, 7.927676034759723 ], [ -76.300248578902682, 7.927812004072011 ], [ -76.300246495349725, 7.92782095136813 ], [ -76.300211083339548, 7.927972630709633 ], [ -76.300124082226773, 7.928083717078404 ], [ -76.300048776106848, 7.928179882100764 ], [ -76.300037089227217, 7.928194803383 ], [ -76.300024431307136, 7.928330753643997 ], [ -76.300126372234402, 7.928337716011225 ], [ -76.300210382555264, 7.928343465340855 ], [ -76.300346909292017, 7.928269552363569 ], [ -76.300495732616341, 7.928245107853924 ], [ -76.300619555920179, 7.928331867847424 ], [ -76.300681270602624, 7.928480314004424 ], [ -76.300762281357905, 7.928579407895008 ], [ -76.300792598607828, 7.928616489645413 ], [ -76.30085315373924, 7.928602234180714 ], [ -76.301053082696782, 7.9285551714442 ], [ -76.301202087347519, 7.928431840813817 ], [ -76.301351080839709, 7.928320863348836 ], [ -76.301450471250888, 7.928209805038822 ], [ -76.301611791381333, 7.928135936295496 ], [ -76.301630600639228, 7.928124051957119 ], [ -76.30174833404952, 7.928049661635989 ], [ -76.301897301799187, 7.927951053642991 ], [ -76.30192330824508, 7.927880159244781 ], [ -76.30194714984502, 7.927815175331057 ], [ -76.302083693225299, 7.927728900625286 ], [ -76.302046800325343, 7.927568137911618 ], [ -76.30196026533207, 7.92743200719149 ], [ -76.302022653195252, 7.927221981366222 ], [ -76.302109718253647, 7.927073813423982 ], [ -76.302230990140757, 7.92690520785471 ], [ -76.302357913331093, 7.926950663415786 ], [ -76.302432024129075, 7.927099137284672 ], [ -76.302543423862332, 7.927198229978737 ], [ -76.302679806687379, 7.92719848134274 ], [ -76.302816206811926, 7.927186372218766 ], [ -76.302989860249113, 7.927149612725554 ], [ -76.303027302006598, 7.92701371636533 ], [ -76.303027311348657, 7.927012162331578 ], [ -76.303027562137984, 7.926877738316876 ], [ -76.303139348554851, 7.926766697195737 ], [ -76.303176799329009, 7.92663079987912 ], [ -76.303152256720381, 7.926494777440949 ], [ -76.303028415751427, 7.926420387670667 ], [ -76.302892034064698, 7.926420127274428 ], [ -76.302793029633747, 7.926321060951968 ], [ -76.302793290842303, 7.926185082861212 ], [ -76.302929826362671, 7.926098818160608 ], [ -76.302954880304895, 7.925962884600471 ], [ -76.302893120156213, 7.925839159919435 ], [ -76.302881002015667, 7.925690812238122 ], [ -76.30301747353974, 7.925641619965183 ], [ -76.303166325382676, 7.925604807182283 ], [ -76.303278093312585, 7.925506126620503 ], [ -76.303315588711413, 7.925345508395431 ], [ -76.303328282272744, 7.925184835803591 ], [ -76.303365777593314, 7.925024207654467 ], [ -76.303366057096824, 7.924875878223538 ], [ -76.303366307510828, 7.924739909322818 ], [ -76.303366568816685, 7.924603940335165 ], [ -76.303366820101374, 7.924467962391843 ], [ -76.303367072375408, 7.924331992571319 ], [ -76.303490939953406, 7.924394030997834 ], [ -76.303490688627505, 7.924529999890747 ], [ -76.303502825079946, 7.924665996076159 ], [ -76.303539773251956, 7.924802036613255 ], [ -76.303651190508077, 7.924888768723468 ], [ -76.303787573333423, 7.924889020932995 ], [ -76.303924027094538, 7.924852189847942 ], [ -76.304060399968463, 7.924852450182546 ], [ -76.304097851325878, 7.924716543927099 ], [ -76.304234304966556, 7.924679712774646 ], [ -76.304258846579216, 7.924815726933159 ], [ -76.304209000276487, 7.92495160597384 ], [ -76.304109627773798, 7.925050312944621 ], [ -76.303973245851992, 7.925050061759003 ], [ -76.303836863904621, 7.925049809625136 ], [ -76.303675570979905, 7.925111318084909 ], [ -76.30360095716587, 7.92523478221996 ], [ -76.303575830611877, 7.925407798090279 ], [ -76.303662366204961, 7.925543928433084 ], [ -76.303649691034749, 7.92569223963976 ], [ -76.303513245048336, 7.925729061658781 ], [ -76.303376862828827, 7.925728811272732 ], [ -76.303265113108225, 7.925815129623002 ], [ -76.303178119704171, 7.925926224197499 ], [ -76.303301916799668, 7.926025334921744 ], [ -76.303376073057919, 7.926149086693293 ], [ -76.303363424233609, 7.926285038332184 ], [ -76.303363173121824, 7.926421007232498 ], [ -76.303424931729296, 7.92654473176157 ], [ -76.303437076649487, 7.926680727857838 ], [ -76.303424419667536, 7.926816669621385 ], [ -76.303337381656732, 7.926952487053494 ], [ -76.303312327845191, 7.927088410666793 ], [ -76.303352196154052, 7.927132734446758 ], [ -76.303423683136117, 7.927212225796471 ], [ -76.303560065846924, 7.927212476869289 ], [ -76.303696447712625, 7.927212737841909 ], [ -76.303832830386753, 7.927212988825022 ], [ -76.303969274859824, 7.927176158397192 ], [ -76.304105819206143, 7.927089884173719 ], [ -76.304193728151674, 7.927002567635625 ], [ -76.304250789395581, 7.926960059326712 ], [ -76.304387243301605, 7.926905936439446 ], [ -76.304523598604263, 7.926906188356375 ], [ -76.304659953953546, 7.926906448359145 ], [ -76.304823527554831, 7.926933935814763 ], [ -76.304868579389094, 7.926926533810071 ], [ -76.304987200560475, 7.926907050187219 ], [ -76.305150882565741, 7.926880162625142 ], [ -76.305287283401512, 7.926853232347226 ], [ -76.305396518561508, 7.92677186186872 ], [ -76.305450813185502, 7.926907912316832 ], [ -76.305424061110585, 7.927066078964927 ], [ -76.305423234048305, 7.927070992239249 ], [ -76.305313901309106, 7.927206736634835 ], [ -76.305204557558781, 7.927342472082734 ], [ -76.305258852275472, 7.927478521644603 ], [ -76.305367780648211, 7.927560287306327 ], [ -76.305504137005826, 7.927560546935746 ], [ -76.305640536998737, 7.927533607432779 ], [ -76.305695333512972, 7.927397763966623 ], [ -76.305695585745298, 7.92726182156983 ], [ -76.305695837097062, 7.927125880082984 ], [ -76.305728715703864, 7.927071478065022 ], [ -76.305777906569432, 7.926990081134509 ], [ -76.305914262618174, 7.926990332575918 ], [ -76.306050617742443, 7.926990583979695 ], [ -76.306126794824749, 7.927047770682547 ], [ -76.306159547901913, 7.927072358443452 ], [ -76.306295903012924, 7.927072608852081 ], [ -76.30643225812004, 7.927072861022691 ], [ -76.306514273656489, 7.926964254852257 ], [ -76.306514283236794, 7.926956269077113 ], [ -76.306514525677684, 7.92682831256356 ], [ -76.306514776818332, 7.926692371184812 ], [ -76.306515028869001, 7.926556427991377 ], [ -76.306515279966916, 7.926420476673842 ], [ -76.306542805051578, 7.926284588786301 ], [ -76.30657032915758, 7.926148691876808 ], [ -76.306570581270861, 7.926012749591453 ], [ -76.306570831597455, 7.925876808223242 ], [ -76.306734262606199, 7.92598586430274 ], [ -76.306734002380836, 7.926121805727558 ], [ -76.306733751242319, 7.926257747983112 ], [ -76.3067334992882, 7.926393699279258 ], [ -76.306733248179157, 7.926529640630076 ], [ -76.306732887951256, 7.926719957685821 ], [ -76.306732636965663, 7.926855908972482 ], [ -76.306782987032804, 7.926956771661145 ], [ -76.306814150343129, 7.927019187274238 ], [ -76.306923079660351, 7.927100959672772 ], [ -76.307004692297824, 7.927209863177498 ], [ -76.307086304142459, 7.927318774785851 ], [ -76.307222604658165, 7.927346208630135 ], [ -76.307358959737684, 7.927346461362511 ], [ -76.307468248899056, 7.927237907591225 ], [ -76.307550309582112, 7.927102119429264 ], [ -76.307632325641862, 7.926993513149494 ], [ -76.307768682347216, 7.926993763973944 ], [ -76.307877610777254, 7.927075528827198 ], [ -76.307877360217148, 7.927211479957728 ], [ -76.30795897215657, 7.927320383169167 ], [ -76.308013256759878, 7.927456432988947 ], [ -76.308018781705997, 7.92746379022536 ], [ -76.308094868792054, 7.927565335234561 ], [ -76.308111568535921, 7.927587613739567 ], [ -76.308213015039897, 7.927648555299971 ], [ -76.308356008836185, 7.927601331366789 ], [ -76.308368180615517, 7.927458876395725 ], [ -76.308368451246722, 7.927316394057941 ], [ -76.308368514400513, 7.92728077644544 ], [ -76.308332985062037, 7.927173849746677 ], [ -76.308321118859041, 7.927150089100251 ], [ -76.308261758138656, 7.927054992888269 ], [ -76.308261793867146, 7.927031242440536 ], [ -76.308262018911094, 7.926912512419305 ], [ -76.308226552844573, 7.926769967163875 ], [ -76.308274459823608, 7.926627584135731 ], [ -76.308369969026103, 7.926497148690816 ], [ -76.308381899349044, 7.926485299853364 ], [ -76.30851290016578, 7.926485541570733 ], [ -76.308643766516838, 7.926557021229392 ], [ -76.308655651079945, 7.926568914774113 ], [ -76.308714976047668, 7.926687762263849 ], [ -76.308809999544735, 7.926818538927297 ], [ -76.308857575258386, 7.926854246724869 ], [ -76.308940866037901, 7.926890018426824 ], [ -76.309024211593098, 7.926902045848741 ], [ -76.30908375240783, 7.926902154334417 ], [ -76.309155410818292, 7.926795433577643 ], [ -76.309131632523844, 7.926771637571616 ], [ -76.309072245309011, 7.926688417714754 ], [ -76.309072334870947, 7.926640923939956 ], [ -76.309001097910212, 7.926522059204168 ], [ -76.308977364535068, 7.92647452893674 ], [ -76.308965632682316, 7.926379523127621 ], [ -76.309001538631463, 7.926284597595943 ], [ -76.309072991353887, 7.926284733396449 ], [ -76.309168346669949, 7.92623741920398 ], [ -76.309204081590252, 7.926237482055948 ], [ -76.309370710380051, 7.926285281185508 ], [ -76.309406354850879, 7.92633283778525 ], [ -76.309477673215682, 7.926404208726569 ], [ -76.309584698286571, 7.926487518650792 ], [ -76.309596610281744, 7.926487545908278 ], [ -76.30972752138257, 7.926535272855539 ], [ -76.309739424316163, 7.926535300180407 ], [ -76.309834743822663, 7.926511728123559 ], [ -76.309918323099339, 7.926393151325751 ], [ -76.309918547727634, 7.926274419689912 ], [ -76.309918789751265, 7.926143813755858 ], [ -76.309978725876704, 7.925930204029899 ], [ -76.310169446843773, 7.925835575281111 ], [ -76.310276840729145, 7.92571704313785 ], [ -76.310455327155594, 7.925800477549522 ], [ -76.310455148279956, 7.925895465875135 ], [ -76.310454815156817, 7.926073566369511 ], [ -76.31054980313688, 7.926228084733435 ], [ -76.310645159046302, 7.926180771173041 ], [ -76.310692796821456, 7.926180861201619 ], [ -76.310656900302561, 7.926275776706699 ], [ -76.310597179967189, 7.926370656727251 ], [ -76.310489975040198, 7.926382326428928 ], [ -76.31040662966798, 7.926370298371894 ], [ -76.310347331862062, 7.926239593193168 ], [ -76.310347592015674, 7.926097111207786 ], [ -76.310359719400694, 7.925978398804285 ], [ -76.310228664165649, 7.926013783217873 ], [ -76.310168898952469, 7.926132405547807 ], [ -76.310049521797126, 7.926286529897581 ], [ -76.310073093769006, 7.926417181348896 ], [ -76.310001183614688, 7.926666382301361 ], [ -76.309846296036085, 7.926701722211109 ], [ -76.309667711271544, 7.926677646591585 ], [ -76.309501181959661, 7.926570477854889 ], [ -76.309346519003611, 7.926487078651652 ], [ -76.30928708610611, 7.926427601198336 ], [ -76.309156093628502, 7.926427367783539 ], [ -76.309191531569041, 7.926581779103559 ], [ -76.309310335240795, 7.926736351587002 ], [ -76.30932184156562, 7.926950088155607 ], [ -76.309226306192457, 7.927092389983363 ], [ -76.309011887337547, 7.927127613012656 ], [ -76.308857063315813, 7.927127326022173 ], [ -76.308726177531355, 7.927067722654505 ], [ -76.308607222934825, 7.926996262244964 ], [ -76.308500000171932, 7.927019805836744 ], [ -76.308547278842354, 7.927209872177157 ], [ -76.308570813866027, 7.927364265296179 ], [ -76.308570571509676, 7.927494863268223 ], [ -76.308606072695213, 7.927613665211017 ], [ -76.308605705128514, 7.927815507410976 ], [ -76.308581620518808, 7.927957935095969 ], [ -76.308712262728122, 7.928148152625704 ], [ -76.308831020380978, 7.928326469320788 ], [ -76.308830778297448, 7.92845707538498 ], [ -76.30872342001966, 7.928551856259375 ], [ -76.308568542295092, 7.92858718690544 ], [ -76.308556413693822, 7.928705898591553 ], [ -76.308710988141584, 7.928836793400141 ], [ -76.30885378394035, 7.928896422907047 ], [ -76.308925019684494, 7.929015279389571 ], [ -76.309020438571608, 7.928932347382593 ], [ -76.3090803840701, 7.92871873557335 ], [ -76.309199562979032, 7.928671466612305 ], [ -76.30931847255836, 7.928766669879992 ], [ -76.309342026518408, 7.928909196610705 ], [ -76.309484804937043, 7.928980693830383 ], [ -76.309687258650087, 7.92898107128718 ], [ -76.30986591557685, 7.928969527960088 ], [ -76.31006849502603, 7.928898660195365 ], [ -76.310211299921377, 7.928958289977121 ], [ -76.310330227958204, 7.929041617621824 ], [ -76.310437262169529, 7.929124926900557 ], [ -76.310556306925776, 7.929148895406996 ], [ -76.310723034370511, 7.929149199683099 ], [ -76.310865937760823, 7.929149460355119 ], [ -76.31088962701017, 7.929220741716107 ], [ -76.310746624384237, 7.929267974832958 ], [ -76.310567966607067, 7.929279518589089 ], [ -76.310377496955596, 7.929243550309891 ], [ -76.310258559771242, 7.92916022187595 ], [ -76.310187260696239, 7.929076975206349 ], [ -76.310044374570595, 7.929064839091915 ], [ -76.31000836127302, 7.929219124602136 ], [ -76.309901139128158, 7.929242669654453 ], [ -76.309829793624658, 7.929183174298663 ], [ -76.309698793021155, 7.929182932438583 ], [ -76.309603365301498, 7.929265872771079 ], [ -76.309496205159348, 7.929253800170496 ], [ -76.309317727760899, 7.929170354965344 ], [ -76.309186798267362, 7.929134495295987 ], [ -76.308948456705266, 7.92921716622375 ], [ -76.308817392930251, 7.929252541683825 ], [ -76.308781801950289, 7.929181242667839 ], [ -76.308770160194783, 7.929038743084644 ], [ -76.308663088641879, 7.928979176451982 ], [ -76.308448786702485, 7.928943161750547 ], [ -76.308389399997495, 7.928859941867894 ], [ -76.308306261408092, 7.928741058782219 ], [ -76.308306593179736, 7.928562958844088 ], [ -76.308449650329649, 7.928480117146537 ], [ -76.30860453702816, 7.928444776547536 ], [ -76.308604735358685, 7.928337921860708 ], [ -76.30853339107361, 7.928278427035055 ], [ -76.308462216860619, 7.928123943755522 ], [ -76.308462378604744, 7.928040832274406 ], [ -76.308403008585884, 7.927945736224077 ], [ -76.308212511941065, 7.927921633788196 ], [ -76.308088464323887, 7.927832952263614 ], [ -76.308067093038147, 7.927837175055416 ], [ -76.307930836850687, 7.927782547966291 ], [ -76.30779463421608, 7.927700728936243 ], [ -76.307658233634456, 7.927727660988021 ], [ -76.307521626902059, 7.927863350554054 ], [ -76.307412392185, 7.927944720631117 ], [ -76.307276036922175, 7.927944468900969 ], [ -76.307139680742083, 7.927944218036563 ], [ -76.307003326348664, 7.927943966209513 ], [ -76.306866971038005, 7.927943715248225 ], [ -76.306730615701767, 7.92794346333871 ], [ -76.30659426028221, 7.927943203253696 ], [ -76.306485330760978, 7.927861438063478 ], [ -76.306348975407573, 7.92786118692077 ], [ -76.306212467224285, 7.927942502405456 ], [ -76.306130405939101, 7.928078290548062 ], [ -76.305912034657311, 7.928186646431658 ], [ -76.305775527153571, 7.928267961844059 ], [ -76.305639170584314, 7.928267700593032 ], [ -76.305502815895636, 7.928267450123644 ], [ -76.30536646117416, 7.928267197802592 ], [ -76.305230105542648, 7.928266947250701 ], [ -76.305093803574124, 7.928239502893711 ], [ -76.305085422904028, 7.928225525116921 ], [ -76.305012245587847, 7.928103407834812 ], [ -76.305012497956881, 7.927967466253075 ], [ -76.304876240745273, 7.927912830793449 ], [ -76.304739886063601, 7.927912579121794 ], [ -76.304521972709495, 7.927776233065986 ], [ -76.304440370326247, 7.927667329676961 ], [ -76.304303807737099, 7.927775829411005 ], [ -76.304249010683066, 7.92791167199684 ], [ -76.304248758960952, 7.928047613674488 ], [ -76.304357589906346, 7.928183762584035 ], [ -76.304439202393127, 7.928292664971557 ], [ -76.304575296696257, 7.928428868331603 ], [ -76.304711499407574, 7.928510685868466 ], [ -76.304847702175536, 7.92859250514501 ], [ -76.304888161812713, 7.928663391193049 ], [ -76.304956434172212, 7.928783028568935 ], [ -76.30498345510162, 7.928919024588806 ], [ -76.304983194703937, 7.929054967137717 ], [ -76.304982943378718, 7.929190908710592 ], [ -76.304982692151228, 7.929326860220276 ], [ -76.305173286950392, 7.929490344017258 ], [ -76.305282163270036, 7.929599301423541 ], [ -76.305391047788049, 7.929708256905579 ], [ -76.305418059974201, 7.929844252880438 ], [ -76.305390535721045, 7.929980150854103 ], [ -76.305281300791037, 7.930061510821885 ], [ -76.305144944540331, 7.930061258678726 ], [ -76.30500859009797, 7.930061008283121 ], [ -76.304954304719061, 7.929924957825611 ], [ -76.304954555954268, 7.929789016252673 ], [ -76.304900154197824, 7.929716414197432 ], [ -76.304900163323367, 7.92970734967901 ], [ -76.304884604827336, 7.929695663183167 ], [ -76.304863853560676, 7.929680086058171 ], [ -76.304791234192379, 7.929625576869067 ], [ -76.304655031002412, 7.929543757712787 ], [ -76.304628019107795, 7.929407761575316 ], [ -76.30449170770757, 7.929380327169639 ], [ -76.304437270523763, 7.929325845145133 ], [ -76.304382833347162, 7.929271362204066 ], [ -76.304274055752401, 7.929108029584241 ], [ -76.30427430732253, 7.928972087915476 ], [ -76.304274558910976, 7.928836146246027 ], [ -76.30422027406955, 7.92870009642377 ], [ -76.304138759929813, 7.928536809215165 ], [ -76.304057157390503, 7.928427906677773 ], [ -76.303977944333411, 7.928368447081013 ], [ -76.303948218802901, 7.92834613261097 ], [ -76.303833548849724, 7.928231373347912 ], [ -76.303568751967973, 7.928117637695738 ], [ -76.303217188034765, 7.928350354554811 ], [ -76.303274958009368, 7.928758899876387 ], [ -76.303314915352445, 7.928922142317306 ], [ -76.303338675698001, 7.929005648856556 ], [ -76.303314439407416, 7.929172546725269 ], [ -76.303290248258975, 7.929315594582793 ], [ -76.303230176721897, 7.929458580347202 ], [ -76.3032594353147, 7.929599650850855 ], [ -76.30319552932616, 7.929726484211276 ], [ -76.303036212563157, 7.929789654329801 ], [ -76.302972424214005, 7.929853048168535 ], [ -76.302908642733627, 7.929916396777402 ], [ -76.302844755011293, 7.930011493083099 ], [ -76.302780911874578, 7.930106615237064 ], [ -76.30265354936526, 7.930106373102158 ], [ -76.302558165604481, 7.930042690551799 ], [ -76.302430918796063, 7.929978973561548 ], [ -76.302335418675625, 7.929978793731377 ], [ -76.302208028633046, 7.930010288599045 ], [ -76.302112197261323, 7.930168833091368 ], [ -76.302080064332728, 7.930327492738162 ], [ -76.302016094965694, 7.930486055419158 ], [ -76.301983962928858, 7.930644715074616 ], [ -76.301824277681774, 7.930898345694356 ], [ -76.301792090899667, 7.931088742758832 ], [ -76.30179160561616, 7.931342679242754 ], [ -76.301695594389571, 7.931596426164371 ], [ -76.301504532211865, 7.931627804795824 ], [ -76.301345511513134, 7.931532295629602 ], [ -76.30134578060688, 7.931391431361075 ], [ -76.301351772612676, 7.931386462629672 ], [ -76.301433789382799, 7.931277856587729 ], [ -76.301488694384318, 7.931087638774044 ], [ -76.301570711145203, 7.930979040873567 ], [ -76.301598288750341, 7.930815952391154 ], [ -76.301598540065157, 7.930680010378241 ], [ -76.301598792304432, 7.930544068357487 ], [ -76.301626325127373, 7.930408170956126 ], [ -76.301653849866753, 7.930272282658452 ], [ -76.301763085031368, 7.930190922433091 ], [ -76.301872320075532, 7.930109553162326 ], [ -76.301954489203553, 7.929919389203772 ], [ -76.301954748598234, 7.92978343723194 ], [ -76.301955000841417, 7.929647495254475 ], [ -76.301935848799658, 7.92963790064549 ], [ -76.301791524507479, 7.929565623024914 ], [ -76.30165516976902, 7.929565370556511 ], [ -76.301518815026654, 7.929565119850058 ], [ -76.301382460258779, 7.929564868195367 ], [ -76.301354935380857, 7.929700757399599 ], [ -76.301327356587251, 7.929863836855085 ], [ -76.301217869881796, 7.930081148068536 ], [ -76.301108481849923, 7.930244076156557 ], [ -76.300917429057179, 7.930325283106466 ], [ -76.300781073057848, 7.930325032267734 ], [ -76.300644717931945, 7.930324779570158 ], [ -76.300508416744535, 7.930297336559779 ], [ -76.300399486905121, 7.930215563216871 ], [ -76.300290548107242, 7.930133798029964 ], [ -76.300154094042483, 7.930187922014934 ], [ -76.300056106211187, 7.930265770400259 ], [ -76.300017531895293, 7.930296420208099 ], [ -76.300011468956313, 7.930311466759045 ], [ -76.299962735024266, 7.930432263819939 ], [ -76.299880664680146, 7.93056805271485 ], [ -76.299771330804134, 7.93070378771206 ], [ -76.299716533847075, 7.930839632248021 ], [ -76.299661736855001, 7.930975474983984 ], [ -76.299579720407422, 7.93108408083655 ], [ -76.29944310475679, 7.93121977201911 ], [ -76.299306749089652, 7.931219510872267 ], [ -76.29917039438962, 7.93121925961088 ], [ -76.299034092780587, 7.931191816198371 ], [ -76.298925207807926, 7.931082860341393 ], [ -76.298761839882218, 7.930946602660912 ], [ -76.298707609224252, 7.930783370223056 ], [ -76.298626249270129, 7.93053851575721 ], [ -76.298626508858703, 7.930402574189133 ], [ -76.2986265446837, 7.930383547758332 ], [ -76.298626761209206, 7.930266631774452 ], [ -76.298599748289661, 7.930130636281445 ], [ -76.298463600300494, 7.930021626136837 ], [ -76.298327244063429, 7.930021373547005 ], [ -76.298190888656563, 7.930021113677853 ], [ -76.298190628880008, 7.930157056209854 ], [ -76.298187233044516, 7.930173836155153 ], [ -76.298163103868475, 7.93029295286654 ], [ -76.298053869404129, 7.930374313335501 ], [ -76.29789014209274, 7.930428382775494 ], [ -76.297770981136253, 7.930451919435948 ], [ -76.297753733342844, 7.930455323089973 ], [ -76.29750798963731, 7.930617989933625 ], [ -76.297371482376889, 7.93069930626593 ], [ -76.297371220602358, 7.930835248015478 ], [ -76.297370969719864, 7.930971189678197 ], [ -76.297370708895258, 7.931107132322642 ], [ -76.297479638763193, 7.931188905703537 ], [ -76.297484282650117, 7.931190899894999 ], [ -76.297670386537177, 7.931270831875943 ], [ -76.297724671993564, 7.931406873335798 ], [ -76.297724412315475, 7.931542824054023 ], [ -76.297642395983033, 7.931651420735252 ], [ -76.297505941705552, 7.931705545090807 ], [ -76.297369533324769, 7.931732476419624 ], [ -76.297178532726363, 7.931786500906274 ], [ -76.297014805580034, 7.931840570267371 ], [ -76.296851025132838, 7.931921831745562 ], [ -76.296741780914317, 7.932003193121859 ], [ -76.296632438229992, 7.932138927920966 ], [ -76.296495885125907, 7.932247426408469 ], [ -76.296359529714223, 7.93224717526564 ], [ -76.296223174205039, 7.932246914140379 ], [ -76.296086863877335, 7.932219470788016 ], [ -76.295950662007868, 7.932137652026911 ], [ -76.29586905890487, 7.93202874098492 ], [ -76.295787446781475, 7.931919829077147 ], [ -76.295787707119388, 7.931783887134822 ], [ -76.29576825901124, 7.931685997430116 ], [ -76.295760694753952, 7.931647891122677 ], [ -76.295679082839143, 7.931538988183518 ], [ -76.295570207249838, 7.931430022016697 ], [ -76.295433851991007, 7.931429771362319 ], [ -76.295297443278187, 7.931456702028573 ], [ -76.295257655872589, 7.931476438215703 ], [ -76.29513366234201, 7.931537963809929 ], [ -76.295024426723387, 7.931619323857336 ], [ -76.29480604586351, 7.9317276704496 ], [ -76.294669691230283, 7.931727409639543 ], [ -76.29450601774586, 7.931754295839225 ], [ -76.294500340206753, 7.931754277559796 ], [ -76.29436966307064, 7.931754035837566 ], [ -76.294205926962803, 7.931808105204227 ], [ -76.294042199857088, 7.931862175355403 ], [ -76.293878472677591, 7.931916244556028 ], [ -76.293846601410166, 7.931928884434331 ], [ -76.293612796196442, 7.931949635425797 ], [ -76.293202831837192, 7.932123862596726 ], [ -76.292968406651283, 7.932298468900881 ], [ -76.292623867802973, 7.93278717035014 ], [ -76.292540431896754, 7.932838140770675 ], [ -76.292457850391244, 7.933245823066068 ], [ -76.292511775822604, 7.933572189943932 ], [ -76.292539039697417, 7.933572244246434 ], [ -76.292729734263872, 7.933681353167992 ], [ -76.292865883111531, 7.933790364399829 ], [ -76.29300213895965, 7.933844999156749 ], [ -76.293165659621437, 7.933899689002739 ], [ -76.293301915510838, 7.933954323629981 ], [ -76.293465436148281, 7.934009005192889 ], [ -76.293656283189137, 7.93403655579701 ], [ -76.293819965039617, 7.934009679421856 ], [ -76.294010910618894, 7.933982846344476 ], [ -76.294147373700497, 7.933928721686002 ], [ -76.294283730045564, 7.933928983266235 ], [ -76.294447411699082, 7.933902104870839 ], [ -76.294583767016803, 7.933902357329031 ], [ -76.294720275170008, 7.933821050306362 ], [ -76.294884110298099, 7.933712596979438 ], [ -76.295020671612846, 7.933604097695653 ], [ -76.295129906698008, 7.933522738350851 ], [ -76.295266423636306, 7.933441431170952 ], [ -76.295457468009317, 7.933360224071714 ], [ -76.295593823910707, 7.933360475360498 ], [ -76.29573018802121, 7.933360735573945 ], [ -76.295948253988129, 7.933415524169247 ], [ -76.296111827610105, 7.933443020582645 ], [ -76.296248184371279, 7.933443273444718 ], [ -76.296384539352303, 7.93344353260017 ], [ -76.296602658535278, 7.933471130435495 ], [ -76.296739014319073, 7.933471381332731 ], [ -76.296793810605806, 7.933335537576969 ], [ -76.296821390075607, 7.933172457622899 ], [ -76.296876187237729, 7.93303661387483 ], [ -76.297012650293269, 7.932982500291338 ], [ -76.297149004954022, 7.932982751127076 ], [ -76.297285512944939, 7.932901445388846 ], [ -76.2973675285279, 7.932792838712918 ], [ -76.297470646826127, 7.932716033113119 ], [ -76.29747677270727, 7.932711478042797 ], [ -76.297613281355538, 7.932630163217803 ], [ -76.297749690858993, 7.932603230784179 ], [ -76.297886046287559, 7.932603492262697 ], [ -76.297901496643348, 7.932609681399819 ], [ -76.298022292545923, 7.932658118106879 ], [ -76.298131178044301, 7.932767084058731 ], [ -76.298212780823775, 7.932875987128255 ], [ -76.298348939094879, 7.932984996912047 ], [ -76.298348777166652, 7.933069312618761 ], [ -76.298348677958856, 7.93312093942187 ], [ -76.298348426873631, 7.933256889982691 ], [ -76.298348165766996, 7.933392831587788 ], [ -76.298211712102059, 7.933446956362458 ], [ -76.298075357344501, 7.93344669509804 ], [ -76.297939001741767, 7.933446443733485 ], [ -76.29780264604868, 7.933446183289921 ], [ -76.297666282254013, 7.933445931900285 ], [ -76.297529828378089, 7.933500054687657 ], [ -76.297447811816198, 7.933608653309165 ], [ -76.297420277716512, 7.933744550164313 ], [ -76.29742002724349, 7.933880491805368 ], [ -76.297365230285237, 7.934016334689825 ], [ -76.297228767124054, 7.934070459349098 ], [ -76.297092411121611, 7.934070197853075 ], [ -76.297018263916215, 7.934099609092304 ], [ -76.296955947858322, 7.934124320637647 ], [ -76.296930929964063, 7.934186340718676 ], [ -76.296901150737099, 7.934260165342176 ], [ -76.2968855829902, 7.934271761926224 ], [ -76.296791916057941, 7.934341525087758 ], [ -76.296655560899566, 7.934341274318541 ], [ -76.296573436601335, 7.934504246430651 ], [ -76.296736912368175, 7.93458611763293 ], [ -76.296873158565958, 7.934640753588899 ], [ -76.296872853979735, 7.934803888370107 ], [ -76.296872601657043, 7.934939830093603 ], [ -76.296981423740334, 7.935075979424482 ], [ -76.297063036136606, 7.935184889802754 ], [ -76.297171965581597, 7.93526666375285 ], [ -76.297417618751368, 7.935158362968521 ], [ -76.297526854295342, 7.935077003015624 ], [ -76.297690384382534, 7.935131683331266 ], [ -76.297799313865696, 7.935213457071653 ], [ -76.297826325754031, 7.935349452575289 ], [ -76.297853337685154, 7.93548544897256 ], [ -76.297880359619569, 7.935621445280982 ], [ -76.297743744017637, 7.935757125868972 ], [ -76.297743492190392, 7.935893077408052 ], [ -76.297743232146729, 7.936029019073613 ], [ -76.297879335072409, 7.936165221686641 ], [ -76.298015537831077, 7.936247040914315 ], [ -76.298151892537803, 7.936247291888835 ], [ -76.298288249117888, 7.9362475527416 ], [ -76.298424603788035, 7.936247803626349 ], [ -76.298561013343232, 7.936220873178953 ], [ -76.298724748794072, 7.936166803433988 ], [ -76.298915847676582, 7.936058403297769 ], [ -76.299134227505618, 7.93595005678207 ], [ -76.299243462677268, 7.935868697336032 ], [ -76.299379925813184, 7.93581457368944 ], [ -76.299516281106236, 7.935814825169961 ], [ -76.29965263728711, 7.935815076598424 ], [ -76.299598404883128, 7.935651843812003 ], [ -76.29970769370415, 7.935543291318378 ], [ -76.299809429014843, 7.935467517837796 ], [ -76.299816929524681, 7.935461930899923 ], [ -76.299980710030539, 7.935380668829597 ], [ -76.29998097123601, 7.935244727447032 ], [ -76.300117380166611, 7.935217795760981 ], [ -76.300171664642875, 7.935353837260807 ], [ -76.300035050230264, 7.935489527293695 ], [ -76.299980251561848, 7.935625370271088 ], [ -76.299980001281483, 7.93576131156548 ], [ -76.299925195357915, 7.935897156420713 ], [ -76.299870298879, 7.936087373573736 ], [ -76.299761062959973, 7.936168734067794 ], [ -76.299624599827695, 7.936222857866511 ], [ -76.299506050049303, 7.936293474121949 ], [ -76.299488091850449, 7.936304172755604 ], [ -76.299406066641595, 7.936412770937737 ], [ -76.299405816357648, 7.936548722242793 ], [ -76.29945715391392, 7.936677377902713 ], [ -76.299460100986536, 7.936684762949483 ], [ -76.299596410882387, 7.936712206313706 ], [ -76.299732712623282, 7.93673964969042 ], [ -76.29986906824702, 7.93673990996367 ], [ -76.299978006573212, 7.93682167458036 ], [ -76.299977745587299, 7.936957616858606 ], [ -76.299868358097399, 7.937120552736289 ], [ -76.29994996978651, 7.937229455750273 ], [ -76.299813713611343, 7.937174830433659 ], [ -76.299677402579292, 7.937147377279591 ], [ -76.299540993945001, 7.937174317215687 ], [ -76.299444668136005, 7.937174137616616 ], [ -76.299404639039409, 7.937174056886172 ], [ -76.299268284180428, 7.93717380464245 ], [ -76.299213997596368, 7.937037755797447 ], [ -76.299105114026005, 7.936928798829304 ], [ -76.298941637937645, 7.93684692642322 ], [ -76.298805327948457, 7.936819482844369 ], [ -76.298668973133232, 7.93681923125889 ], [ -76.298532562518929, 7.936846162729921 ], [ -76.298532311933272, 7.936982105116058 ], [ -76.298504733552775, 7.937145184986319 ], [ -76.298504473095505, 7.937281135584441 ], [ -76.298504221653246, 7.937417077979272 ], [ -76.298558507171805, 7.937553118867058 ], [ -76.298585518862424, 7.937689115053885 ], [ -76.298639812703811, 7.937825164873296 ], [ -76.298748589666786, 7.93798849710013 ], [ -76.298857420635358, 7.938124645281722 ], [ -76.298938978608987, 7.938260739723559 ], [ -76.299020582394462, 7.938369652022401 ], [ -76.299054817409754, 7.938455432020711 ], [ -76.299074875631945, 7.938505701692864 ], [ -76.299047343292145, 7.938641590405857 ], [ -76.298965174384278, 7.938831763100547 ], [ -76.298925027931801, 7.938911426130365 ], [ -76.298855677517224, 7.939049066129374 ], [ -76.29877360797822, 7.939184854692753 ], [ -76.298664157606382, 7.939374973820952 ], [ -76.298636533851038, 7.939565245779411 ], [ -76.298636273706819, 7.939701189120018 ], [ -76.2986905142171, 7.939864420982765 ], [ -76.298826869210657, 7.939864682093412 ], [ -76.298963225012699, 7.939864933214449 ], [ -76.299096228646434, 7.939944829921304 ], [ -76.29909943571505, 7.9399467523386 ], [ -76.299126395189077, 7.940109940434529 ], [ -76.299126142515092, 7.940245881842096 ], [ -76.299125882617304, 7.940381824209967 ], [ -76.299125630886081, 7.940517765609001 ], [ -76.299070726181697, 7.940707993026486 ], [ -76.298961437148932, 7.940816536918041 ], [ -76.298852192898892, 7.940897905932269 ], [ -76.298798931973622, 7.941029931558454 ], [ -76.298797395531878, 7.941033740129625 ], [ -76.298797143852553, 7.94116969060355 ], [ -76.298796883978298, 7.941305633914261 ], [ -76.29887849584199, 7.941414536001312 ], [ -76.298960000280218, 7.941577823167136 ], [ -76.299041557699439, 7.941713927228323 ], [ -76.299095851765827, 7.941849967660572 ], [ -76.299095591168793, 7.94198591003142 ], [ -76.299095339651743, 7.942121852329625 ], [ -76.299067806727592, 7.94225774925839 ], [ -76.299013008605939, 7.942393591659689 ], [ -76.29901275802294, 7.94252953395969 ], [ -76.299012496584211, 7.942665476345374 ], [ -76.2990122460306, 7.942801417740645 ], [ -76.299011984700641, 7.9429373691591 ], [ -76.298984460792497, 7.943073257005386 ], [ -76.298917949868994, 7.943155821894388 ], [ -76.298875117727391, 7.943209002269486 ], [ -76.298765820059813, 7.943317544649149 ], [ -76.298656585265292, 7.943398914715163 ], [ -76.298547341281264, 7.943480274904202 ], [ -76.29849249008906, 7.94364330134414 ], [ -76.298416698813227, 7.94376869656642 ], [ -76.298410419210214, 7.943779091144789 ], [ -76.298219204373368, 7.943941865077807 ], [ -76.298137188068438, 7.94405047178652 ], [ -76.298136926546192, 7.94418641428202 ], [ -76.298109403390001, 7.944322311242582 ], [ -76.298054596678043, 7.944458144778263 ], [ -76.297972581182933, 7.944566752408194 ], [ -76.29791767603399, 7.944756970143305 ], [ -76.297917423589297, 7.944892911689283 ], [ -76.298053724751099, 7.944920354575962 ], [ -76.298190089667827, 7.944920616050153 ], [ -76.298326499181684, 7.944893683626181 ], [ -76.298408622964729, 7.944730703443725 ], [ -76.298408882511296, 7.944594761001962 ], [ -76.298409134754579, 7.944458809582986 ], [ -76.298545750845776, 7.944323127739208 ], [ -76.298682365875692, 7.944187437762981 ], [ -76.298818775981005, 7.944160506184913 ], [ -76.298955139557265, 7.94416075757977 ], [ -76.299091494966888, 7.944161009897862 ], [ -76.299228012361539, 7.944079703043837 ], [ -76.299310135677445, 7.943916721986377 ], [ -76.299364932760128, 7.943780877711641 ], [ -76.299446948696342, 7.943672280850707 ], [ -76.299583313845744, 7.943672532993884 ], [ -76.299719569892801, 7.943727168367403 ], [ -76.299855934117417, 7.943727420420579 ], [ -76.299992290225958, 7.943727679720897 ], [ -76.30021061640079, 7.943646516890156 ], [ -76.300319913510194, 7.943537965216917 ], [ -76.300456323995093, 7.943511033223812 ], [ -76.300592678987044, 7.943511285135702 ], [ -76.300674748958869, 7.943375496121134 ], [ -76.300675008846483, 7.943239553969772 ], [ -76.300675260596861, 7.943103611882564 ], [ -76.300675520521096, 7.942967669729883 ], [ -76.300675773134842, 7.942831717696617 ], [ -76.300676033102903, 7.942695776446008 ], [ -76.300676384044479, 7.942505459339747 ], [ -76.300676464559729, 7.942463381553877 ], [ -76.301084209892736, 7.942174178567176 ], [ -76.301290292397965, 7.94223330638822 ], [ -76.301378659827265, 7.942061530219638 ], [ -76.301432981109912, 7.942034598109096 ], [ -76.301433232034597, 7.941899357212974 ], [ -76.301379171965479, 7.941791082662795 ], [ -76.301379323522454, 7.941709946604969 ], [ -76.301379782705553, 7.941466531166802 ], [ -76.301380195574851, 7.941250190258608 ], [ -76.301326341828812, 7.941033704995453 ], [ -76.301190974672608, 7.940898202596196 ], [ -76.301055473124549, 7.940816851336057 ], [ -76.30086569535078, 7.940762385564001 ], [ -76.300703126617137, 7.940653905738938 ], [ -76.300595040678772, 7.94043732243482 ], [ -76.300540972073307, 7.940329047672242 ], [ -76.300541385346691, 7.940112671342209 ], [ -76.300557069993516, 7.94008542470036 ], [ -76.30068092870998, 7.940085657932728 ], [ -76.300762540558807, 7.940194561356106 ], [ -76.300925971933566, 7.940303626144086 ], [ -76.301062227512745, 7.94035825242562 ], [ -76.301116512791992, 7.940494302410092 ], [ -76.301225451630742, 7.940576067089637 ], [ -76.301307054740377, 7.940684979411084 ], [ -76.301443418642194, 7.940685230443364 ], [ -76.301579775355805, 7.940685491425803 ], [ -76.301716139220986, 7.940685742368257 ], [ -76.301852593077484, 7.940631619284236 ], [ -76.301989110410318, 7.940550303162918 ], [ -76.30212551875222, 7.940523371977762 ], [ -76.302261973353382, 7.940469247892116 ], [ -76.302371271013939, 7.940360696216406 ], [ -76.302480614062731, 7.940224959815631 ], [ -76.302616968606642, 7.940225212402866 ], [ -76.302698985730871, 7.940116604661526 ], [ -76.302699246297351, 7.939980662758432 ], [ -76.302726769926451, 7.939844766193784 ], [ -76.302863277789356, 7.939763459969092 ], [ -76.302948025988059, 7.939712973902499 ], [ -76.303037884307031, 7.939738755632663 ], [ -76.30311911889001, 7.939820045170153 ], [ -76.303118857982213, 7.939955249794237 ], [ -76.303010071570299, 7.940090294291045 ], [ -76.302928477532234, 7.940198306927111 ], [ -76.302819620349041, 7.940387411699426 ], [ -76.302656647700033, 7.940495316730505 ], [ -76.302439497783595, 7.940548973691742 ], [ -76.302249460398087, 7.940629759380549 ], [ -76.302140906897804, 7.94065661924116 ], [ -76.30203220163726, 7.940764587082042 ], [ -76.301950662064755, 7.940845570270873 ], [ -76.301923253709433, 7.940980722441096 ], [ -76.301895927744155, 7.941088888350868 ], [ -76.301895675594992, 7.941224084026027 ], [ -76.301841147548643, 7.941359226755713 ], [ -76.301840842826465, 7.941521507847606 ], [ -76.301894805315783, 7.941683878074267 ], [ -76.302030352201882, 7.94173820767391 ], [ -76.302193125959718, 7.941738514046096 ], [ -76.302356053771447, 7.941657683449726 ], [ -76.302464650708345, 7.941603820326895 ], [ -76.302600530407062, 7.941468829629101 ], [ -76.302736283531587, 7.941415020751827 ], [ -76.302844736904177, 7.941442258218956 ], [ -76.302980338400076, 7.941469549072257 ], [ -76.30300714414345, 7.941631874663313 ], [ -76.302871327158215, 7.941739789032834 ], [ -76.302735465982067, 7.941847739875818 ], [ -76.302518370235305, 7.941874365961072 ], [ -76.302301113016796, 7.942009203049269 ], [ -76.302083917697288, 7.942089925630802 ], [ -76.301948146907677, 7.942170809607907 ], [ -76.301903194533296, 7.942350777608674 ], [ -76.301961144858723, 7.942642587180959 ], [ -76.302121619870192, 7.942835302824201 ], [ -76.302229858165077, 7.943052128765398 ], [ -76.302338797162932, 7.943133902721211 ], [ -76.302475053908069, 7.943188538009617 ], [ -76.302665756604128, 7.943297648443222 ], [ -76.302829331020703, 7.943325135911615 ], [ -76.302965694772027, 7.943325396932886 ], [ -76.303102051176182, 7.94332564802939 ], [ -76.30323841481858, 7.943325899926712 ], [ -76.303374770279902, 7.943326150940573 ], [ -76.30351113395794, 7.943326411782119 ], [ -76.303647390701613, 7.943381037560877 ], [ -76.30378364664648, 7.943435674127977 ], [ -76.303919850071395, 7.943517491756642 ], [ -76.30408333409882, 7.943599365170047 ], [ -76.304192264312036, 7.943681128561506 ], [ -76.304301149405859, 7.943790085607081 ], [ -76.304437360345744, 7.943871913757561 ], [ -76.304546244635688, 7.943980869794482 ], [ -76.304627856583252, 7.944089772623086 ], [ -76.304764113704636, 7.944144408709755 ], [ -76.304900478299984, 7.944144659941557 ], [ -76.305091532063145, 7.944063442595472 ], [ -76.305119055533609, 7.943927555132606 ], [ -76.305119306622174, 7.943791612736436 ], [ -76.305119567631834, 7.943655662129655 ], [ -76.305119818757078, 7.94351971973215 ], [ -76.305201933810793, 7.943356739450812 ], [ -76.305311179359791, 7.943275378030346 ], [ -76.305393194937892, 7.943166771625463 ], [ -76.305529863534133, 7.943003899352375 ], [ -76.30563920728838, 7.942868154126786 ], [ -76.305721223622626, 7.94275954771674 ], [ -76.305748747864598, 7.942623660318659 ], [ -76.305858090567526, 7.942487915111442 ], [ -76.305967379956513, 7.942379362722981 ], [ -76.306104040778791, 7.942216479672486 ], [ -76.306267928655842, 7.942080844277814 ], [ -76.306404436731654, 7.941999527836 ], [ -76.306513779987014, 7.941863784408601 ], [ -76.306595904268931, 7.941700802315697 ], [ -76.30662352657869, 7.94151053036551 ], [ -76.306678325396604, 7.941374687097491 ], [ -76.306705849385452, 7.941238798892365 ], [ -76.306651662568996, 7.941048373921574 ], [ -76.306570096277198, 7.940912278711372 ], [ -76.306543083321969, 7.940776283310695 ], [ -76.306530147812026, 7.940743889639766 ], [ -76.306488789205048, 7.940640233038765 ], [ -76.306489041193046, 7.940504290802889 ], [ -76.306489301362049, 7.940368349404875 ], [ -76.306489553386726, 7.94023240716768 ], [ -76.306517076543713, 7.940096509947811 ], [ -76.306571873594592, 7.939960666763368 ], [ -76.306681109046124, 7.939879306426641 ], [ -76.306735906940801, 7.939743463246151 ], [ -76.306736158062648, 7.939607521046146 ], [ -76.30687262109582, 7.939553389410789 ], [ -76.307008976701567, 7.939553648760024 ], [ -76.307063521619583, 7.939553747767823 ], [ -76.307117914860612, 7.939635414234631 ], [ -76.307199526850511, 7.93974431664286 ], [ -76.307199427617775, 7.939798701258297 ], [ -76.30728113896113, 7.939853228050906 ], [ -76.307335684810269, 7.939853326999393 ], [ -76.307444766604362, 7.939853533988155 ], [ -76.307608449241982, 7.939826647069154 ], [ -76.307690367192563, 7.939772416258221 ], [ -76.30774491210272, 7.939772515164442 ], [ -76.307881267670339, 7.93977277510028 ], [ -76.307962978142939, 7.93982730263428 ], [ -76.3080174247592, 7.939881777031551 ], [ -76.308126364093795, 7.939963550245826 ], [ -76.308208173722008, 7.939963694045087 ], [ -76.30807166584249, 7.940045009768396 ], [ -76.308017120007761, 7.940044910927209 ], [ -76.307908037391073, 7.940044713151146 ], [ -76.307880765339647, 7.940044659196453 ], [ -76.307744399786543, 7.940044408410744 ], [ -76.307608045074502, 7.940044155686772 ], [ -76.307471636161182, 7.940071087575107 ], [ -76.307335280504518, 7.940070835675606 ], [ -76.30719891577516, 7.940070584706715 ], [ -76.30706256098793, 7.940070332710183 ], [ -76.306926206189615, 7.940070081572146 ], [ -76.306816916612732, 7.94017863387569 ], [ -76.306789382694632, 7.94031453116321 ], [ -76.306789131686216, 7.940450473352389 ], [ -76.306815695363483, 7.940512582718296 ], [ -76.306870591318884, 7.940640943281489 ], [ -76.307006901243042, 7.940668387087953 ], [ -76.307143266196292, 7.940668638038862 ], [ -76.307306686638498, 7.9407776942137 ], [ -76.307442899163945, 7.940859511591022 ], [ -76.307551729631285, 7.940995661436443 ], [ -76.307633342190712, 7.941104572629809 ], [ -76.307660362726836, 7.941240559612858 ], [ -76.307660111297722, 7.941376510721109 ], [ -76.307659859814578, 7.941512452794647 ], [ -76.307659599288215, 7.941648394939667 ], [ -76.307659347841792, 7.941784337011864 ], [ -76.307604506210652, 7.941947372089367 ], [ -76.307522479718756, 7.942055977788747 ], [ -76.307440464004813, 7.942164576175394 ], [ -76.307331229337564, 7.942245945015238 ], [ -76.307140166255749, 7.942327162055974 ], [ -76.306976386096395, 7.942408422967117 ], [ -76.306839923141382, 7.942462546874969 ], [ -76.306703566607382, 7.942462295092275 ], [ -76.306567211874594, 7.94246204415364 ], [ -76.30643079385402, 7.942488975214755 ], [ -76.306321504620385, 7.942597527686768 ], [ -76.30618499726647, 7.942678843276701 ], [ -76.306075707911603, 7.942787395730304 ], [ -76.305993691697225, 7.942896002174321 ], [ -76.305938786977265, 7.943086220308791 ], [ -76.305856769782466, 7.943194826770848 ], [ -76.305774645992756, 7.943357808039029 ], [ -76.305692629543373, 7.94346640456267 ], [ -76.305692378672404, 7.94360235591735 ], [ -76.3056921177796, 7.943738298316619 ], [ -76.305637321308453, 7.943874141682138 ], [ -76.305800957986008, 7.943874437618475 ], [ -76.305937465839037, 7.943793130999408 ], [ -76.306074027679827, 7.943684624308207 ], [ -76.306265036679321, 7.94363059933936 ], [ -76.306401391919579, 7.943630860156274 ], [ -76.306537810213783, 7.943603919012742 ], [ -76.306674263605132, 7.94354979601821 ], [ -76.306837900964098, 7.94355010062451 ], [ -76.306974103744324, 7.943631919702336 ], [ -76.307028397818684, 7.943767960640175 ], [ -76.307219254323925, 7.943795502719476 ], [ -76.307382881731598, 7.943795808053173 ], [ -76.307519290824047, 7.943768867566256 ], [ -76.307682974067987, 7.943741989930421 ], [ -76.307819437094196, 7.943687858392124 ], [ -76.307874233633456, 7.943552015035207 ], [ -76.307905217337009, 7.943528936961013 ], [ -76.307983469345487, 7.94347065408181 ], [ -76.308119887287063, 7.943443714288425 ], [ -76.308201696766247, 7.943443865943185 ], [ -76.308256341110109, 7.943389589969121 ], [ -76.308365584838, 7.943308229801604 ], [ -76.30847482028237, 7.943226859750251 ], [ -76.308584108820028, 7.943118307780932 ], [ -76.308666135041207, 7.943009701904113 ], [ -76.308693659112748, 7.94287381379286 ], [ -76.30883011255942, 7.942819681261226 ], [ -76.308912137834923, 7.942711084426706 ], [ -76.308966827782669, 7.942629615755781 ], [ -76.309021373002238, 7.942629714338686 ], [ -76.309103039378698, 7.942711434016258 ], [ -76.309102984527584, 7.942738625861197 ], [ -76.309102733705615, 7.942874567733171 ], [ -76.309075208874134, 7.943010455823439 ], [ -76.3089659736534, 7.943091825961481 ], [ -76.308856676200463, 7.943200378059616 ], [ -76.308747386852545, 7.943308930990534 ], [ -76.308610825256991, 7.943417438231438 ], [ -76.308556028087025, 7.943553280683269 ], [ -76.308446792535179, 7.943634641749883 ], [ -76.308337548844634, 7.943716011000706 ], [ -76.308201040977039, 7.943797327246958 ], [ -76.308156116383969, 7.943841946441918 ], [ -76.308091752190478, 7.943905879227685 ], [ -76.30809150028675, 7.944041821237191 ], [ -76.308091249307537, 7.944177763238793 ], [ -76.308172753139246, 7.944341049601071 ], [ -76.308254266124564, 7.944504336750953 ], [ -76.308278071189136, 7.944563976051678 ], [ -76.308308559880231, 7.94464037730297 ], [ -76.308308309104163, 7.944773498670547 ], [ -76.308308255119684, 7.944803512032634 ], [ -76.308335221765674, 7.944966690623993 ], [ -76.308389515740103, 7.94510274016092 ], [ -76.308525773182737, 7.945157367439339 ], [ -76.308662136706332, 7.945157618205516 ], [ -76.308798599935372, 7.94510349524225 ], [ -76.3089349561549, 7.945103745983659 ], [ -76.309071319619889, 7.945103998429189 ], [ -76.309207674903746, 7.945104249991346 ], [ -76.309230672178614, 7.945111938585127 ], [ -76.309292216118607, 7.945155058151228 ], [ -76.309400066528482, 7.945239006427356 ], [ -76.309519946536838, 7.945311015354433 ], [ -76.309663911223467, 7.945335205570916 ], [ -76.309807928786952, 7.945335476248262 ], [ -76.309868062666212, 7.945281172560975 ], [ -76.309940160920149, 7.945216072053094 ], [ -76.309954848875051, 7.945202946999176 ], [ -76.310060374380029, 7.945108615200228 ], [ -76.310156627990096, 7.944977182702844 ], [ -76.310300862139755, 7.944857805690926 ], [ -76.310444871282442, 7.944858075376856 ], [ -76.310576950052962, 7.944822421058388 ], [ -76.3106611757959, 7.944702935966078 ], [ -76.310673446584019, 7.944559385342411 ], [ -76.310685520259668, 7.944520524445866 ], [ -76.310685538003796, 7.944511550259745 ], [ -76.310689356006947, 7.944508171612373 ], [ -76.310764032809587, 7.944442244628134 ], [ -76.310793723364554, 7.9444160317483 ], [ -76.310877976207379, 7.944284572931147 ], [ -76.311046166920605, 7.94418917235974 ], [ -76.31120226700358, 7.94414159687573 ], [ -76.311358349807051, 7.944105996808158 ], [ -76.311514359756202, 7.944106284388822 ], [ -76.311670378742903, 7.944106571838438 ], [ -76.311838318970743, 7.944142774150587 ], [ -76.312006160943838, 7.944238795019301 ], [ -76.312174002142626, 7.944334824828726 ], [ -76.312353880962732, 7.944406940723897 ], [ -76.312509890879014, 7.94440722878611 ], [ -76.312689913235175, 7.944407561074691 ], [ -76.312833921813592, 7.944407821863858 ], [ -76.312954089550772, 7.944324295662654 ], [ -76.313002355986541, 7.944180807822867 ], [ -76.313074581321672, 7.944061297226277 ], [ -76.313146814764977, 7.94394178476191 ], [ -76.313195108353781, 7.943786331362557 ], [ -76.313315294000432, 7.943690839651883 ], [ -76.313447211166391, 7.943738936252901 ], [ -76.313459041780973, 7.943834678602004 ], [ -76.313506957708412, 7.943882622188103 ], [ -76.313578895137923, 7.943918643673919 ], [ -76.313650904307991, 7.943918779335956 ], [ -76.31370568286421, 7.943962635115242 ], [ -76.313710813362604, 7.943966749174715 ], [ -76.313734707828687, 7.944026613006879 ], [ -76.313746664587754, 7.944050562166736 ], [ -76.313614630255003, 7.944062285313828 ], [ -76.313602629060711, 7.944062267219593 ], [ -76.313458619727214, 7.944061996717946 ], [ -76.313326693388021, 7.94401390113992 ], [ -76.313290445521616, 7.944145441566321 ], [ -76.313242198255608, 7.944276963881825 ], [ -76.313205951276927, 7.944408504312825 ], [ -76.313145710026646, 7.944540009384678 ], [ -76.313001692305193, 7.94453973885783 ], [ -76.312857655578455, 7.944551443737777 ], [ -76.312701644762484, 7.944551156739648 ], [ -76.312629393787162, 7.944682624790867 ], [ -76.312629105959047, 7.94483816876642 ], [ -76.312677050114743, 7.944874145941069 ], [ -76.312724920775452, 7.944946019799598 ], [ -76.312772701626358, 7.945065756738688 ], [ -76.312784676550152, 7.945077740422938 ], [ -76.312904646584229, 7.945101895901677 ], [ -76.31292865002861, 7.945101941132084 ], [ -76.313096598753745, 7.945138142655678 ], [ -76.313168509245386, 7.945186130619584 ], [ -76.313204449538617, 7.945222091431924 ], [ -76.313252214166553, 7.945353783799385 ], [ -76.313264125639222, 7.945401664054071 ], [ -76.313287966733895, 7.945485459051956 ], [ -76.313359777584665, 7.945593273646207 ], [ -76.313371779732648, 7.945593291721916 ], [ -76.313491660103921, 7.94566530097822 ], [ -76.313623559039272, 7.945725371794865 ], [ -76.313647319536486, 7.945857019773697 ], [ -76.313587312259941, 7.945856912253974 ], [ -76.313491417152292, 7.945796912837905 ], [ -76.313455413282298, 7.94579684234464 ], [ -76.313311439654001, 7.945772650062288 ], [ -76.313263595044276, 7.945688809879956 ], [ -76.313191649083805, 7.945652787619332 ], [ -76.313179917201239, 7.945509192057635 ], [ -76.313179961631946, 7.945485260976469 ], [ -76.31313215428699, 7.945377489728718 ], [ -76.312988208001912, 7.945341332586336 ], [ -76.312844217275469, 7.9453291073762 ], [ -76.312688314216345, 7.945269000917353 ], [ -76.312580463399684, 7.945185043838173 ], [ -76.312532698996407, 7.945053351296097 ], [ -76.312509028855814, 7.944873840881179 ], [ -76.312437289250767, 7.944730137442195 ], [ -76.312329436839676, 7.944646181134766 ], [ -76.312185490784685, 7.944610022675133 ], [ -76.312041517506813, 7.944585831556135 ], [ -76.311909619107411, 7.944525769925879 ], [ -76.311705692176218, 7.944477530595303 ], [ -76.311561682513172, 7.944477270334427 ], [ -76.311417664601692, 7.944477001054461 ], [ -76.311273655796583, 7.944476739782707 ], [ -76.311129638757521, 7.944476471298669 ], [ -76.310985629911414, 7.944476209926696 ], [ -76.310933481654487, 7.944542793048255 ], [ -76.31090142162482, 7.944583730403414 ], [ -76.310901152232972, 7.944727307296843 ], [ -76.31090089185804, 7.944870875986707 ], [ -76.310864573130303, 7.945038313275827 ], [ -76.310732385996886, 7.945133785590343 ], [ -76.310624218846016, 7.945219728272175 ], [ -76.310624112158962, 7.945277157409256 ], [ -76.310623869138169, 7.94540876873494 ], [ -76.31062384187085, 7.945420735249052 ], [ -76.310599578878467, 7.945564258614431 ], [ -76.310575368789699, 7.945671895319595 ], [ -76.310515344050373, 7.945683752876008 ], [ -76.310443335260786, 7.945683617691625 ], [ -76.310371397508518, 7.945647595678022 ], [ -76.310327397836488, 7.945647514560457 ], [ -76.310227388985211, 7.945647326072651 ], [ -76.310119266952597, 7.945706947009627 ], [ -76.310119195969989, 7.945742843772636 ], [ -76.310142956339519, 7.945874492404711 ], [ -76.3101449591652, 7.945874500833479 ], [ -76.310154956786945, 7.945874518715339 ], [ -76.310286811985108, 7.945958511067445 ], [ -76.310394600883953, 7.946078355592938 ], [ -76.310394510821382, 7.946126217893717 ], [ -76.31041845062073, 7.94616215090511 ], [ -76.31041933174221, 7.946166138971305 ], [ -76.310438753140247, 7.946254047789541 ], [ -76.310442247631983, 7.946269875615361 ], [ -76.310382249180435, 7.946269769390381 ], [ -76.310338250348522, 7.946269688294049 ], [ -76.310322241576714, 7.946269652388143 ], [ -76.310250322815762, 7.946221663938866 ], [ -76.31017849325525, 7.946125814069803 ], [ -76.310157948819139, 7.946112105238198 ], [ -76.310142533895913, 7.946101820278089 ], [ -76.310034654925332, 7.946029837977594 ], [ -76.309986648703287, 7.946029748120432 ], [ -76.309830638694649, 7.946029460256096 ], [ -76.309674627763073, 7.946029173243563 ], [ -76.309530609937767, 7.946028902619435 ], [ -76.3093626878523, 7.945980735853624 ], [ -76.309230833618358, 7.945896743125881 ], [ -76.309051099030711, 7.945740867789249 ], [ -76.308948260038989, 7.945622118926686 ], [ -76.308895421038642, 7.945561114653311 ], [ -76.308787596095385, 7.945465202428097 ], [ -76.30870336051818, 7.945584686591827 ], [ -76.308691090042515, 7.945728237438426 ], [ -76.30871483178872, 7.945871860031722 ], [ -76.308798608609024, 7.94599165887803 ], [ -76.308809406699751, 7.946003803870974 ], [ -76.308905733086092, 7.946196745207739 ], [ -76.308939356862709, 7.94633204854917 ], [ -76.308905158346462, 7.946501004112655 ], [ -76.308769378191045, 7.946568369269615 ], [ -76.30856618757295, 7.946432750124085 ], [ -76.308431036782295, 7.946162051858891 ], [ -76.308363528155752, 7.945992908242228 ], [ -76.308318496168454, 7.94594783020905 ], [ -76.308279113352256, 7.945809444822494 ], [ -76.308197599959627, 7.945646166830017 ], [ -76.308088716210349, 7.945537202384406 ], [ -76.308059196658064, 7.945507673945097 ], [ -76.30800286418426, 7.945451295937255 ], [ -76.307979830764353, 7.945428245127729 ], [ -76.307870892326591, 7.945346479679367 ], [ -76.307843870825451, 7.9452104838373 ], [ -76.307762411764742, 7.945020014667811 ], [ -76.307762662731108, 7.944884071722845 ], [ -76.307735642269549, 7.944748076740292 ], [ -76.307735902270892, 7.944612124684098 ], [ -76.307654280531978, 7.944503222921362 ], [ -76.307436260356653, 7.944421250784274 ], [ -76.307396483315699, 7.944519867650921 ], [ -76.307381462752815, 7.944557095095879 ], [ -76.307244901239784, 7.94466560219149 ], [ -76.307108392698254, 7.944746909258336 ], [ -76.30691738440423, 7.94480093296637 ], [ -76.306753746626001, 7.944800636725907 ], [ -76.306617391951988, 7.944800376176612 ], [ -76.306481028270312, 7.944800124688561 ], [ -76.306344573574748, 7.944854247804255 ], [ -76.306208208939438, 7.944853997144294 ], [ -76.306142398523406, 7.94491936698473 ], [ -76.306098920151541, 7.944962548918109 ], [ -76.306098659577344, 7.94509849125562 ], [ -76.306071036547777, 7.945288763348889 ], [ -76.305988966027996, 7.945424561904732 ], [ -76.305988714541783, 7.945560504182507 ], [ -76.306026102771355, 7.945610395649288 ], [ -76.306070327246076, 7.945669407338943 ], [ -76.306151840034275, 7.945832693320954 ], [ -76.306260671293558, 7.945968842218287 ], [ -76.306342184257247, 7.946132129009055 ], [ -76.306341932983628, 7.946268071235597 ], [ -76.306341680814953, 7.946404012565265 ], [ -76.306341419610149, 7.946539954869838 ], [ -76.3063411693701, 7.946675906121182 ], [ -76.306204606904146, 7.946784405134609 ], [ -76.306177585618158, 7.946648409004736 ], [ -76.306150564367812, 7.946512412865046 ], [ -76.306041634788187, 7.946430647739211 ], [ -76.305932696112606, 7.946348873604826 ], [ -76.305932947517704, 7.946212932226985 ], [ -76.305933207995622, 7.946076989872922 ], [ -76.305906186934735, 7.945940993665755 ], [ -76.305769821880077, 7.945940743008949 ], [ -76.305606194264243, 7.945940437380065 ], [ -76.3054425566541, 7.945940131765825 ], [ -76.305442305963467, 7.946076074107316 ], [ -76.305441946201853, 7.946266400320876 ], [ -76.305441649616725, 7.946429533625014 ], [ -76.305441290755681, 7.946619850794856 ], [ -76.305441039322915, 7.946755802174278 ], [ -76.305413506195393, 7.946891689756468 ], [ -76.305249625713145, 7.947027327422003 ], [ -76.30514068697461, 7.946945562115618 ], [ -76.305031855580253, 7.946809413786848 ], [ -76.304868272624375, 7.946781925166322 ], [ -76.304786660632374, 7.94667301269679 ], [ -76.30475963980625, 7.946537017182322 ], [ -76.304759891566135, 7.946401074744049 ], [ -76.30470560558264, 7.946265035100311 ], [ -76.304624093087043, 7.946101747733272 ], [ -76.304542481355966, 7.945992836034377 ], [ -76.304406377112073, 7.945856642374681 ], [ -76.304297493042455, 7.945747685586598 ], [ -76.304215871512113, 7.945638773837008 ], [ -76.304106995709176, 7.945529816888781 ], [ -76.303943565048414, 7.945420761770446 ], [ -76.30383178756874, 7.945331272126016 ], [ -76.303807407797308, 7.945311750688772 ], [ -76.303784805925503, 7.945307951636436 ], [ -76.303643825302146, 7.945284254078731 ], [ -76.303507667243636, 7.945175242854175 ], [ -76.303483278179513, 7.945156935717316 ], [ -76.303398736574749, 7.945093479393875 ], [ -76.303398988979723, 7.944957536764921 ], [ -76.303399239525632, 7.944821586019039 ], [ -76.303399501036225, 7.94468564422008 ], [ -76.303345206819358, 7.944549603280721 ], [ -76.303209102504454, 7.944413399835456 ], [ -76.303080283828052, 7.944391750953824 ], [ -76.303045520405661, 7.9443859118598 ], [ -76.302909163563143, 7.94438565095101 ], [ -76.302772755182545, 7.94441259191964 ], [ -76.302663411704671, 7.944548326983868 ], [ -76.302499568572358, 7.944656780713667 ], [ -76.302444725538038, 7.944819807042377 ], [ -76.30236264721303, 7.944955605384665 ], [ -76.302293881196732, 7.944996567767071 ], [ -76.302226138791639, 7.945036912165714 ], [ -76.302089775351917, 7.945036660159882 ], [ -76.301953420056677, 7.94503640894768 ], [ -76.301762357384547, 7.945117616305855 ], [ -76.301762106272989, 7.94525355913983 ], [ -76.301816391237125, 7.945389607758235 ], [ -76.301870685256631, 7.945525649054793 ], [ -76.301924970338106, 7.945661699434943 ], [ -76.301977610687032, 7.945731938197426 ], [ -76.302006582314391, 7.945770602016523 ], [ -76.302006330530773, 7.945906552952131 ], [ -76.302060615679508, 7.946042594239457 ], [ -76.302060363878297, 7.946178536132289 ], [ -76.301978338714363, 7.946287141631735 ], [ -76.301841983903131, 7.946286891448571 ], [ -76.301705619917882, 7.946286629548214 ], [ -76.301650821922024, 7.946422473050349 ], [ -76.301705108089195, 7.94655852342856 ], [ -76.301704856240349, 7.946694465366552 ], [ -76.301541119841986, 7.946748535093842 ], [ -76.301459507643472, 7.946639631550362 ], [ -76.301456148334111, 7.946638284991768 ], [ -76.30132325229097, 7.946584997229722 ], [ -76.301186887310251, 7.946584745143617 ], [ -76.301050532206915, 7.946584483899232 ], [ -76.300914168102963, 7.946584232619438 ], [ -76.300832152409484, 7.94669282983711 ], [ -76.300968407819354, 7.946747466137896 ], [ -76.301104665047831, 7.94680210055775 ], [ -76.301268148726535, 7.94688397387727 ], [ -76.301355384341321, 7.946971263404992 ], [ -76.301377024576922, 7.946992929919726 ], [ -76.301431264572386, 7.947156163277795 ], [ -76.30143101362016, 7.947292105242326 ], [ -76.301212731578431, 7.947346075616629 ], [ -76.301076421601678, 7.947318633347778 ], [ -76.300913044710867, 7.947182384950282 ], [ -76.300837335407977, 7.947167140940794 ], [ -76.300776734764952, 7.947154941648888 ], [ -76.300640369528836, 7.947154690363432 ], [ -76.300531134523041, 7.947236051238492 ], [ -76.300530875128615, 7.947371993388511 ], [ -76.300506350852174, 7.947540858311049 ], [ -76.300503243303424, 7.947562265356455 ], [ -76.300393900234539, 7.947698000438883 ], [ -76.300257490340442, 7.947724941092421 ], [ -76.300121125672064, 7.947724679768458 ], [ -76.299984816390648, 7.947697237155166 ], [ -76.299848459922572, 7.947696984706913 ], [ -76.299712096128928, 7.947696725044032 ], [ -76.299575740537648, 7.947696473402068 ], [ -76.299439376765179, 7.947696220876561 ], [ -76.29941192364808, 7.947696168004819 ], [ -76.299303012010455, 7.947695961086032 ], [ -76.299193777394649, 7.947777320862937 ], [ -76.299138971195219, 7.947913165406014 ], [ -76.29913871958081, 7.948049106771472 ], [ -76.299247649148512, 7.948130880416835 ], [ -76.299383915077868, 7.94818551614431 ], [ -76.299410927348646, 7.948321511837212 ], [ -76.299301583702373, 7.948457246856998 ], [ -76.299137847811267, 7.948511316935575 ], [ -76.298974111846235, 7.948565386063474 ], [ -76.298837747719091, 7.94856513526431 ], [ -76.298674218749028, 7.948510444969148 ], [ -76.298565280119334, 7.948428681178252 ], [ -76.298428924964782, 7.94842842021635 ], [ -76.298292507211244, 7.948455361334627 ], [ -76.298128726399668, 7.948536613178643 ], [ -76.297992055741332, 7.94869949574403 ], [ -76.297828265696864, 7.948780749411211 ], [ -76.297637257322336, 7.948834772771002 ], [ -76.297500946573265, 7.948807330334811 ], [ -76.297419388821467, 7.948774622088315 ], [ -76.297364691273444, 7.948752693884855 ], [ -76.297266378618062, 7.948678897894133 ], [ -76.297255751699893, 7.948670920643317 ], [ -76.297146866813307, 7.94856196423586 ], [ -76.296983238592972, 7.948561658320856 ], [ -76.296846875032713, 7.948561397823959 ], [ -76.296683246771323, 7.948561092693685 ], [ -76.296628439601747, 7.948696936378238 ], [ -76.296628189076088, 7.948832878062596 ], [ -76.296627927694473, 7.948968819832639 ], [ -76.296709539779656, 7.949077731878974 ], [ -76.296772349768986, 7.949161543948621 ], [ -76.296681261228542, 7.949342311733828 ], [ -76.296388069176174, 7.949633456036868 ], [ -76.296152863113889, 7.950216454014925 ], [ -76.29616217036569, 7.950218053328225 ], [ -76.296161935708199, 7.9502186279919 ], [ -76.296161882017458, 7.9502458201629 ], [ -76.296270659113219, 7.950409161089573 ], [ -76.296379598213974, 7.950490924546184 ], [ -76.29651590791795, 7.950518378007661 ], [ -76.296652273005563, 7.950518629307377 ], [ -76.296788628179016, 7.950518889675423 ], [ -76.296924992323881, 7.95051914089238 ], [ -76.297061355623683, 7.950519402009118 ], [ -76.297144379052952, 7.950519554682696 ], [ -76.297197720638152, 7.950519653128954 ], [ -76.297334075745681, 7.950519914220524 ], [ -76.297497659170261, 7.950547401811169 ], [ -76.297513793373028, 7.950547438054883 ], [ -76.297634023308461, 7.950547662728165 ], [ -76.297770388255117, 7.950547913655466 ], [ -76.297934168926488, 7.950466661610868 ], [ -76.298016194046156, 7.950358055264346 ], [ -76.29801645386776, 7.95022211279175 ], [ -76.298125797400544, 7.950086377763085 ], [ -76.298207821520563, 7.949977772339207 ], [ -76.298344338852985, 7.949896464949599 ], [ -76.298508020936467, 7.94986957890468 ], [ -76.298644385612718, 7.949869838669919 ], [ -76.298780794751025, 7.949842908167995 ], [ -76.298917159309426, 7.949843158812858 ], [ -76.299053513895913, 7.949843411298798 ], [ -76.299189879396152, 7.949843670880618 ], [ -76.299353515932424, 7.94984397655347 ], [ -76.299544525076129, 7.949789952297821 ], [ -76.299680933994793, 7.949763019727431 ], [ -76.29981739726135, 7.949708896845694 ], [ -76.299953859635266, 7.949654782071446 ], [ -76.300035884890022, 7.949546175598208 ], [ -76.300145128642569, 7.949464816312438 ], [ -76.300151497520588, 7.949466944839084 ], [ -76.300390423060293, 7.949546840556519 ], [ -76.300471980722236, 7.949682936248041 ], [ -76.300498949272125, 7.949846123657418 ], [ -76.300613969028078, 7.949984239870698 ], [ -76.300635006635972, 7.950009508769418 ], [ -76.300771317622363, 7.950036952634892 ], [ -76.300907672921994, 7.950037203573046 ], [ -76.301044037351929, 7.950037465235072 ], [ -76.301180553689335, 7.949956149001097 ], [ -76.301262578554983, 7.949847543297465 ], [ -76.301290103900101, 7.949711655437334 ], [ -76.301372119629477, 7.949603048007949 ], [ -76.301508592367952, 7.949548924602018 ], [ -76.301645000832949, 7.949521993276553 ], [ -76.301781364913055, 7.949522244827975 ], [ -76.301917720891524, 7.949522505433382 ], [ -76.302054084934994, 7.949522756894877 ], [ -76.30219044896738, 7.949523009214809 ], [ -76.302326804883663, 7.949523268781912 ], [ -76.302353825573988, 7.949659264687678 ], [ -76.302353574366506, 7.949795207425745 ], [ -76.302244330323276, 7.949876567157428 ], [ -76.302135086238835, 7.949957927781111 ], [ -76.301998515089792, 7.950066435378109 ], [ -76.301916498549048, 7.950175032969391 ], [ -76.30191623910396, 7.950310974925089 ], [ -76.302052602575174, 7.950311235321457 ], [ -76.302188966861948, 7.950311486631566 ], [ -76.30232533113039, 7.950311737896711 ], [ -76.302489012547056, 7.950284861158559 ], [ -76.302625476114443, 7.950230737425766 ], [ -76.3027049138759, 7.950230881396567 ], [ -76.302761841203363, 7.950230988550809 ], [ -76.302884505576472, 7.950231222173078 ], [ -76.302898205367796, 7.95023123963809 ], [ -76.303034515378954, 7.950258683577238 ], [ -76.303170870526259, 7.950258943677098 ], [ -76.303307234659201, 7.950259196432614 ], [ -76.303443598759344, 7.950259447336354 ], [ -76.303579962848389, 7.950259699098528 ], [ -76.303701990946834, 7.950259932117875 ], [ -76.303716318828577, 7.950259959011307 ], [ -76.303879749211092, 7.950369015264576 ], [ -76.303879497690659, 7.950504956897381 ], [ -76.303671716857806, 7.950530459601902 ], [ -76.303661270035221, 7.950531745268218 ], [ -76.303524851685722, 7.950558675612192 ], [ -76.303415607940366, 7.950640045576002 ], [ -76.303279145369515, 7.950694168670676 ], [ -76.303142680942074, 7.950748292652767 ], [ -76.303006218195918, 7.95080240665258 ], [ -76.302996632935461, 7.950807168303436 ], [ -76.302842429342064, 7.950883668557137 ], [ -76.302706073102229, 7.950883416571648 ], [ -76.302570840683288, 7.950910114981944 ], [ -76.302569655381433, 7.95091034937688 ], [ -76.302568811254929, 7.950910976774352 ], [ -76.302460411271497, 7.950991718299663 ], [ -76.302351176102661, 7.951073078104852 ], [ -76.302342084553189, 7.951074875163264 ], [ -76.302214758245526, 7.95110000992479 ], [ -76.30207829522621, 7.951154132749795 ], [ -76.30194192974615, 7.951153882428082 ], [ -76.301805466638996, 7.951208005185046 ], [ -76.301668950116905, 7.951289311802833 ], [ -76.301614153019742, 7.951425154639803 ], [ -76.301777735614337, 7.951452652929632 ], [ -76.301914101222849, 7.951452904168359 ], [ -76.302050456018364, 7.951453165386115 ], [ -76.302213994301709, 7.951507844581083 ], [ -76.302350205511075, 7.95158966440787 ], [ -76.302459134783163, 7.951671436567136 ], [ -76.302595500386744, 7.951671689358435 ], [ -76.302731810021939, 7.95169913231246 ], [ -76.302868173778279, 7.951699384121157 ], [ -76.303004539393768, 7.951699644001095 ], [ -76.303140903113459, 7.951699895719834 ], [ -76.303277105391743, 7.951781714308384 ], [ -76.30341341593288, 7.951809157900577 ], [ -76.303549779640917, 7.951809410373111 ], [ -76.303686144294716, 7.951809670020703 ], [ -76.303822507966089, 7.951809922403283 ], [ -76.303958917560422, 7.951782990066119 ], [ -76.304095336123069, 7.951756050391895 ], [ -76.304202216905182, 7.951713658138698 ], [ -76.304231798763112, 7.951701926026942 ], [ -76.304341042533409, 7.951620565739389 ], [ -76.304477397890736, 7.951620817093322 ], [ -76.304613816372083, 7.951593886318064 ], [ -76.304750279734748, 7.951539761824605 ], [ -76.304805076531679, 7.95140391898348 ], [ -76.304968812605466, 7.951349840173364 ], [ -76.305105176929715, 7.951350101222425 ], [ -76.305268858931043, 7.951323214250641 ], [ -76.305405223133533, 7.951323466170383 ], [ -76.305596186977951, 7.951296632821572 ], [ -76.305759922789221, 7.951242554661864 ], [ -76.305705117297222, 7.95137839756454 ], [ -76.305595882217517, 7.951459767045078 ], [ -76.305459517024232, 7.951459507083245 ], [ -76.305323098826364, 7.951486447130411 ], [ -76.305213863544537, 7.951567808421856 ], [ -76.30507739212787, 7.951621931305024 ], [ -76.304940982872751, 7.951648872089651 ], [ -76.30480451951631, 7.951702994843442 ], [ -76.304668057029033, 7.951757119366447 ], [ -76.304504320647126, 7.951811188201836 ], [ -76.304395076964155, 7.951892557573402 ], [ -76.30438498897044, 7.951896555319821 ], [ -76.304258614307614, 7.951946681105424 ], [ -76.304340171932139, 7.95208277622185 ], [ -76.304449109659956, 7.952164541251928 ], [ -76.304585475216271, 7.952164800547707 ], [ -76.304749003799515, 7.95221948127586 ], [ -76.304939761279556, 7.952301398566277 ], [ -76.305076071899776, 7.952328842398068 ], [ -76.30521228272319, 7.952410660943667 ], [ -76.30534859335657, 7.952438103759951 ], [ -76.305430159580396, 7.95257419930995 ], [ -76.305566372339925, 7.952656017661741 ], [ -76.305702628238635, 7.952710653147908 ], [ -76.305811567213283, 7.952792417631309 ], [ -76.305920406630293, 7.952928566732441 ], [ -76.305974647230144, 7.953091800227279 ], [ -76.306001659779866, 7.953227795365581 ], [ -76.30608328125868, 7.953336706845328 ], [ -76.30619220961772, 7.953418472117709 ], [ -76.306273831197359, 7.953527384426306 ], [ -76.306273570928283, 7.953663325799776 ], [ -76.306164335522723, 7.953744685687824 ], [ -76.306027970627042, 7.953744435250337 ], [ -76.30591046329495, 7.953697327344712 ], [ -76.305891706167415, 7.953689799193 ], [ -76.30575534215204, 7.95368954774755 ], [ -76.3057556016755, 7.953553605408236 ], [ -76.305619391251881, 7.953471787237071 ], [ -76.305592368793668, 7.953335791205983 ], [ -76.305592621169453, 7.953199848900648 ], [ -76.305580124597398, 7.953136949162184 ], [ -76.30554038412356, 7.953097180074954 ], [ -76.305234659827974, 7.953009487175971 ], [ -76.305155446758604, 7.953022494721571 ], [ -76.305074751268535, 7.953035754383625 ], [ -76.304949894104169, 7.953035520242349 ], [ -76.304695634924329, 7.952962568000101 ], [ -76.304429195386533, 7.952740388220029 ], [ -76.303895595356877, 7.952695058982405 ], [ -76.303761826700168, 7.952872152227525 ], [ -76.303662976633134, 7.952850053669571 ], [ -76.303493095686491, 7.95295123990769 ], [ -76.303411277584416, 7.95295108724363 ], [ -76.303274912580079, 7.952950835790919 ], [ -76.303138549297458, 7.95295057524473 ], [ -76.302975073583823, 7.952868711865788 ], [ -76.302920932291954, 7.952651095375542 ], [ -76.302784622321056, 7.952623651715615 ], [ -76.302648258246947, 7.952623400004738 ], [ -76.302511893248294, 7.952623148256076 ], [ -76.302375538134299, 7.952622888252429 ], [ -76.302184834653872, 7.952513779426597 ], [ -76.302130541313886, 7.952377728669774 ], [ -76.302130801314576, 7.952241786746387 ], [ -76.302049180070938, 7.952132883910219 ], [ -76.301912870225934, 7.952105439868699 ], [ -76.301858585240794, 7.951969390757099 ], [ -76.301640402302397, 7.951968985565297 ], [ -76.301504038233105, 7.95196872616125 ], [ -76.301367682359043, 7.95196847387459 ], [ -76.301231318325435, 7.951968223414659 ], [ -76.301176511999941, 7.952104066358182 ], [ -76.301176259820807, 7.952240008345776 ], [ -76.301176000410479, 7.952375950390357 ], [ -76.30125756736264, 7.952512044607907 ], [ -76.301311852334152, 7.952648094750763 ], [ -76.301311600273408, 7.952784036717314 ], [ -76.301311340075259, 7.952919978748102 ], [ -76.301311088051136, 7.953055920713309 ], [ -76.301419919300514, 7.953192068924573 ], [ -76.301528813022657, 7.953301034918844 ], [ -76.301582999802065, 7.953491450853419 ], [ -76.301582693798835, 7.953654584808104 ], [ -76.301582433808136, 7.953790526797909 ], [ -76.301582182063825, 7.953926477756236 ], [ -76.301500156866254, 7.95403507476946 ], [ -76.301472631974207, 7.954170972647471 ], [ -76.301554190538681, 7.954307066683269 ], [ -76.301635802391488, 7.954415969564056 ], [ -76.301635550756714, 7.954551921415364 ], [ -76.301553373065332, 7.954742086357697 ], [ -76.301444074642177, 7.954850637584998 ], [ -76.301443823836664, 7.954986580418538 ], [ -76.301443563074102, 7.955122522427354 ], [ -76.301470583719421, 7.955258518336538 ], [ -76.301470323908717, 7.955394460333117 ], [ -76.301579217555528, 7.955503426067898 ], [ -76.301715572753892, 7.955503676916674 ], [ -76.301851937003136, 7.955503928551728 ], [ -76.301988355375769, 7.955476997159704 ], [ -76.301988606848226, 7.955341055298137 ], [ -76.301988867400951, 7.95520511336378 ], [ -76.302070893369688, 7.955096507174857 ], [ -76.302207247532863, 7.955096766957979 ], [ -76.302343611587986, 7.955097019389493 ], [ -76.302316087897537, 7.955232907288239 ], [ -76.302288563372812, 7.955368804233141 ], [ -76.302233756556831, 7.955504647347887 ], [ -76.302233452045087, 7.955667781177785 ], [ -76.302205873409548, 7.955830862017198 ], [ -76.302096629116051, 7.955912222350594 ], [ -76.301960210632558, 7.955939153833951 ], [ -76.301932686935444, 7.956075050811541 ], [ -76.301932425575686, 7.956210992756183 ], [ -76.301959448408709, 7.956346989421188 ], [ -76.302041015072021, 7.956483083049192 ], [ -76.302122625942957, 7.956591994643778 ], [ -76.302258937390533, 7.95661943890097 ], [ -76.30239530103043, 7.956619690212791 ], [ -76.302531718734855, 7.956592759416689 ], [ -76.302640962940785, 7.956511388994474 ], [ -76.302777328385289, 7.956511650118006 ], [ -76.302749794073293, 7.95664753810462 ], [ -76.302640396876001, 7.956810473639925 ], [ -76.302531055354848, 7.956946209938977 ], [ -76.302367363386097, 7.956973095965211 ], [ -76.302230998646564, 7.956972835665238 ], [ -76.302094634867302, 7.956972584347116 ], [ -76.301958271069708, 7.956972332983988 ], [ -76.301794480782405, 7.957053594632693 ], [ -76.301712456280484, 7.957162191899276 ], [ -76.301548971270989, 7.957080318659563 ], [ -76.301549231733745, 7.956944376675064 ], [ -76.301549483152812, 7.956808434762048 ], [ -76.301413172509299, 7.95678099207722 ], [ -76.301358888214423, 7.956644942192408 ], [ -76.30135913883079, 7.956509000259434 ], [ -76.301359400339848, 7.956373058239247 ], [ -76.301359650992836, 7.956237116304949 ], [ -76.301278092658194, 7.956101012426765 ], [ -76.301196472190213, 7.955992108742246 ], [ -76.301033150214295, 7.955828669779254 ], [ -76.300924255697623, 7.955719712919574 ], [ -76.300924515572603, 7.955583761817135 ], [ -76.300761293206222, 7.955365947641363 ], [ -76.300679672160086, 7.95525704464678 ], [ -76.300570992875137, 7.955039329324622 ], [ -76.30054398070304, 7.954903333163145 ], [ -76.300544232730829, 7.95476739110434 ], [ -76.300544492932673, 7.954631448979958 ], [ -76.300544744924764, 7.954495497885725 ], [ -76.300545005163229, 7.95435955576002 ], [ -76.300436273065486, 7.954169032320685 ], [ -76.300300213691685, 7.954005646797254 ], [ -76.300245919581599, 7.953869597441081 ], [ -76.300246180909753, 7.953733655264732 ], [ -76.300246432288091, 7.953597713167026 ], [ -76.300246692746654, 7.953461770996562 ], [ -76.300274217227141, 7.953325873960655 ], [ -76.300301749855663, 7.953189975961329 ], [ -76.300329275313715, 7.953054087962037 ], [ -76.300411299848236, 7.952945482103252 ], [ -76.300438824377778, 7.952809594124032 ], [ -76.300439184315067, 7.952619267925908 ], [ -76.300439443936085, 7.952483325783501 ], [ -76.300439696325881, 7.952347383698076 ], [ -76.300439955983506, 7.95221144155434 ], [ -76.30044020751096, 7.952075500378201 ], [ -76.300467741072552, 7.951939602410444 ], [ -76.300331431195303, 7.951912158682184 ], [ -76.300195066127145, 7.951911906976885 ], [ -76.300058495514236, 7.952020406254941 ], [ -76.299922032569697, 7.952074528600932 ], [ -76.299785668233611, 7.952074268644816 ], [ -76.299649358261192, 7.952046824691783 ], [ -76.299512993969785, 7.952046573676125 ], [ -76.299376683082357, 7.952019129629319 ], [ -76.299213253189123, 7.95191006595828 ], [ -76.299077050216724, 7.951828246630887 ], [ -76.298913520692423, 7.951773557876574 ], [ -76.298777157291397, 7.951773305670764 ], [ -76.298640792001876, 7.951773046207094 ], [ -76.298504427658045, 7.951772793918532 ], [ -76.298368064144327, 7.951772534350517 ], [ -76.298177054708916, 7.95182655758789 ], [ -76.298067810839598, 7.951907918561737 ], [ -76.297985794586694, 7.952016515926305 ], [ -76.297876343699244, 7.952206636285215 ], [ -76.297739718557622, 7.952342326310087 ], [ -76.297603363806672, 7.952342065591704 ], [ -76.297467000047718, 7.952341813934482 ], [ -76.297330635299289, 7.952341554108784 ], [ -76.297194171544362, 7.952395676648592 ], [ -76.297166638648761, 7.952531573932672 ], [ -76.297248250955661, 7.952640477386928 ], [ -76.29735709109444, 7.952776626280223 ], [ -76.297466021224906, 7.952858399115823 ], [ -76.297547632845976, 7.952967310588708 ], [ -76.297629145574007, 7.953130598089099 ], [ -76.297710758149805, 7.953239501351035 ], [ -76.297765043219258, 7.9533755496777 ], [ -76.297846556163435, 7.953538837064316 ], [ -76.297928167998364, 7.953647740232245 ], [ -76.298037053173516, 7.953756705729726 ], [ -76.298173417324875, 7.953756957007463 ], [ -76.298309780631257, 7.953757218184913 ], [ -76.298473203138641, 7.953866273033332 ], [ -76.29855476998631, 7.954002377054062 ], [ -76.298554463691076, 7.954165501549463 ], [ -76.298445111732079, 7.954301246153296 ], [ -76.298444860752227, 7.954437187578893 ], [ -76.29855369191641, 7.954573336774531 ], [ -76.298690001964246, 7.954600780780539 ], [ -76.29879894101046, 7.954682553792428 ], [ -76.298915731405828, 7.954729383237955 ], [ -76.298962415693509, 7.954764427004798 ], [ -76.299044037236925, 7.954873337785997 ], [ -76.299180195350758, 7.95498234873233 ], [ -76.299289025925972, 7.955118489449804 ], [ -76.299370484820116, 7.955308967327262 ], [ -76.299370224314416, 7.955444908702555 ], [ -76.299369972903435, 7.955580851811896 ], [ -76.299369711607653, 7.95571680313055 ], [ -76.299451127341513, 7.955934463887227 ], [ -76.299532739308191, 7.956043367271237 ], [ -76.299552474822065, 7.956092836813316 ], [ -76.29954730002008, 7.956108225177007 ], [ -76.299559858986115, 7.956124987574883 ], [ -76.299668796841431, 7.956206761938494 ], [ -76.299722983868335, 7.956397187324035 ], [ -76.29966812360648, 7.956560212621384 ], [ -76.299667871531497, 7.956696154788694 ], [ -76.299667818247755, 7.956723346858785 ], [ -76.299667612225178, 7.956832097013009 ], [ -76.299803768563194, 7.956941107434822 ], [ -76.299831014870605, 7.956957474676154 ], [ -76.299830942591086, 7.956995535599003 ], [ -76.299939774190321, 7.957131684862819 ], [ -76.300130379106704, 7.957295178141961 ], [ -76.300239264119512, 7.957404135198483 ], [ -76.300375628364662, 7.957404396104097 ], [ -76.300566439175554, 7.957459129969606 ], [ -76.300702650918183, 7.957540948758334 ], [ -76.300702390256077, 7.957676890853579 ], [ -76.30064759280404, 7.957812734006303 ], [ -76.300538348574065, 7.957894094255856 ], [ -76.300592633882786, 7.958030144277855 ], [ -76.300728998215675, 7.958030395947999 ], [ -76.300865361689176, 7.958030655711022 ], [ -76.301001726898875, 7.958030908187337 ], [ -76.301165363689449, 7.958031212737169 ], [ -76.301301727952662, 7.958031465121672 ], [ -76.301438092255466, 7.958031724688428 ], [ -76.301574457388242, 7.958031976975689 ], [ -76.30176536569131, 7.958032336087821 ], [ -76.301901730772883, 7.95803258736363 ], [ -76.302038095002345, 7.958032847635733 ], [ -76.302174459148333, 7.958033099732154 ], [ -76.302310824174953, 7.95803335087294 ], [ -76.302447188356709, 7.958033611913412 ], [ -76.302583551534298, 7.958033862978609 ], [ -76.302719915607, 7.958034114894985 ], [ -76.302856333669993, 7.958007182906818 ], [ -76.302992752610777, 7.95798025177715 ], [ -76.303129216374202, 7.957926127795615 ], [ -76.303265580337509, 7.957926379546623 ], [ -76.303347191877094, 7.958035290643657 ], [ -76.303346940319898, 7.958171233219035 ], [ -76.303237695944901, 7.958252594007964 ], [ -76.303101277876593, 7.958279525241284 ], [ -76.303046481356517, 7.958415369320728 ], [ -76.303046219848255, 7.958551320144674 ], [ -76.303045969160323, 7.958687261847255 ], [ -76.303045716678312, 7.958823203563624 ], [ -76.303182081856818, 7.95882345521329 ], [ -76.303345565956661, 7.958905328303549 ], [ -76.303508996220799, 7.959014392370524 ], [ -76.3036453614002, 7.959014643841433 ], [ -76.303781670893983, 7.959042087246013 ], [ -76.303890610077843, 7.95912385169881 ], [ -76.304081366866754, 7.959205778095462 ], [ -76.304217740195469, 7.959206030189999 ], [ -76.304354050624767, 7.959233473356972 ], [ -76.30449041492902, 7.959233733560669 ], [ -76.304626779142509, 7.959233984685297 ], [ -76.3047631433449, 7.959234236668308 ], [ -76.304899507521711, 7.959234487702896 ], [ -76.305035871759912, 7.959234748629914 ], [ -76.305117897048376, 7.95912614275827 ], [ -76.30522719476707, 7.959017589607621 ], [ -76.305445531123326, 7.958936426546422 ], [ -76.305581786742422, 7.95899106304204 ], [ -76.305745280072202, 7.95907293488846 ], [ -76.305881895579816, 7.95893724519112 ], [ -76.305882147934412, 7.958801293912534 ], [ -76.306018718663353, 7.958692795152656 ], [ -76.306155083404278, 7.958693046742725 ], [ -76.306291447220659, 7.958693298295 ], [ -76.306427811091197, 7.958693558836293 ], [ -76.306564175777083, 7.958693810291313 ], [ -76.30670053953844, 7.958694061708541 ], [ -76.306836904187648, 7.958694313073547 ], [ -76.306973267919545, 7.958694565304143 ], [ -76.307136959555677, 7.958667687237827 ], [ -76.30724620365261, 7.958586317553365 ], [ -76.307273728065837, 7.958450429898003 ], [ -76.307410245360686, 7.95836911370121 ], [ -76.307546608907174, 7.958369365786846 ], [ -76.307682928782043, 7.958396808704389 ], [ -76.307819293207061, 7.958397060689088 ], [ -76.307823756590224, 7.958397070254717 ], [ -76.307988482367847, 7.958304651226726 ], [ -76.308220867399342, 7.958212483782574 ], [ -76.308534468900618, 7.958155190427838 ], [ -76.308789707249659, 7.958259834192654 ], [ -76.30882426524208, 7.958410373717023 ], [ -76.308823896841346, 7.958607149999647 ], [ -76.308742383567818, 7.95873432359181 ], [ -76.308745815150345, 7.958765648942475 ], [ -76.3087538007657, 7.958838519647417 ], [ -76.308985989094552, 7.958850522081822 ], [ -76.309241425406981, 7.958850997711252 ], [ -76.309461834578443, 7.958955579104085 ], [ -76.309477206339778, 7.958967410060298 ], [ -76.309612564094792, 7.959071605948448 ], [ -76.309728347988923, 7.959245448403297 ], [ -76.309749529653288, 7.959341315992995 ], [ -76.309751371134965, 7.959349660989137 ], [ -76.309753887078003, 7.959358483047441 ], [ -76.309774440352186, 7.959430724799782 ], [ -76.309753616981283, 7.959502886707039 ], [ -76.309751075117717, 7.959511709391328 ], [ -76.309681554120502, 7.959430554747506 ], [ -76.30961217675889, 7.959279951912626 ], [ -76.30949625930198, 7.959175568346885 ], [ -76.309368653085215, 7.959117455589655 ], [ -76.309229387015151, 7.95908247584277 ], [ -76.308950639725637, 7.959128253672035 ], [ -76.308834425066735, 7.959185916585938 ], [ -76.308671829517337, 7.959208760803365 ], [ -76.308537737900878, 7.959208518175259 ], [ -76.308520894836235, 7.959208481831948 ], [ -76.308451491250324, 7.959069459364024 ], [ -76.3084425617036, 7.95883613097117 ], [ -76.308440415052019, 7.958780066773959 ], [ -76.308440873165964, 7.958536991935899 ], [ -76.30828999157319, 7.958501984283496 ], [ -76.308138706888428, 7.958686901694317 ], [ -76.308091752142033, 7.9589646167169 ], [ -76.308076705092134, 7.958987020604136 ], [ -76.308063634729336, 7.958995670714182 ], [ -76.307954337165427, 7.959104224312632 ], [ -76.307872267364331, 7.95924001319309 ], [ -76.307872005687074, 7.959375955246756 ], [ -76.307871754068884, 7.959511906254222 ], [ -76.307735291118917, 7.959566029949782 ], [ -76.307517000842907, 7.959619999661137 ], [ -76.307380788700328, 7.959538182145044 ], [ -76.3072719035614, 7.95942922525779 ], [ -76.307163064861456, 7.959293077406115 ], [ -76.306945079270662, 7.959183912816631 ], [ -76.306835790322097, 7.959292466187857 ], [ -76.306808256820887, 7.959428362998152 ], [ -76.306753459911207, 7.95956420623498 ], [ -76.306644117169355, 7.959699949695681 ], [ -76.306534818965503, 7.959808503146101 ], [ -76.306398355568248, 7.959862625608918 ], [ -76.306261937645175, 7.959889558016593 ], [ -76.306070929205589, 7.959943583272551 ], [ -76.305907283357072, 7.959943277434489 ], [ -76.30577097186648, 7.959915834022628 ], [ -76.305689360267536, 7.959806931047263 ], [ -76.305553193719689, 7.959697920052238 ], [ -76.305416775676676, 7.959724852181658 ], [ -76.30525294107521, 7.959833305404245 ], [ -76.305170915704011, 7.959941903212091 ], [ -76.305088845681553, 7.960077701007292 ], [ -76.305088540335234, 7.960240835272644 ], [ -76.305088126575782, 7.960458344365453 ], [ -76.304978676369728, 7.96064846432968 ], [ -76.304815146612071, 7.960593774232152 ], [ -76.304706253338949, 7.960484818382113 ], [ -76.304569888706496, 7.960484565646618 ], [ -76.30440615291846, 7.960538635822425 ], [ -76.304351346931199, 7.960674479185317 ], [ -76.304187502537545, 7.960782932323783 ], [ -76.304023766534243, 7.960837002416739 ], [ -76.303887402613384, 7.960836751303423 ], [ -76.303751038666945, 7.960836499241675 ], [ -76.303642253100293, 7.960673158187554 ], [ -76.303642504220932, 7.960537215664905 ], [ -76.303642756273334, 7.960401274037747 ], [ -76.30364301552126, 7.960265323318104 ], [ -76.303643267603078, 7.960129380786203 ], [ -76.303534382843125, 7.960020424383312 ], [ -76.303398019127272, 7.960020172997769 ], [ -76.303261447960054, 7.960128671342749 ], [ -76.303206596661525, 7.960291697560659 ], [ -76.303070080200911, 7.960373012943636 ], [ -76.302933715406368, 7.960372762363356 ], [ -76.302797396307199, 7.960345318006862 ], [ -76.302715882948419, 7.960182031158802 ], [ -76.302661598287159, 7.96004598181595 ], [ -76.302470885073944, 7.95993687192599 ], [ -76.302334521249506, 7.959936621081662 ], [ -76.302143710137699, 7.959881885885652 ], [ -76.302089424809182, 7.959745836379701 ], [ -76.301953266932784, 7.959636826446037 ], [ -76.30181689406156, 7.959636573655626 ], [ -76.301680530248561, 7.95963632255483 ], [ -76.301489521288715, 7.959690338659432 ], [ -76.301353157406439, 7.959690086554516 ], [ -76.301216684522416, 7.959744210346219 ], [ -76.30113450654585, 7.959934374765758 ], [ -76.300997990389945, 7.960015689577831 ], [ -76.300915963538316, 7.960124287918916 ], [ -76.300833894404875, 7.960260077306057 ], [ -76.300833634154102, 7.960396019369588 ], [ -76.300833382149904, 7.960531970401571 ], [ -76.300914895032733, 7.960695256992136 ], [ -76.300914634867638, 7.960831199042505 ], [ -76.300914382876755, 7.960967141027253 ], [ -76.301023321634673, 7.961048915294796 ], [ -76.301077606937639, 7.961184955069947 ], [ -76.301077355962008, 7.96132089792713 ], [ -76.30113164051906, 7.961456946713025 ], [ -76.301104116840875, 7.961592835737705 ], [ -76.300967797185038, 7.961565391798357 ], [ -76.300858859231624, 7.96148362659616 ], [ -76.30072254776853, 7.961456184296233 ], [ -76.300586238103861, 7.961428740122665 ], [ -76.300531943729922, 7.961292690365736 ], [ -76.300504931214789, 7.961156694391113 ], [ -76.300450691030548, 7.960993461578635 ], [ -76.300396396810882, 7.960857411759721 ], [ -76.300260238664976, 7.960748401240616 ], [ -76.300123875179068, 7.960748149769723 ], [ -76.299987555766464, 7.960720706268613 ], [ -76.299878724530501, 7.960584557417021 ], [ -76.299878976009722, 7.960448615298239 ], [ -76.299879236569325, 7.960312673106629 ], [ -76.299879488012792, 7.96017672195241 ], [ -76.299879748609015, 7.960040779759477 ], [ -76.299880009223529, 7.959904837565857 ], [ -76.299880260801515, 7.959768896347128 ], [ -76.299880520546438, 7.959632954159396 ], [ -76.299826226849433, 7.959496904107768 ], [ -76.299771987387984, 7.959333670995926 ], [ -76.299690429400385, 7.959197576788191 ], [ -76.299608862337038, 7.959061472676181 ], [ -76.299445430717228, 7.958952416605446 ], [ -76.299254728299474, 7.958843299172189 ], [ -76.299118310170826, 7.958870231077868 ], [ -76.298981694258586, 7.959005921230578 ], [ -76.298817949193634, 7.959059991129049 ], [ -76.298708705079335, 7.959141351167459 ], [ -76.298626526715125, 7.959331523641441 ], [ -76.2985171298197, 7.95949445177952 ], [ -76.298462324281587, 7.959630295084441 ], [ -76.298380199904784, 7.959793267352799 ], [ -76.298379939685049, 7.95992920974134 ], [ -76.298379678649724, 7.960065161170543 ], [ -76.298379427521439, 7.960201102582232 ], [ -76.298379167356572, 7.960337044968761 ], [ -76.298460778731865, 7.960445956449232 ], [ -76.298624218249302, 7.960555011805585 ], [ -76.298787648849014, 7.960664076167696 ], [ -76.298787387968417, 7.960800017600772 ], [ -76.298787137081675, 7.96093595985726 ], [ -76.298786876317266, 7.961071911226527 ], [ -76.298786624568137, 7.961207854392291 ], [ -76.29878636376074, 7.961343795822688 ], [ -76.298731558330729, 7.961479639217564 ], [ -76.298595247622004, 7.961452195247327 ], [ -76.298595507564556, 7.961316252895616 ], [ -76.298595760203384, 7.961180301566804 ], [ -76.298596020189777, 7.961044360117155 ], [ -76.298459961525637, 7.960880974635277 ], [ -76.29837835001679, 7.960772063191712 ], [ -76.298214963680834, 7.960635814739291 ], [ -76.298078599898673, 7.960635555351043 ], [ -76.297942235249877, 7.960635303152268 ], [ -76.29791470220313, 7.960771190635305 ], [ -76.297914451030877, 7.960907133912632 ], [ -76.297886917166224, 7.961043031348249 ], [ -76.297804846719274, 7.961178819709447 ], [ -76.297668375191947, 7.961232942698138 ], [ -76.297613569266261, 7.961368777959535 ], [ -76.297477105790961, 7.961422900855845 ], [ -76.297340688330891, 7.961449832555039 ], [ -76.297204323319519, 7.961449581126446 ], [ -76.297068004368157, 7.961422137575421 ], [ -76.297122809532411, 7.961286294186652 ], [ -76.297204835017212, 7.961177687989967 ], [ -76.297368678930468, 7.961069243155229 ], [ -76.297450757698712, 7.960933453861838 ], [ -76.29758717589263, 7.960906523094856 ], [ -76.29764202698199, 7.960743495800568 ], [ -76.297615014557223, 7.960607500139732 ], [ -76.297506076283284, 7.960525727358679 ], [ -76.297397138033134, 7.960443952724155 ], [ -76.297260773370553, 7.960443702081425 ], [ -76.297124408602926, 7.960443440552727 ], [ -76.296988044809979, 7.960443189812731 ], [ -76.296851680919218, 7.960442929090187 ], [ -76.296906478013113, 7.960307085813723 ], [ -76.297042896118157, 7.960280154392446 ], [ -76.297124920705031, 7.960171557321845 ], [ -76.297261286209022, 7.960171808942446 ], [ -76.297397649947357, 7.960172068663145 ], [ -76.297534013609564, 7.960172321111524 ], [ -76.297670378217546, 7.960172580734964 ], [ -76.297806742749373, 7.96017283308609 ], [ -76.297943214916387, 7.960118718324002 ], [ -76.298052458539274, 7.960037358330248 ], [ -76.298107363652363, 7.959847138975262 ], [ -76.298107623908322, 7.959711188418973 ], [ -76.298107876091777, 7.959575246057584 ], [ -76.298108135543188, 7.959439303637862 ], [ -76.298108387770469, 7.959303362178551 ], [ -76.298108648164671, 7.959167419750268 ], [ -76.298108953753001, 7.95900428618001 ], [ -76.298109214187477, 7.958868343750263 ], [ -76.298082201998639, 7.958732348122508 ], [ -76.297918718203675, 7.958650476109081 ], [ -76.297891184105765, 7.958786363557467 ], [ -76.297809159003577, 7.958894960597823 ], [ -76.29767274064821, 7.958921902009942 ], [ -76.297481831166436, 7.958921542079987 ], [ -76.29737258667555, 7.959002902762356 ], [ -76.297317789757898, 7.959138745973873 ], [ -76.29718142453217, 7.959138485197938 ], [ -76.297209056560874, 7.958948212594319 ], [ -76.297236581829665, 7.958812325167829 ], [ -76.297318607049903, 7.958703719151536 ], [ -76.297400632296984, 7.958595121266885 ], [ -76.297509930089404, 7.958486569399462 ], [ -76.297537464337125, 7.95835068102815 ], [ -76.297564987637585, 7.958214783714094 ], [ -76.297647012755021, 7.958106185844849 ], [ -76.297701863834817, 7.95794315055585 ], [ -76.297702124554647, 7.957807208969315 ], [ -76.297702385292752, 7.95767126738212 ], [ -76.297729963855645, 7.957508186992559 ], [ -76.297730223718773, 7.957372245414764 ], [ -76.297566784926886, 7.957263180051098 ], [ -76.297430428520258, 7.957262919941925 ], [ -76.297294010579051, 7.957289860116612 ], [ -76.297184767237752, 7.957371220585706 ], [ -76.297048088157737, 7.957534094246294 ], [ -76.296911624705132, 7.957588218289299 ], [ -76.296775359666171, 7.957533581967358 ], [ -76.296802893270993, 7.957397685443215 ], [ -76.296884972029986, 7.957261895561594 ], [ -76.2969124966245, 7.957126008157057 ], [ -76.2969400302011, 7.956990110747798 ], [ -76.297022108877556, 7.956854320888454 ], [ -76.297158464304644, 7.956854582098208 ], [ -76.297267716613575, 7.956773220712802 ], [ -76.297404180658106, 7.956719097576337 ], [ -76.297540643744966, 7.956664974416643 ], [ -76.297513631259591, 7.956528977707709 ], [ -76.297459346386248, 7.956392937624732 ], [ -76.297377733729121, 7.956284026417366 ], [ -76.29726883962249, 7.956175069154888 ], [ -76.297187227966276, 7.956066156960158 ], [ -76.297105724300096, 7.955902871285427 ], [ -76.297105975517454, 7.955766928784068 ], [ -76.297024417583458, 7.955630834300057 ], [ -76.29694280613937, 7.955521921984221 ], [ -76.29680649474939, 7.955494479294919 ], [ -76.296561192508037, 7.955412453229346 ], [ -76.296452307859241, 7.955303488266389 ], [ -76.296370750236264, 7.955167392621817 ], [ -76.296262018361986, 7.954976869203578 ], [ -76.296207785922562, 7.954813626607191 ], [ -76.29615359995924, 7.954623202716959 ], [ -76.296123640739268, 7.954548139236879 ], [ -76.296099306004677, 7.954487162238099 ], [ -76.295990429922483, 7.954378196031451 ], [ -76.295926792548926, 7.954378079144331 ], [ -76.295854066177071, 7.954377944110949 ], [ -76.295717700535988, 7.954377684029135 ], [ -76.295709050936352, 7.954420390231139 ], [ -76.295690168147686, 7.954513580546935 ], [ -76.295689917198914, 7.954649523237756 ], [ -76.295708521151667, 7.954696155332077 ], [ -76.295708053167402, 7.954940757434373 ], [ -76.295529307354329, 7.95538380574846 ], [ -76.295350909848295, 7.955649500947126 ], [ -76.295261429253543, 7.955915338995814 ], [ -76.295260666314775, 7.95631439821048 ], [ -76.295393669996216, 7.956536327057164 ], [ -76.295615518253683, 7.956802784766192 ], [ -76.295793159622789, 7.956936113043183 ], [ -76.295926253705417, 7.957113746362726 ], [ -76.295881276315725, 7.95737966537094 ], [ -76.295525398510733, 7.957423314277571 ], [ -76.295214672266695, 7.957112389323576 ], [ -76.295037120045393, 7.956934667091284 ], [ -76.294636821950846, 7.956933902845958 ], [ -76.294281034668174, 7.956933229149956 ], [ -76.294147347005733, 7.957065991071438 ], [ -76.294013786244449, 7.957154430351928 ], [ -76.293746833674632, 7.957198250450272 ], [ -76.29356945150883, 7.956931872772881 ], [ -76.293703390783989, 7.956666124193425 ], [ -76.29401489091812, 7.956578026342503 ], [ -76.294371108536552, 7.956357032008039 ], [ -76.29450501151446, 7.95609124669139 ], [ -76.294594825257292, 7.955648062629953 ], [ -76.294640055408976, 7.955249086337626 ], [ -76.294596181917854, 7.954938637000497 ], [ -76.294552569043873, 7.954495201774087 ], [ -76.294508577933541, 7.954229075805596 ], [ -76.294420416793741, 7.953829891221792 ], [ -76.294331959836128, 7.953563676450243 ], [ -76.294243547806118, 7.953297504621591 ], [ -76.293754927406553, 7.952986203095247 ], [ -76.293488487011984, 7.952763985889049 ], [ -76.293399984841912, 7.952542137764861 ], [ -76.293356461648301, 7.952054344154087 ], [ -76.293401691647645, 7.951655401962249 ], [ -76.293402374804842, 7.951300712148873 ], [ -76.293224993294046, 7.951034334064895 ], [ -76.292780668735944, 7.950811812450104 ], [ -76.292424881525534, 7.950811129612986 ], [ -76.292024511678278, 7.95085468905976 ], [ -76.291935074633315, 7.951120527428714 ], [ -76.291978940097309, 7.951430976309632 ], [ -76.292022976251857, 7.951652770429643 ], [ -76.292155808577945, 7.951963389803248 ], [ -76.291933197574593, 7.952095953565747 ], [ -76.291622128690136, 7.95196237515206 ], [ -76.291489125145716, 7.951740410222072 ], [ -76.291400451843387, 7.951607216830029 ], [ -76.291267024680437, 7.95160696503133 ], [ -76.291132826041874, 7.952005763275966 ], [ -76.291087936720857, 7.952227360366036 ], [ -76.290776104888351, 7.952492794354017 ], [ -76.290686453067039, 7.952847323326747 ], [ -76.290730533161621, 7.953069081305028 ], [ -76.291085717821403, 7.953380132114146 ], [ -76.291174220139268, 7.953601971216234 ], [ -76.291129241917673, 7.953867926053512 ], [ -76.290906539567189, 7.954044849327393 ], [ -76.29068398314044, 7.954133117918269 ], [ -76.290372859872747, 7.954043825102501 ], [ -76.290150725350799, 7.95391037994324 ], [ -76.2897509026797, 7.953687940027117 ], [ -76.289439573805666, 7.953687346684555 ], [ -76.289261167950926, 7.953953040609223 ], [ -76.289260656391448, 7.954219040711727 ], [ -76.289215425929115, 7.954618019373969 ], [ -76.289081908844707, 7.954662090714549 ], [ -76.288726464072369, 7.95448405263883 ], [ -76.288415224779669, 7.954439128956911 ], [ -76.288346601600168, 7.954712853648863 ], [ -76.288349459222701, 7.954887172241639 ], [ -76.288349027562262, 7.955110286595501 ], [ -76.288404544274826, 7.95533351756243 ], [ -76.288516249333085, 7.955445269337022 ], [ -76.288740018784466, 7.955445699685543 ], [ -76.288963826261877, 7.955446131417922 ], [ -76.289187595622252, 7.955446562427501 ], [ -76.289355680376161, 7.95533534243522 ], [ -76.289635748055147, 7.955168534288924 ], [ -76.290083324123856, 7.955169387150178 ], [ -76.290362969755265, 7.955225694321622 ], [ -76.290586524585407, 7.955337704582687 ], [ -76.290753854361554, 7.955616874440565 ], [ -76.290921137638222, 7.955896087873048 ], [ -76.291200459561523, 7.956119741953478 ], [ -76.291647506863384, 7.956399449649338 ], [ -76.291870882107816, 7.956622995894833 ], [ -76.291870342685684, 7.956901887194194 ], [ -76.291534543757564, 7.956957017257066 ], [ -76.291143228034585, 7.956788950629099 ], [ -76.290919637847082, 7.956676948559072 ], [ -76.290584378378156, 7.956453223220351 ], [ -76.290304984003086, 7.956285337169017 ], [ -76.289913848007018, 7.956005700903107 ], [ -76.289466378674859, 7.955949071285203 ], [ -76.289298007871267, 7.956227639138644 ], [ -76.289465300715449, 7.95650684434096 ], [ -76.28980077722845, 7.956619034118305 ], [ -76.290191983538278, 7.956842903615272 ], [ -76.29041536016291, 7.9570664129088 ], [ -76.29035866713248, 7.957456731228869 ], [ -76.290414182959751, 7.957679963160353 ], [ -76.290693397017861, 7.957959384134798 ], [ -76.290973643812038, 7.957681032007722 ], [ -76.291533358183315, 7.957570566009695 ], [ -76.291924573691759, 7.957794389678273 ], [ -76.292259834241179, 7.958018152030514 ], [ -76.291923281058374, 7.958463715889501 ], [ -76.291643105039881, 7.958686300213764 ], [ -76.291251034871905, 7.958908634332451 ], [ -76.290971173877878, 7.958963897893101 ], [ -76.290690918118472, 7.959242214289111 ], [ -76.290355117763468, 7.959297344225535 ], [ -76.289683833621382, 7.959240282596299 ], [ -76.289404403828215, 7.959072441110692 ], [ -76.288957142248734, 7.958904232177617 ], [ -76.28845336679818, 7.959014841069943 ], [ -76.28817321815751, 7.959237381252262 ], [ -76.287948657878658, 7.959627385429955 ], [ -76.287836341107763, 7.959850293076937 ], [ -76.287835479186015, 7.960296485787177 ], [ -76.287946932898521, 7.960519824971639 ], [ -76.288282624036427, 7.960520471676179 ], [ -76.288562161652777, 7.960632544849808 ], [ -76.28872956295433, 7.960855982752061 ], [ -76.288617139012374, 7.961134659413369 ], [ -76.288337061825487, 7.961301430752649 ], [ -76.288224529982003, 7.961635882653598 ], [ -76.28844786915235, 7.961859428802094 ], [ -76.288391168089788, 7.962249746961324 ], [ -76.28855828135228, 7.962640505424113 ], [ -76.289005867029246, 7.962641366973615 ], [ -76.289174346350151, 7.962307023020978 ], [ -76.289398583350234, 7.962084339867731 ], [ -76.289622830284614, 7.961861682809823 ], [ -76.289790984950329, 7.961694659749001 ], [ -76.28990330235068, 7.961471751799647 ], [ -76.290351354589291, 7.961249535281719 ], [ -76.290687477221155, 7.961027058754317 ], [ -76.290855741339286, 7.960804293924665 ], [ -76.291079978388339, 7.960581611440072 ], [ -76.291415571177467, 7.96063801606564 ], [ -76.291471077790618, 7.960861248407856 ], [ -76.291470548325151, 7.961140138796742 ], [ -76.291582109079428, 7.961307664965249 ], [ -76.291861862516939, 7.96130819526361 ], [ -76.292141723921304, 7.961252957613843 ], [ -76.292365709923089, 7.961141844716855 ], [ -76.292478169887886, 7.960863169568118 ], [ -76.292646109738897, 7.960807725688333 ], [ -76.292869493845757, 7.961031235784903 ], [ -76.293148888002861, 7.961199112947161 ], [ -76.293428641013392, 7.961199652152603 ], [ -76.29359714669917, 7.960865307840063 ], [ -76.294044840536401, 7.960810394318268 ], [ -76.294212241948173, 7.961033796247997 ], [ -76.29404366440879, 7.961423907102482 ], [ -76.294043017319012, 7.961758566330867 ], [ -76.29421009471119, 7.962149315306804 ], [ -76.294153726273223, 7.962372330881043 ], [ -76.293873864076318, 7.962427568290633 ], [ -76.293706248237328, 7.962315709849995 ], [ -76.293370978364607, 7.962091947783568 ], [ -76.29314727971385, 7.962035750373833 ], [ -76.293146957095587, 7.962203060698423 ], [ -76.292922754703596, 7.962425752961136 ], [ -76.292698939744881, 7.96242532224569 ], [ -76.292363670892556, 7.962201560976189 ], [ -76.29214021520302, 7.962033818225962 ], [ -76.29191651557629, 7.961977620076095 ], [ -76.291748468009402, 7.962088839793968 ], [ -76.291636008387243, 7.962367515964961 ], [ -76.291412129572095, 7.962422861017507 ], [ -76.291188637654031, 7.962255117933287 ], [ -76.290909208358812, 7.9620872315628 ], [ -76.290629455041227, 7.962086701731717 ], [ -76.290461406821478, 7.962197913858758 ], [ -76.290181006935455, 7.962532042413065 ], [ -76.289900499267105, 7.962921937926176 ], [ -76.289676082148617, 7.96325616504263 ], [ -76.289674895813235, 7.96386971388311 ], [ -76.289680879289932, 7.963893789177094 ], [ -76.289672182904354, 7.96393671096863 ], [ -76.289562884965733, 7.964045263050035 ], [ -76.289508024876625, 7.964208288973057 ], [ -76.289371499198595, 7.964289596065324 ], [ -76.289235134832566, 7.964289335141721 ], [ -76.289098771361736, 7.96428907506931 ], [ -76.288935133781877, 7.964288770342487 ], [ -76.28879876935747, 7.964288509274737 ], [ -76.288662395852569, 7.96428824823388 ], [ -76.288526032305128, 7.964287987972254 ], [ -76.28838961400065, 7.964314919134271 ], [ -76.288389352889396, 7.964450861921897 ], [ -76.288389092695368, 7.964586803798225 ], [ -76.288443378213117, 7.964722853029449 ], [ -76.288552217586428, 7.964859002279914 ], [ -76.288661146564976, 7.964940775935809 ], [ -76.288852326814407, 7.964805193324925 ], [ -76.288961625209751, 7.96469665031023 ], [ -76.289098042602518, 7.964669718027349 ], [ -76.289288800400854, 7.964751644169016 ], [ -76.289370357692619, 7.96488774767657 ], [ -76.289424643577519, 7.965023798435774 ], [ -76.289561017152138, 7.96502405009149 ], [ -76.289724807176214, 7.964942797413092 ], [ -76.289861332900671, 7.964861490146411 ], [ -76.289916183749227, 7.96469846427431 ], [ -76.290052655577256, 7.964644341181327 ], [ -76.290243672932945, 7.96459032518282 ], [ -76.290318224668681, 7.964531107558559 ], [ -76.290400942256611, 7.964540424123779 ], [ -76.291016288353362, 7.964597376994291 ], [ -76.291407826859682, 7.964653898790279 ], [ -76.29157533609002, 7.964821569164799 ], [ -76.291798828100198, 7.964989312307886 ], [ -76.292077899309916, 7.965324499758884 ], [ -76.292301605550392, 7.965380707867828 ], [ -76.292413060032203, 7.965604037958566 ], [ -76.292412529808075, 7.965882928962792 ], [ -76.292411991143496, 7.966161774858222 ], [ -76.292467327376869, 7.966496540710361 ], [ -76.2924665730621, 7.966886976254155 ], [ -76.292409952357801, 7.967221526142563 ], [ -76.292241687507286, 7.967444326611407 ], [ -76.292156160181975, 7.967557532232367 ], [ -76.29209260389888, 7.96755741492399 ], [ -76.291956131732576, 7.967611529934508 ], [ -76.291819507137589, 7.967747219851158 ], [ -76.291791974206419, 7.967883108796293 ], [ -76.291791712890699, 7.968019051123784 ], [ -76.291846006629527, 7.968155101002709 ], [ -76.291873019711858, 7.968291095761335 ], [ -76.291872759391524, 7.968427038972052 ], [ -76.291872571344754, 7.968525673572883 ], [ -76.291872499082217, 7.968562981278682 ], [ -76.291872237877712, 7.968698922688452 ], [ -76.291762787645879, 7.968889042416866 ], [ -76.291680753152761, 7.968997638826607 ], [ -76.29162891179169, 7.969049130600307 ], [ -76.291571455091201, 7.969106182714965 ], [ -76.291489321694726, 7.969269163612601 ], [ -76.2912707706964, 7.969459068196431 ], [ -76.291215965101856, 7.969594911079636 ], [ -76.291215704725289, 7.96973085256487 ], [ -76.291215344577253, 7.969921170427787 ], [ -76.291215175361586, 7.970009923641618 ], [ -76.291215085223001, 7.970057120938354 ], [ -76.291187496940225, 7.970220202273245 ], [ -76.291187236638578, 7.970356143759028 ], [ -76.291186976362397, 7.970492086147557 ], [ -76.291186716097258, 7.970628027631999 ], [ -76.291186454951358, 7.970763970026403 ], [ -76.291267915001285, 7.970954448758474 ], [ -76.291294926673345, 7.971090445363815 ], [ -76.291306030057783, 7.97114633814268 ], [ -76.291321948335238, 7.971226440073304 ], [ -76.291457898831652, 7.971444210377439 ], [ -76.291539511360682, 7.971553113094136 ], [ -76.291675722963078, 7.97163494000583 ], [ -76.291811988021465, 7.971689576391593 ], [ -76.291948360851052, 7.971689836317402 ], [ -76.292084725513405, 7.971690097166379 ], [ -76.292221143522823, 7.971663164812314 ], [ -76.292357570573472, 7.971636234155203 ], [ -76.292493935155761, 7.971636493972832 ], [ -76.292513365565924, 7.971636530065815 ], [ -76.292630308724341, 7.971636746445968 ], [ -76.292739192540338, 7.971745711947046 ], [ -76.29265715902973, 7.97185430865819 ], [ -76.29243881513743, 7.971935463305498 ], [ -76.292329571214182, 7.972016822587127 ], [ -76.292264855587931, 7.972081089063847 ], [ -76.292192936795942, 7.972152505090923 ], [ -76.292083639390938, 7.972261056607774 ], [ -76.292056105043656, 7.972396944744508 ], [ -76.292055845330793, 7.972532887005952 ], [ -76.292110130383605, 7.972668936626321 ], [ -76.292246188740407, 7.972832331726247 ], [ -76.292327800942559, 7.972941234994398 ], [ -76.292409313784262, 7.973104520859932 ], [ -76.292518153873047, 7.973240679354609 ], [ -76.292572384962341, 7.973403912026337 ], [ -76.292681071527667, 7.973621628120608 ], [ -76.292762684117804, 7.97373053931933 ], [ -76.292871622922561, 7.97381231319739 ], [ -76.292953234635178, 7.973921216198097 ], [ -76.293062075158772, 7.974057372576587 ], [ -76.293225513846494, 7.97416643838052 ], [ -76.293334452765194, 7.974248202112899 ], [ -76.293470512232517, 7.974411597291208 ], [ -76.293579397153607, 7.97452055403761 ], [ -76.293688335393597, 7.974602326649884 ], [ -76.29379727368638, 7.974684101022309 ], [ -76.293960712760949, 7.974793165448025 ], [ -76.294096825822677, 7.974929368040575 ], [ -76.294232938974901, 7.975065570550741 ], [ -76.294341878377182, 7.975147343773125 ], [ -76.294478088876801, 7.975229162733807 ], [ -76.294587028358251, 7.975310935853416 ], [ -76.294723401134135, 7.975311197089915 ], [ -76.294859773884511, 7.975311457377889 ], [ -76.29499613929427, 7.97531170864435 ], [ -76.295132512008095, 7.975311968842103 ], [ -76.295268884710893, 7.975312229898147 ], [ -76.295405249159558, 7.975312481036503 ], [ -76.295541676692807, 7.975285549826199 ], [ -76.295705475103119, 7.975204297181787 ], [ -76.295841839536735, 7.975204558127971 ], [ -76.295951092934374, 7.975123196882835 ], [ -76.29614206600165, 7.975096364992979 ], [ -76.296278583098669, 7.975015057564264 ], [ -76.296415055221885, 7.974960934958482 ], [ -76.296524308398645, 7.974879573633586 ], [ -76.296555083685888, 7.974864311902825 ], [ -76.296730937747185, 7.97493042807862 ], [ -76.297127535029418, 7.974967141909675 ], [ -76.29741599331669, 7.974967690221065 ], [ -76.297668554830722, 7.97489625597845 ], [ -76.297921395196227, 7.974681055950088 ], [ -76.298282130566122, 7.974609864270217 ], [ -76.298534620154498, 7.974574390029219 ], [ -76.298859208597037, 7.974539050127341 ], [ -76.299220017320962, 7.974431890138961 ], [ -76.299544686023424, 7.974360627293406 ], [ -76.29994128280569, 7.974397341247541 ], [ -76.300265809290963, 7.974397960586584 ], [ -76.300698347891242, 7.974506611977683 ], [ -76.301022800971623, 7.974543154857037 ], [ -76.301396231193522, 7.974498867626757 ], [ -76.301520593971318, 7.974325340781695 ], [ -76.301571663376478, 7.974173569565284 ], [ -76.301508556278407, 7.973916966797824 ], [ -76.301644103341843, 7.973514126410719 ], [ -76.301719975239749, 7.97333853177054 ], [ -76.301755556831068, 7.973338594848269 ], [ -76.30190130012636, 7.973338874076319 ], [ -76.302047041508473, 7.973339143329842 ], [ -76.302206107383924, 7.973299814893302 ], [ -76.302338725357501, 7.973234021750392 ], [ -76.302458290585392, 7.973062543413377 ], [ -76.302538078888347, 7.972904197196765 ], [ -76.302631127315649, 7.972745877994024 ], [ -76.302644645664273, 7.97260061961745 ], [ -76.302644726692378, 7.972559352353164 ], [ -76.302644915662384, 7.972455335948143 ], [ -76.302645193757755, 7.972310042275542 ], [ -76.302751455999328, 7.972164954618752 ], [ -76.302897298317362, 7.972112394699224 ], [ -76.30302676268434, 7.972166455779382 ], [ -76.303056165263385, 7.972178735937891 ], [ -76.303188738291723, 7.972139353120419 ], [ -76.303189035354166, 7.971980864288004 ], [ -76.303189168698225, 7.971908531036429 ], [ -76.303189304328384, 7.971835578893985 ], [ -76.303189582327818, 7.971690286199619 ], [ -76.303150083729776, 7.97155813374897 ], [ -76.303137102644783, 7.971412823068175 ], [ -76.303137371719615, 7.971267537663533 ], [ -76.303269963520037, 7.971214950672216 ], [ -76.303373773184191, 7.971184121039474 ], [ -76.303402537212406, 7.971175577850267 ], [ -76.303416084397028, 7.971017106190421 ], [ -76.303416352531357, 7.970871821734326 ], [ -76.303429872549415, 7.970726555314645 ], [ -76.303401799950905, 7.970647719040172 ], [ -76.303363980873328, 7.970541528666764 ], [ -76.303271509261592, 7.97039606530064 ], [ -76.303390876972728, 7.970330245161647 ], [ -76.303536790190606, 7.97023806878282 ], [ -76.303537391920244, 7.97023478983108 ], [ -76.303563560329096, 7.970092828567775 ], [ -76.303537761215509, 7.970041140389473 ], [ -76.303484365229849, 7.969934187096801 ], [ -76.303471384318343, 7.969788876444422 ], [ -76.303530412200786, 7.969683413136905 ], [ -76.303537850350992, 7.969670127091669 ], [ -76.30364404929739, 7.969564656051442 ], [ -76.303644319366413, 7.969419370702208 ], [ -76.303499006926714, 7.969396805983147 ], [ -76.303472130260346, 7.969392637702307 ], [ -76.303326368696162, 7.969405572671557 ], [ -76.303313387932107, 7.969260261981466 ], [ -76.303287184343418, 7.96910171803293 ], [ -76.30334048104848, 7.968943317780693 ], [ -76.303420198073553, 7.968824597396071 ], [ -76.303592485766345, 7.968798500621948 ], [ -76.303674978379462, 7.968753019006565 ], [ -76.303711854007446, 7.968732689623498 ], [ -76.303712124114853, 7.968587397052157 ], [ -76.303712428778425, 7.968428907319147 ], [ -76.303765717160232, 7.968270507175511 ], [ -76.303779245571022, 7.968125249783713 ], [ -76.303722372707099, 7.968046988350438 ], [ -76.303673522968296, 7.967979767365772 ], [ -76.303594246875662, 7.967860740556683 ], [ -76.303634319857991, 7.967689117058725 ], [ -76.303674340187854, 7.9675439049277 ], [ -76.303568518941432, 7.967451253205646 ], [ -76.303422785228051, 7.967450973655164 ], [ -76.303237373300519, 7.96741100784969 ], [ -76.303290615657531, 7.967279028092046 ], [ -76.303330608885503, 7.967147020294554 ], [ -76.303158644996415, 7.967001411749751 ], [ -76.302999804049421, 7.966921866317515 ], [ -76.302880687697026, 7.966855606591182 ], [ -76.302841261170897, 7.96668383097644 ], [ -76.302788349895351, 7.96664146572216 ], [ -76.30278841296429, 7.966604482825519 ], [ -76.302815039207204, 7.966538492021424 ], [ -76.302854789185986, 7.966538572597302 ], [ -76.302960656342037, 7.966604806112741 ], [ -76.303013619915447, 7.966618110107315 ], [ -76.303093022604813, 7.966671092991086 ], [ -76.303225388890056, 7.966737378906008 ], [ -76.303225361639235, 7.96675058505036 ], [ -76.30333118350508, 7.966843236960992 ], [ -76.303420737321261, 7.966945663040514 ], [ -76.303423728239181, 7.966949075961603 ], [ -76.303432899939892, 7.966954178755508 ], [ -76.303542844655396, 7.967015336387725 ], [ -76.303635505673981, 7.967055140249981 ], [ -76.303688452940833, 7.967081650176598 ], [ -76.303807577557123, 7.967147908621056 ], [ -76.30388684622973, 7.967266936384802 ], [ -76.303886818992666, 7.967280140713434 ], [ -76.303949306274959, 7.967380213944365 ], [ -76.303952872118259, 7.967385927006212 ], [ -76.303999134874971, 7.967419003254121 ], [ -76.304045487861529, 7.967452142016412 ], [ -76.30406800917261, 7.967452178282696 ], [ -76.304071988712835, 7.967452187192039 ], [ -76.304125132812473, 7.967373036393895 ], [ -76.304125133148801, 7.967371158995603 ], [ -76.304125231649053, 7.967320205620426 ], [ -76.3040988568156, 7.967254117213283 ], [ -76.304059205740302, 7.967201215042341 ], [ -76.304059358075122, 7.967121965681955 ], [ -76.304046234178855, 7.967055904367604 ], [ -76.304046305814111, 7.967016278819457 ], [ -76.304045946010703, 7.967013341821496 ], [ -76.304011037546729, 7.966985395199091 ], [ -76.304026192554332, 7.966944099893561 ], [ -76.303927359935102, 7.966857564944207 ], [ -76.303887618123568, 7.966857484419127 ], [ -76.30378162558533, 7.966857286344935 ], [ -76.303635883131193, 7.966857016793317 ], [ -76.303516794022812, 7.966777552047231 ], [ -76.303424249330106, 7.96667171306076 ], [ -76.303424518989459, 7.966526427671091 ], [ -76.303358547005118, 7.96638101824003 ], [ -76.303252725290662, 7.966288365385148 ], [ -76.303080562923768, 7.966248417409465 ], [ -76.30293487415419, 7.966221728005347 ], [ -76.302775935412711, 7.966195013182984 ], [ -76.302683391100885, 7.966089182027219 ], [ -76.302617373943107, 7.965970181862389 ], [ -76.302564625039182, 7.965838003670719 ], [ -76.302538150573284, 7.965824744982028 ], [ -76.30253840335763, 7.965692666438013 ], [ -76.302538475264768, 7.965653049862706 ], [ -76.302657519339007, 7.965758933653622 ], [ -76.302657464768018, 7.96578534505473 ], [ -76.302750063537175, 7.965864764849687 ], [ -76.302882422256388, 7.96593105196653 ], [ -76.302935367592369, 7.965957570214943 ], [ -76.303028038223232, 7.965997365223055 ], [ -76.30317370868562, 7.966037258890903 ], [ -76.303226701253635, 7.966037357629834 ], [ -76.303319442831906, 7.966037537823556 ], [ -76.303451935062483, 7.966037779555886 ], [ -76.303465185939686, 7.966037806695002 ], [ -76.303637517979965, 7.965985300881704 ], [ -76.303690663018941, 7.965906150170887 ], [ -76.303677511127603, 7.965853293140829 ], [ -76.303611394892158, 7.965787132169978 ], [ -76.303611493820355, 7.965734294139192 ], [ -76.303611592816551, 7.965681464238958 ], [ -76.3036117635491, 7.965589008771254 ], [ -76.303611960653271, 7.965483348977367 ], [ -76.303612042368187, 7.965443724233706 ], [ -76.303718277038385, 7.965311843284859 ], [ -76.303731679522443, 7.965232620137026 ], [ -76.30373179665736, 7.965166576045175 ], [ -76.303758566301838, 7.9650213458959 ], [ -76.303785094259268, 7.965008185016112 ], [ -76.30385113769006, 7.965113970663589 ], [ -76.303851120399159, 7.965127175817676 ], [ -76.303850867970027, 7.965259255096322 ], [ -76.303850840792393, 7.965272470267291 ], [ -76.303850571994161, 7.965417753788542 ], [ -76.303850418585512, 7.965497004081086 ], [ -76.303823775241966, 7.965576199109914 ], [ -76.303810254724084, 7.965721457315616 ], [ -76.303862977662632, 7.965866849451186 ], [ -76.303875877252523, 7.966051784833367 ], [ -76.303822606966449, 7.966196970675134 ], [ -76.303822338299284, 7.966342255098718 ], [ -76.303875159362661, 7.966434809186496 ], [ -76.303928131955516, 7.966448112988548 ], [ -76.304062970200633, 7.966403591761811 ], [ -76.304087214932565, 7.966395578905044 ], [ -76.304127036515524, 7.966356035624964 ], [ -76.304180182359104, 7.966276884864092 ], [ -76.304326067822799, 7.9661979050378 ], [ -76.304458658922854, 7.966145327411951 ], [ -76.304604401904513, 7.966145595865777 ], [ -76.304736768951159, 7.966211883067187 ], [ -76.304816009329372, 7.96634410591111 ], [ -76.304880094555116, 7.966435743244049 ], [ -76.304908508870795, 7.966476364774306 ], [ -76.304956111287112, 7.966467822195945 ], [ -76.304961499599287, 7.966476464185352 ], [ -76.304988001269763, 7.9664765093207 ], [ -76.305120565057308, 7.966437134890491 ], [ -76.305133886516003, 7.966397529244413 ], [ -76.305099705898783, 7.966337646763358 ], [ -76.305081066149626, 7.966304975424085 ], [ -76.305081093353849, 7.966291770207174 ], [ -76.305001745073952, 7.966212377343383 ], [ -76.305001799410348, 7.966185956969936 ], [ -76.305015317633405, 7.966040699811762 ], [ -76.305028595627093, 7.966027512648901 ], [ -76.305134686597611, 7.965974879767197 ], [ -76.305174526991721, 7.965922122258562 ], [ -76.305197038863597, 7.965989854968984 ], [ -76.30522723135725, 7.966080720064531 ], [ -76.30522720415496, 7.96609392527964 ], [ -76.30529324815916, 7.966199711372422 ], [ -76.305332927290763, 7.966239407277371 ], [ -76.305385793005016, 7.966305549789071 ], [ -76.305412022946953, 7.966450880028285 ], [ -76.305411996734222, 7.966464094267599 ], [ -76.305345529678249, 7.966582841711283 ], [ -76.305345376577719, 7.966662082848952 ], [ -76.305371751509114, 7.966728172015102 ], [ -76.305358357581724, 7.966807394133548 ], [ -76.305318509023479, 7.966860151748565 ], [ -76.305186043045197, 7.966846703708587 ], [ -76.305172793070639, 7.96684667662812 ], [ -76.305013809007647, 7.966846381318641 ], [ -76.304921066561235, 7.966846209717906 ], [ -76.304854717974379, 7.966898914039031 ], [ -76.304854528779316, 7.966999291998209 ], [ -76.304854447969007, 7.967044199228082 ], [ -76.304784603807661, 7.967194315634002 ], [ -76.304774632917585, 7.967215759361137 ], [ -76.304774605708403, 7.96722896367819 ], [ -76.304774353860296, 7.96736104372888 ], [ -76.304880148938253, 7.967466901155992 ], [ -76.3049461479863, 7.967599105739095 ], [ -76.305012075576215, 7.96777093580277 ], [ -76.304945582055225, 7.967902890327066 ], [ -76.304786373794556, 7.968021458171553 ], [ -76.304744072384153, 7.968049458831502 ], [ -76.30466697895703, 7.968100491713592 ], [ -76.30465345903265, 7.96824574984431 ], [ -76.304639912900328, 7.96840422132269 ], [ -76.304639867856892, 7.96842750571193 ], [ -76.304639633967398, 7.968549505703217 ], [ -76.30458639121953, 7.968681486428776 ], [ -76.304493405633977, 7.968813394909197 ], [ -76.304466610370127, 7.968971840232673 ], [ -76.304466330544528, 7.969117123738815 ], [ -76.304439516268246, 7.969288774229691 ], [ -76.304425970181555, 7.969447245742225 ], [ -76.304424065323417, 7.969467691842982 ], [ -76.304412450392718, 7.969592512944216 ], [ -76.304425421629134, 7.96973782441766 ], [ -76.304478071574493, 7.969922831762862 ], [ -76.304583813276622, 7.970055109397052 ], [ -76.304689615655974, 7.970160967450798 ], [ -76.304848375868957, 7.970280137176243 ], [ -76.304994271282283, 7.970201157429252 ], [ -76.305087255957929, 7.970069257822059 ], [ -76.305180204335869, 7.969963760369921 ], [ -76.305233446851005, 7.969831778681263 ], [ -76.305326485623752, 7.969673459625804 ], [ -76.30532768132808, 7.969659508764454 ], [ -76.305340032228528, 7.969514988216887 ], [ -76.305406625131241, 7.969330204679961 ], [ -76.305539242968351, 7.96926441212107 ], [ -76.305684976947802, 7.969264681627559 ], [ -76.305817721265896, 7.969132854015128 ], [ -76.305831239684167, 7.968987586981025 ], [ -76.305858064248298, 7.968815936556694 ], [ -76.305936800792722, 7.968715397837069 ], [ -76.305951031194155, 7.968697233983471 ], [ -76.305951299665679, 7.968551948968644 ], [ -76.306004587967863, 7.968393548876161 ], [ -76.305938615566674, 7.968248139452998 ], [ -76.305819598090594, 7.968129049334316 ], [ -76.305819867604427, 7.967983765193572 ], [ -76.305899610714135, 7.967851828648758 ], [ -76.305979426206662, 7.967680278374566 ], [ -76.306019499850436, 7.967508646010041 ], [ -76.306033020262433, 7.967363388030487 ], [ -76.306178932564137, 7.967271203242853 ], [ -76.306311543302812, 7.967205410803674 ], [ -76.306430911268066, 7.967139591245006 ], [ -76.306563529141769, 7.96707379779721 ], [ -76.306629940661296, 7.966981469705352 ], [ -76.30662999487987, 7.966955050278695 ], [ -76.306656575951649, 7.966907556373545 ], [ -76.306656765018815, 7.966809811274812 ], [ -76.306656792158435, 7.966796605175354 ], [ -76.306657035326339, 7.966664526336629 ], [ -76.306657160124828, 7.96659849140874 ], [ -76.306749902348486, 7.966598661739063 ], [ -76.306789455038, 7.966704393267237 ], [ -76.306836589570651, 7.966798833337515 ], [ -76.306842248719548, 7.96681016091706 ], [ -76.30688200031328, 7.966810232949454 ], [ -76.306974543746691, 7.966916062668037 ], [ -76.306987516296104, 7.967061374636823 ], [ -76.307013818336628, 7.967167088121142 ], [ -76.30701374698657, 7.967206712649159 ], [ -76.307000254045661, 7.967338765326495 ], [ -76.307000226989572, 7.967351979551812 ], [ -76.30693376137323, 7.967470728013899 ], [ -76.306893938302622, 7.967510272414241 ], [ -76.306827571116969, 7.967576190250003 ], [ -76.306708176030213, 7.967655215142936 ], [ -76.306655103001205, 7.967694740646354 ], [ -76.306588762887614, 7.96774745417806 ], [ -76.306583471805638, 7.96780428072554 ], [ -76.306575387260182, 7.967813462092057 ], [ -76.306535376247766, 7.967958674932301 ], [ -76.306535097087774, 7.9681039680838 ], [ -76.306574550654233, 7.968262530240226 ], [ -76.306667095504011, 7.968368369850276 ], [ -76.306825864140876, 7.968487539704195 ], [ -76.306984677050821, 7.968580291026109 ], [ -76.307116999062345, 7.96867298819737 ], [ -76.307262741673341, 7.968673258063761 ], [ -76.307395377742623, 7.968594259995351 ], [ -76.307554612920271, 7.96846247714079 ], [ -76.307687348009125, 7.968330640305986 ], [ -76.307846439624228, 7.968278107315697 ], [ -76.307965853346303, 7.968185867964294 ], [ -76.308111595726999, 7.968186145732383 ], [ -76.308230639797088, 7.968292030648069 ], [ -76.308363051895057, 7.968331897763345 ], [ -76.308495696520922, 7.968252891269296 ], [ -76.308601932180835, 7.968121009402298 ], [ -76.308668524337648, 7.967936226014649 ], [ -76.308774858026382, 7.967751504594573 ], [ -76.308867796752665, 7.967646016004077 ], [ -76.308891396257337, 7.967619650653639 ], [ -76.308894351624971, 7.967619651435813 ], [ -76.309053264262602, 7.967659572286328 ], [ -76.309145808344098, 7.967765402111381 ], [ -76.309185316005184, 7.967897563241569 ], [ -76.309185037701965, 7.968042846977749 ], [ -76.309105303066659, 7.968174773743766 ], [ -76.309025506279156, 7.968333128976409 ], [ -76.308919342788556, 7.968425385556119 ], [ -76.3089190726309, 7.968570670165925 ], [ -76.308945250182234, 7.968742418961574 ], [ -76.309090767530478, 7.968861563405358 ], [ -76.309236339846095, 7.968954286592325 ], [ -76.309408646025261, 7.968914985131203 ], [ -76.309554389304552, 7.968915255049721 ], [ -76.30972673139425, 7.968862739213806 ], [ -76.309819669921851, 7.968757250411058 ], [ -76.309965431038265, 7.96874431512805 ], [ -76.310111219054988, 7.968718164710092 ], [ -76.31025696125657, 7.968718434416436 ], [ -76.310389381594419, 7.968758300679771 ], [ -76.310535070756643, 7.96878498959746 ], [ -76.310574820590929, 7.96878506211405 ], [ -76.310680812927941, 7.96878526004788 ], [ -76.310760359297007, 7.968758993017593 ], [ -76.310773779835003, 7.968666556044576 ], [ -76.310866719785437, 7.968561067119253 ], [ -76.310880041562726, 7.96852146870974 ], [ -76.31093318587051, 7.968442319311758 ], [ -76.311012919789917, 7.968310392413515 ], [ -76.311012946704182, 7.968297178241244 ], [ -76.311035826803391, 7.968274460394095 ], [ -76.311105859533896, 7.96820489355366 ], [ -76.311119110387878, 7.968204921321986 ], [ -76.311158617720693, 7.96833707205385 ], [ -76.311158421054955, 7.96844273196373 ], [ -76.311158349256573, 7.968482357237558 ], [ -76.311131552252888, 7.968640811005059 ], [ -76.31107830921006, 7.968772790836544 ], [ -76.311043337357376, 7.968795932428314 ], [ -76.310958923342454, 7.968851815792937 ], [ -76.310892501179623, 7.968944145296764 ], [ -76.310865983389192, 7.968957304755012 ], [ -76.310878981889232, 7.969089410882158 ], [ -76.310892204880901, 7.969102642889401 ], [ -76.310984731012411, 7.969221687883219 ], [ -76.311042438637941, 7.969272209415295 ], [ -76.311090552894072, 7.969314340449621 ], [ -76.311103802797916, 7.969314358273629 ], [ -76.31122314392492, 7.969261753368218 ], [ -76.31122341400004, 7.969116460053095 ], [ -76.31122348576703, 7.969076834782782 ], [ -76.311223728063553, 7.968944755643103 ], [ -76.311290221002054, 7.96881280175905 ], [ -76.311290247973446, 7.968799596624646 ], [ -76.311396383773484, 7.968720544748618 ], [ -76.311436162347874, 7.968707412037825 ], [ -76.311542099739242, 7.968734020028262 ], [ -76.311621447656478, 7.968813412733088 ], [ -76.31166114451122, 7.968839904429761 ], [ -76.311793636579921, 7.968840146729601 ], [ -76.311820191225323, 7.968813781116454 ], [ -76.311952773775104, 7.968761193969526 ], [ -76.311979273669607, 7.968761247644377 ], [ -76.312124846195289, 7.96885397227184 ], [ -76.312191060763553, 7.968867302575857 ], [ -76.312257410798566, 7.968814590087148 ], [ -76.312297331766032, 7.968722206851136 ], [ -76.312297404351128, 7.968682581615238 ], [ -76.312310823700926, 7.96859015467929 ], [ -76.312390342871964, 7.968577093416681 ], [ -76.31246970871662, 7.968643280857822 ], [ -76.312469611024042, 7.968696111191528 ], [ -76.312469368189582, 7.968828190176371 ], [ -76.312469341256531, 7.968841395295308 ], [ -76.312469071517228, 7.968986680301717 ], [ -76.312468999859689, 7.969026304619756 ], [ -76.312508578576683, 7.969118839732912 ], [ -76.312481836811813, 7.969250865978709 ], [ -76.312468585949219, 7.969250839171356 ], [ -76.312322870803513, 7.969237364299017 ], [ -76.312283147022015, 7.969224086854718 ], [ -76.312203825774716, 7.969131479303503 ], [ -76.312084629271098, 7.969104843882898 ], [ -76.312058127617476, 7.969104799272368 ], [ -76.311951965000986, 7.969197056431208 ], [ -76.311859195706234, 7.969210090829293 ], [ -76.31180620498715, 7.969209992447698 ], [ -76.311620782914929, 7.969170025724361 ], [ -76.311607559906307, 7.96915679375097 ], [ -76.311475094671792, 7.969143346301439 ], [ -76.311435397784308, 7.969116854594308 ], [ -76.311355726751103, 7.969209166323296 ], [ -76.311355583167455, 7.96928840601228 ], [ -76.311355456656329, 7.969354449681449 ], [ -76.311288972796547, 7.969486404431408 ], [ -76.31127569591952, 7.969499590846449 ], [ -76.311156353915379, 7.969552204833305 ], [ -76.311010566669097, 7.969578345768479 ], [ -76.310891467824575, 7.969498881417582 ], [ -76.310878524407414, 7.969459912214819 ], [ -76.310878298693964, 7.96945923010284 ], [ -76.310759057189671, 7.969459013547538 ], [ -76.310745806297717, 7.969458986687634 ], [ -76.310652885022805, 7.969551270600688 ], [ -76.310639445683833, 7.969656912666786 ], [ -76.310626096907455, 7.969709716233964 ], [ -76.310665415763168, 7.969753984747233 ], [ -76.31073186503771, 7.969828788188442 ], [ -76.310784712255639, 7.969908127310642 ], [ -76.310811086530549, 7.969974215692235 ], [ -76.310863845099874, 7.970106394166482 ], [ -76.310890138593294, 7.970212107886296 ], [ -76.310890066831774, 7.970251732264582 ], [ -76.310956093327093, 7.970370722548 ], [ -76.311048636904346, 7.970476563243342 ], [ -76.311154441336228, 7.970582419809848 ], [ -76.311180886567755, 7.970608884668344 ], [ -76.31126016415466, 7.970727901672633 ], [ -76.311352707827979, 7.97083373319933 ], [ -76.311405483738469, 7.970952706431232 ], [ -76.311418733763787, 7.970952733257475 ], [ -76.311524556297385, 7.971045384580177 ], [ -76.311617100119747, 7.971151215989114 ], [ -76.311696377061907, 7.971270232819748 ], [ -76.31178892106, 7.971376073184324 ], [ -76.311868153343838, 7.971521501024599 ], [ -76.311894527076333, 7.971587590129579 ], [ -76.311934178681625, 7.971640500897901 ], [ -76.312039999640518, 7.971733143849748 ], [ -76.312119491669534, 7.971733296551457 ], [ -76.312185761389586, 7.971720208284522 ], [ -76.312344726597686, 7.971733709638396 ], [ -76.312384431986445, 7.971760201062515 ], [ -76.312450503065506, 7.971852781571133 ], [ -76.312503350953946, 7.97193212112785 ], [ -76.312503251619574, 7.971984950564273 ], [ -76.312556028095699, 7.972103924350018 ], [ -76.312582484386454, 7.97213038804963 ], [ -76.312675001028794, 7.97224943316094 ], [ -76.312674983209703, 7.972262638202944 ], [ -76.312648231811551, 7.972394672715192 ], [ -76.312608462983775, 7.972407805591361 ], [ -76.31256896427837, 7.972275655291285 ], [ -76.312476339259717, 7.972209439656075 ], [ -76.312476410790538, 7.972169815343146 ], [ -76.312370588639808, 7.97207716266099 ], [ -76.312344187956853, 7.972024287784889 ], [ -76.31223819586414, 7.972024090613213 ], [ -76.31209245276743, 7.972023821183259 ], [ -76.312052701772984, 7.972023748948406 ], [ -76.311946736550397, 7.97201034567421 ], [ -76.311827620698253, 7.971944087002659 ], [ -76.311801390140829, 7.97179874831585 ], [ -76.311669121958758, 7.97167963239004 ], [ -76.311642792042562, 7.971587123144066 ], [ -76.31164289059528, 7.971534292765579 ], [ -76.311563642315335, 7.971402069893068 ], [ -76.311471088392011, 7.971296231343269 ], [ -76.311365266668531, 7.971203578215284 ], [ -76.311206480031686, 7.971097621555045 ], [ -76.311153524801554, 7.971071113064245 ], [ -76.311087481077379, 7.970965327038093 ], [ -76.310994935533714, 7.970859488223997 ], [ -76.310915605916676, 7.970766888637729 ], [ -76.310915659766806, 7.970740470230472 ], [ -76.310823106228341, 7.97063463863048 ], [ -76.310730561744336, 7.970528799690108 ], [ -76.310677857947482, 7.970370210915219 ], [ -76.31063835934755, 7.970238060092408 ], [ -76.3105737792756, 7.970108693688136 ], [ -76.310572359857886, 7.970105854630628 ], [ -76.310426617216336, 7.97010558614056 ], [ -76.310320426982912, 7.970211057312829 ], [ -76.310267183640562, 7.97034303722151 ], [ -76.310134592982251, 7.97039562508299 ], [ -76.309988859149456, 7.970395345567216 ], [ -76.309816814048773, 7.970289372128456 ], [ -76.309671322924132, 7.970157023085453 ], [ -76.309538928984878, 7.97010394165617 ], [ -76.309393213202753, 7.970090466738982 ], [ -76.309344523515719, 7.970090377074297 ], [ -76.309247470388925, 7.970090196926987 ], [ -76.309101727561384, 7.970089927966914 ], [ -76.309048978540503, 7.969957749865546 ], [ -76.309089017236602, 7.96979932286615 ], [ -76.309089295311935, 7.969654038222462 ], [ -76.309089565252236, 7.969508753643176 ], [ -76.309089573816664, 7.969501028102617 ], [ -76.309089834234626, 7.969363460036373 ], [ -76.308984065763894, 7.969244398263476 ], [ -76.308811922224095, 7.969191243788913 ], [ -76.308666080593326, 7.969243805083755 ], [ -76.308573140697661, 7.969349293798493 ], [ -76.308374181952203, 7.969467800089161 ], [ -76.308254769015079, 7.969560038758167 ], [ -76.308095560875216, 7.969678606845707 ], [ -76.30794974596806, 7.969717962817279 ], [ -76.30779069898125, 7.969744085779943 ], [ -76.307644938958305, 7.969757021357331 ], [ -76.307499096837489, 7.969809582382336 ], [ -76.307353210526657, 7.969888561792779 ], [ -76.307260243915223, 7.970007255586387 ], [ -76.307259975284438, 7.970152549445953 ], [ -76.307259695727311, 7.970297834357583 ], [ -76.307325696149633, 7.970430029915928 ], [ -76.307351925851478, 7.970575368668158 ], [ -76.30736490733392, 7.970720680436796 ], [ -76.30737787887081, 7.970865991376655 ], [ -76.307443805694135, 7.971037821324672 ], [ -76.307562796672499, 7.971170115613658 ], [ -76.30766861791237, 7.971262768263659 ], [ -76.307814334385512, 7.971276251772139 ], [ -76.307986532055722, 7.971302986070325 ], [ -76.30807905020778, 7.971422031008012 ], [ -76.308198066700257, 7.971541119823746 ], [ -76.308317121180707, 7.971647005124376 ], [ -76.308462809798954, 7.971673694420034 ], [ -76.308608553281516, 7.97167396337576 ], [ -76.308754312883735, 7.971661027200729 ], [ -76.308899911629396, 7.971740545874611 ], [ -76.309032207237294, 7.971846448803926 ], [ -76.309071705823925, 7.971978608954009 ], [ -76.308925739330775, 7.972097203684965 ], [ -76.308779950861236, 7.972123354195489 ], [ -76.308647683021618, 7.972004237891187 ], [ -76.308501968178973, 7.971990753876041 ], [ -76.308329725348997, 7.971990440133268 ], [ -76.308157382518729, 7.972042946045215 ], [ -76.308077666170774, 7.97216167696892 ], [ -76.308078286070838, 7.972165396073414 ], [ -76.308103870353278, 7.97232021977298 ], [ -76.308169940818132, 7.972412792288326 ], [ -76.308196370012197, 7.972452469679812 ], [ -76.308182850068761, 7.972597728366847 ], [ -76.308103177685325, 7.972690039127773 ], [ -76.308076678341394, 7.972689985300598 ], [ -76.307944383398947, 7.972584082071903 ], [ -76.307931214292694, 7.972544430592154 ], [ -76.307851838752669, 7.972478243274423 ], [ -76.30774584697653, 7.972478044989699 ], [ -76.307706095773923, 7.972477973257587 ], [ -76.307666596625495, 7.972345821860693 ], [ -76.307666668615582, 7.972306197358868 ], [ -76.307686790740561, 7.972226607118121 ], [ -76.307693366843395, 7.972200582819962 ], [ -76.307693636908965, 7.972055298053729 ], [ -76.307693861059334, 7.971936423581379 ], [ -76.3076939060239, 7.97191000516334 ], [ -76.307561664596548, 7.971777683178822 ], [ -76.307513111335453, 7.97176438822482 ], [ -76.30738944867349, 7.971764153885692 ], [ -76.307243705896212, 7.971763885408734 ], [ -76.307146589312865, 7.971737284648055 ], [ -76.307128865979493, 7.971732434623867 ], [ -76.307098044206512, 7.971723989572633 ], [ -76.307025263383579, 7.971675427295472 ], [ -76.306992150806181, 7.971670963110281 ], [ -76.306926124762271, 7.971551962781124 ], [ -76.306860098846357, 7.971432972362608 ], [ -76.306780975264076, 7.971234704902424 ], [ -76.306701699377186, 7.971115687446059 ], [ -76.306569413380743, 7.971009776125578 ], [ -76.306476939906361, 7.970864321221166 ], [ -76.306304849649081, 7.97078474822583 ], [ -76.306199028748182, 7.970692095951956 ], [ -76.306057661261775, 7.970679025155544 ], [ -76.306053313287833, 7.970678620793715 ], [ -76.305907515557408, 7.970704762102533 ], [ -76.305854273282321, 7.970836742024355 ], [ -76.305933495658664, 7.970982180104137 ], [ -76.306039218229643, 7.971127662201225 ], [ -76.306131763026798, 7.971233500815361 ], [ -76.306224261835823, 7.971365750625928 ], [ -76.306263761258791, 7.971497902387 ], [ -76.306289991742318, 7.971643241318995 ], [ -76.30628971294928, 7.971788524547965 ], [ -76.306223201837909, 7.971933692612163 ], [ -76.30607740554251, 7.971959834142848 ], [ -76.305931663412437, 7.971959565223739 ], [ -76.305799268786473, 7.971906482639692 ], [ -76.305666902206013, 7.971840195688803 ], [ -76.305614252085093, 7.971655187917976 ], [ -76.305550579631529, 7.971577312948226 ], [ -76.305479818717529, 7.971364368346903 ], [ -76.30534981457896, 7.971364125255817 ], [ -76.305203901727751, 7.971456301364694 ], [ -76.305190381537173, 7.971601567598878 ], [ -76.305137138995747, 7.971733547565227 ], [ -76.3050047183103, 7.971693680703106 ], [ -76.304978488252246, 7.971548343312025 ], [ -76.304978765717536, 7.971403058100699 ], [ -76.304859666585145, 7.971323583625103 ], [ -76.304713907331262, 7.971336520226733 ], [ -76.30462093955677, 7.971455213865264 ], [ -76.304620840959018, 7.971508152116804 ], [ -76.30462066204484, 7.97160050816185 ], [ -76.304629878212282, 7.971703644304838 ], [ -76.304633641856626, 7.971745818592529 ], [ -76.30460687218519, 7.97189104972268 ], [ -76.304566853343886, 7.972036262853281 ], [ -76.304553323922249, 7.972181529235462 ], [ -76.30468561922811, 7.972287441182533 ], [ -76.304711850251124, 7.972432778603751 ], [ -76.304711571027894, 7.972578063862248 ], [ -76.304578880727888, 7.972683481253449 ], [ -76.304459467595677, 7.972775711399018 ], [ -76.304366527615898, 7.972881199906389 ], [ -76.304247006851185, 7.973026268991478 ], [ -76.304167263584119, 7.973158195872781 ], [ -76.304127243716948, 7.973303408171199 ], [ -76.304116607707456, 7.973417718760565 ], [ -76.304113724252105, 7.973448675436003 ], [ -76.304192946946287, 7.973594103039564 ], [ -76.304325366608921, 7.973633978989274 ], [ -76.304471100510867, 7.97363424920858 ], [ -76.304630192996171, 7.97358171466778 ], [ -76.304723159111049, 7.973463011822134 ], [ -76.304855751172667, 7.973410434057194 ], [ -76.305041199371118, 7.973437193594776 ], [ -76.305200236521486, 7.973411071132551 ], [ -76.305332827538763, 7.973358493253381 ], [ -76.30550491807945, 7.97343805725489 ], [ -76.305677106984163, 7.973464791380702 ], [ -76.305809779980592, 7.973372587810254 ], [ -76.305915995787331, 7.973253910925883 ], [ -76.306114658733946, 7.973293904025831 ], [ -76.306220452636367, 7.973399771188527 ], [ -76.30631299815137, 7.973505601393418 ], [ -76.306432069322497, 7.973598280279459 ], [ -76.306577614678972, 7.973704210056151 ], [ -76.306723384397003, 7.973691274205683 ], [ -76.306869118038477, 7.973691551700382 ], [ -76.307014859756961, 7.973691821851181 ], [ -76.307160603259675, 7.973692091032561 ], [ -76.307306345842477, 7.973692361073084 ], [ -76.307438668274315, 7.973785067371039 ], [ -76.3074545859956, 7.973873264181412 ], [ -76.307464897730043, 7.973930396062439 ], [ -76.307422723244642, 7.974014091726461 ], [ -76.307385100800303, 7.97408874171322 ], [ -76.307384831906262, 7.974234036442776 ], [ -76.307424285518024, 7.974392598118682 ], [ -76.307476954268182, 7.974564400059897 ], [ -76.307529658267029, 7.974722997632737 ], [ -76.307576262808723, 7.974839770394712 ], [ -76.307527357983247, 7.974868902149003 ], [ -76.307212776907633, 7.974913090376639 ], [ -76.307167484123184, 7.975092161245446 ], [ -76.307211923909207, 7.975360990107847 ], [ -76.307031524313373, 7.975718977913674 ], [ -76.306896543317151, 7.97580830672881 ], [ -76.306627246017115, 7.975673406758854 ], [ -76.306492947934615, 7.975404414893889 ], [ -76.306358425522504, 7.975269801815502 ], [ -76.306314066842589, 7.974956210028179 ], [ -76.306314578696927, 7.974687460736728 ], [ -76.306045246077232, 7.974552561195519 ], [ -76.305820442841323, 7.974641727222156 ], [ -76.305640375176992, 7.974820545838567 ], [ -76.305370539372447, 7.974954431409889 ], [ -76.305281102803107, 7.974730292305019 ], [ -76.305281614779261, 7.974461578879621 ], [ -76.305282036929768, 7.974237611006013 ], [ -76.304877598012339, 7.9742816558471 ], [ -76.304562836968941, 7.974415415371451 ], [ -76.304203645576436, 7.97428038892888 ], [ -76.303775687546931, 7.974464183866481 ], [ -76.303634177013976, 7.974662748268157 ], [ -76.303567728172652, 7.974794603427443 ], [ -76.303401862889487, 7.97499230431454 ], [ -76.303236016000795, 7.975157000632153 ], [ -76.303268669751304, 7.975388039208622 ], [ -76.303367754177017, 7.975520244290356 ], [ -76.303665653956685, 7.975520810259296 ], [ -76.303864154107288, 7.975587176565273 ], [ -76.303996180222128, 7.975785399991172 ], [ -76.304061847277794, 7.976082516836219 ], [ -76.304094509294544, 7.976313591197283 ], [ -76.304226651696069, 7.976445822776641 ], [ -76.304458390231403, 7.97644626309531 ], [ -76.304590909033251, 7.976380514936107 ], [ -76.304789545338878, 7.976380893332223 ], [ -76.30495497856846, 7.976414202432604 ], [ -76.305120134186964, 7.976612522807006 ], [ -76.305185890632757, 7.97684362424333 ], [ -76.305284749569807, 7.977074814411925 ], [ -76.305416837922806, 7.977240041097527 ], [ -76.305681481749502, 7.977339565821767 ], [ -76.306078582243856, 7.977406311241105 ], [ -76.306508831009936, 7.977473109287098 ], [ -76.306872890980259, 7.977506786579464 ], [ -76.307071364951014, 7.977573154564826 ], [ -76.307269559689388, 7.977804534345714 ], [ -76.307368545327421, 7.977969742776482 ], [ -76.307401271017781, 7.978167776933589 ], [ -76.307715438768454, 7.978226688232929 ], [ -76.307789989721712, 7.978152657991333 ], [ -76.30788318096505, 7.978060104128417 ], [ -76.307939227215613, 7.977948928879697 ], [ -76.308032426547456, 7.977856375853165 ], [ -76.308162809013496, 7.97776388503222 ], [ -76.308311624244524, 7.977782722745286 ], [ -76.308497493689885, 7.977875796656503 ], [ -76.308683248114974, 7.978024494595144 ], [ -76.308906442524005, 7.978043467982831 ], [ -76.309018112947072, 7.978025124369666 ], [ -76.309129952535557, 7.97791409180947 ], [ -76.309167483893319, 7.977747221007532 ], [ -76.309204952789003, 7.97759893574741 ], [ -76.309335549916725, 7.977413721997275 ], [ -76.309354477764643, 7.977246860014153 ], [ -76.309447983277948, 7.976987398712368 ], [ -76.309671493320707, 7.976839429381831 ], [ -76.309820452166093, 7.97678408442183 ], [ -76.310025132992976, 7.976747360164461 ], [ -76.310211344866303, 7.976654977953422 ], [ -76.310323256572062, 7.976506837075463 ], [ -76.310342292349333, 7.976284306045095 ], [ -76.310342535126566, 7.976154508046101 ], [ -76.310361425976865, 7.976006161037894 ], [ -76.310473302002066, 7.97587657027161 ], [ -76.310566386129992, 7.975839631193411 ], [ -76.310678127238702, 7.975765672746572 ], [ -76.310790209710561, 7.975524761800603 ], [ -76.31082767882846, 7.975395028274998 ], [ -76.310920798391322, 7.975339548154089 ], [ -76.311181174556836, 7.975377141708567 ], [ -76.311329926723019, 7.97541452075857 ], [ -76.311478849862667, 7.975377699337748 ], [ -76.311609122965081, 7.975340831990947 ], [ -76.311683467602307, 7.975396636111744 ], [ -76.311720442857421, 7.97550798201799 ], [ -76.311627143798447, 7.975656159207464 ], [ -76.311440931961315, 7.97574854175233 ], [ -76.311217663844857, 7.975766679340583 ], [ -76.311087220211292, 7.975877719053999 ], [ -76.311049786646208, 7.975988895306952 ], [ -76.311049436744639, 7.976174352409571 ], [ -76.31106766418803, 7.976378394907433 ], [ -76.311067384730634, 7.976526788046633 ], [ -76.31104859334539, 7.976619475861876 ], [ -76.310936724568791, 7.976767617403799 ], [ -76.310769189895794, 7.976804411618822 ], [ -76.310601690240134, 7.97684117206951 ], [ -76.310489848944854, 7.976952239101763 ], [ -76.310433741223264, 7.977119037993837 ], [ -76.310377550766276, 7.977322947052352 ], [ -76.310451679713182, 7.977471437780302 ], [ -76.310619009312234, 7.9775274130576 ], [ -76.310749318630002, 7.977490555329063 ], [ -76.310842518737658, 7.97739799201612 ], [ -76.311065983954592, 7.977268617339313 ], [ -76.311326540382893, 7.977213441985758 ], [ -76.311494210761936, 7.97710247267521 ], [ -76.311680494264522, 7.976973025923435 ], [ -76.311866607144324, 7.976936266919116 ], [ -76.311977854928884, 7.977121930840751 ], [ -76.311996117587583, 7.977307423961818 ], [ -76.311939937069852, 7.97751133285191 ], [ -76.311846709938109, 7.977622436354007 ], [ -76.311679245965763, 7.977640680725312 ], [ -76.311455978758232, 7.977640259146634 ], [ -76.311325767762668, 7.977621466119218 ], [ -76.311176917388266, 7.977639738371474 ], [ -76.311027993999971, 7.977695082685025 ], [ -76.310971984236218, 7.977787707946854 ], [ -76.310859972683559, 7.977991509086038 ], [ -76.310673824222306, 7.978046781780837 ], [ -76.310525044548243, 7.978027953754267 ], [ -76.31035771591857, 7.977972015550323 ], [ -76.310153034769499, 7.977990188618388 ], [ -76.309966886089654, 7.978045461936458 ], [ -76.309836324686856, 7.978212116741625 ], [ -76.309761638681934, 7.978360366418983 ], [ -76.309761288636565, 7.978545823741801 ], [ -76.309798271857105, 7.978675693428885 ], [ -76.309909690026743, 7.978787182875485 ], [ -76.310058191205627, 7.978954368153095 ], [ -76.310188015796584, 7.979177177783263 ], [ -76.310355201365596, 7.979307325156078 ], [ -76.310559612659134, 7.979437508712682 ], [ -76.310689536236069, 7.979586145236944 ], [ -76.310763736842731, 7.979697527444203 ], [ -76.310800676378378, 7.979845982221219 ], [ -76.310633149201323, 7.979901291363364 ], [ -76.310465675927389, 7.979919535708329 ], [ -76.310316897367827, 7.979882148151221 ], [ -76.310168323854285, 7.979752072323658 ], [ -76.310075510014997, 7.979640609448374 ], [ -76.309982731779129, 7.979510604593584 ], [ -76.309871243252758, 7.979436216295015 ], [ -76.309741068213953, 7.979398909028407 ], [ -76.309517881344632, 7.97937993634502 ], [ -76.309313263020357, 7.97936100016082 ], [ -76.309164583066035, 7.979286537876063 ], [ -76.309034407696572, 7.979249186074028 ], [ -76.30873680477734, 7.979211564649786 ], [ -76.30853218733067, 7.979192628925261 ], [ -76.308223139221965, 7.979195045082883 ], [ -76.308226517311709, 7.979393357082483 ], [ -76.30822604132841, 7.979646772047031 ], [ -76.308314318189872, 7.97974025957866 ], [ -76.308521954933127, 7.979792415714201 ], [ -76.30878138853808, 7.979896450373618 ], [ -76.309040768406973, 7.980052217254844 ], [ -76.30919633832255, 7.980156044549235 ], [ -76.309455717845935, 7.980311848986569 ], [ -76.309663219919884, 7.980415784404969 ], [ -76.309766598074035, 7.980674794956045 ], [ -76.309713984387415, 7.981037094150754 ], [ -76.309454056136914, 7.981191883364407 ], [ -76.309246409616307, 7.981139727207879 ], [ -76.308934946997908, 7.98108736365441 ], [ -76.308778846396009, 7.981242385934602 ], [ -76.308726231634338, 7.981604650148755 ], [ -76.308725737829363, 7.981863509355548 ], [ -76.308829215257745, 7.982070785604049 ], [ -76.309088692850423, 7.982174783866649 ], [ -76.309348036724259, 7.982330579117542 ], [ -76.309607317536333, 7.982538151778661 ], [ -76.309762887599632, 7.982641953117251 ], [ -76.309710362983964, 7.982952481762911 ], [ -76.309398889988103, 7.982900128256781 ], [ -76.309035585149317, 7.982795897224475 ], [ -76.308724372087482, 7.982588232955058 ], [ -76.308361057814679, 7.982484038263682 ], [ -76.308256997326666, 7.982587353021238 ], [ -76.308152540999345, 7.98289778434501 ], [ -76.308099864405719, 7.983311816546753 ], [ -76.307891239353765, 7.983777332727076 ], [ -76.307786782778308, 7.984087764180257 ], [ -76.307734069893897, 7.984501797722289 ], [ -76.307525776774597, 7.984811995060299 ], [ -76.307265706024694, 7.985018588764193 ], [ -76.307248710317481, 7.985057917744991 ], [ -76.30719667090959, 7.98506819363053 ], [ -76.307060296612264, 7.985067943262379 ], [ -76.306950989999308, 7.98517649494726 ], [ -76.306868964705629, 7.985285093046312 ], [ -76.306759711909265, 7.98536646189383 ], [ -76.306759459748989, 7.985502403911181 ], [ -76.306868407522856, 7.985584168905361 ], [ -76.30700478119185, 7.985584429211602 ], [ -76.307141154776986, 7.985584681342072 ], [ -76.307222775509246, 7.985693584369459 ], [ -76.307413542379052, 7.985775510184157 ], [ -76.307495163220395, 7.985884413111756 ], [ -76.30754945708847, 7.986020462331317 ], [ -76.30754920528635, 7.986156405142253 ], [ -76.307480250822181, 7.986197467264537 ], [ -76.307412679203324, 7.986237719654622 ], [ -76.307276306350886, 7.986237468598858 ], [ -76.307139878700298, 7.986264400324004 ], [ -76.307003505794825, 7.986264148278152 ], [ -76.30678535857642, 7.986236552360525 ], [ -76.306648985566838, 7.986236292062926 ], [ -76.306485491865246, 7.986154427766038 ], [ -76.306376544768696, 7.986072654565376 ], [ -76.306240215728138, 7.986045211346695 ], [ -76.306197761935593, 7.986013348067205 ], [ -76.306131277819986, 7.985963446107162 ], [ -76.305940197361181, 7.986044653699382 ], [ -76.305858171630433, 7.986153250870316 ], [ -76.305776038994168, 7.986316232717453 ], [ -76.305775786636033, 7.98645217486234 ], [ -76.305775635359609, 7.986531324655255 ], [ -76.30577552711884, 7.986588126098599 ], [ -76.305775274797384, 7.986724068242142 ], [ -76.305775015244137, 7.986860010443031 ], [ -76.305774762952069, 7.986995951681823 ], [ -76.305665356801399, 7.987158878946349 ], [ -76.305528723829866, 7.987294569669016 ], [ -76.305501145092848, 7.987457649987658 ], [ -76.305500893777094, 7.987593601190419 ], [ -76.305500633344309, 7.987729543430969 ], [ -76.305500381985226, 7.987865484694954 ], [ -76.305500120682836, 7.98800142694141 ], [ -76.305581741930027, 7.988110339298684 ], [ -76.305636035791693, 7.988246379862879 ], [ -76.305744983584077, 7.988328153980071 ], [ -76.305908737595544, 7.988274075191864 ], [ -76.306045165203045, 7.988247143577619 ], [ -76.306181591868537, 7.988220211932776 ], [ -76.306235885933816, 7.988356253233601 ], [ -76.306235625921246, 7.988492204405258 ], [ -76.30615354716582, 7.988627992758507 ], [ -76.30601717418044, 7.98862773256912 ], [ -76.305880800343203, 7.988627481375842 ], [ -76.30574442739389, 7.988627230130107 ], [ -76.30558061929375, 7.988708490873578 ], [ -76.305498594108215, 7.98881708911381 ], [ -76.305389341070139, 7.988898449040412 ], [ -76.305350498108936, 7.988994721861397 ], [ -76.305334534610253, 7.989034291993409 ], [ -76.305334274390148, 7.989170243282898 ], [ -76.305348467673738, 7.989189180092469 ], [ -76.305415894980811, 7.989279145660791 ], [ -76.305497515700154, 7.989388057941766 ], [ -76.305579091641931, 7.989524152973376 ], [ -76.305660658579896, 7.989660247135127 ], [ -76.305769499200721, 7.989796395824103 ], [ -76.305774538916751, 7.989811541759742 ], [ -76.305823747943407, 7.989959628960444 ], [ -76.305877988596691, 7.99012286213622 ], [ -76.305986836695112, 7.990259009724283 ], [ -76.306095785227015, 7.990340784398803 ], [ -76.306204732810954, 7.990422549096351 ], [ -76.306341051649653, 7.990449991823265 ], [ -76.306477425140315, 7.990450244430829 ], [ -76.306613547151315, 7.990586446230953 ], [ -76.306695122869172, 7.990722540793915 ], [ -76.306776744269925, 7.990831452559328 ], [ -76.306694610986327, 7.990994433896171 ], [ -76.306558129792364, 7.991048548900334 ], [ -76.306421757026754, 7.991048297296875 ], [ -76.306285384242798, 7.991048045648199 ], [ -76.306149000565256, 7.991047794041382 ], [ -76.306012627679124, 7.9910475341717 ], [ -76.305821700274905, 7.991047183330708 ], [ -76.305712446922882, 7.991128543551969 ], [ -76.305657640592713, 7.991264386613715 ], [ -76.305548136304111, 7.991481688969781 ], [ -76.305438829025263, 7.991590241983024 ], [ -76.305329521681088, 7.991698794087014 ], [ -76.305192745280692, 7.991916051848207 ], [ -76.305110656818172, 7.992051841371596 ], [ -76.305055806375762, 7.992214867268949 ], [ -76.305055544601387, 7.992350808656525 ], [ -76.305055293800692, 7.992486759893796 ], [ -76.30505503298383, 7.992622703079576 ], [ -76.305054781240756, 7.992758645288722 ], [ -76.305054521352261, 7.992894586659101 ], [ -76.305054268739596, 7.993030528874156 ], [ -76.305054017957787, 7.993166471074046 ], [ -76.305026485240873, 7.993302367854105 ], [ -76.30497157107888, 7.993492585797519 ], [ -76.305025873547876, 7.993628636083923 ], [ -76.305162192724055, 7.993656079705283 ], [ -76.305325740145534, 7.993710759655418 ], [ -76.305434688005676, 7.99379253418748 ], [ -76.305570961597084, 7.993847160427903 ], [ -76.305707192403716, 7.993928979308109 ], [ -76.305761486132027, 7.994065029444585 ], [ -76.305843106571416, 7.994173940321132 ], [ -76.305761072812629, 7.994282538169442 ], [ -76.30562469976023, 7.994282285830226 ], [ -76.305488325724994, 7.994282026225844 ], [ -76.305351943573129, 7.994281773868757 ], [ -76.305215571386569, 7.994281523193434 ], [ -76.305079189125237, 7.994281261711888 ], [ -76.30499716421987, 7.994389867556975 ], [ -76.305024131047048, 7.994553047133666 ], [ -76.305160252889948, 7.994689249950641 ], [ -76.305323700584452, 7.994798305328426 ], [ -76.305377995338759, 7.994934354604996 ], [ -76.305377879121593, 7.994995287646186 ], [ -76.305377734953467, 7.99507029683119 ], [ -76.305295710086625, 7.995178903667817 ], [ -76.305240902697847, 7.995314746936519 ], [ -76.305104324305972, 7.995423244913408 ], [ -76.305064277069903, 7.995476255430387 ], [ -76.305022289270013, 7.995531842798187 ], [ -76.304913035746935, 7.995613203337742 ], [ -76.304912776270839, 7.995749153746387 ], [ -76.304912523997814, 7.995885095965658 ], [ -76.304912263586587, 7.996021038249583 ], [ -76.304912012249233, 7.996156979556851 ], [ -76.304966099686951, 7.996401780146952 ], [ -76.305075002874347, 7.996510737301381 ], [ -76.305156623042294, 7.996619649089695 ], [ -76.305265570978705, 7.996701421555859 ], [ -76.305374465262986, 7.996810378637434 ], [ -76.305510587254631, 7.996946571946307 ], [ -76.305646762117675, 7.99705558323538 ], [ -76.305782884358209, 7.997191786320207 ], [ -76.305891777994631, 7.997300742257473 ], [ -76.306028006629418, 7.99738256055495 ], [ -76.306136901362549, 7.997491526309467 ], [ -76.306218521956694, 7.997600428654255 ], [ -76.306245542689439, 7.997736425021725 ], [ -76.306272565270518, 7.997872421364836 ], [ -76.30627230376092, 7.99800836256642 ], [ -76.306272053152369, 7.998144304583608 ], [ -76.306271800749585, 7.998280246614628 ], [ -76.306271541187712, 7.998416197737104 ], [ -76.30627128882162, 7.998552139766773 ], [ -76.306271028317283, 7.998688081861149 ], [ -76.306270776894152, 7.998824023882213 ], [ -76.306270587530818, 7.998921131986203 ], [ -76.306133883207991, 7.999095657439294 ], [ -76.306024423349641, 7.999285776034507 ], [ -76.305887842565298, 7.999394274723571 ], [ -76.30577853595824, 7.999502826795085 ], [ -76.305587402024869, 7.999611226813067 ], [ -76.305478147918578, 7.99969258788692 ], [ -76.305477888211271, 7.999828530074895 ], [ -76.305477583139691, 7.999991664080199 ], [ -76.30547733072305, 8.000127606208601 ], [ -76.305504351733148, 8.000263601739858 ], [ -76.305613192060292, 8.000399750224652 ], [ -76.305749314050544, 8.000535952868384 ], [ -76.305885489545105, 8.000644953620363 ], [ -76.306021872015165, 8.000645214888909 ], [ -76.306185526903207, 8.000645520433478 ], [ -76.306294780069777, 8.000564160039303 ], [ -76.306322106950972, 8.000537022423831 ], [ -76.306404086651895, 8.000455607775654 ], [ -76.306513339715977, 8.000374247361188 ], [ -76.306731703332943, 8.000293083832208 ], [ -76.306749354093924, 8.00031662924596 ], [ -76.306813323096421, 8.000401986672681 ], [ -76.30681307215886, 8.000537937645779 ], [ -76.306785538703437, 8.000673826351226 ], [ -76.306703503834811, 8.00078243292562 ], [ -76.306594197312918, 8.000890985270587 ], [ -76.306457716104987, 8.000945108775205 ], [ -76.30626663631304, 8.001026315628256 ], [ -76.306266384299093, 8.001162257644987 ], [ -76.306293352245248, 8.001325436713596 ], [ -76.306402199528321, 8.001461585614589 ], [ -76.306565649072127, 8.001570650088725 ], [ -76.306647215784309, 8.001706744720847 ], [ -76.306674236572405, 8.001842740876539 ], [ -76.306810520628218, 8.001897377215942 ], [ -76.306810259850337, 8.002033319227557 ], [ -76.306810009060058, 8.002169261158551 ], [ -76.306809748318869, 8.002305203168822 ], [ -76.306809496658971, 8.002441145105735 ], [ -76.306809235954475, 8.002577087114659 ], [ -76.306863538667329, 8.002713137294533 ], [ -76.306999661011119, 8.002849330002411 ], [ -76.307030806260286, 8.002872712930838 ], [ -76.307108608588734, 8.002931103866867 ], [ -76.307244937336193, 8.002958547225365 ], [ -76.307353894037263, 8.003040320920029 ], [ -76.307490267073561, 8.003040573325746 ], [ -76.307680997354979, 8.003149681985098 ], [ -76.307626190897764, 8.003285524736743 ], [ -76.30751683011475, 8.003421270224065 ], [ -76.30738019559405, 8.003556950779034 ], [ -76.307270888892745, 8.003665504423788 ], [ -76.307161627352329, 8.003746872617805 ], [ -76.307106722138016, 8.003937090874629 ], [ -76.307079134787188, 8.004100170574432 ], [ -76.307078882568575, 8.004236114279761 ], [ -76.307078632166323, 8.004372056163104 ], [ -76.307078370906808, 8.004507998132981 ], [ -76.307132620831865, 8.004671230022486 ], [ -76.30715958816586, 8.004834417824968 ], [ -76.30715933696527, 8.004970359701568 ], [ -76.307159075821033, 8.005106302560877 ], [ -76.307158824737371, 8.005242254373536 ], [ -76.307131290816358, 8.005378142262442 ], [ -76.307103703614203, 8.005541221990025 ], [ -76.307021472357832, 8.005758578106917 ], [ -76.306884686367027, 8.005975836121383 ], [ -76.306872144824894, 8.005996578060024 ], [ -76.306802597680402, 8.006111625018558 ], [ -76.306720464727817, 8.00627460569145 ], [ -76.306720320537039, 8.00635228357215 ], [ -76.306720203614276, 8.006410548603082 ], [ -76.306692679665318, 8.006546446405032 ], [ -76.306692418572084, 8.006682388415571 ], [ -76.306692168372834, 8.006818330338207 ], [ -76.306691907316264, 8.0069542723474 ], [ -76.306664329140887, 8.00711735207708 ], [ -76.306582187020865, 8.007280332893144 ], [ -76.306505146896569, 8.007395056961441 ], [ -76.306472780970978, 8.007443261399183 ], [ -76.306390747169743, 8.007551866646867 ], [ -76.306390486112235, 8.007687808692831 ], [ -76.306390235042471, 8.007823750658163 ], [ -76.306308146944886, 8.007959540560487 ], [ -76.306198785864638, 8.00809528544811 ], [ -76.306062151685381, 8.008230975372907 ], [ -76.305952898828195, 8.008312335614683 ], [ -76.305870810510555, 8.008448124622648 ], [ -76.305788570395919, 8.008665481941035 ], [ -76.305788319258227, 8.008801423982325 ], [ -76.305788058169469, 8.008937366102895 ], [ -76.305787807068455, 8.009073308142833 ], [ -76.305705772886554, 8.009181914357248 ], [ -76.305596509766133, 8.009263273810028 ], [ -76.305432703170169, 8.009344535930598 ], [ -76.305323440849051, 8.009425896246196 ], [ -76.30537773501409, 8.009561945592361 ], [ -76.305541246394228, 8.009643819130554 ], [ -76.305677619154423, 8.009644070359771 ], [ -76.305841381572975, 8.009590000807888 ], [ -76.305977916806185, 8.009508685377135 ], [ -76.306114298605621, 8.009508946344456 ], [ -76.306250682119071, 8.009509197314511 ], [ -76.306387063881829, 8.009509458191209 ], [ -76.306523445546006, 8.009509709085176 ], [ -76.306659523267882, 8.009673094598275 ], [ -76.306659261681062, 8.009809036604269 ], [ -76.306522879927954, 8.009808784892604 ], [ -76.306386498163789, 8.009808534039033 ], [ -76.306250017037257, 8.009862647815197 ], [ -76.306249765382134, 8.009998598829384 ], [ -76.306249504609283, 8.010134540881586 ], [ -76.306249252925184, 8.010270483763808 ], [ -76.306330774718418, 8.010433769553563 ], [ -76.306303241762507, 8.010569657605656 ], [ -76.306166859714423, 8.010569406782446 ], [ -76.306030477640732, 8.010569155010524 ], [ -76.305894094576715, 8.010568895069948 ], [ -76.305757713372643, 8.010568643200138 ], [ -76.305621331178273, 8.010568383161662 ], [ -76.305484949031211, 8.010568131208482 ], [ -76.305348565893851, 8.010567871086643 ], [ -76.30513024939286, 8.010621841607664 ], [ -76.305048017008644, 8.010839198128107 ], [ -76.305047756855743, 8.010975140330448 ], [ -76.304938495084727, 8.011056508870173 ], [ -76.304774786089382, 8.011083387352103 ], [ -76.30463851115212, 8.011028751391599 ], [ -76.304429715737683, 8.010907578006339 ], [ -76.304269958941845, 8.010819758163187 ], [ -76.304169724969071, 8.01076644289774 ], [ -76.304063122022626, 8.010763111187126 ], [ -76.303893835167798, 8.010740921847635 ], [ -76.303749430506485, 8.010828167095605 ], [ -76.303529315737819, 8.011159060624866 ], [ -76.303576019771015, 8.011334179086434 ], [ -76.30362850804805, 8.011434691138481 ], [ -76.303682811343862, 8.011570740745697 ], [ -76.303791552714728, 8.011761265249854 ], [ -76.303791301324068, 8.01189720664039 ], [ -76.303872922385978, 8.012006118438364 ], [ -76.304036423997601, 8.012087990572478 ], [ -76.304145380874729, 8.012169765283689 ], [ -76.304227002006272, 8.012278667012266 ], [ -76.304172196049819, 8.012414511107341 ], [ -76.304117380095562, 8.012550354385739 ], [ -76.304035194058372, 8.012740518301975 ], [ -76.303980235333626, 8.012957928155105 ], [ -76.303952646614064, 8.013121009251551 ], [ -76.303952387304349, 8.013256950678739 ], [ -76.303952081087488, 8.013420084868237 ], [ -76.30408836510432, 8.013474719795433 ], [ -76.304306475633425, 8.013529499553673 ], [ -76.304415324665385, 8.013665647883014 ], [ -76.304415009636827, 8.013828782067904 ], [ -76.30436005123272, 8.014046192843059 ], [ -76.304223668586346, 8.014045931901629 ], [ -76.304059960187857, 8.014072818717567 ], [ -76.303923622669359, 8.014045374868967 ], [ -76.303814773595136, 8.013909226386012 ], [ -76.303733197986901, 8.013773122875202 ], [ -76.3036515773844, 8.013664220212258 ], [ -76.303515455069373, 8.013528016589127 ], [ -76.303379064412823, 8.01352776620314 ], [ -76.303242681807347, 8.013527504865571 ], [ -76.303106300177376, 8.01352725431623 ], [ -76.302969873259656, 8.013554184752058 ], [ -76.302833489698372, 8.013553925096227 ], [ -76.302642598170394, 8.013526382448642 ], [ -76.302506269823027, 8.013498938847205 ], [ -76.30239736692748, 8.013389972660383 ], [ -76.302343181227954, 8.013199547856594 ], [ -76.302343486391464, 8.013036423357939 ], [ -76.302343747093232, 8.012900471768445 ], [ -76.302316778877298, 8.012737293082425 ], [ -76.302317030638108, 8.012601350594489 ], [ -76.302317290581428, 8.01246540894387 ], [ -76.302317543219601, 8.012329458316671 ], [ -76.30229057604339, 8.012166278694954 ], [ -76.302290836054425, 8.012030337038526 ], [ -76.302291096990089, 8.01189439537414 ], [ -76.302291347894368, 8.011758443851567 ], [ -76.302291608866653, 8.011622502185833 ], [ -76.302237314174988, 8.011486461178404 ], [ -76.302216886808736, 8.01145237915032 ], [ -76.302155737965876, 8.011350356945821 ], [ -76.302074116606221, 8.01124145541297 ], [ -76.301992497020493, 8.011132542990365 ], [ -76.301992748207567, 8.0109966013611 ], [ -76.302020280800747, 8.01086070398628 ], [ -76.302156663571623, 8.010860964277304 ], [ -76.302293046331471, 8.010861225426412 ], [ -76.302429481526985, 8.010834283742499 ], [ -76.302538788547807, 8.010725740976126 ], [ -76.302539049577476, 8.010589799338284 ], [ -76.302539309638959, 8.010453847769607 ], [ -76.302485114933205, 8.010263431944702 ], [ -76.302485375064123, 8.010127481270452 ], [ -76.302485680662571, 8.009964355872118 ], [ -76.302485931770647, 8.009828405269042 ], [ -76.302486192932079, 8.009692462716016 ], [ -76.302486453212822, 8.009556521072996 ], [ -76.302404931150392, 8.009393233834274 ], [ -76.302350682366423, 8.009230000832076 ], [ -76.302296495311595, 8.00903957577915 ], [ -76.302296603280169, 8.008983512314298 ], [ -76.302296746680739, 8.008903634179843 ], [ -76.302297007124039, 8.008767691603817 ], [ -76.302297267592948, 8.008631749930535 ], [ -76.302297518944201, 8.008495799295137 ], [ -76.302297780348766, 8.008359856709841 ], [ -76.302298040872643, 8.008223915034522 ], [ -76.302352945628272, 8.008033696330145 ], [ -76.302407761367022, 8.007897853277427 ], [ -76.302408011940088, 8.00776191079097 ], [ -76.302408272508174, 8.007625969127375 ], [ -76.302435806162009, 8.007490080881455 ], [ -76.302436049140439, 8.007362519884945 ], [ -76.302436057621705, 8.007354130258751 ], [ -76.302436318228359, 8.007218187693384 ], [ -76.302436578860636, 8.007082246030766 ], [ -76.302436829541818, 8.006946304447329 ], [ -76.302437091109738, 8.0068103618727 ], [ -76.302437350890656, 8.006674420215315 ], [ -76.302492211089401, 8.006511384441659 ], [ -76.302519790195888, 8.006348304334892 ], [ -76.302520103572121, 8.006185169826299 ], [ -76.302520356159576, 8.006049228234914 ], [ -76.302520616008508, 8.005913285681347 ], [ -76.302520867726287, 8.005777344095872 ], [ -76.302521182101145, 8.005614209576626 ], [ -76.302548922115037, 8.005369562655714 ], [ -76.302576454973973, 8.005233675379461 ], [ -76.302658480801881, 8.005125068021899 ], [ -76.302767841312203, 8.004989332953045 ], [ -76.302849928876995, 8.004853544423332 ], [ -76.30298646389285, 8.004772227661269 ], [ -76.303204925551995, 8.004636699068433 ], [ -76.303396068725078, 8.004528299819151 ], [ -76.303505429730677, 8.004392563804712 ], [ -76.303533062161748, 8.00420229190718 ], [ -76.303533313774253, 8.004066350448976 ], [ -76.303533574164504, 8.003930820898724 ], [ -76.303533573554503, 8.003930408021368 ], [ -76.303533835100112, 8.003794457447928 ], [ -76.303534085854011, 8.00365851509156 ], [ -76.303534346595526, 8.003522572654669 ], [ -76.303480204582343, 8.003304964810793 ], [ -76.303425910817296, 8.003168914599771 ], [ -76.303317061710445, 8.003032765620571 ], [ -76.303235486342814, 8.002896671871763 ], [ -76.303126744703235, 8.002706147931933 ], [ -76.303045177569757, 8.002570044088589 ], [ -76.302963547872707, 8.002461141261367 ], [ -76.302854655408538, 8.002352175757835 ], [ -76.302818838559702, 8.002292420258049 ], [ -76.302773087628879, 8.002216080834403 ], [ -76.302773338856923, 8.002080139270864 ], [ -76.302773600065279, 8.001944196723393 ], [ -76.302855786588495, 8.001754022779574 ], [ -76.302801491689351, 8.00161798316485 ], [ -76.302692589663536, 8.0015090257164 ], [ -76.302556467828211, 8.001372822688115 ], [ -76.30247484668952, 8.001263912316089 ], [ -76.302474846696782, 8.00126301337011 ], [ -76.302170982603727, 8.00118669213931 ], [ -76.30185594358602, 8.000916461120601 ], [ -76.301450174608817, 8.00096064944494 ], [ -76.301179502623526, 8.001050013605015 ], [ -76.300999211236004, 8.001049672123083 ], [ -76.300864419159254, 8.000824733760695 ], [ -76.300684513780269, 8.000599724414322 ], [ -76.300369509728654, 8.000329529343373 ], [ -76.300189442594899, 8.000194350620548 ], [ -76.299964397337206, 8.000014201990526 ], [ -76.299739557811989, 7.999744178359395 ], [ -76.299514511790733, 7.999563994073378 ], [ -76.299379971375501, 7.999204262778253 ], [ -76.299065273225892, 7.998754351380383 ], [ -76.298840568543682, 7.998394458744962 ], [ -76.298570543762068, 7.998169269100578 ], [ -76.298390737254337, 7.997899325754204 ], [ -76.298301472081747, 7.997449809134249 ], [ -76.29821252098526, 7.996820565898725 ], [ -76.298123470586958, 7.996236257257252 ], [ -76.298079272802681, 7.995786820173681 ], [ -76.297899547555943, 7.995471961320042 ], [ -76.297720127081249, 7.995022263625396 ], [ -76.29772090013978, 7.994617878903172 ], [ -76.297901882904213, 7.994258750319129 ], [ -76.298127781717326, 7.993989551860574 ], [ -76.298083325008022, 7.993674943856834 ], [ -76.297812959273017, 7.993629470956737 ], [ -76.297497407789109, 7.993628869902954 ], [ -76.297181945660142, 7.993583351975589 ], [ -76.296821415797368, 7.993537743730587 ], [ -76.29655114034442, 7.993447346917464 ], [ -76.296190951763364, 7.99322198745207 ], [ -76.295875787160114, 7.993041668347129 ], [ -76.295849798556077, 7.9930091575627 ], [ -76.295917189849789, 7.992958977592987 ], [ -76.296026442911526, 7.992877617206553 ], [ -76.296162871185004, 7.992850686195183 ], [ -76.29629925322925, 7.992850946314952 ], [ -76.296435626127035, 7.992851198331176 ], [ -76.29657199907912, 7.992851459336284 ], [ -76.296708372005682, 7.992851719392776 ], [ -76.296872125764736, 7.99279764934346 ], [ -76.296981387566035, 7.992716288725491 ], [ -76.297117815605276, 7.992689358348513 ], [ -76.297254189310522, 7.992689618238899 ], [ -76.297390562025896, 7.992689869960619 ], [ -76.297526934788294, 7.992690129767824 ], [ -76.297663361803473, 7.99266319923553 ], [ -76.297799745395608, 7.992663458869119 ], [ -76.297963291651385, 7.992718139602669 ], [ -76.298099565798466, 7.992772775184662 ], [ -76.298235886024685, 7.992800218686235 ], [ -76.298372258717237, 7.992800479101886 ], [ -76.298481520971777, 7.992719119103111 ], [ -76.298509054340585, 7.992583230937791 ], [ -76.298607051837791, 7.992437298896813 ], [ -76.298618460142876, 7.992420302992332 ], [ -76.298755093731685, 7.992284612989216 ], [ -76.298765999626113, 7.992275585157776 ], [ -76.298919001173616, 7.992148976126234 ], [ -76.29900108857602, 7.992013187022268 ], [ -76.299055894822303, 7.991877352062696 ], [ -76.299056145893871, 7.991741400933076 ], [ -76.299056407025418, 7.991605458757205 ], [ -76.29900211319277, 7.991469417546747 ], [ -76.29898787421169, 7.991466544434629 ], [ -76.298865792526868, 7.991441966014514 ], [ -76.298729419512753, 7.991441713716274 ], [ -76.298593038265764, 7.991441454210724 ], [ -76.298456665215042, 7.991441201822098 ], [ -76.298320291181668, 7.99144094216823 ], [ -76.298265996619222, 7.991304891724702 ], [ -76.298348030891603, 7.991196294804011 ], [ -76.298484404846945, 7.991196555385227 ], [ -76.298702704311665, 7.991142584154556 ], [ -76.298866512097945, 7.991061331553619 ], [ -76.298944989384111, 7.99095743302699 ], [ -76.298948546059904, 7.990952724659421 ], [ -76.299030580063331, 7.990844127703607 ], [ -76.298921632937336, 7.990762354249462 ], [ -76.298914212955111, 7.990752454604547 ], [ -76.298855561963805, 7.990575962862345 ], [ -76.29876608915302, 7.990216321631404 ], [ -76.298766521073915, 7.989991644956676 ], [ -76.29885736652804, 7.989632382241828 ], [ -76.299038125984637, 7.989408054278845 ], [ -76.299173780980965, 7.989183636627057 ], [ -76.299264330710358, 7.988959130211505 ], [ -76.299309947240303, 7.988689626861746 ], [ -76.299400793869552, 7.988330328168898 ], [ -76.299446293749355, 7.98810573981305 ], [ -76.299446896180172, 7.987791185987593 ], [ -76.299357334400042, 7.987476496594232 ], [ -76.299177653340109, 7.987161600661925 ], [ -76.298998097304036, 7.986756864616636 ], [ -76.298998698761395, 7.986442319684146 ], [ -76.299089725105162, 7.985993180772232 ], [ -76.299180401349929, 7.985723721625283 ], [ -76.299316397402364, 7.985319578723452 ], [ -76.299361978213028, 7.985050074893348 ], [ -76.299497631616546, 7.9848256577623 ], [ -76.29976879823343, 7.984466699659055 ], [ -76.299769741404134, 7.983972429311836 ], [ -76.299680268976346, 7.983612788848793 ], [ -76.299680961374463, 7.983253319414384 ], [ -76.299726712072285, 7.982893930313726 ], [ -76.299862186953945, 7.98275938893051 ], [ -76.299907712581799, 7.982534802432511 ], [ -76.299908665590266, 7.982040531140941 ], [ -76.299684050713438, 7.981635714352961 ], [ -76.299459104075012, 7.981410613842627 ], [ -76.299143813355187, 7.981275210981824 ], [ -76.298963870781236, 7.981095116706123 ], [ -76.298964734052191, 7.980645769645977 ], [ -76.298920447325429, 7.980241294771486 ], [ -76.29874063978373, 7.979971351095001 ], [ -76.298560968386298, 7.979656455948439 ], [ -76.298381332009697, 7.979296644445406 ], [ -76.298156807241469, 7.978846902646833 ], [ -76.29797738688147, 7.978397214680903 ], [ -76.297626558055015, 7.977987628279358 ], [ -76.297266378810633, 7.977771269258048 ], [ -76.296834083016023, 7.977554775301833 ], [ -76.296401858026172, 7.977302313031915 ], [ -76.296113715108973, 7.977122047607331 ], [ -76.296035731825327, 7.977053757697607 ], [ -76.295974700189376, 7.977053641337513 ], [ -76.295865600015745, 7.977053433607178 ], [ -76.295811161918238, 7.976998960736935 ], [ -76.295702268388581, 7.976889995219024 ], [ -76.295593384044537, 7.976781037706886 ], [ -76.295484489731749, 7.976672072994117 ], [ -76.295321049531651, 7.976563007842429 ], [ -76.29513029332972, 7.976481081762531 ], [ -76.295089401775471, 7.976467409073074 ], [ -76.29496674623114, 7.976426400759668 ], [ -76.294857807234052, 7.976344627888025 ], [ -76.294639876250301, 7.976208272382801 ], [ -76.294503556271167, 7.97618081995484 ], [ -76.294367183248795, 7.976180567797416 ], [ -76.294230819212714, 7.97618030829544 ], [ -76.294094446081402, 7.976180047013658 ], [ -76.293958072032808, 7.97617978659739 ], [ -76.293821708007059, 7.976179535090781 ], [ -76.293685334828183, 7.976179274577063 ], [ -76.293548961631032, 7.976179014018226 ], [ -76.293412695746895, 7.976124378908738 ], [ -76.293276484873175, 7.976042550599837 ], [ -76.293194656818784, 7.976042398728017 ], [ -76.293058346841761, 7.976014954715684 ], [ -76.292949399099257, 7.975933181212034 ], [ -76.292731413586779, 7.97582401840805 ], [ -76.292595256134007, 7.975714999344077 ], [ -76.292459143906967, 7.975578796156848 ], [ -76.292377531775799, 7.975469893146503 ], [ -76.292323245890927, 7.975333842859915 ], [ -76.292241678921812, 7.97519774037437 ], [ -76.2921327948645, 7.975088783199564 ], [ -76.291996736327988, 7.974925388355773 ], [ -76.291887841543428, 7.974816432049272 ], [ -76.291669811548701, 7.974734450587524 ], [ -76.291478992118272, 7.974679708206161 ], [ -76.291370053146906, 7.974597934847749 ], [ -76.291233894672104, 7.974488924065549 ], [ -76.291043290820042, 7.974325431236116 ], [ -76.29085263181544, 7.974189119717951 ], [ -76.290716258985952, 7.974188868794758 ], [ -76.290579895121169, 7.974188607816811 ], [ -76.290443522182883, 7.974188347769253 ], [ -76.290307103944059, 7.974215279011561 ], [ -76.290225024089182, 7.974351067931787 ], [ -76.290224764040175, 7.974487011331949 ], [ -76.29022450308868, 7.974622952931831 ], [ -76.290251516080772, 7.974758948717186 ], [ -76.290278528194989, 7.974894943596562 ], [ -76.290387412786473, 7.975003900571672 ], [ -76.290523633005918, 7.975085729228907 ], [ -76.29052337314053, 7.975221670778397 ], [ -76.290523112394368, 7.975357613237856 ], [ -76.290522851659233, 7.975493554793208 ], [ -76.290522591021869, 7.975629506285478 ], [ -76.290413284215845, 7.975738048931997 ], [ -76.290331258604681, 7.975846646569878 ], [ -76.290330998785365, 7.975982589044628 ], [ -76.290330738070807, 7.976118530622481 ], [ -76.290330478360275, 7.976254482130043 ], [ -76.290302943650488, 7.976390369569672 ], [ -76.290220909785063, 7.976498967312518 ], [ -76.290084591299291, 7.976471524171324 ], [ -76.290030305790268, 7.97633547423691 ], [ -76.290057838781834, 7.976199585890964 ], [ -76.290003554259343, 7.976063535926118 ], [ -76.2899219423673, 7.97595462407594 ], [ -76.289922202326039, 7.975818681546243 ], [ -76.289922463216499, 7.975682739912078 ], [ -76.289895441982381, 7.975546744155463 ], [ -76.289868428940139, 7.975410748324231 ], [ -76.28973206456223, 7.975410488134536 ], [ -76.289622811923437, 7.975491848244143 ], [ -76.289486231795593, 7.975600347356465 ], [ -76.289349705942342, 7.975681653214494 ], [ -76.289185906916558, 7.975762905717604 ], [ -76.289049479787778, 7.975789836853814 ], [ -76.288885789408951, 7.975816706392319 ], [ -76.288749415766432, 7.975816454135446 ], [ -76.288613052009453, 7.975816193623452 ], [ -76.288476678265425, 7.975815933145596 ], [ -76.288340305409434, 7.975815672615405 ], [ -76.288203940691474, 7.975815411975279 ], [ -76.288176667547091, 7.975815357675083 ], [ -76.28807674804905, 7.975792172558195 ], [ -76.287947517115697, 7.975806222226054 ], [ -76.287606533992715, 7.975805567164967 ], [ -76.287484623747673, 7.975878168896521 ], [ -76.287386761269033, 7.976096512797689 ], [ -76.287313126860454, 7.97638770221925 ], [ -76.287166691727052, 7.976557357910982 ], [ -76.286923105327858, 7.976556890872281 ], [ -76.286850270305322, 7.976435358190345 ], [ -76.286923671012815, 7.976265558213871 ], [ -76.287045914070063, 7.976023013412823 ], [ -76.287119315295655, 7.975853177317582 ], [ -76.287144107589697, 7.975634733631741 ], [ -76.287071417340556, 7.975440356921577 ], [ -76.286925414287765, 7.975367233721355 ], [ -76.286633074730389, 7.975415222141311 ], [ -76.286486657615825, 7.97556062265602 ], [ -76.28629181383684, 7.97556024579492 ], [ -76.286194687675277, 7.975414368204627 ], [ -76.286146286722612, 7.975244334900581 ], [ -76.286122517349014, 7.974952922413555 ], [ -76.286074160807416, 7.974758597791759 ], [ -76.285952673324118, 7.974612712006773 ], [ -76.28583122991914, 7.974442498735254 ], [ -76.285587821984223, 7.974369187813966 ], [ -76.285441496191453, 7.97446604421395 ], [ -76.285319298205224, 7.974684299254248 ], [ -76.284978224683357, 7.97473222425315 ], [ -76.284808084623592, 7.974561911922066 ], [ -76.284735338747325, 7.974391833801747 ], [ -76.284662791372185, 7.974124611934868 ], [ -76.284687539828184, 7.973930432103301 ], [ -76.284785267271189, 7.973760677762094 ], [ -76.284931692995102, 7.973615275984574 ], [ -76.285175566636724, 7.973445809016055 ], [ -76.285395061537329, 7.973300542743747 ], [ -76.285590471697972, 7.973009551249923 ], [ -76.285542196871759, 7.972790972724956 ], [ -76.285274427163685, 7.972717607929901 ], [ -76.284982186696027, 7.972692751595439 ], [ -76.284714272836169, 7.97271652964764 ], [ -76.284568082366405, 7.972740542361713 ], [ -76.284324539248558, 7.972740066214423 ], [ -76.284007793092243, 7.972788000064698 ], [ -76.283861413301523, 7.972933401165839 ], [ -76.283642250981316, 7.972908688704119 ], [ -76.283228145740054, 7.972932180061447 ], [ -76.28303306699631, 7.973053192037129 ], [ -76.282910923198628, 7.973247192331339 ], [ -76.282740163199023, 7.973392502940767 ], [ -76.282593934863343, 7.973440806398823 ], [ -76.28237480921787, 7.973416093049277 ], [ -76.282302117190298, 7.973221716248846 ], [ -76.282302682596807, 7.972930383167799 ], [ -76.282205674256161, 7.972711669591573 ], [ -76.282035722057316, 7.972444260225249 ], [ -76.281938891918756, 7.972128447845739 ], [ -76.281817790849914, 7.971788291930085 ], [ -76.281647793119433, 7.971545180759196 ], [ -76.28155078388825, 7.971326467660526 ], [ -76.281478129215571, 7.971132090103097 ], [ -76.281454376768025, 7.970816421770893 ], [ -76.281503505862858, 7.970598023845606 ], [ -76.28165012033746, 7.970355488316832 ], [ -76.281748036308556, 7.970088643003297 ], [ -76.28170009257947, 7.969700077449692 ], [ -76.281481541972113, 7.96938399595774 ], [ -76.281360071814007, 7.969213819047395 ], [ -76.281190119675884, 7.968946407603056 ], [ -76.281117617313953, 7.968654941153226 ], [ -76.280996226685929, 7.968460465082876 ], [ -76.280777452158532, 7.968241517983656 ], [ -76.280534007860496, 7.968192497196464 ], [ -76.28043622657286, 7.968386533181098 ], [ -76.280435794853574, 7.968605031443243 ], [ -76.280483971856185, 7.968872199279569 ], [ -76.280629733266679, 7.969066711056566 ], [ -76.280775456841596, 7.969261232060441 ], [ -76.280921308235364, 7.969407198763393 ], [ -76.280969440254921, 7.96969865777405 ], [ -76.280969017252147, 7.969917154942695 ], [ -76.280870947697778, 7.970256880035069 ], [ -76.280797502149326, 7.970450970033838 ], [ -76.280650833913853, 7.970717759906669 ], [ -76.280601714311658, 7.970936158743673 ], [ -76.28067430732132, 7.971179117418284 ], [ -76.280722484258831, 7.971446248883902 ], [ -76.280770848868883, 7.971616317635349 ], [ -76.280709871843101, 7.971897747108616 ], [ -76.28071006639199, 7.971933847851488 ], [ -76.280695593373224, 7.972086337705124 ], [ -76.280664664292644, 7.972412218056169 ], [ -76.280475121673732, 7.972843541622593 ], [ -76.28057360418218, 7.973321147345036 ], [ -76.28048024053632, 7.973799771319051 ], [ -76.280386877812404, 7.974278397150715 ], [ -76.280293515082548, 7.974757022136865 ], [ -76.280487663768099, 7.975186303670105 ], [ -76.280825185518935, 7.975519197556251 ], [ -76.281162707822304, 7.975852091843498 ], [ -76.281203027281279, 7.975891857821006 ], [ -76.281202355092347, 7.976235670820164 ], [ -76.280922053305858, 7.976514014313219 ], [ -76.280642067093339, 7.976625010313329 ], [ -76.280138417379476, 7.976679797599378 ], [ -76.279802374953562, 7.976846490151888 ], [ -76.279522172928054, 7.977069028744065 ], [ -76.279297593530941, 7.977459059678341 ], [ -76.27912866590502, 7.978016472629557 ], [ -76.279072062926488, 7.978351023554787 ], [ -76.279071074517844, 7.978852992881968 ], [ -76.279069978723825, 7.979410765864127 ], [ -76.278901337556093, 7.979800868687225 ], [ -76.278565197807112, 7.980023327992776 ], [ -76.278285031363481, 7.98024586656533 ], [ -76.277836834768721, 7.980523878362781 ], [ -76.277836286935937, 7.98080276878563 ], [ -76.277611743637934, 7.981192762871041 ], [ -76.277331423643858, 7.981471097294568 ], [ -76.277162927218498, 7.981805397218068 ], [ -76.276603178077892, 7.981915880246265 ], [ -76.276436108780288, 7.981525121744842 ], [ -76.276436657367199, 7.98124623094633 ], [ -76.276437313325573, 7.980911573387691 ], [ -76.276605701986767, 7.980633014214273 ], [ -76.276718251792346, 7.980298579591716 ], [ -76.276774890897059, 7.97996402966367 ], [ -76.276901435610753, 7.979712963650192 ], [ -76.277200822544458, 7.979411317010908 ], [ -76.277198264570558, 7.978933201622355 ], [ -76.277435774028618, 7.978501622679497 ], [ -76.277433216218895, 7.97802350738343 ], [ -76.277382697075424, 7.977545645571174 ], [ -76.277668421887626, 7.977161623847499 ], [ -76.277761788246337, 7.976682999839007 ], [ -76.277903372070654, 7.976251931019446 ], [ -76.27818909492747, 7.975867908581241 ], [ -76.278523034710787, 7.975531442124629 ], [ -76.27861640039761, 7.975052818445372 ], [ -76.278613843765726, 7.974574701824642 ], [ -76.278755425851827, 7.974143634244048 ], [ -76.2788008287244, 7.973665263310336 ], [ -76.278846232629846, 7.973186893301545 ], [ -76.278652087138084, 7.972757608979773 ], [ -76.278314569610473, 7.972424711646077 ], [ -76.278168386142355, 7.971995173371648 ], [ -76.278165828797796, 7.971517058298656 ], [ -76.277923723702287, 7.971088027183208 ], [ -76.277706370312742, 7.97087364599091 ], [ -76.277688065183497, 7.970818532812276 ], [ -76.277352794753156, 7.97059479862539 ], [ -76.276905200709834, 7.970593927922496 ], [ -76.276569167764194, 7.970760582906921 ], [ -76.276177197311583, 7.970927167197277 ], [ -76.275897326815425, 7.970982385791896 ], [ -76.27567361862539, 7.970926179058788 ], [ -76.275674167025358, 7.970647287967125 ], [ -76.276066506732533, 7.970313401611982 ], [ -76.276402395613928, 7.970202514168057 ], [ -76.276738643659684, 7.969924278966337 ], [ -76.276851337996206, 7.969534068412822 ], [ -76.276796496058751, 7.968976188288755 ], [ -76.276741275766312, 7.968585644960752 ], [ -76.276518269050186, 7.968194779283333 ], [ -76.276294669686891, 7.968082803707293 ], [ -76.276463642630802, 7.967525355337155 ], [ -76.276688068947408, 7.967191135602372 ], [ -76.27696837911536, 7.966912792616154 ], [ -76.277136975007139, 7.966522691250426 ], [ -76.277249884319488, 7.966020936743409 ], [ -76.277026841556733, 7.965630071233134 ], [ -76.276747743770329, 7.96529487441451 ], [ -76.276636398008989, 7.965015767163551 ], [ -76.276525167819258, 7.964680883939376 ], [ -76.276189907664786, 7.964457150052286 ], [ -76.27579892478559, 7.964121728042485 ], [ -76.27551961157441, 7.963898065055489 ], [ -76.275352328079023, 7.963618850709313 ], [ -76.275408931102078, 7.963284335878098 ], [ -76.27546542635038, 7.963005552679856 ], [ -76.275466081879983, 7.962670894626033 ], [ -76.275466630054808, 7.962392013348812 ], [ -76.2753559479725, 7.961778247807919 ], [ -76.275300952513035, 7.961276170386989 ], [ -76.275301394378388, 7.961053046863045 ], [ -76.275302048867246, 7.960718387841271 ], [ -76.275302822024869, 7.960327962776781 ], [ -76.274968441711948, 7.95965802599229 ], [ -76.27485731982658, 7.959267339924335 ], [ -76.274690153407704, 7.958932394417344 ], [ -76.274578995078258, 7.958541708370005 ], [ -76.274635858741547, 7.958095622425762 ], [ -76.274636729597972, 7.957649420323941 ], [ -76.274581626925425, 7.95720310997157 ], [ -76.27447073019836, 7.956700888563883 ], [ -76.274247580165209, 7.956365789805685 ], [ -76.274020881148232, 7.956327647904891 ], [ -76.273780303378061, 7.956446979827538 ], [ -76.273644621671224, 7.956686309203081 ], [ -76.273348420309532, 7.957079268350403 ], [ -76.272906458308341, 7.957737356146909 ], [ -76.272465097536838, 7.958102557373333 ], [ -76.272244021597146, 7.958468216450318 ], [ -76.271728946387512, 7.95897973505593 ], [ -76.271213968914623, 7.959417995821481 ], [ -76.270846190046441, 7.959710127923437 ], [ -76.270478095893822, 7.960148713098158 ], [ -76.270110172793125, 7.96051405796876 ], [ -76.269815508121297, 7.960952785738704 ], [ -76.269406271401408, 7.961361663256192 ], [ -76.268992130081983, 7.961618562935442 ], [ -76.268836190831053, 7.962030603309257 ], [ -76.268731995550851, 7.962442749724991 ], [ -76.268575841671989, 7.962957852572233 ], [ -76.268471753755563, 7.963318453919811 ], [ -76.268367719747189, 7.963627502408134 ], [ -76.268056579832887, 7.964090790039088 ], [ -76.267952760548226, 7.96429674729108 ], [ -76.267745655249968, 7.96445097822494 ], [ -76.267435134071832, 7.964604975711637 ], [ -76.267383013523315, 7.964811032141021 ], [ -76.267537694534994, 7.965017536599994 ], [ -76.267795826333767, 7.965224202564078 ], [ -76.267950299777354, 7.965533762750517 ], [ -76.268001495120615, 7.96579157040076 ], [ -76.268207684637417, 7.966101228312697 ], [ -76.268465924253334, 7.966256385303703 ], [ -76.268775932542894, 7.966360096090883 ], [ -76.268775626708418, 7.966514705261777 ], [ -76.26867189894071, 7.966669143029969 ], [ -76.268413389565922, 7.966668631382862 ], [ -76.268206660540045, 7.966616672644695 ], [ -76.267948457909526, 7.966461525190633 ], [ -76.267690363090352, 7.966254857570244 ], [ -76.267535340806546, 7.966202999167598 ], [ -76.267173347026599, 7.966253833556626 ], [ -76.267017813171876, 7.966459682934085 ], [ -76.267069107060124, 7.966665980933628 ], [ -76.267275601913639, 7.96682099478422 ], [ -76.267482232799509, 7.96692450728391 ], [ -76.267636707214834, 7.967234067403474 ], [ -76.267688010341416, 7.967440319911721 ], [ -76.267739205351234, 7.967698127552354 ], [ -76.267842071348952, 7.967956078597094 ], [ -76.26794508075848, 7.968162439801977 ], [ -76.267944569309464, 7.968420139425594 ], [ -76.268098980409334, 7.968781252879904 ], [ -76.268305475938519, 7.968936267430027 ], [ -76.268563884995217, 7.968988323697074 ], [ -76.268822285905287, 7.969040380743744 ], [ -76.269028816520006, 7.969195438764371 ], [ -76.269131790719442, 7.969401799582712 ], [ -76.269131386537325, 7.969607954663053 ], [ -76.268924280126697, 7.969762196092439 ], [ -76.268717677344171, 7.969658683006402 ], [ -76.268562761764414, 7.969555286713701 ], [ -76.268356266625773, 7.969400264322932 ], [ -76.267942727347986, 7.969347901789926 ], [ -76.267684218812789, 7.969347389442834 ], [ -76.267374209716891, 7.96924367863463 ], [ -76.267219484064611, 7.969037219363916 ], [ -76.267220509365956, 7.968521810711919 ], [ -76.267169457045526, 7.968212449271821 ], [ -76.267066546318318, 7.96795454344696 ], [ -76.2669119368026, 7.967696493297482 ], [ -76.266602026935729, 7.967541273166637 ], [ -76.266446932828657, 7.967540966722541 ], [ -76.266188532658077, 7.967488910395008 ], [ -76.265929979544566, 7.967488397737752 ], [ -76.265464876876393, 7.967384381644245 ], [ -76.265154454881568, 7.967486862246616 ], [ -76.264947457301389, 7.967589548357645 ], [ -76.264895227862937, 7.967847148658162 ], [ -76.264843107972382, 7.96805320540691 ], [ -76.264790889397389, 7.968310805653931 ], [ -76.264790169798346, 7.968671613891683 ], [ -76.264841365400713, 7.968929420729983 ], [ -76.264686028839463, 7.969032206585687 ], [ -76.264427834953779, 7.968877085854851 ], [ -76.264428553956677, 7.968516285630196 ], [ -76.264429065712321, 7.968258577004262 ], [ -76.26437776260299, 7.968052288251563 ], [ -76.264171275553124, 7.967897266380788 ], [ -76.263964682381712, 7.967793761728412 ], [ -76.263654564755669, 7.967741597224267 ], [ -76.263396020825368, 7.967741084773048 ], [ -76.263137100384156, 7.967946762550515 ], [ -76.263033101935477, 7.968255811418912 ], [ -76.262980775201825, 7.968564966385419 ], [ -76.262928556334671, 7.968822566882316 ], [ -76.262773119868939, 7.968976861451299 ], [ -76.262720686033205, 7.969337561950838 ], [ -76.26261689401268, 7.969543510157714 ], [ -76.262372031581648, 7.969646824653763 ], [ -76.262371500520203, 7.969913534588446 ], [ -76.262430439548581, 7.970180352375687 ], [ -76.262638210823184, 7.970328933687999 ], [ -76.262756762097325, 7.970506997985204 ], [ -76.262875428801792, 7.970625772803041 ], [ -76.263053519715115, 7.9707742913114 ], [ -76.263261677670357, 7.970745077723235 ], [ -76.263440020969441, 7.970745429314311 ], [ -76.263677786624257, 7.970775530811381 ], [ -76.263766737542312, 7.970894243136375 ], [ -76.263885235066411, 7.971101897730613 ], [ -76.264033627284292, 7.971220726783108 ], [ -76.264211503416178, 7.971458161219362 ], [ -76.264211260301337, 7.971576702924662 ], [ -76.264003137834152, 7.971605952088689 ], [ -76.263824930835327, 7.971516685679838 ], [ -76.263676780889611, 7.971279314811654 ], [ -76.263587883001364, 7.971130968237516 ], [ -76.263439490883329, 7.971012138055904 ], [ -76.263261148317142, 7.971011779276667 ], [ -76.263171658120356, 7.971159768448508 ], [ -76.26305239760859, 7.971337319837871 ], [ -76.262784798352683, 7.971366451692046 ], [ -76.262577054056109, 7.971188216732991 ], [ -76.26245861997991, 7.970950900037881 ], [ -76.262280448134817, 7.970861671286984 ], [ -76.262042690972635, 7.970831531852037 ], [ -76.261863952680216, 7.971009003260369 ], [ -76.261803801567495, 7.971364502860387 ], [ -76.261803325640813, 7.971601576798504 ], [ -76.261862290918899, 7.971838740734332 ], [ -76.261861931790705, 7.972016572168351 ], [ -76.261713189025883, 7.972075528417957 ], [ -76.261535079557746, 7.971956627144557 ], [ -76.261535609792531, 7.971689926054313 ], [ -76.261506396750264, 7.971423162940151 ], [ -76.261506809567749, 7.97121571519419 ], [ -76.261388430239393, 7.970948770847981 ], [ -76.261269519629508, 7.970948538421133 ], [ -76.261120839754383, 7.970977904209199 ], [ -76.261031530231065, 7.971036977419364 ], [ -76.260912538956575, 7.971095987157899 ], [ -76.260793566057714, 7.971125416121642 ], [ -76.260615186737652, 7.97112505740802 ], [ -76.26046685756134, 7.970976601331979 ], [ -76.260615779985883, 7.970828692746776 ], [ -76.260794454987845, 7.97068088502345 ], [ -76.26103241892767, 7.970592444616116 ], [ -76.261300170647289, 7.970504095641778 ], [ -76.2615084092036, 7.970415602772216 ], [ -76.261598078963985, 7.970178698944707 ], [ -76.261449865617436, 7.969970954638112 ], [ -76.261241942021513, 7.969881663174783 ], [ -76.26109354896181, 7.969762823572025 ], [ -76.260915323169129, 7.969703184876431 ], [ -76.260737062263829, 7.969643572561152 ], [ -76.260691014316492, 7.969650031994114 ], [ -76.260591526264733, 7.969525552249482 ], [ -76.260532416682665, 7.96937739269872 ], [ -76.260428697270612, 7.96925876202109 ], [ -76.260280017026574, 7.969347291253493 ], [ -76.260131606277739, 7.969302590757605 ], [ -76.260042916282714, 7.969095152111857 ], [ -76.260117457855515, 7.968947262051934 ], [ -76.26014751487034, 7.968769673559976 ], [ -76.259939726363484, 7.968710043777894 ], [ -76.259820726212098, 7.968813440292432 ], [ -76.259672216917139, 7.968813142897416 ], [ -76.259538512409762, 7.968842491171787 ], [ -76.259478818224494, 7.968990417030545 ], [ -76.259478521539577, 7.969138450002032 ], [ -76.259478225861088, 7.96928649290349 ], [ -76.259477938353243, 7.969434534836522 ], [ -76.259537073562257, 7.969567889704495 ], [ -76.259611085975394, 7.969686468120715 ], [ -76.259729474776734, 7.969893951367498 ], [ -76.25977376167711, 7.970027279378986 ], [ -76.259803137331332, 7.970190179820468 ], [ -76.259862272835448, 7.970323534551438 ], [ -76.259963719832129, 7.970439579327206 ], [ -76.259965992613957, 7.970442175261621 ], [ -76.260054827087629, 7.970575584303474 ], [ -76.260069389405189, 7.97072365287688 ], [ -76.259961861316313, 7.970794809118821 ], [ -76.25993555806383, 7.970812208954353 ], [ -76.259920411540875, 7.970960225062066 ], [ -76.259920116279673, 7.971108266985884 ], [ -76.25996437574338, 7.971256389945225 ], [ -76.260038334247511, 7.971404576269053 ], [ -76.260038038194395, 7.971552619083866 ], [ -76.26003775031198, 7.971700660930222 ], [ -76.260037454222982, 7.97184869380555 ], [ -76.259971085611241, 7.971993475798074 ], [ -76.259962875822751, 7.972011397250043 ], [ -76.259799319280319, 7.972114704101585 ], [ -76.259620967573696, 7.972188365179147 ], [ -76.25951577481095, 7.97224054943608 ], [ -76.259413008168252, 7.97221757033275 ], [ -76.259264534365457, 7.972202469119251 ], [ -76.259116024676445, 7.97220217291436 ], [ -76.258997168543686, 7.972231547309582 ], [ -76.258982284062967, 7.972246324719618 ], [ -76.258910112984694, 7.972264156127668 ], [ -76.258863427900692, 7.972275699988751 ], [ -76.258848578325654, 7.972275664202464 ], [ -76.25870006861426, 7.972275375989589 ], [ -76.258729919918053, 7.972201408874941 ], [ -76.258804265292781, 7.972157149204003 ], [ -76.258848865711755, 7.972127630325607 ], [ -76.258952882318795, 7.972098229151638 ], [ -76.258957122123221, 7.972098229202415 ], [ -76.258982580396221, 7.972098281756133 ], [ -76.25908671333012, 7.972009664115519 ], [ -76.259220507556179, 7.971935912262159 ], [ -76.259369017062056, 7.971936199433798 ], [ -76.259517517555366, 7.971936495657756 ], [ -76.25965250823414, 7.971912303992344 ], [ -76.259680930183961, 7.971907211220544 ], [ -76.259799875553199, 7.971833422561788 ], [ -76.259800019592319, 7.971763642205314 ], [ -76.259800172564852, 7.971685380610428 ], [ -76.259785467085109, 7.971611333394048 ], [ -76.259770761608721, 7.97153728527134 ], [ -76.259681838271419, 7.97144828763256 ], [ -76.259663035523658, 7.971421392977203 ], [ -76.259578180869326, 7.971300038682973 ], [ -76.259459639127243, 7.971166567985 ], [ -76.259459935516844, 7.971018534118821 ], [ -76.259475170843075, 7.970826105634842 ], [ -76.259371514720613, 7.970677865563674 ], [ -76.259238007363706, 7.970603576243912 ], [ -76.259113276104841, 7.970603332957295 ], [ -76.259089507376785, 7.970603287856161 ], [ -76.259000196383553, 7.97070673803671 ], [ -76.258910742049451, 7.970884208763659 ], [ -76.258848398684648, 7.970997612881993 ], [ -76.258821314515828, 7.971046876308061 ], [ -76.258761647785519, 7.971179998178851 ], [ -76.258642612556969, 7.971298188969838 ], [ -76.258508872092719, 7.971342341428792 ], [ -76.258404685379631, 7.971460568016255 ], [ -76.258285649130443, 7.971578768722241 ], [ -76.25816663960282, 7.971682156280912 ], [ -76.258003173885669, 7.971741049238998 ], [ -76.257795178240599, 7.971785048681553 ], [ -76.257795394340491, 7.971676712433156 ], [ -76.257795474234655, 7.971637014585493 ], [ -76.257899688083626, 7.971503983954273 ], [ -76.258003848120595, 7.971400560636062 ], [ -76.258122882647555, 7.971282360916276 ], [ -76.258227042571875, 7.971178937586147 ], [ -76.258331203357059, 7.971075515146774 ], [ -76.258420566526894, 7.970942455918273 ], [ -76.258495055149979, 7.970824174897689 ], [ -76.258569543666994, 7.97070588484593 ], [ -76.258584688983817, 7.970557877642538 ], [ -76.258601093375589, 7.97046894507955 ], [ -76.258614710629303, 7.970395094937087 ], [ -76.258615007364426, 7.970247051909978 ], [ -76.25861512389514, 7.970187835438786 ], [ -76.258630000193435, 7.970173058129663 ], [ -76.258763884656702, 7.970054894254642 ], [ -76.258779120531273, 7.969862473802872 ], [ -76.258794356370657, 7.969670046127226 ], [ -76.258660938289154, 7.969551352211693 ], [ -76.258512401692954, 7.969565860415774 ], [ -76.25839854940385, 7.969565635081694 ], [ -76.258363901070197, 7.969565571622963 ], [ -76.258215401282186, 7.969565276445432 ], [ -76.258066899645925, 7.969564979421822 ], [ -76.257908562831815, 7.969535066094873 ], [ -76.257829385739868, 7.969520099986682 ], [ -76.257666090278917, 7.969490167740688 ], [ -76.257576904783576, 7.969534410095608 ], [ -76.257517445857701, 7.969563892057305 ], [ -76.257368883106778, 7.969593213014079 ], [ -76.257220382251163, 7.96959291658639 ], [ -76.257192804237135, 7.969588632261611 ], [ -76.257027387778464, 7.96956292224938 ], [ -76.256879057650281, 7.969473809001427 ], [ -76.256745353222925, 7.969503148400113 ], [ -76.256611548952833, 7.969576909335259 ], [ -76.256462869054289, 7.969665437556682 ], [ -76.256314368048407, 7.969665141717059 ], [ -76.256247488789924, 7.969694615032805 ], [ -76.256210360598942, 7.969694542889662 ], [ -76.256061798362751, 7.969723855294783 ], [ -76.255942825373737, 7.969812447046833 ], [ -76.255925666724806, 7.969863408634356 ], [ -76.255868129895717, 7.97003435785163 ], [ -76.255912407580055, 7.970167685935759 ], [ -76.256016011395204, 7.970345534782685 ], [ -76.256075146823733, 7.970478888727164 ], [ -76.256104576024441, 7.970612180823983 ], [ -76.25625275293207, 7.970775325004667 ], [ -76.256385999575741, 7.970982843777755 ], [ -76.256385703049475, 7.971130887115567 ], [ -76.256281571222431, 7.97121950511265 ], [ -76.256148098910458, 7.971130411345943 ], [ -76.256074077761227, 7.971011832993069 ], [ -76.255955608005607, 7.970848753287842 ], [ -76.255837129286718, 7.970685672677523 ], [ -76.255787011951213, 7.970641789624678 ], [ -76.255718533745082, 7.970581808632057 ], [ -76.255585115761548, 7.970463115295875 ], [ -76.255451733879454, 7.970329615861207 ], [ -76.255444206397257, 7.970323031572168 ], [ -76.255333137637834, 7.970225753437045 ], [ -76.255214480214008, 7.970151498406124 ], [ -76.255084512369621, 7.9701253129034 ], [ -76.255066041906602, 7.97012159381437 ], [ -76.254902799960902, 7.970062053088284 ], [ -76.254739720287731, 7.96992849218771 ], [ -76.254662931842176, 7.969834545680953 ], [ -76.254606391950901, 7.969765384891092 ], [ -76.254502735644621, 7.969617135563247 ], [ -76.254413901033644, 7.969483727237337 ], [ -76.254310244889567, 7.96933547780296 ], [ -76.25419171233797, 7.96920200641519 ], [ -76.254073053546094, 7.969127750865601 ], [ -76.253924588510785, 7.969112650752051 ], [ -76.253776115301463, 7.969097549741403 ], [ -76.253612765561201, 7.969097226762684 ], [ -76.253404833001071, 7.969111617937466 ], [ -76.253241214129375, 7.969244531713676 ], [ -76.253137026576965, 7.969362760082194 ], [ -76.252973614235998, 7.969392036286507 ], [ -76.25282498816108, 7.969450956016464 ], [ -76.25267628075872, 7.969554289171825 ], [ -76.252601676327643, 7.969731788329323 ], [ -76.252601380052354, 7.969879830399275 ], [ -76.25260108288505, 7.970027871572094 ], [ -76.252704857148572, 7.970116903885699 ], [ -76.252853356956564, 7.970117191937637 ], [ -76.253001857713727, 7.970117488060046 ], [ -76.253165216192471, 7.970117820991119 ], [ -76.253313716833304, 7.970118107966748 ], [ -76.253462216625053, 7.970118404834019 ], [ -76.25361069115192, 7.97013350490245 ], [ -76.253759127757093, 7.970163410072181 ], [ -76.25381848884355, 7.970183262552974 ], [ -76.253892698629471, 7.970208083267679 ], [ -76.254011284705314, 7.970311947235819 ], [ -76.254040696266273, 7.970460051973547 ], [ -76.254025487922505, 7.970637667154397 ], [ -76.254056866412782, 7.970742698012349 ], [ -76.254069739109056, 7.970785798902054 ], [ -76.254203219191709, 7.970874885372817 ], [ -76.254262588515275, 7.970889806338174 ], [ -76.254381328071915, 7.970919648230957 ], [ -76.254529837961115, 7.970919943615747 ], [ -76.254663337052023, 7.97099423482168 ], [ -76.254766992971184, 7.971142474910441 ], [ -76.25469250486519, 7.971260764733118 ], [ -76.254613166183006, 7.971329692600651 ], [ -76.254618016660316, 7.971379046428019 ], [ -76.254617719546403, 7.9715270891154 ], [ -76.25463227289606, 7.971675157804176 ], [ -76.25476575339448, 7.97176424392459 ], [ -76.254899314866947, 7.971808916616593 ], [ -76.254928753124219, 7.971942217868506 ], [ -76.25486908662532, 7.972075329780482 ], [ -76.254750131592857, 7.972149118371274 ], [ -76.25472013725161, 7.972297098186902 ], [ -76.254719841207034, 7.972445139943745 ], [ -76.254897806004209, 7.972563924023273 ], [ -76.255040323682138, 7.972578414101259 ], [ -76.255046278591365, 7.972579025025573 ], [ -76.255194752909134, 7.97259411692136 ], [ -76.255224155397784, 7.972742222305572 ], [ -76.255224092021592, 7.972776474692709 ], [ -76.255223866778493, 7.972890254895621 ], [ -76.255164192294203, 7.973023375960733 ], [ -76.25504521924519, 7.973111967898043 ], [ -76.25503023538829, 7.973135746737159 ], [ -76.254970731040501, 7.973230248838509 ], [ -76.254822105282642, 7.973289169714254 ], [ -76.254747616079612, 7.973407450659574 ], [ -76.254777053710441, 7.973540751894527 ], [ -76.254865951894715, 7.973644553158367 ], [ -76.254999450268457, 7.973718842977441 ], [ -76.25493978377871, 7.973851955888231 ], [ -76.254865295559441, 7.973970245906882 ], [ -76.254746287040604, 7.974073633074358 ], [ -76.254612482725847, 7.974147384140097 ], [ -76.254612186012011, 7.974295426812549 ], [ -76.254626748025743, 7.974443496285652 ], [ -76.254493151361658, 7.974413627153805 ], [ -76.254434015263939, 7.974280272121814 ], [ -76.254434311145175, 7.974132230334138 ], [ -76.254508798695838, 7.974013949373846 ], [ -76.254642540861781, 7.973969796787959 ], [ -76.254702242579214, 7.973821879656521 ], [ -76.254672804920546, 7.973688579319512 ], [ -76.254569031090838, 7.973599556164571 ], [ -76.254539655593121, 7.973436645608008 ], [ -76.254510219038593, 7.973303354252389 ], [ -76.254421384049621, 7.973169946262566 ], [ -76.254273117256446, 7.973051214946472 ], [ -76.254169433651938, 7.972917770898914 ], [ -76.254125173793255, 7.972769646573298 ], [ -76.254125470005363, 7.972621604732457 ], [ -76.254214871103244, 7.972473742408014 ], [ -76.25424477581798, 7.97242428067415 ], [ -76.254304271244166, 7.972325880096363 ], [ -76.254230286204788, 7.972192497961292 ], [ -76.254164896892377, 7.972151579013691 ], [ -76.254111627233499, 7.972118242775021 ], [ -76.253963216897276, 7.972073533862741 ], [ -76.253873905806202, 7.972176983563277 ], [ -76.253873610352159, 7.97232502633925 ], [ -76.253843641775063, 7.972458201158469 ], [ -76.253843344538382, 7.972606243951463 ], [ -76.253843049057039, 7.972754276791456 ], [ -76.253738889154135, 7.972857699600575 ], [ -76.253641286967081, 7.972876959798839 ], [ -76.253590326234757, 7.972887011637509 ], [ -76.253427038949198, 7.972857079863017 ], [ -76.253382814532188, 7.972694152915776 ], [ -76.253383111023197, 7.97254611096741 ], [ -76.253398257115549, 7.972398095061456 ], [ -76.253428224947427, 7.972264920225019 ], [ -76.25342852064955, 7.972116887322395 ], [ -76.253369384562617, 7.971983531860635 ], [ -76.253265639334401, 7.971879694867187 ], [ -76.253161927558224, 7.971761055405323 ], [ -76.25317707388345, 7.971613047613443 ], [ -76.25310305325489, 7.971494471130703 ], [ -76.252954642228616, 7.97144976172725 ], [ -76.252820928271049, 7.97147910119282 ], [ -76.252687187208522, 7.971523243904169 ], [ -76.252553624893764, 7.971478571272847 ], [ -76.252405187686918, 7.971448665827436 ], [ -76.252360334643981, 7.971596617961765 ], [ -76.252478903042189, 7.97171528557164 ], [ -76.252493455685041, 7.97186335464217 ], [ -76.25258228976773, 7.971996764322704 ], [ -76.252626486724097, 7.972174503834577 ], [ -76.25256681209774, 7.972307616686948 ], [ -76.252551666582519, 7.972455631771557 ], [ -76.252595953810669, 7.972588951413424 ], [ -76.252610505753367, 7.972737021355768 ], [ -76.252714189839068, 7.972870465107167 ], [ -76.252758414145546, 7.973033402161849 ], [ -76.252758351308799, 7.973066945371778 ], [ -76.252758118334611, 7.973181435155934 ], [ -76.252876775855242, 7.973255698848026 ], [ -76.252995399064289, 7.973344757690393 ], [ -76.253025007280058, 7.973389224198697 ], [ -76.253113904283509, 7.97349303416981 ], [ -76.253024800001185, 7.973492853593314 ], [ -76.252876326857375, 7.973477752871353 ], [ -76.252757676585176, 7.973403499086549 ], [ -76.252639082221151, 7.973299635059995 ], [ -76.252594830850853, 7.973151503075475 ], [ -76.252580268876486, 7.973003434120474 ], [ -76.252476531569258, 7.972899597795831 ], [ -76.252372812378141, 7.972780966340657 ], [ -76.252373108902489, 7.972634144888697 ], [ -76.252373136271231, 7.972618119154875 ], [ -76.252388290063706, 7.972470113019944 ], [ -76.252388586946225, 7.972322070926842 ], [ -76.252403758758021, 7.972159259775366 ], [ -76.25237433027371, 7.972025958853515 ], [ -76.252255672396217, 7.97195170387562 ], [ -76.25210717086712, 7.971951407751503 ], [ -76.251973430414466, 7.971995551219941 ], [ -76.252017708371312, 7.972128879223988 ], [ -76.252091728960693, 7.972247456881663 ], [ -76.252150855709331, 7.972380811844209 ], [ -76.252076278048165, 7.972543505184396 ], [ -76.252076017869129, 7.97267739899883 ], [ -76.25207595493157, 7.972706352410626 ], [ -76.252060809196962, 7.972854357613931 ], [ -76.251971499189452, 7.972957808050084 ], [ -76.251907620273698, 7.97299743272944 ], [ -76.251852553076034, 7.973031596037665 ], [ -76.251822584731329, 7.973164770983637 ], [ -76.251807430809265, 7.973312778089411 ], [ -76.251836867543588, 7.97344607901756 ], [ -76.251836572366187, 7.973594112135086 ], [ -76.251910584360374, 7.973712698838796 ], [ -76.252043912074939, 7.97387580600556 ], [ -76.252147684865662, 7.973964838124287 ], [ -76.252310890704535, 7.974039181933856 ], [ -76.252473980313283, 7.974172744271664 ], [ -76.252651882687786, 7.974321136806129 ], [ -76.25275560166564, 7.974439777036658 ], [ -76.252888983986225, 7.974573276239031 ], [ -76.252992704008037, 7.974691916348522 ], [ -76.252992406788451, 7.974839959251607 ], [ -76.252977261637469, 7.97498796527807 ], [ -76.252963634165326, 7.975028442915573 ], [ -76.252917497032186, 7.975165489990883 ], [ -76.252768906160327, 7.975209606270525 ], [ -76.252757362657135, 7.975092116358968 ], [ -76.252754353792938, 7.975061546344686 ], [ -76.252576298598271, 7.974987166025954 ], [ -76.252427761730928, 7.975001672895274 ], [ -76.252308663878381, 7.975149482282768 ], [ -76.252274176820364, 7.975188002436347 ], [ -76.252189591987985, 7.975282477548758 ], [ -76.252055761370301, 7.975371034109997 ], [ -76.251907260372349, 7.97537073658994 ], [ -76.251758760273603, 7.975370440816169 ], [ -76.251690371180061, 7.975370306031992 ], [ -76.251610250177194, 7.975370144163792 ], [ -76.251461713915489, 7.975384651651136 ], [ -76.251357526624076, 7.975502878552731 ], [ -76.251356790599104, 7.975504703099033 ], [ -76.251297825318531, 7.975650795759105 ], [ -76.25126783078494, 7.975798774995676 ], [ -76.251193314974358, 7.975931870010259 ], [ -76.251178161110076, 7.976079876305187 ], [ -76.251177864335858, 7.976227918551498 ], [ -76.25117756751159, 7.97637595176248 ], [ -76.251073407934612, 7.976479375412653 ], [ -76.250939576636654, 7.976567930957912 ], [ -76.250879911335275, 7.976701052072145 ], [ -76.250894464335119, 7.976849122233423 ], [ -76.251042937144348, 7.976864222316009 ], [ -76.25108721502616, 7.976997541276667 ], [ -76.25108691926566, 7.977145584427203 ], [ -76.251056896808038, 7.977308367022681 ], [ -76.25105659201877, 7.977456410247067 ], [ -76.251041445512243, 7.977604415609843 ], [ -76.251026300914447, 7.977752431802766 ], [ -76.251011155342184, 7.977900438067784 ], [ -76.250951480008439, 7.978033550297501 ], [ -76.250832534295824, 7.978107337723039 ], [ -76.250639386944812, 7.978151363889455 ], [ -76.250490913606825, 7.978136263843566 ], [ -76.250387130523578, 7.978047231673933 ], [ -76.250298243402995, 7.977943422072022 ], [ -76.250283393570228, 7.977943395094391 ], [ -76.250149733076682, 7.977943126164159 ], [ -76.250164672312707, 7.977898748560842 ], [ -76.250283627240819, 7.977824961231964 ], [ -76.250432136605809, 7.977825258019361 ], [ -76.250535909649415, 7.977914290275434 ], [ -76.250684410846517, 7.977914586119637 ], [ -76.250758899091238, 7.977796305150869 ], [ -76.250774053832515, 7.97764829878829 ], [ -76.250774349633062, 7.977500255595485 ], [ -76.250759796571103, 7.977352187232629 ], [ -76.250730421690861, 7.977189286771457 ], [ -76.250715869592511, 7.977041216580373 ], [ -76.250626971869806, 7.976937407979828 ], [ -76.250552960173039, 7.976818830173487 ], [ -76.25052358458646, 7.976655929652909 ], [ -76.250568438187841, 7.97650797726015 ], [ -76.250716965938707, 7.976493469990047 ], [ -76.250895262781086, 7.976449416220346 ], [ -76.250969778743382, 7.976316322089204 ], [ -76.25097008380078, 7.976168287880382 ], [ -76.250970379752403, 7.9760202456109 ], [ -76.251044958913624, 7.975857552056188 ], [ -76.251060103789257, 7.975709545820035 ], [ -76.251090072184354, 7.975576361734495 ], [ -76.251164560123257, 7.975458079995337 ], [ -76.251281987645257, 7.97535445098717 ], [ -76.251298454253728, 7.97533991606146 ], [ -76.251387791827554, 7.975221662206343 ], [ -76.251477129355862, 7.975103408352031 ], [ -76.251625817974343, 7.975014878870573 ], [ -76.25177431886982, 7.975015174736766 ], [ -76.251908060229752, 7.974971031837654 ], [ -76.25204191784681, 7.974867672073669 ], [ -76.25202301710226, 7.974825046727485 ], [ -76.251982791348581, 7.974734317231507 ], [ -76.251879043540995, 7.974630480053958 ], [ -76.251805032265764, 7.974511903342666 ], [ -76.251716162209789, 7.974393288852515 ], [ -76.251567805065164, 7.9743189808485 ], [ -76.251434216367144, 7.974289103329449 ], [ -76.251285715678264, 7.974288806331854 ], [ -76.251137206818626, 7.974288510248302 ], [ -76.251003618099318, 7.974258631669877 ], [ -76.250884960415263, 7.974184377360916 ], [ -76.250855531134476, 7.974051085243523 ], [ -76.250855826528309, 7.973903042952616 ], [ -76.250930495127591, 7.973695935946658 ], [ -76.250990187531713, 7.973548019817414 ], [ -76.251079535001892, 7.973429765159686 ], [ -76.251125178364575, 7.973377959027117 ], [ -76.25118372120339, 7.973311537601247 ], [ -76.251154319111834, 7.973163442211721 ], [ -76.251139766690088, 7.973015372022735 ], [ -76.251150348533528, 7.972911985311722 ], [ -76.251154911768111, 7.972867356787474 ], [ -76.251190755308073, 7.972831775158477 ], [ -76.251228268693865, 7.972794521570432 ], [ -76.251259071752202, 7.972763943409015 ], [ -76.25139296617678, 7.972645778885086 ], [ -76.251393261573341, 7.972497735760235 ], [ -76.251274693958919, 7.972379068703517 ], [ -76.251126156870939, 7.972393576559498 ], [ -76.251036855662264, 7.972497026778681 ], [ -76.250888319389432, 7.972511533659021 ], [ -76.250739819279573, 7.972511238013538 ], [ -76.250576433251538, 7.972525709616463 ], [ -76.250576136650778, 7.972673751962587 ], [ -76.250575911855066, 7.972783624989384 ], [ -76.250575840078525, 7.972821795211364 ], [ -76.250590393161772, 7.972969863691829 ], [ -76.250575246905285, 7.973117869961654 ], [ -76.250500695611393, 7.973265760005272 ], [ -76.250470639114894, 7.97344334773201 ], [ -76.250470531235123, 7.973494838680821 ], [ -76.250427249818088, 7.973523496385299 ], [ -76.250338281230711, 7.973611853585953 ], [ -76.250252402326879, 7.973668672101416 ], [ -76.250240238872806, 7.973712780289358 ], [ -76.250124176389178, 7.973828014629955 ], [ -76.250008204035723, 7.973899952966086 ], [ -76.249863385614631, 7.973914091678421 ], [ -76.249718578117182, 7.973928240196554 ], [ -76.249686688367305, 7.973934528755677 ], [ -76.249573734129683, 7.973956816205708 ], [ -76.249573446121161, 7.974101147902998 ], [ -76.249585644824293, 7.974225294713746 ], [ -76.249587630806033, 7.974245506906454 ], [ -76.249616295527844, 7.974389903089489 ], [ -76.249702874559532, 7.974534405564352 ], [ -76.249803999176763, 7.974650072992947 ], [ -76.249934129411017, 7.974736939983722 ], [ -76.249986580632736, 7.974852580286314 ], [ -76.250006200507272, 7.974895851591496 ], [ -76.249991431867599, 7.975040147874832 ], [ -76.249991145144079, 7.975184489438324 ], [ -76.249990856556906, 7.975328821980735 ], [ -76.249990560732584, 7.975473153675898 ], [ -76.250004753964546, 7.975617513418473 ], [ -76.250091270807175, 7.975790887792193 ], [ -76.250113054719179, 7.975871144407694 ], [ -76.25013438953809, 7.975949736667241 ], [ -76.250134102929266, 7.976094070074515 ], [ -76.250075838133853, 7.976267156840359 ], [ -76.249959866141864, 7.976339093621978 ], [ -76.249815075160484, 7.976338807000089 ], [ -76.249670294049437, 7.976338510311069 ], [ -76.249539840112305, 7.976410419808963 ], [ -76.249539553359284, 7.976554753297209 ], [ -76.249524783882691, 7.976699057782249 ], [ -76.249423194297705, 7.976814321403696 ], [ -76.249336092829836, 7.976929611275779 ], [ -76.249234484890081, 7.977059308616576 ], [ -76.249089577929709, 7.977116757075389 ], [ -76.248944795606803, 7.977116469283564 ], [ -76.248800005948979, 7.977116173366734 ], [ -76.248655188108728, 7.977130321146093 ], [ -76.248495862814792, 7.977158870015365 ], [ -76.248336546530453, 7.977187417857412 ], [ -76.248191730339897, 7.977201558248773 ], [ -76.248148034917804, 7.977331372696933 ], [ -76.248162219691579, 7.977475731886978 ], [ -76.248219873894328, 7.977605746229387 ], [ -76.24827749175229, 7.977750195329928 ], [ -76.24827715009242, 7.977923399312092 ], [ -76.248190013521409, 7.978053124832736 ], [ -76.248059497657451, 7.978153898236232 ], [ -76.248001501555137, 7.978197079780512 ], [ -76.247929107413455, 7.978196936249552 ], [ -76.247755364304311, 7.978196585557094 ], [ -76.247726374919338, 7.978210959447814 ], [ -76.247610545920864, 7.978210734040255 ], [ -76.247538060590756, 7.978253889253502 ], [ -76.247508965367075, 7.978325996567809 ], [ -76.247393045984737, 7.978369061791796 ], [ -76.247378565891907, 7.978369035426629 ], [ -76.247320767577733, 7.978311183739786 ], [ -76.247335392713097, 7.978239049075612 ], [ -76.247407930955319, 7.978167021749642 ], [ -76.24742252872953, 7.978109322715797 ], [ -76.247538501829339, 7.978037386272832 ], [ -76.247683345767186, 7.978008811265151 ], [ -76.247828135826225, 7.978009098413034 ], [ -76.247958643588191, 7.977908325141808 ], [ -76.247973411690381, 7.977764019592144 ], [ -76.247973707893991, 7.977619686722899 ], [ -76.247945043105247, 7.977475301144684 ], [ -76.247858455276969, 7.977330789348452 ], [ -76.247844269725192, 7.977186430109354 ], [ -76.247960278908224, 7.977100057086273 ], [ -76.248105231036973, 7.977013755876848 ], [ -76.248235657314112, 7.976956282278109 ], [ -76.248366083527046, 7.976898806845781 ], [ -76.248510811205463, 7.976927966997006 ], [ -76.248655601672453, 7.976928254000348 ], [ -76.248785992304349, 7.976885215940578 ], [ -76.248930809125028, 7.976871067255367 ], [ -76.249061236114457, 7.976813601584051 ], [ -76.249148335787552, 7.97669830272799 ], [ -76.249148623578577, 7.976553970985368 ], [ -76.249076524887926, 7.976409494825447 ], [ -76.249091292746783, 7.976265190309916 ], [ -76.24910606241383, 7.976120883976035 ], [ -76.249207642977794, 7.976005622340626 ], [ -76.24938150326858, 7.975948236649533 ], [ -76.249584117704146, 7.975991940192516 ], [ -76.249648051384881, 7.975907318564736 ], [ -76.249671218988539, 7.975876650371593 ], [ -76.249628045761199, 7.97574666443347 ], [ -76.249546883166531, 7.975685722205526 ], [ -76.24951239699746, 7.975659832801757 ], [ -76.249440262046406, 7.975529784227301 ], [ -76.249426069027848, 7.975385425287326 ], [ -76.249324926797101, 7.975284185190684 ], [ -76.249223866735463, 7.975139655408578 ], [ -76.249209681936989, 7.974995286420874 ], [ -76.249166499979012, 7.974865300405123 ], [ -76.249082417892438, 7.974799830831407 ], [ -76.24903639716203, 7.9747640056503 ], [ -76.248905979835783, 7.974821480021854 ], [ -76.248789854645807, 7.974965579207684 ], [ -76.24873168034631, 7.975095368091687 ], [ -76.248731364865506, 7.975254136413256 ], [ -76.248726936518693, 7.975270548219381 ], [ -76.248673010865517, 7.975470512889433 ], [ -76.248557011298516, 7.97555688580224 ], [ -76.248383178239919, 7.975599834609832 ], [ -76.248267493240562, 7.975527439096393 ], [ -76.248180886809351, 7.975397362789515 ], [ -76.248036095917016, 7.975397076313361 ], [ -76.247876950875991, 7.975339027109699 ], [ -76.247746848022985, 7.975237732786495 ], [ -76.247645697934956, 7.975136492161086 ], [ -76.247544556060689, 7.975035252329907 ], [ -76.247385320768359, 7.975020501668288 ], [ -76.247240529897041, 7.975020214859591 ], [ -76.247095748967482, 7.975019927018368 ], [ -76.246950967047127, 7.975019631002314 ], [ -76.246806149599252, 7.975033778766504 ], [ -76.246791076204815, 7.975039752699228 ], [ -76.246661243390662, 7.975091217185483 ], [ -76.246545243247056, 7.975177589661333 ], [ -76.246573908922386, 7.975321977404763 ], [ -76.246660460954999, 7.975480915590262 ], [ -76.246761404525401, 7.975683188921193 ], [ -76.246833413711045, 7.975870963788543 ], [ -76.246833125914691, 7.976015295852952 ], [ -76.246789422743461, 7.976145112149077 ], [ -76.246673361220132, 7.97626034795896 ], [ -76.246571779672635, 7.976375611087478 ], [ -76.246470144087297, 7.976519735548012 ], [ -76.246310755557417, 7.976577156695711 ], [ -76.246165974782087, 7.976576859706867 ], [ -76.246021130097049, 7.976605435837461 ], [ -76.245981091906998, 7.97661333224768 ], [ -76.245876286271297, 7.976634011014751 ], [ -76.245818075207993, 7.976778226622386 ], [ -76.245846686136503, 7.976951484858096 ], [ -76.245991323530433, 7.977023943021843 ], [ -76.246136024906079, 7.977067537885683 ], [ -76.246191918222337, 7.977109497572465 ], [ -76.246251682902781, 7.977154368707684 ], [ -76.246280311524302, 7.97731319126291 ], [ -76.2461787580596, 7.977414026919145 ], [ -76.246048366683283, 7.977457065235057 ], [ -76.245917968014453, 7.977500103577565 ], [ -76.245787576553823, 7.977543141832888 ], [ -76.245642787214138, 7.977542845764519 ], [ -76.245570660872787, 7.977412805135243 ], [ -76.245469537790683, 7.977297129235231 ], [ -76.245325016531524, 7.977166946288187 ], [ -76.245252882147554, 7.977036895660486 ], [ -76.245238697535527, 7.976892536861935 ], [ -76.245094086767466, 7.976805642710342 ], [ -76.24493479822695, 7.976819756321926 ], [ -76.244810146666055, 7.976853379760938 ], [ -76.244775444753287, 7.976862740378133 ], [ -76.244735640888919, 7.97698095756374 ], [ -76.244731741688895, 7.976992546804041 ], [ -76.244644461881066, 7.97719444308504 ], [ -76.244594739692431, 7.977232836676062 ], [ -76.244513954787067, 7.97729520740137 ], [ -76.244383438623515, 7.97739597990393 ], [ -76.244426611694124, 7.977525966068041 ], [ -76.244513244512405, 7.977641605981821 ], [ -76.244657864668525, 7.977728500194062 ], [ -76.24474449851165, 7.977844140911454 ], [ -76.244773164225577, 7.977988536171406 ], [ -76.244816192958965, 7.978190684322776 ], [ -76.244830351125984, 7.97834947882467 ], [ -76.244859016068503, 7.978493874056563 ], [ -76.244974700978901, 7.978566268622441 ], [ -76.24509032293173, 7.97866753632636 ], [ -76.245235112753619, 7.978667833333024 ], [ -76.245394348858355, 7.978682583388881 ], [ -76.245379975566465, 7.978708256567809 ], [ -76.245321693023101, 7.978812336047963 ], [ -76.245205622311929, 7.978927571964543 ], [ -76.245060839715848, 7.978927283961984 ], [ -76.244930441247391, 7.978970313177105 ], [ -76.24475660778181, 7.979013271107634 ], [ -76.24471957869774, 7.979072065955553 ], [ -76.244683988177655, 7.979128588022438 ], [ -76.244625776619912, 7.979272802853782 ], [ -76.244582019603627, 7.979431481598987 ], [ -76.244617116913261, 7.979560811783001 ], [ -76.244625130198756, 7.979590339916218 ], [ -76.244653796172557, 7.979734726107634 ], [ -76.244653480732296, 7.979893494119989 ], [ -76.244523287683279, 7.979835498877695 ], [ -76.244364251331959, 7.979719715178018 ], [ -76.244234093948904, 7.979647284072083 ], [ -76.244234381241299, 7.979502951670233 ], [ -76.244234677616987, 7.979358619196517 ], [ -76.244206102350887, 7.97917092492619 ], [ -76.244206389727523, 7.979026593421215 ], [ -76.244221167249364, 7.978882288306549 ], [ -76.244206973583189, 7.978737927627541 ], [ -76.244091378282221, 7.978622224835507 ], [ -76.244004834937115, 7.978463285927156 ], [ -76.24386013391927, 7.978419700356182 ], [ -76.243715316530199, 7.978433840316108 ], [ -76.243639785984527, 7.978433687211582 ], [ -76.243570525670862, 7.97843354274991 ], [ -76.243512351186951, 7.978563331725208 ], [ -76.243512055350934, 7.978707664297493 ], [ -76.243511766778468, 7.97885199590872 ], [ -76.243511470990128, 7.978996329382943 ], [ -76.243540108998474, 7.979155150604922 ], [ -76.243636067348604, 7.979319902185011 ], [ -76.243641106989983, 7.97932855267071 ], [ -76.243756611887534, 7.979487553615089 ], [ -76.243654797211434, 7.979718286814306 ], [ -76.243509835617772, 7.979804597204676 ], [ -76.24333602974076, 7.97983310910945 ], [ -76.243205953947637, 7.979717378707766 ], [ -76.243017648519057, 7.979760301409045 ], [ -76.242843726186692, 7.979846547787146 ], [ -76.24269893569749, 7.979846260949046 ], [ -76.242554154172652, 7.97984596405096 ], [ -76.242351538866117, 7.979802261126594 ], [ -76.242350901691779, 7.979802260700888 ], [ -76.242206749158385, 7.979801965067721 ], [ -76.242191980965288, 7.979946270323815 ], [ -76.242191683945904, 7.98009060217719 ], [ -76.24226384598947, 7.980206215993703 ], [ -76.242437265567844, 7.980365334370709 ], [ -76.242485001583844, 7.980460995725697 ], [ -76.242509363623554, 7.980509809615439 ], [ -76.242480087821846, 7.98066851590344 ], [ -76.242407459217986, 7.980783840978729 ], [ -76.242248107274591, 7.980826816615604 ], [ -76.242103289691798, 7.980840956363968 ], [ -76.241958498747096, 7.980840669406414 ], [ -76.241824649520467, 7.980840398716521 ], [ -76.241813717673111, 7.980840372381747 ], [ -76.241683292301687, 7.980897846576016 ], [ -76.241552658658406, 7.981056344608642 ], [ -76.24145110384876, 7.981157171784808 ], [ -76.24140725659808, 7.981359148893428 ], [ -76.241522905805979, 7.98144599005456 ], [ -76.241667697025846, 7.981446277079534 ], [ -76.241812478327361, 7.981446573166406 ], [ -76.24195726860755, 7.981446861000165 ], [ -76.242102058931621, 7.981447156914197 ], [ -76.242304818137725, 7.981418699192114 ], [ -76.24244963497479, 7.981404559301577 ], [ -76.242594543336793, 7.981347121253012 ], [ -76.242811952995936, 7.981232091894725 ], [ -76.242942351595232, 7.981189053044956 ], [ -76.243116130573767, 7.981174967716284 ], [ -76.243260913395488, 7.981175264222092 ], [ -76.243405729917654, 7.981161115912331 ], [ -76.243550520850519, 7.981161412254418 ], [ -76.243767733248418, 7.981147416038512 ], [ -76.243956047217182, 7.98110449542016 ], [ -76.244100856413937, 7.981090355977478 ], [ -76.244245646246384, 7.98109064305797 ], [ -76.244375866262075, 7.981134201677993 ], [ -76.244449500630068, 7.981154377657677 ], [ -76.244535046841236, 7.981177823939282 ], [ -76.244592673681169, 7.981322273781348 ], [ -76.244404333308935, 7.981379631265779 ], [ -76.244259281971139, 7.981509240112414 ], [ -76.244099867259223, 7.981581086999574 ], [ -76.243955023230114, 7.981609663143741 ], [ -76.243810116072368, 7.981667100719777 ], [ -76.243665297565727, 7.981681240216748 ], [ -76.24352048084144, 7.981695379652671 ], [ -76.243418837057774, 7.981839515179863 ], [ -76.243267056628653, 7.981952514015309 ], [ -76.243244823623655, 7.98196906101833 ], [ -76.243128761519699, 7.982084295945959 ], [ -76.243128437703604, 7.982243065146681 ], [ -76.243142622546216, 7.982387424209974 ], [ -76.243142470232485, 7.982464347105262 ], [ -76.243142335269141, 7.982531755845478 ], [ -76.243098631808479, 7.982661571552274 ], [ -76.242982624416868, 7.982747936063196 ], [ -76.242837690116019, 7.982819810094343 ], [ -76.242692989067649, 7.982776214735305 ], [ -76.242548405243042, 7.98267489365609 ], [ -76.242476396109623, 7.982487109647098 ], [ -76.242346320219767, 7.982371380123074 ], [ -76.242215893676772, 7.982428853750779 ], [ -76.242143121039987, 7.982616342102973 ], [ -76.242142825286251, 7.982760673941274 ], [ -76.242099094836774, 7.982904916333363 ], [ -76.241954161125051, 7.982976791034197 ], [ -76.241809370303685, 7.982976503415539 ], [ -76.241664589360198, 7.982976206633186 ], [ -76.241476535173817, 7.982889232282371 ], [ -76.241385778933861, 7.982798385062397 ], [ -76.241375394255698, 7.982787992009095 ], [ -76.241201822254439, 7.982701034939183 ], [ -76.241057030518462, 7.98270074702441 ], [ -76.240912187302698, 7.982729323231446 ], [ -76.240781732700924, 7.982801224115954 ], [ -76.240752474813405, 7.982945493147286 ], [ -76.240795594059804, 7.98310435131353 ], [ -76.240896735907768, 7.983205591746603 ], [ -76.241113858380118, 7.983234894629764 ], [ -76.241273040017589, 7.983278517054938 ], [ -76.241446702017655, 7.983322165908995 ], [ -76.241562350965864, 7.983408996896354 ], [ -76.241677946825803, 7.983524700127108 ], [ -76.241836948213049, 7.983654920329308 ], [ -76.24194573400321, 7.983664998827131 ], [ -76.241952004647686, 7.98368388193465 ], [ -76.242137111002648, 7.983776615429141 ], [ -76.242291441809869, 7.983807704758595 ], [ -76.242321867871595, 7.984023255598166 ], [ -76.242229009148133, 7.984146199898004 ], [ -76.242105257139315, 7.984238303741961 ], [ -76.24204320201369, 7.984392112693735 ], [ -76.242042886903945, 7.984546021964032 ], [ -76.242166154095656, 7.984669441266958 ], [ -76.242227490817086, 7.984885055022718 ], [ -76.242165452641373, 7.98500805216341 ], [ -76.241856702182076, 7.984976656295932 ], [ -76.241578755145682, 7.984976089630047 ], [ -76.241331278291199, 7.985191066276752 ], [ -76.241176470964987, 7.985375426881361 ], [ -76.240990788585606, 7.985559761263135 ], [ -76.240928733958498, 7.985713580217256 ], [ -76.240989971661861, 7.985959969824022 ], [ -76.240958718791589, 7.986144619197642 ], [ -76.240742422614957, 7.986205757880461 ], [ -76.240649456054584, 7.986359477752922 ], [ -76.240618203961631, 7.986544126260721 ], [ -76.240494370992707, 7.986697773782804 ], [ -76.240339941842066, 7.986697459647695 ], [ -76.24024748740905, 7.98660495061376 ], [ -76.240186060163083, 7.986450881008792 ], [ -76.240186573347728, 7.986204625865381 ], [ -76.240125047361701, 7.986081331719532 ], [ -76.239970778998725, 7.986019464820663 ], [ -76.239816223774866, 7.986080695431133 ], [ -76.239754007305777, 7.986296093165463 ], [ -76.239753620814852, 7.98648077715717 ], [ -76.239753306271552, 7.986634712950456 ], [ -76.239629535567374, 7.986757593250395 ], [ -76.239474953885036, 7.986849634051705 ], [ -76.239320588095168, 7.986818544307563 ], [ -76.239042802271229, 7.986756388587895 ], [ -76.238733825540621, 7.986817340370748 ], [ -76.238517269168852, 7.987001574772267 ], [ -76.238393373577807, 7.987186036142424 ], [ -76.238176700055973, 7.987431886039203 ], [ -76.238114662232221, 7.987554893121783 ], [ -76.238090137555872, 7.987603528437886 ], [ -76.238044988906381, 7.987737645663334 ], [ -76.237991960671721, 7.987895157144033 ], [ -76.237921443624998, 7.988017597330441 ], [ -76.237833346138217, 7.988140009953372 ], [ -76.23776281912923, 7.988262460163447 ], [ -76.237711542607897, 7.988374318436655 ], [ -76.237674586979537, 7.988454923759581 ], [ -76.237533829974367, 7.988559712094583 ], [ -76.237515971232909, 7.988699778417582 ], [ -76.237656486009442, 7.988717581575819 ], [ -76.237797026620569, 7.988717860708538 ], [ -76.237955076891922, 7.98875320911155 ], [ -76.238095474001184, 7.988823548181966 ], [ -76.238235916938962, 7.988876367580992 ], [ -76.238376430826889, 7.988894173174519 ], [ -76.238516973213194, 7.988894452023223 ], [ -76.238657522895181, 7.988894738898249 ], [ -76.23879806530752, 7.98889502578212 ], [ -76.239026668056383, 7.988790409411274 ], [ -76.239184896534852, 7.988738189560959 ], [ -76.239308010762471, 7.988668390565467 ], [ -76.239412044622753, 7.98864269011408 ], [ -76.2394486328337, 7.988633652638801 ], [ -76.239589219911892, 7.988616423328153 ], [ -76.239747224199704, 7.988669279735175 ], [ -76.239817248261787, 7.988792016564214 ], [ -76.23994004817267, 7.988879826873545 ], [ -76.24006288396734, 7.988950129375063 ], [ -76.239992356815378, 7.989072577952244 ], [ -76.239851851178344, 7.989054773801628 ], [ -76.239711300754934, 7.989054494590864 ], [ -76.239570759318681, 7.989054208033337 ], [ -76.239563043294154, 7.989063397692822 ], [ -76.239482698156223, 7.989159104101588 ], [ -76.239359430671328, 7.989298963230319 ], [ -76.239288877355946, 7.989438920381393 ], [ -76.239183145318293, 7.989596322963425 ], [ -76.239112582863996, 7.989736281101688 ], [ -76.239111261793042, 7.989746673795735 ], [ -76.239094733021332, 7.989876355358545 ], [ -76.238989036638429, 7.990016241160846 ], [ -76.238830700125931, 7.990120992581683 ], [ -76.238707577336896, 7.990190800735961 ], [ -76.238549284711013, 7.990278046071913 ], [ -76.238391137130805, 7.990295231339286 ], [ -76.238250479396456, 7.990347485973732 ], [ -76.238092365875104, 7.990347170601627 ], [ -76.237951923183601, 7.990294341405574 ], [ -76.237811372917648, 7.99029405357807 ], [ -76.23768853682958, 7.990223761257627 ], [ -76.237601058932555, 7.990048444843781 ], [ -76.237583776359443, 7.989908307902486 ], [ -76.237425770569018, 7.989855450755358 ], [ -76.237285221295551, 7.989855163584528 ], [ -76.237144670190389, 7.9898548763799 ], [ -76.237004236813164, 7.989802054803882 ], [ -76.23686368569507, 7.989801768399553 ], [ -76.236740850665726, 7.989731465726214 ], [ -76.236618086639041, 7.989626138355906 ], [ -76.236460009976611, 7.989608307200543 ], [ -76.236319459743001, 7.989608018769935 ], [ -76.236257279050832, 7.989715987918058 ], [ -76.236248933007303, 7.989730468988128 ], [ -76.236257233879741, 7.989738768754206 ], [ -76.236334120406141, 7.989815728246254 ], [ -76.236354125511497, 7.989835759785977 ], [ -76.236398241940549, 7.98985585630015 ], [ -76.236547200645688, 7.989923713660633 ], [ -76.236633187994514, 7.989977532150544 ], [ -76.23668757225667, 7.990011569003126 ], [ -76.236761206890492, 7.990038429218844 ], [ -76.236880681640201, 7.990082014870401 ], [ -76.237003517648319, 7.990152309311252 ], [ -76.237126353745737, 7.990222610926175 ], [ -76.23720091384024, 7.990286589439406 ], [ -76.237249117176361, 7.990327938026152 ], [ -76.237294733718954, 7.990382734997821 ], [ -76.237336738541842, 7.990433193554072 ], [ -76.237424369925407, 7.9905384489668 ], [ -76.23747678655198, 7.990678658382269 ], [ -76.237494070213415, 7.990818805256322 ], [ -76.237493783198104, 7.990958906442865 ], [ -76.237493495288405, 7.991099006732334 ], [ -76.237528349600368, 7.991239180296932 ], [ -76.237475609995286, 7.991256589844753 ], [ -76.237387906616462, 7.991186359134834 ], [ -76.237370371812645, 7.991168805658093 ], [ -76.237300276846327, 7.991081103754493 ], [ -76.237247860171422, 7.990940895218769 ], [ -76.237107524942928, 7.990835530632647 ], [ -76.236967091114252, 7.99078270104716 ], [ -76.236931779186634, 7.990765013095518 ], [ -76.236861782323572, 7.9907299521121 ], [ -76.236861468278917, 7.990887571055023 ], [ -76.236861359625408, 7.990940104408998 ], [ -76.236872840324253, 7.990997956312263 ], [ -76.236876082720173, 7.991014305406538 ], [ -76.236878741729612, 7.991027708174228 ], [ -76.236913560800247, 7.9911853887689 ], [ -76.236946249764088, 7.991272840024921 ], [ -76.23696597835611, 7.991325598275301 ], [ -76.236974564651248, 7.991351461115432 ], [ -76.237018358290399, 7.991483323705186 ], [ -76.237053212541397, 7.99162349735962 ], [ -76.237193763367287, 7.991623785263799 ], [ -76.237334305103673, 7.991624072287536 ], [ -76.237474854985123, 7.99162436010278 ], [ -76.237615405675456, 7.991624637924797 ], [ -76.237755947361791, 7.991624925707983 ], [ -76.237896497186085, 7.991625213379194 ], [ -76.238037047897649, 7.991625500995278 ], [ -76.238194980970377, 7.991713383112025 ], [ -76.238335423249637, 7.991766203891375 ], [ -76.238350532677771, 7.991888742687904 ], [ -76.238352707307413, 7.991906340649532 ], [ -76.238247082975505, 7.992011210092547 ], [ -76.238088925696758, 7.992028403717238 ], [ -76.237948239664846, 7.992098167121067 ], [ -76.237860142714069, 7.992220580973063 ], [ -76.237857780320752, 7.992223869334568 ], [ -76.237772053796363, 7.99234298482456 ], [ -76.237754158783503, 7.992500567998212 ], [ -76.237683596540109, 7.992640525359521 ], [ -76.237577972753286, 7.992745393861315 ], [ -76.237524981147715, 7.992885387844989 ], [ -76.237524693519163, 7.993025489023299 ], [ -76.237629894672168, 7.993130780762946 ], [ -76.237752622652508, 7.993253625032345 ], [ -76.237857815765892, 7.99335891673001 ], [ -76.237998293570527, 7.993394220603373 ], [ -76.238102490094192, 7.993453850713769 ], [ -76.238121130023586, 7.993464523270357 ], [ -76.238102310351636, 7.993538912167703 ], [ -76.238085710340911, 7.993604561080238 ], [ -76.237980122252708, 7.993691903887839 ], [ -76.23790959500127, 7.993814353556152 ], [ -76.237961940126127, 7.993989588167205 ], [ -76.237979222649159, 7.994129724956207 ], [ -76.237978936323955, 7.994269835093634 ], [ -76.237978648140952, 7.994409937113398 ], [ -76.238119054831458, 7.9944802753271 ], [ -76.238259533952814, 7.994515578940166 ], [ -76.23840008379527, 7.994515866050526 ], [ -76.238540527186586, 7.994568687263215 ], [ -76.238593168401877, 7.994598824993854 ], [ -76.238593158889728, 7.994603819722215 ], [ -76.238610406911974, 7.9947614740863 ], [ -76.238610119012506, 7.994901576017605 ], [ -76.2387328112234, 7.995041928335948 ], [ -76.238873396903372, 7.995024699315445 ], [ -76.239084366560874, 7.994955078603774 ], [ -76.239242479070413, 7.994955402844015 ], [ -76.239400421045801, 7.995043284717446 ], [ -76.239505614152435, 7.995148575641172 ], [ -76.239646164056808, 7.99514886404623 ], [ -76.239804321283671, 7.995131670281464 ], [ -76.239927516310104, 7.995026836764143 ], [ -76.23995499581676, 7.994977761548575 ], [ -76.240106720686171, 7.994978066918951 ], [ -76.240168246989981, 7.99510132527069 ], [ -76.240168022347277, 7.995210119606437 ], [ -76.240137802961712, 7.995289962144528 ], [ -76.240137515657736, 7.995430063865393 ], [ -76.240137228365697, 7.99557016468208 ], [ -76.240136941099848, 7.995710266401531 ], [ -76.240154223805177, 7.995850411805082 ], [ -76.24022425724111, 7.995973139802074 ], [ -76.240364798267464, 7.995973427919835 ], [ -76.240505384865571, 7.995956198235567 ], [ -76.240645970519367, 7.995938967611685 ], [ -76.240786520547005, 7.995939256422416 ], [ -76.240927107957546, 7.995922025695379 ], [ -76.241067730114764, 7.995887288107521 ], [ -76.241190852641523, 7.995817479651333 ], [ -76.241243844607737, 7.995677487354335 ], [ -76.241244132398052, 7.995537384874653 ], [ -76.241244150075133, 7.995524252118995 ], [ -76.241261801884932, 7.995484879198862 ], [ -76.241367390078764, 7.995397526609655 ], [ -76.241384960832491, 7.995397562111441 ], [ -76.241490234704045, 7.995467828641928 ], [ -76.24157786478699, 7.995573084128718 ], [ -76.241612891262605, 7.995625690073758 ], [ -76.241612782627314, 7.995678232217733 ], [ -76.241612639252153, 7.995748282976939 ], [ -76.241630065743081, 7.995818369227168 ], [ -76.241647457577528, 7.995905973123296 ], [ -76.241717696867653, 7.995923624631262 ], [ -76.241858246736683, 7.995923912174614 ], [ -76.241945877941063, 7.996029168400704 ], [ -76.242051070833142, 7.996134451087005 ], [ -76.24224415517773, 7.996222414104508 ], [ -76.242261653884825, 7.996257474915089 ], [ -76.242279000320593, 7.996362587410546 ], [ -76.242419551091672, 7.996362864756829 ], [ -76.242560101023031, 7.996363152903684 ], [ -76.242700759388484, 7.996310898011942 ], [ -76.242701046592956, 7.996170795733843 ], [ -76.242789100125293, 7.996065890660355 ], [ -76.242859375020686, 7.996066035148787 ], [ -76.242947220659971, 7.996066214145367 ], [ -76.24307020056311, 7.996066465824512 ], [ -76.243087663735423, 7.996119035171737 ], [ -76.243070056564989, 7.996136517394118 ], [ -76.24298211153706, 7.996188878624768 ], [ -76.242929399254706, 7.996188772362446 ], [ -76.242823881617483, 7.99624109906719 ], [ -76.242823811411824, 7.996276124394195 ], [ -76.242823523343205, 7.996416224855226 ], [ -76.24282346039422, 7.996451250125041 ], [ -76.242823245270571, 7.996556326140683 ], [ -76.242770397052425, 7.996626268691132 ], [ -76.242700122061819, 7.996626125129384 ], [ -76.242559571231425, 7.996625847011605 ], [ -76.242471653403499, 7.996660693332971 ], [ -76.242418912736454, 7.996678101904901 ], [ -76.242278362677567, 7.996677813753014 ], [ -76.242208086745364, 7.996677671021372 ], [ -76.242137811707565, 7.996677527367136 ], [ -76.242032511814813, 7.9966247778418 ], [ -76.242014976636071, 7.996607233773706 ], [ -76.241892140626291, 7.996536932002579 ], [ -76.241839535877602, 7.9964842807846 ], [ -76.241839714805579, 7.996396723231628 ], [ -76.241839966670284, 7.996274130358513 ], [ -76.241822432416754, 7.996256585362116 ], [ -76.241734836741003, 7.99613381326973 ], [ -76.241664633886899, 7.99609864411652 ], [ -76.24157685851408, 7.996063447610448 ], [ -76.24148902182192, 7.996063268249944 ], [ -76.24143630855869, 7.996063159990123 ], [ -76.241382409727976, 7.996063051998752 ], [ -76.24133967694786, 7.996119618847382 ], [ -76.241270516155041, 7.996145311354036 ], [ -76.241260374015965, 7.996185394204527 ], [ -76.241154605668157, 7.996360305376002 ], [ -76.241049018140387, 7.996447657113976 ], [ -76.240925894512515, 7.996517464715 ], [ -76.24078534522576, 7.996517177830954 ], [ -76.24064479410012, 7.996516890009648 ], [ -76.240504279559232, 7.996499095299349 ], [ -76.240346229805951, 7.996463746427898 ], [ -76.240188260524192, 7.99639338102477 ], [ -76.240047746812976, 7.996375576188594 ], [ -76.239942509376334, 7.996287802435725 ], [ -76.239819673592152, 7.99621749986516 ], [ -76.239661731943272, 7.99612961836632 ], [ -76.239556502705668, 7.996041833550095 ], [ -76.239451266344872, 7.995954059587107 ], [ -76.23934607294926, 7.995848767826502 ], [ -76.239240870551598, 7.995743476991588 ], [ -76.239118143125893, 7.995620640867486 ], [ -76.238977665364743, 7.995585327777377 ], [ -76.238846214029962, 7.995617801686385 ], [ -76.238837041937742, 7.99562006559207 ], [ -76.238696312193582, 7.995707347446444 ], [ -76.238608259948535, 7.995812242978545 ], [ -76.238520340750156, 7.995847096660427 ], [ -76.238379791372921, 7.995846809766403 ], [ -76.238239276790623, 7.995829005117169 ], [ -76.238028595364938, 7.995758532653164 ], [ -76.23794097309046, 7.995653276910203 ], [ -76.237853414269964, 7.99551299569013 ], [ -76.237642696207431, 7.995460021695536 ], [ -76.237502074414081, 7.995494769006571 ], [ -76.237419187095895, 7.995525563236296 ], [ -76.237361415759636, 7.995547015042849 ], [ -76.237343494232192, 7.995722115052216 ], [ -76.237343206929253, 7.995862216239898 ], [ -76.237342919645357, 7.996002317426846 ], [ -76.237342632380518, 7.996142418613094 ], [ -76.237377486862314, 7.996282592018229 ], [ -76.23751788433357, 7.996352930294675 ], [ -76.237623085770807, 7.996458220785065 ], [ -76.237693109798471, 7.996580957673062 ], [ -76.237692894276123, 7.996686034204166 ], [ -76.237692821826371, 7.996721058815716 ], [ -76.237692534786802, 7.996861160854007 ], [ -76.237744961327621, 7.997001369775845 ], [ -76.237850188864869, 7.997089153315399 ], [ -76.237972916671907, 7.99721198888272 ], [ -76.238113466573822, 7.997212275728646 ], [ -76.238254018283612, 7.997212564319227 ], [ -76.238411996046352, 7.997282928597524 ], [ -76.238526836009953, 7.997348658346236 ], [ -76.238534831237104, 7.997353230657432 ], [ -76.238587149225964, 7.997545981623462 ], [ -76.238592879854778, 7.997592505829377 ], [ -76.238604423535293, 7.997686119195325 ], [ -76.238569003278712, 7.99782614897855 ], [ -76.238533583080127, 7.997966186898775 ], [ -76.238656417623105, 7.998036488837452 ], [ -76.238796968564529, 7.998036768102114 ], [ -76.238889199317256, 7.998036956753548 ], [ -76.238937518637641, 7.998037054553566 ], [ -76.239078033894344, 7.998054851420698 ], [ -76.239085543117909, 7.998061120721956 ], [ -76.239183261942472, 7.998142634393742 ], [ -76.239200734035634, 7.99818936455339 ], [ -76.239232507720345, 7.998274344934677 ], [ -76.239235688352011, 7.998282842856399 ], [ -76.239235400241995, 7.998422944690875 ], [ -76.239305352075888, 7.99858070733625 ], [ -76.239305279829026, 7.998615731890482 ], [ -76.239304992687607, 7.998755832803107 ], [ -76.23930481252647, 7.998843392377561 ], [ -76.239304786416895, 7.998857181176662 ], [ -76.239304704666026, 7.998895934625615 ], [ -76.239304426633353, 7.999036036369112 ], [ -76.239304318775609, 7.999088577713335 ], [ -76.23930413864278, 7.999176137286727 ], [ -76.23930403171282, 7.999228680430467 ], [ -76.239251147831595, 7.999316139683796 ], [ -76.239233613390653, 7.999298585552424 ], [ -76.239163516959948, 7.999210883798914 ], [ -76.239145981628397, 7.999193330571014 ], [ -76.239093493630421, 7.999088146611781 ], [ -76.239076066267444, 7.999018061056246 ], [ -76.238988327622977, 7.998965347353431 ], [ -76.238865491806308, 7.998895044754044 ], [ -76.23870747840202, 7.998842178754736 ], [ -76.23867233560054, 7.998842107646954 ], [ -76.238566963747161, 7.99882438366294 ], [ -76.238531965534207, 7.998754260671656 ], [ -76.238444200320373, 7.99871905630839 ], [ -76.238496939840715, 7.998701656219875 ], [ -76.23853207267338, 7.998701728329162 ], [ -76.238637491018295, 7.99870193364095 ], [ -76.238655061967705, 7.998701970106133 ], [ -76.238778041356113, 7.998702221862638 ], [ -76.238865887010533, 7.998702402415192 ], [ -76.238901164367533, 7.998632422646814 ], [ -76.238883809355528, 7.998527310685418 ], [ -76.238866309798667, 7.998492249664865 ], [ -76.238761009373604, 7.998439492097224 ], [ -76.23874347417015, 7.998421947866171 ], [ -76.238602958756829, 7.998404151833087 ], [ -76.238480124080908, 7.99833384991987 ], [ -76.238374921820849, 7.998228558129759 ], [ -76.238287290545813, 7.998123302781512 ], [ -76.238146849302552, 7.998070472900573 ], [ -76.238006406337703, 7.998017652006039 ], [ -76.237865964298976, 7.997964831041907 ], [ -76.237831118284035, 7.997824648705759 ], [ -76.237919171013772, 7.997719752192721 ], [ -76.237936741926077, 7.997719787801925 ], [ -76.238020096691244, 7.99770809185352 ], [ -76.238059756879125, 7.99770253211291 ], [ -76.238095114854104, 7.99759751869485 ], [ -76.238095187232318, 7.997562493194681 ], [ -76.238024983248209, 7.997527324306644 ], [ -76.237981944778539, 7.997527242766062 ], [ -76.237954707786287, 7.997527180899709 ], [ -76.237814157818704, 7.997526902173874 ], [ -76.237673679271111, 7.997491588857866 ], [ -76.237533129213261, 7.997491301899983 ], [ -76.237392506695514, 7.99752604041818 ], [ -76.237251992385595, 7.997508243770198 ], [ -76.237182004007565, 7.99736799902922 ], [ -76.237200007007047, 7.997157883318141 ], [ -76.237200294110608, 7.99701777308337 ], [ -76.237130305898148, 7.996877528290288 ], [ -76.236989791804859, 7.996859732362518 ], [ -76.236849240964673, 7.99685944509161 ], [ -76.236708655236384, 7.996876674601674 ], [ -76.236622291181348, 7.996979550041952 ], [ -76.236620593123703, 7.996981570981964 ], [ -76.236497398207121, 7.997086395025628 ], [ -76.236426836264101, 7.997226361659904 ], [ -76.236394784404681, 7.997264540113856 ], [ -76.236338774015707, 7.997331258037245 ], [ -76.236280231144974, 7.997363524684848 ], [ -76.236180481909443, 7.997418492870711 ], [ -76.236074885389044, 7.997505845725928 ], [ -76.236026097282263, 7.997562358653957 ], [ -76.235969225317248, 7.997628223169522 ], [ -76.235962621924045, 7.997632902785791 ], [ -76.235846065896439, 7.997715539344144 ], [ -76.235819772241072, 7.99773417916223 ], [ -76.235722907257951, 7.997802847364291 ], [ -76.235599811235915, 7.997855137993081 ], [ -76.235582249341476, 7.997855102215332 ], [ -76.235441626271083, 7.997889839279225 ], [ -76.235424055308968, 7.99788980356636 ], [ -76.235301075772256, 7.997889551613425 ], [ -76.235301184270142, 7.997837018194081 ], [ -76.235389129382057, 7.997784656280993 ], [ -76.235424307177198, 7.997767218986393 ], [ -76.235512368809793, 7.997662313648092 ], [ -76.235515296872904, 7.997660867644301 ], [ -76.235547537537798, 7.997644878227149 ], [ -76.235600421415427, 7.997557418317679 ], [ -76.235670840405945, 7.997487510973734 ], [ -76.235723624912822, 7.997452593428808 ], [ -76.235776617199022, 7.997312600124743 ], [ -76.23580473405687, 7.997266103106568 ], [ -76.235829501001419, 7.997225140221318 ], [ -76.235864669667805, 7.997207703889881 ], [ -76.236005471559665, 7.997085397907681 ], [ -76.236029159950107, 7.997067764266654 ], [ -76.236146237572129, 7.996980609659372 ], [ -76.236199228717936, 7.996840607352709 ], [ -76.236199408816063, 7.996753048418428 ], [ -76.236199517185455, 7.996700506007842 ], [ -76.236235018222686, 7.996525451419445 ], [ -76.236209191599201, 7.996460718766205 ], [ -76.23620005558972, 7.996437812051203 ], [ -76.236164994549, 7.996402714105109 ], [ -76.23604215893333, 7.996332411970133 ], [ -76.236024874832481, 7.996192274899175 ], [ -76.236148033865618, 7.996104958863633 ], [ -76.236275522546649, 7.996041743719439 ], [ -76.236323898260281, 7.996017759027318 ], [ -76.236464483776899, 7.996000529759151 ], [ -76.236570080828031, 7.995913177883069 ], [ -76.236623108654996, 7.995755675949104 ], [ -76.236535550144879, 7.995615395181528 ], [ -76.236500695100872, 7.995475213439618 ], [ -76.236500982745341, 7.995335112135446 ], [ -76.236554091295531, 7.995142575571585 ], [ -76.236569730960284, 7.995090966715871 ], [ -76.236607154054354, 7.994967556840082 ], [ -76.236607441738855, 7.994827456451075 ], [ -76.236607720364731, 7.994687354325502 ], [ -76.236608008080196, 7.994547253031597 ], [ -76.236590733179185, 7.9944071159504 ], [ -76.236467934106869, 7.9943192968851 ], [ -76.236344800521863, 7.994389096022432 ], [ -76.23623921272555, 7.994476447637513 ], [ -76.236133589883764, 7.994581307952346 ], [ -76.236080848875034, 7.994598718425248 ], [ -76.235993074727332, 7.994563513172415 ], [ -76.235993147382132, 7.994528486693324 ], [ -76.235993362663137, 7.994423410890937 ], [ -76.23602878316342, 7.994283381986464 ], [ -76.236046353889009, 7.994283408700573 ], [ -76.236134380056413, 7.994196030355561 ], [ -76.236240003744456, 7.994091170071504 ], [ -76.236256299112455, 7.99402673331399 ], [ -76.236275424996677, 7.99395113124384 ], [ -76.23627571202023, 7.993811029907948 ], [ -76.236275999062826, 7.993670928571357 ], [ -76.236276287030805, 7.993530827226944 ], [ -76.236276574111486, 7.993390725888903 ], [ -76.236276862124697, 7.993250625446521 ], [ -76.23624282483469, 7.993159572438965 ], [ -76.236224445093626, 7.993110406825806 ], [ -76.236119324127529, 7.992970089854156 ], [ -76.23599669525818, 7.992794711551437 ], [ -76.235856441169005, 7.992654322825271 ], [ -76.235751239569836, 7.992549032214094 ], [ -76.235593414918384, 7.992408606632976 ], [ -76.235523462739224, 7.992250854099914 ], [ -76.235523750181372, 7.9921107436181 ], [ -76.235506467007383, 7.991970606359605 ], [ -76.235418844569296, 7.991865351303249 ], [ -76.235260723618921, 7.991865026996275 ], [ -76.235120028683795, 7.991934799606899 ], [ -76.235110021814194, 7.99194671956226 ], [ -76.235031976559569, 7.992039696232371 ], [ -76.234943806566022, 7.99219713541128 ], [ -76.234943518858714, 7.992337236033205 ], [ -76.234943232076787, 7.99247733664733 ], [ -76.234942998400001, 7.992594279567315 ], [ -76.234942945321023, 7.992617438164189 ], [ -76.234942656771622, 7.992757539694527 ], [ -76.234942620850518, 7.992775056563414 ], [ -76.234872130264492, 7.992879989131474 ], [ -76.234854352839648, 7.992985029162154 ], [ -76.234854280926726, 7.993020053867942 ], [ -76.234854101199488, 7.993107621956486 ], [ -76.234748683845865, 7.993107406969822 ], [ -76.234748755757721, 7.993072381357107 ], [ -76.234696267369372, 7.992967196972552 ], [ -76.234608680688254, 7.992844424875644 ], [ -76.234521086809139, 7.992721651891896 ], [ -76.234468669602137, 7.992581442723307 ], [ -76.234468956532353, 7.992441342045341 ], [ -76.234469245280025, 7.992301239545541 ], [ -76.234504664649123, 7.992161210639638 ], [ -76.23454013083213, 7.992003663874661 ], [ -76.2345403286661, 7.991908138290741 ], [ -76.23449275436532, 7.991764918561938 ], [ -76.234554980302889, 7.991549566260607 ], [ -76.234555429080118, 7.991334078001369 ], [ -76.234482844956148, 7.991164306229493 ], [ -76.234467143307754, 7.991153812806569 ], [ -76.234346705859934, 7.991086799342355 ], [ -76.234186033246829, 7.991046410590676 ], [ -76.234051959794101, 7.99109955491103 ], [ -76.23394457487602, 7.99120616672998 ], [ -76.233797098282494, 7.991259284941205 ], [ -76.233729814797101, 7.99140604161674 ], [ -76.233675960515015, 7.9915394691784 ], [ -76.233541824409357, 7.991619320260797 ], [ -76.233394492189461, 7.991605665969839 ], [ -76.233247266641058, 7.991538598072299 ], [ -76.233113472174395, 7.991458198268997 ], [ -76.232993097098927, 7.991364476601218 ], [ -76.232832531880689, 7.991270665602184 ], [ -76.232712130640579, 7.991190293581226 ], [ -76.2325381371774, 7.991109814216128 ], [ -76.232390777008632, 7.991109517406495 ], [ -76.232243416754898, 7.99110921241286 ], [ -76.232136023924767, 7.991215824005932 ], [ -76.232001842133457, 7.991322382312673 ], [ -76.231867768949755, 7.991375526967222 ], [ -76.231733721942604, 7.991415312767496 ], [ -76.231586363361743, 7.991415015699623 ], [ -76.231425798228656, 7.991321204935677 ], [ -76.231238436069745, 7.991227339907566 ], [ -76.231077871123972, 7.991133537981003 ], [ -76.230903805219882, 7.991093123402904 ], [ -76.230769785256769, 7.991119551853415 ], [ -76.230649051397165, 7.991199430136441 ], [ -76.230555033883746, 7.99131942740762 ], [ -76.230521427522476, 7.991379425111677 ], [ -76.230487804296061, 7.991439469028461 ], [ -76.230460620799676, 7.991626371867746 ], [ -76.230446921116751, 7.991773237894843 ], [ -76.230406460598971, 7.991906699831895 ], [ -76.230285701017507, 7.991999927024148 ], [ -76.230164966823011, 7.992079806206934 ], [ -76.230065514865444, 7.992156585154666 ], [ -76.230030831259612, 7.992159657377304 ], [ -76.229896810797811, 7.992186084800731 ], [ -76.229829553821801, 7.992319494333818 ], [ -76.229703142656334, 7.992457529087707 ], [ -76.22969529188137, 7.992466108038704 ], [ -76.229614524576164, 7.99265290423172 ], [ -76.229614218760005, 7.992799795706572 ], [ -76.229613922948758, 7.992946688909612 ], [ -76.229613617181514, 7.993093581286373 ], [ -76.229613312341485, 7.993240473655258 ], [ -76.229653224323428, 7.993374097581835 ], [ -76.229813707746118, 7.993507964662852 ], [ -76.229947566292509, 7.993561657682496 ], [ -76.229987477544654, 7.993695282429648 ], [ -76.229950000181461, 7.993818880799483 ], [ -76.229947008698971, 7.993828736378982 ], [ -76.229786202278589, 7.993855118737524 ], [ -76.229638832514581, 7.993854814172495 ], [ -76.22953186190864, 7.993761120329093 ], [ -76.229411450931096, 7.993680746552896 ], [ -76.229264092052645, 7.993680441743643 ], [ -76.22920481208115, 7.993719662193516 ], [ -76.229143358073969, 7.993760319987692 ], [ -76.22911618416849, 7.993947222948358 ], [ -76.229115852017713, 7.994107465212305 ], [ -76.229115546301557, 7.994254365784499 ], [ -76.22914203789523, 7.994401313355569 ], [ -76.229195316898412, 7.994548313407693 ], [ -76.229235229065722, 7.994681938274708 ], [ -76.229234931560569, 7.994828829728169 ], [ -76.229234626839727, 7.994975723044502 ], [ -76.229234294959753, 7.995135973414994 ], [ -76.229233989369135, 7.995282865833301 ], [ -76.229193465950715, 7.99544303487437 ], [ -76.229125463897063, 7.995566705863292 ], [ -76.229112788980331, 7.995589766355884 ], [ -76.229005260036658, 7.995763140593133 ], [ -76.228996573365535, 7.995814416863862 ], [ -76.228978130740487, 7.995923336797572 ], [ -76.228980799186303, 7.995953268758775 ], [ -76.228991227532404, 7.996070257219605 ], [ -76.229017737622485, 7.996203854096858 ], [ -76.229097760233415, 7.996377624177395 ], [ -76.229112869173207, 7.996453721205225 ], [ -76.229124277602395, 7.996511212836412 ], [ -76.229137374541097, 7.996658132318458 ], [ -76.229137042885398, 7.996818382693637 ], [ -76.229136684031445, 7.996991981991886 ], [ -76.229056024200062, 7.997125363832184 ], [ -76.229028931270577, 7.997272202931728 ], [ -76.228975013565019, 7.997432335900782 ], [ -76.228961503323262, 7.997485722616148 ], [ -76.228907784102233, 7.997552386845572 ], [ -76.228880905856954, 7.997592389397097 ], [ -76.228813784195339, 7.997659025670084 ], [ -76.228786826215597, 7.997739093061451 ], [ -76.228773315046354, 7.997792479790861 ], [ -76.228773100337904, 7.997899317272747 ], [ -76.228773009676971, 7.99793937316308 ], [ -76.228750425875162, 7.997979707144621 ], [ -76.228705780110829, 7.998059423225653 ], [ -76.228652167668542, 7.998072664657935 ], [ -76.228585073069453, 7.998125943876693 ], [ -76.228544855857905, 7.998139221445614 ], [ -76.228477904407555, 7.9981257279327 ], [ -76.228478092923112, 7.998032249284311 ], [ -76.228505167844673, 7.997898759891184 ], [ -76.228559031347132, 7.997765332882501 ], [ -76.228559326848369, 7.997618439556914 ], [ -76.228586429916064, 7.997471602143134 ], [ -76.228586734512987, 7.997324708748879 ], [ -76.228587031894179, 7.997177817217486 ], [ -76.228587336532883, 7.997030923821638 ], [ -76.228560819159725, 7.996897326943294 ], [ -76.228547729629483, 7.996750407308338 ], [ -76.228521238586538, 7.996603451550302 ], [ -76.22852154424443, 7.996456559038243 ], [ -76.228521849930303, 7.996309667428864 ], [ -76.228522154716487, 7.996162774018864 ], [ -76.228522263203303, 7.996110232127204 ], [ -76.228522452279847, 7.996015881568245 ], [ -76.228549608108708, 7.995842336395933 ], [ -76.228576701340614, 7.995695498192127 ], [ -76.228576746384434, 7.995675887673931 ], [ -76.228577033383871, 7.995535246819728 ], [ -76.228577339181498, 7.995388355213014 ], [ -76.228564249832374, 7.995241425614567 ], [ -76.22853773198068, 7.995107837717746 ], [ -76.228484506519479, 7.994934121589619 ], [ -76.228404431145876, 7.994787067095524 ], [ -76.228337694538752, 7.994666737612273 ], [ -76.228257564808118, 7.99454639085771 ], [ -76.228204304246276, 7.994386032648996 ], [ -76.228191216186943, 7.994239112897809 ], [ -76.228165936875428, 7.994137442285443 ], [ -76.228151358036328, 7.994078781773898 ], [ -76.22803103698088, 7.993958345282271 ], [ -76.227883677798658, 7.993958039115188 ], [ -76.227722833611637, 7.99399777157005 ], [ -76.227655550221087, 7.994144529165741 ], [ -76.227655244828142, 7.994291421806742 ], [ -76.227695102857695, 7.994451753046339 ], [ -76.227694797522844, 7.99459864568 ], [ -76.227694717364571, 7.994636034316977 ], [ -76.227694492208869, 7.994745538312873 ], [ -76.227587098964619, 7.994852150445097 ], [ -76.227452970941201, 7.994932002161335 ], [ -76.227379256130888, 7.994951880557459 ], [ -76.22730552228937, 7.994971760898945 ], [ -76.227184788325104, 7.995051638861265 ], [ -76.227167092393671, 7.995110030424557 ], [ -76.227090825345115, 7.995144920092908 ], [ -76.227077124789091, 7.995291785611403 ], [ -76.227023145342415, 7.995478634560944 ], [ -76.22692903774238, 7.995638687741761 ], [ -76.226848333365254, 7.995798768063862 ], [ -76.226794326522537, 7.995998966905915 ], [ -76.226794173856774, 7.996074954909743 ], [ -76.226794021149161, 7.996145867789941 ], [ -76.226793634792244, 7.996332817336834 ], [ -76.226793328559964, 7.996479718226171 ], [ -76.226793024097262, 7.996626610969263 ], [ -76.226779325399136, 7.996773475613582 ], [ -76.226738829153817, 7.996920287750837 ], [ -76.22670712724701, 7.997055969227722 ], [ -76.22669827926633, 7.997093805929816 ], [ -76.226630995376681, 7.997240563688128 ], [ -76.226523546813809, 7.997373882852512 ], [ -76.226416099999796, 7.997507202001806 ], [ -76.226348834152716, 7.997640601855252 ], [ -76.22634850238542, 7.997800842710985 ], [ -76.22633480192367, 7.997947718268396 ], [ -76.226334749344346, 7.9979482933243 ], [ -76.226321103200405, 7.998094582972524 ], [ -76.22625383729617, 7.998227982857966 ], [ -76.226226770601698, 7.998361464199772 ], [ -76.226172827177209, 7.998534956166261 ], [ -76.226132277141204, 7.998708474437122 ], [ -76.226105202341529, 7.99884196399177 ], [ -76.226064705912819, 7.99898877532439 ], [ -76.226051007210671, 7.999135640969191 ], [ -76.225970319527107, 7.999282362683148 ], [ -76.225909287818595, 7.999351604821386 ], [ -76.225825205610278, 7.999399270177804 ], [ -76.225537862173894, 7.99946229534472 ], [ -76.22537797058402, 7.999621009886493 ], [ -76.225185965109659, 7.999875089213806 ], [ -76.225217414892299, 8.000097870824135 ], [ -76.22524899103405, 8.000256981444911 ], [ -76.22537623709664, 8.000448106994185 ], [ -76.225439793300524, 8.000575487625964 ], [ -76.225471377783236, 8.000734597210355 ], [ -76.225502881858617, 8.000925525227371 ], [ -76.225502485800618, 8.001116390047446 ], [ -76.225374439775848, 8.001306977224912 ], [ -76.225150921729366, 8.001370136966829 ], [ -76.224959247735711, 8.001465169970013 ], [ -76.224895089731945, 8.00162408219636 ], [ -76.224894623221303, 8.001846791709541 ], [ -76.224926136401876, 8.002037719764077 ], [ -76.224957784356832, 8.002165021024821 ], [ -76.224957451571143, 8.00232407574134 ], [ -76.224893222110808, 8.002514798276119 ], [ -76.224701486069591, 8.002641639772898 ], [ -76.224477768989914, 8.002800228360982 ], [ -76.224349543886802, 8.003054442759224 ], [ -76.224349076133606, 8.003277108114199 ], [ -76.224316629282384, 8.003531519697965 ], [ -76.224348078795671, 8.003754302328584 ], [ -76.224443516253771, 8.003913546135868 ], [ -76.224507072224114, 8.004040918671102 ], [ -76.224506668121492, 8.004231783715564 ], [ -76.224410602171375, 8.004390632987651 ], [ -76.224186778263729, 8.004581022441569 ], [ -76.223994771621804, 8.004835100566138 ], [ -76.223802765767275, 8.005089190431249 ], [ -76.223738338592, 8.005375339375792 ], [ -76.223642201064195, 8.005566042348155 ], [ -76.223482300659512, 8.005724757402966 ], [ -76.223290564623142, 8.00585159898254 ], [ -76.223162510332244, 8.006042184675334 ], [ -76.223159562735319, 8.006044620151332 ], [ -76.22315928464964, 8.006177578878216 ], [ -76.223036888679019, 8.006281711956323 ], [ -76.222949401932624, 8.006385926282054 ], [ -76.222861906902054, 8.006490129828483 ], [ -76.222739474539679, 8.006611663394541 ], [ -76.22265184359587, 8.006785468912861 ], [ -76.222478127687495, 8.006848027738815 ], [ -76.222459704017908, 8.006854667260855 ], [ -76.222337343875097, 8.006941398858354 ], [ -76.222249811513862, 8.007063012845141 ], [ -76.22217967209744, 8.007219453980587 ], [ -76.222179384818347, 8.007358639142829 ], [ -76.22233632001624, 8.007428554679032 ], [ -76.222475918379203, 8.007446243248664 ], [ -76.222615336519567, 8.007550924381304 ], [ -76.22275472025747, 8.007672995995147 ], [ -76.222859265385821, 8.007760204282945 ], [ -76.222998900078835, 8.007760501150262 ], [ -76.223156059890698, 8.007726023120377 ], [ -76.223188220152494, 8.007630523994179 ], [ -76.223208746033762, 8.007569545840845 ], [ -76.223296340610872, 8.007413148868679 ], [ -76.223471000190401, 8.007361316230263 ], [ -76.223477485820069, 8.007361325143391 ], [ -76.223610633687088, 8.007361603916115 ], [ -76.2237331019885, 8.007222669614583 ], [ -76.223768298007926, 8.007083556792125 ], [ -76.223890729057146, 8.00696201486323 ], [ -76.22403061471536, 8.006840518019457 ], [ -76.224205273861585, 8.006788685202027 ], [ -76.224327598032275, 8.006719343762228 ], [ -76.224422110373496, 8.006625523634426 ], [ -76.224423788786709, 8.006610746809745 ], [ -76.224448860718937, 8.00650549986343 ], [ -76.224511069698423, 8.006468471764729 ], [ -76.224575469535367, 8.006441117795667 ], [ -76.224641676149744, 8.006412991624318 ], [ -76.224716496381873, 8.006289275893401 ], [ -76.224704351316291, 8.006152983833241 ], [ -76.224704575681329, 8.006047691832549 ], [ -76.224729827002065, 8.005855739792395 ], [ -76.224744532793366, 8.005768900270406 ], [ -76.224754989062731, 8.005707140764452 ], [ -76.224811088994016, 8.005620543074427 ], [ -76.224811286722328, 8.005527638696577 ], [ -76.224867224702606, 8.005521566736254 ], [ -76.224867081207776, 8.005589694971652 ], [ -76.224860567658723, 8.005732132409712 ], [ -76.224854072531542, 8.005868387748084 ], [ -76.224853623631631, 8.006085160906657 ], [ -76.22485355156833, 8.0061187222119 ], [ -76.224853445210456, 8.00617187503987 ], [ -76.224846967657797, 8.006295734705683 ], [ -76.224852797883571, 8.006481559801959 ], [ -76.224927025931891, 8.006642753552395 ], [ -76.224949376305261, 8.006692539420518 ], [ -76.224969075936286, 8.006736411634703 ], [ -76.224982693709705, 8.006766739618332 ], [ -76.225028417687042, 8.006807694018864 ], [ -76.225100534624659, 8.006872283373925 ], [ -76.225423291270602, 8.007040178283011 ], [ -76.225634314122232, 8.007158297138098 ], [ -76.225714820574353, 8.007288526265214 ], [ -76.22573267098619, 8.007324315435953 ], [ -76.225770508139703, 8.007400132677786 ], [ -76.225795202163553, 8.007414748275103 ], [ -76.22580971911448, 8.007435742023182 ], [ -76.225949137660152, 8.007540422592077 ], [ -76.226106082089075, 8.00761033814201 ], [ -76.22619313774976, 8.007714901663004 ], [ -76.226192851077542, 8.007854096228588 ], [ -76.226111337541326, 8.007807438108125 ], [ -76.226092832171446, 8.007778611279214 ], [ -76.225943954282812, 8.007660626277735 ], [ -76.225838456033244, 8.007592273208292 ], [ -76.225677109590222, 8.007492848365155 ], [ -76.225528213568111, 8.007381052446899 ], [ -76.225366840559118, 8.007294005990095 ], [ -76.225230234238893, 8.007250366413555 ], [ -76.225044129693359, 8.007101335040819 ], [ -76.224920118118192, 8.006977197020563 ], [ -76.224752464618618, 8.006921115452895 ], [ -76.224535001026524, 8.006914467095529 ], [ -76.224483410944927, 8.006963245701861 ], [ -76.22440426000891, 8.007038076364843 ], [ -76.224240973310316, 8.007142226052014 ], [ -76.224230041277437, 8.007149197373161 ], [ -76.224093030260391, 8.007297562713807 ], [ -76.223999586932024, 8.007415054240843 ], [ -76.22386865702147, 8.007625366912276 ], [ -76.223725240608005, 8.007866628339746 ], [ -76.223569563143542, 8.00802734457349 ], [ -76.223432220246593, 8.008336742637251 ], [ -76.223426793575626, 8.008499015115197 ], [ -76.223425589720605, 8.008534929076813 ], [ -76.223369410163485, 8.008658689725335 ], [ -76.223186073336365, 8.008796393413965 ], [ -76.223171231935524, 8.008822157147739 ], [ -76.223170936147213, 8.008961342239081 ], [ -76.223275481761476, 8.009048550250643 ], [ -76.223415008323016, 8.00910103926009 ], [ -76.223537043966658, 8.009170882725591 ], [ -76.223693989087892, 8.009240799106671 ], [ -76.223833514808547, 8.009293287029989 ], [ -76.223972861630457, 8.00943276015162 ], [ -76.224077290930381, 8.009572160329594 ], [ -76.224199254578807, 8.009676805368141 ], [ -76.224303730096906, 8.00979880487164 ], [ -76.224397442300429, 8.009857465195502 ], [ -76.224443183786363, 8.009886085308638 ], [ -76.224565147610988, 8.009990730163011 ], [ -76.224647191110279, 8.010096327067174 ], [ -76.2246870050068, 8.010147567333707 ], [ -76.224773989154897, 8.010286941056679 ], [ -76.224878499272933, 8.010391540726744 ], [ -76.224982928337596, 8.010530950394891 ], [ -76.225139728923125, 8.010670457854255 ], [ -76.225244275355038, 8.010757666826141 ], [ -76.225366274767978, 8.010844910798095 ], [ -76.225470821284773, 8.010932119674877 ], [ -76.225610167413663, 8.011071591803255 ], [ -76.225767003590235, 8.011193709245209 ], [ -76.225888968963602, 8.011298345273708 ], [ -76.226028530583605, 8.011333433419203 ], [ -76.226168165101143, 8.011333720600993 ], [ -76.226307798693568, 8.011334007742374 ], [ -76.226464753017325, 8.011403924285235 ], [ -76.226604314648441, 8.011439012201201 ], [ -76.22674394913156, 8.011439300076423 ], [ -76.226883618643015, 8.011422186570019 ], [ -76.227023253082706, 8.011422474352582 ], [ -76.227197652238814, 8.011492425579753 ], [ -76.227302126395287, 8.011614434636028 ], [ -76.227371655999221, 8.011753764266381 ], [ -76.227371368384397, 8.011892948727741 ], [ -76.227371080795436, 8.012032134091879 ], [ -76.227423155822009, 8.012171435075132 ], [ -76.227510103583413, 8.012328199976093 ], [ -76.227529974729165, 8.012363037028329 ], [ -76.227632211573621, 8.012363244328899 ], [ -76.227771846227142, 8.012363530825862 ], [ -76.227911623647316, 8.01229422644464 ], [ -76.227999048241273, 8.012221912421289 ], [ -76.228016538227564, 8.012207449033985 ], [ -76.228156172783045, 8.012207736324918 ], [ -76.228243227603855, 8.012312308754874 ], [ -76.228260395148396, 8.012451529783188 ], [ -76.22827756181691, 8.012590750812457 ], [ -76.228382071574231, 8.012695359848241 ], [ -76.22852163360281, 8.012730447774489 ], [ -76.22866134000239, 8.012695934912212 ], [ -76.228783412042901, 8.012750310083298 ], [ -76.228818285023465, 8.012765851166723 ], [ -76.228905341047337, 8.012870424235979 ], [ -76.22895350838742, 8.012954838139814 ], [ -76.228974906406165, 8.01299235198827 ], [ -76.229079352824385, 8.013131752434088 ], [ -76.229236478247586, 8.01311468360662 ], [ -76.229236746653243, 8.012982012167132 ], [ -76.229236764996713, 8.012975491271501 ], [ -76.229341670206495, 8.012888712734931 ], [ -76.229370245521224, 8.012881660756511 ], [ -76.229481375639125, 8.012854208641997 ], [ -76.229621090936448, 8.012819696301495 ], [ -76.229778180254328, 8.0128200186768 ], [ -76.229917813889443, 8.012820307099728 ], [ -76.230039777845718, 8.012924951234591 ], [ -76.230042598999447, 8.01293153569395 ], [ -76.230092068679397, 8.012959850978858 ], [ -76.23016159862388, 8.013099188702849 ], [ -76.230178765117799, 8.013238409388098 ], [ -76.230230841221044, 8.013377702339938 ], [ -76.230287048415491, 8.013479031957788 ], [ -76.230317797522929, 8.013534466956258 ], [ -76.230230302382211, 8.013638671916247 ], [ -76.230117733606036, 8.013574245191164 ], [ -76.230108265625546, 8.013568827812762 ], [ -76.230003792059506, 8.013446828127506 ], [ -76.229916735658335, 8.013342254550317 ], [ -76.229829716087309, 8.013220289577143 ], [ -76.229742695683328, 8.01309832637835 ], [ -76.229630514951609, 8.013098092835399 ], [ -76.229603052872676, 8.01309803890816 ], [ -76.22948069381134, 8.013184779977271 ], [ -76.229480657926018, 8.013204928898084 ], [ -76.229480406210371, 8.013323965057772 ], [ -76.229480118628118, 8.013463150137564 ], [ -76.229375141641142, 8.013584718701527 ], [ -76.2292355067719, 8.013584431108413 ], [ -76.229096043928152, 8.013497159598419 ], [ -76.228956409964724, 8.013496872794892 ], [ -76.22885150535717, 8.013583641380221 ], [ -76.22871186951123, 8.013583353616022 ], [ -76.228572227301797, 8.013583065854059 ], [ -76.228415246968993, 8.013530550922788 ], [ -76.228310701041551, 8.013443342399572 ], [ -76.228241243319005, 8.013269213247879 ], [ -76.228101752894915, 8.013199332589799 ], [ -76.227962118899185, 8.013199045407816 ], [ -76.227822474914419, 8.013198758256433 ], [ -76.227682840874081, 8.013198470075947 ], [ -76.227543206822119, 8.013198182751402 ], [ -76.227403572751413, 8.01319789537936 ], [ -76.227263893676593, 8.013215007557514 ], [ -76.227141858151683, 8.013145164120335 ], [ -76.227142153825653, 8.013005978667454 ], [ -76.22714244220316, 8.012866785139403 ], [ -76.227002987094764, 8.012779514392113 ], [ -76.226828543124412, 8.012726953854319 ], [ -76.226706220082093, 8.012796294745115 ], [ -76.226688477562249, 8.012935444352269 ], [ -76.226583500517179, 8.013057022412857 ], [ -76.226461168263754, 8.0131263633565 ], [ -76.226321749883425, 8.013021681964984 ], [ -76.226322036797058, 8.012882497375623 ], [ -76.226322333692636, 8.012743311803987 ], [ -76.226322620572518, 8.012604118178487 ], [ -76.226235601124131, 8.012482153766516 ], [ -76.226131090875782, 8.012377544854951 ], [ -76.226009234801467, 8.012220707685374 ], [ -76.225904832733619, 8.012063907242526 ], [ -76.22581784864532, 8.011924542196082 ], [ -76.225713446752621, 8.011767741643583 ], [ -76.225661406589907, 8.011611047877068 ], [ -76.225556968852942, 8.011471647687296 ], [ -76.225400095635834, 8.011366930653841 ], [ -76.225225768627226, 8.011262179395956 ], [ -76.22508613490632, 8.011261890973547 ], [ -76.224963811707866, 8.011331232196792 ], [ -76.22484141636231, 8.011435374344069 ], [ -76.224701781552781, 8.011435076786851 ], [ -76.224562031374504, 8.01148699060734 ], [ -76.224474507516703, 8.011608596070133 ], [ -76.224369494543041, 8.011747565135932 ], [ -76.224177380562409, 8.011799361959703 ], [ -76.224037746530627, 8.011799075060695 ], [ -76.223933272955989, 8.011677065711302 ], [ -76.223793747270136, 8.011624586278915 ], [ -76.223654077073306, 8.011641689779463 ], [ -76.223636335231092, 8.011780847770886 ], [ -76.223601130331801, 8.011919960804649 ], [ -76.223478806552478, 8.011989301762236 ], [ -76.223339028711777, 8.012058597659051 ], [ -76.223268951096955, 8.012180248150512 ], [ -76.223286117904621, 8.012319469151299 ], [ -76.223408117723608, 8.012406712776192 ], [ -76.223303177284478, 8.012510881692231 ], [ -76.223163533820383, 8.012510593759876 ], [ -76.223041497870227, 8.012440749652512 ], [ -76.223014422664875, 8.012437696127083 ], [ -76.222989171198265, 8.012423242020013 ], [ -76.222884444717963, 8.012423026841839 ], [ -76.222849536792879, 8.012422954801592 ], [ -76.222727212680198, 8.012492295644362 ], [ -76.222657144717829, 8.012613937018298 ], [ -76.222569576642883, 8.012752942052979 ], [ -76.222569477994313, 8.012801657676992 ], [ -76.222551978999888, 8.012822498118563 ], [ -76.222551690792244, 8.012961683214856 ], [ -76.222551395352141, 8.013100868367168 ], [ -76.222551304684501, 8.013146681783001 ], [ -76.222551107245962, 8.013240061593317 ], [ -76.222515911076343, 8.013379174651256 ], [ -76.222358705679142, 8.013431043942647 ], [ -76.222289140758491, 8.013309107098529 ], [ -76.222289437166282, 8.01316992190503 ], [ -76.222289724528821, 8.01303073678173 ], [ -76.22223772130117, 8.012856643425163 ], [ -76.222133175403727, 8.012769434551021 ], [ -76.222011183731624, 8.01268219132373 ], [ -76.221906674072343, 8.012577581833943 ], [ -76.221802163567403, 8.012472973206487 ], [ -76.2216628166628, 8.01233350128353 ], [ -76.221523146835011, 8.012350613218684 ], [ -76.221418125151288, 8.012489573925228 ], [ -76.22129565762819, 8.012628506616901 ], [ -76.221190708321501, 8.012732685230755 ], [ -76.221051038216146, 8.012749788935803 ], [ -76.220911368151576, 8.012766901632801 ], [ -76.220771733277644, 8.012766604719767 ], [ -76.220632090305642, 8.01276631776126 ], [ -76.220492491683174, 8.012748630147245 ], [ -76.220370455793457, 8.012678785998339 ], [ -76.220300899714672, 8.0125568493679 ], [ -76.220232977897822, 8.012496418880522 ], [ -76.220144099064782, 8.01241733970584 ], [ -76.219986937735399, 8.012451809255156 ], [ -76.219864605546462, 8.012521150402042 ], [ -76.219830882876096, 8.012549042278959 ], [ -76.219802002412749, 8.012541784041565 ], [ -76.219793332631824, 8.012535271363751 ], [ -76.219682139889912, 8.01258250535958 ], [ -76.219545497184839, 8.012582217144047 ], [ -76.219408845405027, 8.012581929857332 ], [ -76.219252709272055, 8.01256214922995 ], [ -76.219116066517259, 8.012561860868875 ], [ -76.218959974942138, 8.012522623039915 ], [ -76.218829656628046, 8.012522352922238 ], [ -76.218823324004461, 8.012522334639943 ], [ -76.218686672227733, 8.012522057043308 ], [ -76.218627823154534, 8.012658143005 ], [ -76.218627617062069, 8.012757919360325 ], [ -76.21862753557501, 8.012794354173534 ], [ -76.218627247949428, 8.01293055721008 ], [ -76.218470797539339, 8.013066445363968 ], [ -76.218373671842329, 8.013098488284948 ], [ -76.218294979163247, 8.013124458163976 ], [ -76.218138682409929, 8.013182507226547 ], [ -76.218085223388442, 8.01324441866582 ], [ -76.21802127155496, 8.013318476098449 ], [ -76.217933442616143, 8.013405657810255 ], [ -76.217923463402826, 8.013415566249579 ], [ -76.217825609689484, 8.013532114408232 ], [ -76.217708640332205, 8.013454032013351 ], [ -76.21770892813133, 8.0133178207277 ], [ -76.217708971990035, 8.013296306276395 ], [ -76.21770921504195, 8.013181609448432 ], [ -76.217572643916199, 8.013142405672419 ], [ -76.217435991767147, 8.013142127741753 ], [ -76.217299341341999, 8.01314184071661 ], [ -76.217162698143042, 8.013141552685845 ], [ -76.217006525970888, 8.013141230101382 ], [ -76.216869873669594, 8.013140942043906 ], [ -76.216733222263912, 8.013140654837322 ], [ -76.216596445034313, 8.013198748836365 ], [ -76.216459515311868, 8.013334672918761 ], [ -76.216400666266708, 8.01347075888984 ], [ -76.216400378957459, 8.013606970339234 ], [ -76.216380570749706, 8.013743137259365 ], [ -76.216321677059923, 8.013898689415475 ], [ -76.216223869165091, 8.013995779367516 ], [ -76.216087136174977, 8.01403440716769 ], [ -76.215950484359993, 8.014034118915374 ], [ -76.215892533535097, 8.01403400218549 ], [ -76.215813832541315, 8.014033832424532 ], [ -76.215677136060705, 8.014053011161582 ], [ -76.215618286694891, 8.014189096257143 ], [ -76.215598480073126, 8.01432526323644 ], [ -76.215598191702469, 8.014461474793633 ], [ -76.215636864902436, 8.014636682434675 ], [ -76.215792757746044, 8.014773216780233 ], [ -76.21589015367033, 8.014870719609673 ], [ -76.216026688070428, 8.01492937995212 ], [ -76.216143613156987, 8.015026919010184 ], [ -76.216145121634625, 8.015030971342453 ], [ -76.21620185139443, 8.015182704833549 ], [ -76.216065072544069, 8.015240798958272 ], [ -76.215928422142014, 8.015240511747523 ], [ -76.215791769902168, 8.015240223601937 ], [ -76.215655117729639, 8.015239946252636 ], [ -76.215518467266847, 8.01523965800186 ], [ -76.215381814980461, 8.015239370623201 ], [ -76.21524517174025, 8.015239083128256 ], [ -76.215136278210011, 8.015269851308759 ], [ -76.215108440042286, 8.015277719822668 ], [ -76.21499114707467, 8.015355307167503 ], [ -76.214912732594996, 8.01551080580848 ], [ -76.214912445058232, 8.015647017442266 ], [ -76.214912112827861, 8.015802686230437 ], [ -76.214989952280973, 8.015919601779389 ], [ -76.215106875802007, 8.016017141128497 ], [ -76.215223801187776, 8.016114680407705 ], [ -76.215301604274899, 8.016251052921135 ], [ -76.215379398376356, 8.016387427276271 ], [ -76.215460632598422, 8.016455187131816 ], [ -76.215496323031218, 8.016484966415915 ], [ -76.215476479134978, 8.016640589620472 ], [ -76.215339747065784, 8.01667922566295 ], [ -76.215203211995529, 8.016620566192136 ], [ -76.215066685942915, 8.016561897554718 ], [ -76.215009427038055, 8.01653730218489 ], [ -76.214696597549931, 8.016171957418031 ], [ -76.214345375025161, 8.01609338085342 ] ], [ [ -76.249717230687395, 7.950861479767785 ], [ -76.25010983877722, 7.950797061621438 ], [ -76.250404522867854, 7.950634629285746 ], [ -76.250699205675275, 7.950472185998652 ], [ -76.250896035706404, 7.950179128754937 ], [ -76.251125905931985, 7.94972310782763 ], [ -76.251323131284238, 7.949234407023899 ], [ -76.251454805789848, 7.948810797140267 ], [ -76.251618928331268, 7.94851766825044 ], [ -76.251717572241446, 7.94825702200521 ], [ -76.251783777815078, 7.947865876724678 ], [ -76.251849849354741, 7.947539951424855 ], [ -76.251981264183712, 7.947246758099439 ], [ -76.252112552089741, 7.947018783775421 ], [ -76.252243894684469, 7.946758201407308 ], [ -76.252310100966838, 7.946367056310744 ], [ -76.252375974261852, 7.946138946567431 ], [ -76.252572866721167, 7.945813280760807 ], [ -76.252900185877621, 7.945683510330277 ], [ -76.253129453775031, 7.945520941556546 ], [ -76.253424335170692, 7.945260681962456 ], [ -76.253555749591953, 7.944967498787179 ], [ -76.253588844117473, 7.944771927392462 ], [ -76.253654716725279, 7.944543817819861 ], [ -76.253851079790024, 7.944478995207982 ], [ -76.254047648704088, 7.944316355414788 ], [ -76.254113387966157, 7.944153454859818 ], [ -76.254113710699116, 7.943990428013419 ], [ -76.254245261163589, 7.943632027851139 ], [ -76.254278488593854, 7.943371246708766 ], [ -76.254344425584691, 7.943110529183389 ], [ -76.254344884179659, 7.942882285263786 ], [ -76.254344673965605, 7.942881945384854 ], [ -76.254344676927872, 7.942880596425664 ], [ -76.254179036961318, 7.942611675721918 ], [ -76.254046076745155, 7.942451947071032 ], [ -76.253886455647745, 7.942292163315916 ], [ -76.253700108679411, 7.942158925089442 ], [ -76.253540325760639, 7.942078876022649 ], [ -76.253407203864413, 7.941998881024666 ], [ -76.253247513528535, 7.941865690345929 ], [ -76.253221467394567, 7.941681271454 ], [ -76.253461686853242, 7.941522297648456 ], [ -76.253675270538466, 7.941363269425495 ], [ -76.253809093187598, 7.941097772089927 ], [ -76.254049338241472, 7.940938788928732 ], [ -76.25431638888476, 7.940700142264632 ], [ -76.254396787835674, 7.940487681786811 ], [ -76.254423980126518, 7.94022196877889 ], [ -76.254504541199012, 7.939929791550499 ], [ -76.254638363122098, 7.939664295239142 ], [ -76.254745585686706, 7.939372163164565 ], [ -76.254879408286925, 7.939106665994802 ], [ -76.254880100102454, 7.938761173180856 ], [ -76.254879863274908, 7.938760905790426 ], [ -76.254879865671441, 7.938759484555658 ], [ -76.25466709982949, 7.938519868224753 ], [ -76.254480861674921, 7.938333450289788 ], [ -76.254267879719649, 7.938200149150708 ], [ -76.253921381986245, 7.938172867032041 ], [ -76.253681460065238, 7.938172391423939 ], [ -76.253441384685544, 7.938251639707204 ], [ -76.253201203202934, 7.938384070110428 ], [ -76.253014244574814, 7.938569707128044 ], [ -76.252827423140758, 7.938675644572342 ], [ -76.252720567715329, 7.938781753989867 ], [ -76.252586971335845, 7.938940944180995 ], [ -76.252533179402974, 7.939180030561908 ], [ -76.252426325249772, 7.939286094798007 ], [ -76.252319200691659, 7.939525073623613 ], [ -76.252212490239486, 7.939578038417792 ], [ -76.251972523229085, 7.939604107593261 ], [ -76.251705983881877, 7.939577023279492 ], [ -76.251599650039026, 7.939443901803838 ], [ -76.251466601335522, 7.939310763390409 ], [ -76.251306763575244, 7.939257303565276 ], [ -76.251146818392385, 7.939256980822678 ], [ -76.250960085722369, 7.939336329449303 ], [ -76.250879892825182, 7.93944245596825 ], [ -76.25074631388911, 7.939575091625034 ], [ -76.250612931917047, 7.939627966548708 ], [ -76.250506292865126, 7.939627750720197 ], [ -76.250319659199207, 7.939653963842622 ], [ -76.250212966237257, 7.939680303445442 ], [ -76.249999553169701, 7.939759605648351 ], [ -76.249946004744146, 7.939865813778061 ], [ -76.249945627026662, 7.940051864085701 ], [ -76.249945853529908, 7.940052547175695 ], [ -76.249945852237218, 7.940053534723221 ], [ -76.249998842800267, 7.940213102282649 ], [ -76.250025054012426, 7.940318515908162 ], [ -76.250024840627361, 7.940424081072479 ], [ -76.249918021977663, 7.940530189936836 ], [ -76.249837784019633, 7.940662898093231 ], [ -76.249757591745393, 7.940769051706736 ], [ -76.249597592749723, 7.940795283211126 ], [ -76.249410985691966, 7.940794904703486 ], [ -76.24925098696599, 7.940821181259858 ], [ -76.249144122593052, 7.940927281364728 ], [ -76.249143746227745, 7.941113294754211 ], [ -76.249143982031384, 7.941114123237546 ], [ -76.249143979742726, 7.941114984301974 ], [ -76.249196916642916, 7.941301132852703 ], [ -76.249303115557765, 7.94151395304712 ], [ -76.249489445403285, 7.941647217561924 ], [ -76.249782574178781, 7.941700955345819 ], [ -76.250022432739826, 7.941728012381907 ], [ -76.250181629588766, 7.941887360717087 ], [ -76.250154881315225, 7.942045494585841 ], [ -76.249968049261653, 7.942151432626678 ], [ -76.249754690394582, 7.942204146275315 ], [ -76.24956780461261, 7.942336683993027 ], [ -76.249380919237183, 7.942469175590926 ], [ -76.249167516404341, 7.942548479718382 ], [ -76.248954372073101, 7.942494904087751 ], [ -76.24871450373152, 7.94246783762259 ], [ -76.248581085940685, 7.942520703603877 ], [ -76.248527565168942, 7.94262692064556 ], [ -76.248420548126674, 7.942812755150363 ], [ -76.248420743524662, 7.942814437769172 ], [ -76.248446722918544, 7.943078605894395 ], [ -76.248446896233915, 7.943080246220695 ], [ -76.248606409947385, 7.943293182718333 ], [ -76.248819400039707, 7.943426492696619 ], [ -76.249112368376032, 7.943559964827637 ], [ -76.24929886668285, 7.943613494689232 ], [ -76.249565442264966, 7.943614034141081 ], [ -76.249965309066425, 7.943614834385715 ], [ -76.250258536572829, 7.943615426891897 ], [ -76.250578436027894, 7.943616073400801 ], [ -76.250791534602797, 7.94369623040698 ], [ -76.250844469766406, 7.943775736127658 ], [ -76.2508440949278, 7.943960398439596 ], [ -76.25076375021159, 7.944146285635782 ], [ -76.250576917692413, 7.944252224263074 ], [ -76.250443482744799, 7.9443316886487 ], [ -76.250309983952135, 7.944437699552119 ], [ -76.250256112240848, 7.944703367400406 ], [ -76.250256547873548, 7.944704021747071 ], [ -76.250256336769965, 7.944705065146651 ], [ -76.250415795806759, 7.944944573887422 ], [ -76.250522211111246, 7.945051087122343 ], [ -76.250601548253172, 7.945263301572762 ], [ -76.250601119193789, 7.945474777815337 ], [ -76.250600796145434, 7.945634229110635 ], [ -76.250573854782189, 7.945767088833318 ], [ -76.250466713080726, 7.946032612582817 ], [ -76.250333070823075, 7.946191803641345 ], [ -76.250172856176931, 7.946324385577267 ], [ -76.250065822302759, 7.946536774881036 ], [ -76.249958743033076, 7.946749163650999 ], [ -76.249958919557017, 7.946750864483582 ], [ -76.249984800886082, 7.947068124852237 ], [ -76.249984863528596, 7.947068483959177 ], [ -76.249984972879673, 7.947069825720161 ], [ -76.250064358343266, 7.947362326692519 ], [ -76.250197155794837, 7.947601790849734 ], [ -76.250303417031532, 7.947788038072703 ], [ -76.250383071303546, 7.94794765114395 ], [ -76.250435901177539, 7.948186953272232 ], [ -76.250488784516577, 7.948399664643933 ], [ -76.250515176926328, 7.948532607394591 ], [ -76.250594344407844, 7.94882434081064 ], [ -76.250594021855562, 7.948982868699464 ], [ -76.250513667898304, 7.949168758127945 ], [ -76.250406705687197, 7.949328001786052 ], [ -76.250326567141613, 7.949407575298452 ], [ -76.250166405624242, 7.949513530844424 ], [ -76.249952992742607, 7.949592835013681 ], [ -76.249712909934487, 7.949672075040139 ], [ -76.249499542301834, 7.949724823595047 ], [ -76.249312764362799, 7.949804181033815 ], [ -76.249099405318546, 7.94985689412485 ], [ -76.249019212873065, 7.949963048347175 ], [ -76.248832326567324, 7.950095541108264 ], [ -76.248778697578345, 7.950254893078371 ], [ -76.248751864530831, 7.950334573277658 ], [ -76.24872487081204, 7.95049397066755 ], [ -76.248671295274093, 7.950626741829233 ], [ -76.248671667199716, 7.950628051720602 ], [ -76.248671510740692, 7.950628438744746 ], [ -76.248724447705911, 7.950814587802771 ], [ -76.248830817762524, 7.950947682691052 ], [ -76.249128321718317, 7.950958112226033 ], [ -76.249717230687395, 7.950861479767785 ] ], [ [ -76.282251594797913, 7.877509127795678 ], [ -76.282675521329409, 7.877340486433041 ], [ -76.283084036245171, 7.87712654022938 ], [ -76.283524815211393, 7.877275502352442 ], [ -76.283965513992072, 7.877409338396064 ], [ -76.284374107219662, 7.877210517565317 ], [ -76.284053659636129, 7.876864255315563 ], [ -76.283839094007533, 7.876456919109216 ], [ -76.283428418109835, 7.876262414038601 ], [ -76.28297302956409, 7.876219425280801 ], [ -76.282517640003334, 7.876176435995124 ], [ -76.282062090718767, 7.876103190623296 ], [ -76.281666427722499, 7.875878346836724 ], [ -76.281211198555056, 7.875865612391448 ], [ -76.280756048510355, 7.875868004786258 ], [ -76.280773619666036, 7.8763217631261 ], [ -76.281033539240596, 7.876698604772129 ], [ -76.281157232253562, 7.87713667734744 ], [ -76.281341613790815, 7.877574427855596 ], [ -76.281354639056715, 7.877599156285939 ], [ -76.281781512233849, 7.877556985881601 ], [ -76.282251594797913, 7.877509127795678 ] ], [ [ -76.256887731077398, 7.964431551837401 ], [ -76.257367086973048, 7.964381218878125 ], [ -76.257846948914093, 7.964426508222613 ], [ -76.258036261518114, 7.963947377298559 ], [ -76.257746473566584, 7.963566393153831 ], [ -76.257888077748831, 7.963135326147807 ], [ -76.258077645271101, 7.962704007727179 ], [ -76.257644987890487, 7.962515027658849 ], [ -76.257407459948524, 7.962946599228476 ], [ -76.257457949004646, 7.96342446935358 ], [ -76.257172209377941, 7.963808480138784 ], [ -76.256692600067382, 7.963811001158691 ], [ -76.256212740269191, 7.963765710118296 ], [ -76.255733129645165, 7.963768230014701 ], [ -76.25573565809448, 7.964246352321972 ], [ -76.255929777244077, 7.964675655237636 ], [ -76.256075934910626, 7.965105209242248 ], [ -76.25636597562746, 7.965534007105658 ], [ -76.256404417969591, 7.965584546046515 ], [ -76.256508594539184, 7.96529419013168 ], [ -76.256601988626798, 7.964815562724106 ], [ -76.256887731077398, 7.964431551837401 ] ], [ [ -76.294494542891982, 7.827956939812901 ], [ -76.294301756732295, 7.827766703389893 ], [ -76.29387202956849, 7.828103651294642 ], [ -76.293731231356674, 7.828678142904018 ], [ -76.293590178630751, 7.829204824652504 ], [ -76.293604107051237, 7.829397840986868 ], [ -76.294120090802025, 7.829680166081752 ], [ -76.294935395246796, 7.829723689979486 ], [ -76.295414078110824, 7.82957773439502 ], [ -76.295507940538613, 7.829194739277386 ], [ -76.295410030814637, 7.828812752713278 ], [ -76.295120847714486, 7.828527397828174 ], [ -76.294494542891982, 7.827956939812901 ] ], [ [ -76.250025233831551, 7.972787167614513 ], [ -76.249831113379585, 7.972357862021576 ], [ -76.249398447042694, 7.972168875034108 ], [ -76.249256830763102, 7.972599942026352 ], [ -76.248778217594349, 7.97279370618464 ], [ -76.248492462630225, 7.973177715820203 ], [ -76.24815849309465, 7.973514162630719 ], [ -76.247968913810638, 7.97394548069616 ], [ -76.247958744659428, 7.973966025041113 ], [ -76.248112547988427, 7.973896913669845 ], [ -76.248591918766238, 7.973846587847873 ], [ -76.249071035661942, 7.973748447914749 ], [ -76.249501435300544, 7.973507121319467 ], [ -76.249931831604599, 7.9732657963048 ], [ -76.250025233831551, 7.972787167614513 ] ], [ [ -76.25173974559884, 7.970483112189529 ], [ -76.251449955539798, 7.970102123228678 ], [ -76.251067777110336, 7.970391010689521 ], [ -76.250926162673551, 7.970822077334503 ], [ -76.251112022115393, 7.971233114040021 ], [ -76.251407799602276, 7.971202059643989 ], [ -76.251838193911937, 7.970960732220497 ], [ -76.25173974559884, 7.970483112189529 ] ] ] } }
]
}
