{
"type": "FeatureCollection",
"name": "subcuencas",
"crs": { "type": "name", "properties": { "name": "urn:ogc:def:crs:OGC:1.3:CRS84" } },
"features": [
{ "type": "Feature", "properties": { "FID_Cuenca": 0, "CODIGO": null, "AH": "1", "ZH": "13", "SZH": "1302", "COD_POMCA": "Quebrada Belen", "POMCA": "1003-00-23", "NOM_NSS": "Quebrada Belen", "COD_NSS": null, "NOMENCLAT": "Subcuenca Quebrada Belen", "IND_COMPAC": 1.35, "FORM_IND_C": 1002.0, "IND_SIN": 1.58, "TIPO_DRENA": 1013.0, "DEN_CORRIE": 0.0, "DEN_DREN": 3.44, "TIEM_CONC": 111.33500059399999, "MET_T_CONC": "Metodologia Temez: Tc=0.3(L/(S^0.25))^0.75; Donde: L es la Longitud del cauce (km) y S es el porcentaje de pendiente del cauce.", "CAUD_MED": 6.22, "T_CORRIEN": "PERMANENTE", "TIPO_FUEN": 2211.0, "Q_TOTAL": 6.22, "Q_MAX": 32.54, "Q_MIN": 2.2, "Q_AMBIENTA": 1.38, "Q_DISPONIB": 3.28, "REND_HID": 86.62, "ESCORR": 471.62, "AREA_ha_": 7180.9569457099997, "OBSERV_": null, "SHAPE_Leng": 40905.349154000003, "SHAPE_Area": 71809569.457100004 }, "geometry": { "type": "Polygon", "coordinates": [ [ [ -76.131962247936244, 8.062318491120864 ], [ -76.125396056142506, 8.058663029763549 ], [ -76.125218763318188, 8.056799040077824 ], [ -76.125788100369661, 8.055529037874964 ], [ -76.123923984277127, 8.05214331201317 ], [ -76.124568865059189, 8.04680845931418 ], [ -76.116781697596323, 8.045235766906607 ], [ -76.114374609492998, 8.045976934396826 ], [ -76.112475678002454, 8.044422712855896 ], [ -76.110227694683232, 8.043879161060204 ], [ -76.10969594347668, 8.041146615260748 ], [ -76.107488166988674, 8.040966260397083 ], [ -76.105600247161121, 8.039502793416888 ], [ -76.104255160493068, 8.039146014889901 ], [ -76.102764528520964, 8.033142640744728 ], [ -76.101207960473218, 8.031249537493045 ], [ -76.090052625033124, 8.023701154047318 ], [ -76.08938400161847, 8.019436628403259 ], [ -76.088618741795045, 8.017467854805238 ], [ -76.087426319669774, 8.016433622105909 ], [ -76.084615196413395, 8.015479000804236 ], [ -76.082293568639713, 8.011616992852499 ], [ -76.079233261570906, 8.011201495321261 ], [ -76.078334840184837, 8.011421041376609 ], [ -76.076148876010009, 8.013224850283619 ], [ -76.075429293170259, 8.013228338968029 ], [ -76.07261208749901, 8.011018405748914 ], [ -76.071234238826307, 8.008837353280267 ], [ -76.070981033007712, 8.007679908776449 ], [ -76.072984421741239, 8.002526584302446 ], [ -76.076102194153663, 7.999112778966627 ], [ -76.075897062925421, 7.996574988244325 ], [ -76.076455019720441, 7.99538906206038 ], [ -76.078371887444163, 7.993630442254653 ], [ -76.078693733922549, 7.99175174446579 ], [ -76.079889411586464, 7.990535801421821 ], [ -76.082037578223648, 7.989968360721702 ], [ -76.084236409915562, 7.98670152545763 ], [ -76.085932499302928, 7.975113325892615 ], [ -76.089414185181695, 7.961595489073444 ], [ -76.090115165193708, 7.955343402488726 ], [ -76.090011983864471, 7.951869914349782 ], [ -76.091518463641592, 7.946616891686584 ], [ -76.092085411560603, 7.946076185944814 ], [ -76.09526830076112, 7.946734069844555 ], [ -76.096738990614838, 7.948251762017632 ], [ -76.097014528290629, 7.950025659788574 ], [ -76.100394054277658, 7.951540593285488 ], [ -76.102431005749949, 7.951836910825794 ], [ -76.10609128088312, 7.953344450352393 ], [ -76.108155539579613, 7.952568192318094 ], [ -76.109218303120983, 7.952684495877542 ], [ -76.112286975637716, 7.958291779378172 ], [ -76.115203271634499, 7.961060363949298 ], [ -76.124117831678078, 7.962267479613637 ], [ -76.130758916325874, 7.965224749915755 ], [ -76.1313082460684, 7.969585763532783 ], [ -76.133975882435294, 7.97312233263303 ], [ -76.134577247958305, 7.975812029248387 ], [ -76.135308471026221, 7.976859413393608 ], [ -76.138146485178325, 7.97880920704926 ], [ -76.137535398940656, 7.98072828103293 ], [ -76.138315116770471, 7.981255168164447 ], [ -76.143291492143746, 7.982155610359076 ], [ -76.144162100787341, 7.983585770754623 ], [ -76.146703873246736, 7.985387712629254 ], [ -76.146822738818273, 7.989844842286049 ], [ -76.148082573193122, 7.991474465047353 ], [ -76.147540859708471, 7.99238473708894 ], [ -76.148463184091611, 7.993229824986975 ], [ -76.149687142428476, 7.993379092065309 ], [ -76.15031603307682, 7.994427905238136 ], [ -76.152322476979819, 7.995167956633743 ], [ -76.152872073317994, 7.996286204663991 ], [ -76.154297548244983, 7.996799126999569 ], [ -76.155696077161664, 7.998282982162603 ], [ -76.158173596872302, 7.997792340080576 ], [ -76.16132869352802, 7.995653382042912 ], [ -76.164032643782107, 7.994702531390025 ], [ -76.166879746288316, 7.994922440877843 ], [ -76.169044047665423, 7.996044730619595 ], [ -76.169409297186249, 7.9973611157983 ], [ -76.169055634374473, 7.998558311004722 ], [ -76.16790114020958, 8.000158030402474 ], [ -76.167382648803795, 8.000074586627424 ], [ -76.167312285044616, 8.00208131112722 ], [ -76.165811981241305, 8.005130018874272 ], [ -76.165513167247155, 8.006738156847236 ], [ -76.162935848663693, 8.009775577931164 ], [ -76.162641213090438, 8.010793165480921 ], [ -76.163439262754821, 8.012783067837944 ], [ -76.163259513280437, 8.017283490964472 ], [ -76.155618520935818, 8.031609679180136 ], [ -76.155950901527177, 8.034706507282133 ], [ -76.155136102448182, 8.034854075322812 ], [ -76.154803944027591, 8.035573001934203 ], [ -76.155094810580792, 8.036167419403514 ], [ -76.154483096983526, 8.038515338351603 ], [ -76.155787126260677, 8.040230137782681 ], [ -76.155945292806322, 8.043026600349998 ], [ -76.153216548146816, 8.042281313986926 ], [ -76.1505268574779, 8.044028251193298 ], [ -76.144747914280799, 8.045611430880097 ], [ -76.143557651104615, 8.047410553084841 ], [ -76.141885364253923, 8.04876381709755 ], [ -76.139984716685419, 8.052276857971192 ], [ -76.140252759519456, 8.053101547773299 ], [ -76.141379150292963, 8.053841824084939 ], [ -76.141868641024701, 8.055761598423247 ], [ -76.140782534336523, 8.060369438433989 ], [ -76.139946591859612, 8.061090899997735 ], [ -76.138268948569703, 8.061398195396077 ], [ -76.13349710427525, 8.060585367723045 ], [ -76.132767916591334, 8.060909514401489 ], [ -76.131962247936244, 8.062318491120864 ] ] ] } },
{ "type": "Feature", "properties": { "FID_Cuenca": 0, "CODIGO": null, "AH": "1", "ZH": "13", "SZH": "1302", "COD_POMCA": "Quebrada Peñas Blancas", "POMCA": "1003-00-24", "NOM_NSS": "Quebrada Peñas Blancas", "COD_NSS": null, "NOMENCLAT": "Subcuenca Quebrada Peñas Blancas", "IND_COMPAC": 1.43, "FORM_IND_C": 1002.0, "IND_SIN": 2.2, "TIPO_DRENA": 1015.0, "DEN_CORRIE": 0.0, "DEN_DREN": 2.71, "TIEM_CONC": 152.596506756, "MET_T_CONC": "Metodologia Temez: Tc=0.3(L/(S^0.25))^0.75; Donde: L es la Longitud del cauce (km) y S es el porcentaje de pendiente del cauce.", "CAUD_MED": 1.84, "T_CORRIEN": "PERMANENTE", "TIPO_FUEN": 2211.0, "Q_TOTAL": 1.84, "Q_MAX": 13.94, "Q_MIN": 0.0, "Q_AMBIENTA": 0.38, "Q_DISPONIB": 1.0, "REND_HID": 36.16, "ESCORR": 510.77, "AREA_ha_": 5088.0907324099999, "OBSERV_": null, "SHAPE_Leng": 36495.186577599998, "SHAPE_Area": 50880907.324100003 }, "geometry": { "type": "Polygon", "coordinates": [ [ [ -76.075026858734347, 8.089540441094268 ], [ -76.073580011299569, 8.088041225781835 ], [ -76.066409136368762, 8.08732305774166 ], [ -76.064425814381963, 8.086495876666625 ], [ -76.06242869363426, 8.083459113178174 ], [ -76.060127014213222, 8.083757200615826 ], [ -76.057574958787797, 8.08264901006515 ], [ -76.05718330098307, 8.081048963855384 ], [ -76.058086188243649, 8.07925137123109 ], [ -76.05793723419805, 8.078223980706625 ], [ -76.055100571959684, 8.077042225862277 ], [ -76.054304243607078, 8.07608968998883 ], [ -76.055203344924465, 8.071540122127747 ], [ -76.056366883736459, 8.069734102848496 ], [ -76.054466454397655, 8.064567801590981 ], [ -76.05320381763093, 8.063916377157655 ], [ -76.053132962931116, 8.061675187266056 ], [ -76.050953917853889, 8.060135292269035 ], [ -76.052254481609083, 8.056243702222689 ], [ -76.051755295570729, 8.052241230135643 ], [ -76.053236917375926, 8.048587869492426 ], [ -76.053445527159795, 8.042131248914998 ], [ -76.054684054414736, 8.037821546095069 ], [ -76.055732527599076, 8.031420663826413 ], [ -76.054931824038277, 8.027060997156861 ], [ -76.056300383608388, 8.024842773298495 ], [ -76.057974265625816, 8.02375878857494 ], [ -76.060850089213858, 8.023206976172018 ], [ -76.062462821800167, 8.021884176114737 ], [ -76.063028380374192, 8.020256039785542 ], [ -76.064520504154871, 8.019292460973451 ], [ -76.064699209363269, 8.016575472295258 ], [ -76.066090261895468, 8.014560359229312 ], [ -76.065495001769946, 8.013042991393187 ], [ -76.065915127373813, 8.010562131517942 ], [ -76.070340750248491, 8.008648528213861 ], [ -76.070981033007712, 8.007679908776449 ], [ -76.07261208749901, 8.011018405748914 ], [ -76.075429293170259, 8.013228338968029 ], [ -76.076148876010009, 8.013224850283619 ], [ -76.078334840184837, 8.011421041376609 ], [ -76.079233261570906, 8.011201495321261 ], [ -76.082293568639713, 8.011616992852499 ], [ -76.084615196413395, 8.015479000804236 ], [ -76.087426319669774, 8.016433622105909 ], [ -76.088618741795045, 8.017467854805238 ], [ -76.08938400161847, 8.019436628403259 ], [ -76.090052625033124, 8.023701154047318 ], [ -76.101207960473218, 8.031249537493045 ], [ -76.102764528520964, 8.033142640744728 ], [ -76.104255160493068, 8.039146014889901 ], [ -76.105600247161121, 8.039502793416888 ], [ -76.107488166988674, 8.040966260397083 ], [ -76.10969594347668, 8.041146615260748 ], [ -76.110227694683232, 8.043879161060204 ], [ -76.112475678002454, 8.044422712855896 ], [ -76.114374609492998, 8.045976934396826 ], [ -76.116781697596323, 8.045235766906607 ], [ -76.124568865059189, 8.04680845931418 ], [ -76.123923984277127, 8.05214331201317 ], [ -76.125788100369661, 8.055529037874964 ], [ -76.125218763318188, 8.056799040077824 ], [ -76.125396056142506, 8.058663029763549 ], [ -76.131166414262282, 8.06221088271576 ], [ -76.129915146989546, 8.064955259358676 ], [ -76.131882713054281, 8.06979883152311 ], [ -76.136077421989228, 8.07386610983407 ], [ -76.139288547625128, 8.077914375687268 ], [ -76.141136797759771, 8.082622341335272 ], [ -76.141031776889321, 8.083465332844467 ], [ -76.136850732107064, 8.084221918813517 ], [ -76.134842170872702, 8.085523094040724 ], [ -76.132685297875355, 8.085964302609197 ], [ -76.129515777456874, 8.085406428870309 ], [ -76.125618068496422, 8.08316662090041 ], [ -76.12456873983713, 8.082024262804822 ], [ -76.122880651236017, 8.078374686862485 ], [ -76.125834056986932, 8.075749390910477 ], [ -76.125902626407324, 8.074123259814687 ], [ -76.121460715104064, 8.072404921986532 ], [ -76.120359901570495, 8.071033276768224 ], [ -76.117982417103846, 8.071485057185944 ], [ -76.115713741607763, 8.070673900085113 ], [ -76.115027271284191, 8.071557160950286 ], [ -76.115867838385142, 8.074613299625108 ], [ -76.114093882108932, 8.076783489973977 ], [ -76.111688012198314, 8.076267001709912 ], [ -76.110252065747915, 8.07695554279168 ], [ -76.108093205632017, 8.077002130473236 ], [ -76.107115903083283, 8.075859353726365 ], [ -76.101887680604094, 8.073769316973401 ], [ -76.101799382961303, 8.077714735499807 ], [ -76.09780034024638, 8.084004652950936 ], [ -76.09407833479527, 8.083305764930344 ], [ -76.089592661921131, 8.085838333271917 ], [ -76.08959784879697, 8.08688433318844 ], [ -76.088282237869947, 8.087667858141868 ], [ -76.083313409763861, 8.089545252901253 ], [ -76.075026858734347, 8.089540441094268 ] ] ] } },
{ "type": "Feature", "properties": { "FID_Cuenca": 0, "CODIGO": null, "AH": "1", "ZH": "13", "SZH": "1302", "COD_POMCA": "Quebrada Jui", "POMCA": "1003-00-25", "NOM_NSS": "Quebrada Jui", "COD_NSS": null, "NOMENCLAT": "Subcuenca Quebrada Jui", "IND_COMPAC": 1.69, "FORM_IND_C": 1003.0, "IND_SIN": 1.75, "TIPO_DRENA": 1014.0, "DEN_CORRIE": 0.0, "DEN_DREN": 2.71, "TIEM_CONC": 242.77460930500001, "MET_T_CONC": "Metodologia Temez: Tc=0.3(L/(S^0.25))^0.75; Donde: L es la Longitud del cauce (km) y S es el porcentaje de pendiente del cauce.", "CAUD_MED": 1.24, "T_CORRIEN": "PERMANENTE", "TIPO_FUEN": 2211.0, "Q_TOTAL": 12.31, "Q_MAX": 67.66, "Q_MIN": 3.9, "Q_AMBIENTA": 2.73, "Q_DISPONIB": 6.51, "REND_HID": 8.21, "ESCORR": 522.92, "AREA_ha_": 15094.3784517, "OBSERV_": null, "SHAPE_Leng": 74024.891347299999, "SHAPE_Area": 150943784.51699999 }, "geometry": { "type": "Polygon", "coordinates": [ [ [ -75.952420883507529, 8.040467303413873 ], [ -75.954992930560749, 8.040509664932047 ], [ -75.958406636791224, 8.03848673392663 ], [ -75.959418112681874, 8.036843094382522 ], [ -75.961188180298976, 8.031280005186431 ], [ -75.962209581846025, 8.02403828331677 ], [ -75.962452523170398, 8.017245849620982 ], [ -75.965613362312894, 8.011493111135662 ], [ -75.966245534310389, 8.00668862518973 ], [ -75.967889171675978, 8.002769176683818 ], [ -75.968142039307594, 7.998723299124638 ], [ -75.96978568562777, 7.996826794660271 ], [ -75.972717200570855, 7.991600685993218 ], [ -75.980198732623819, 7.992057478030262 ], [ -75.980423707631829, 7.992725943116938 ], [ -75.97993950864722, 7.993056945619625 ], [ -75.981760648326329, 7.995242364835594 ], [ -75.985518876549008, 7.995816168686848 ], [ -75.987067592538835, 7.996757314983944 ], [ -75.988008738827048, 7.997972404336154 ], [ -75.988541856562364, 7.997837862565444 ], [ -75.989438790648592, 7.996005115728763 ], [ -75.989305273727425, 7.993088637078339 ], [ -75.987363251090912, 7.990556066247071 ], [ -75.987083432602859, 7.989166257826533 ], [ -75.988080386367926, 7.988288287624543 ], [ -75.989585869819749, 7.98416613836198 ], [ -75.991500438445911, 7.981866122347101 ], [ -75.993416596518685, 7.980752120252144 ], [ -75.996364212494626, 7.97949503241356 ], [ -76.000886344495257, 7.978812940916614 ], [ -76.001902374359773, 7.978241306896105 ], [ -76.003753663248858, 7.978333001476877 ], [ -76.006324817952787, 7.979717955162704 ], [ -76.009070374078888, 7.979486702424965 ], [ -76.010377963532392, 7.980743400740864 ], [ -76.010904872566769, 7.982526784785234 ], [ -76.012503469130706, 7.982525968721514 ], [ -76.013748168418786, 7.986666680183319 ], [ -76.014999387837506, 7.987916950394214 ], [ -76.018333435390261, 7.988749983002742 ], [ -76.021552648309751, 7.990774223407453 ], [ -76.023071014217166, 7.99233731065243 ], [ -76.020323160079542, 7.99540506103192 ], [ -76.025438836383785, 7.996934303696264 ], [ -76.026502027227778, 7.998574303435968 ], [ -76.026413534147892, 8.000143224334233 ], [ -76.027496338486046, 8.002082825386928 ], [ -76.03166962642446, 8.002499581564511 ], [ -76.032173502668428, 8.004840615112142 ], [ -76.034076900188126, 8.006899394151263 ], [ -76.039937145514187, 8.011173363762017 ], [ -76.04058584709874, 8.011584938784804 ], [ -76.043973486581564, 8.010918907447877 ], [ -76.046557310145303, 8.011122670770627 ], [ -76.048504591140158, 8.009905920849222 ], [ -76.050238971100043, 8.009933491862872 ], [ -76.051284237323387, 8.010922401031101 ], [ -76.051673878807392, 8.01352025940467 ], [ -76.052779748356727, 8.016020700962143 ], [ -76.055303336817758, 8.018036138060529 ], [ -76.058682692724545, 8.018440708241103 ], [ -76.060259088096799, 8.019026081887425 ], [ -76.060839958991025, 8.020094436208151 ], [ -76.063028380374192, 8.020256039785542 ], [ -76.062462821800167, 8.021884176114737 ], [ -76.060850089213858, 8.023206976172018 ], [ -76.057974265625816, 8.02375878857494 ], [ -76.056300383608388, 8.024842773298495 ], [ -76.054931824038277, 8.027060997156861 ], [ -76.055732527599076, 8.031420663826413 ], [ -76.054684054414736, 8.037821546095069 ], [ -76.053445527159795, 8.042131248914998 ], [ -76.053236917375926, 8.048587869492426 ], [ -76.051755295570729, 8.052241230135643 ], [ -76.052254481609083, 8.056243702222689 ], [ -76.050953917853889, 8.060135292269035 ], [ -76.053132962931116, 8.061675187266056 ], [ -76.05320381763093, 8.063916377157655 ], [ -76.054466454397655, 8.064567801590981 ], [ -76.056366883736459, 8.069734102848496 ], [ -76.055203344924465, 8.071540122127747 ], [ -76.054304243607078, 8.07608968998883 ], [ -76.052957057290556, 8.078493691393307 ], [ -76.051177844840424, 8.080185830457959 ], [ -76.05024387817609, 8.084000851820772 ], [ -76.047924497345136, 8.088564453614007 ], [ -76.048400645350739, 8.091756494731319 ], [ -76.047860363269223, 8.099062724021422 ], [ -76.049078598988984, 8.102384165171634 ], [ -76.048524594338616, 8.107459958589221 ], [ -76.048034746127769, 8.108529205379979 ], [ -76.046513751791849, 8.109288243191571 ], [ -76.03552359112949, 8.121469148685126 ], [ -76.034721327224474, 8.124411274910479 ], [ -76.036262928507881, 8.126884498935286 ], [ -76.035763363132361, 8.129008904904229 ], [ -76.033480670550901, 8.133135044463291 ], [ -76.033515464665825, 8.140307838883881 ], [ -76.034317554203739, 8.151063405850897 ], [ -76.034929054039168, 8.153451437765375 ], [ -76.038840614061769, 8.155972941314669 ], [ -76.04213920086768, 8.155807523681164 ], [ -76.046042039945107, 8.15653575698127 ], [ -76.049051666361507, 8.158613215197075 ], [ -76.05494162293158, 8.16695284381573 ], [ -76.056453855762797, 8.1694858377057 ], [ -76.061848251704717, 8.182049935894664 ], [ -76.061939760111855, 8.18841537124899 ], [ -76.059505457323269, 8.191937703237476 ], [ -76.055598490988046, 8.192062814853854 ], [ -76.053375137691987, 8.194120096208179 ], [ -76.050859562081072, 8.194969247737472 ], [ -76.050195624683752, 8.192800099332372 ], [ -76.050537413312469, 8.192033320590269 ], [ -76.052649623225605, 8.192118623320654 ], [ -76.054176557979716, 8.190313147464009 ], [ -76.053724541883398, 8.188192195164865 ], [ -76.052364582484827, 8.187147312904759 ], [ -76.05174567455272, 8.183294922031983 ], [ -76.052551929305878, 8.182002834485326 ], [ -76.045865140546695, 8.177635447865269 ], [ -76.042117165057633, 8.173473942063975 ], [ -76.038695971761371, 8.173131905093769 ], [ -76.036130848327915, 8.168395241208252 ], [ -76.036113596187974, 8.164856673609613 ], [ -76.035531643397775, 8.163616179080092 ], [ -76.03245927804096, 8.163439750218922 ], [ -76.025721958126496, 8.159646639118714 ], [ -76.023214397222318, 8.157172055378494 ], [ -76.019927490242551, 8.142363600396173 ], [ -76.018100274526347, 8.136633923275614 ], [ -76.015449995843227, 8.134375117608501 ], [ -76.014358780653211, 8.131989307933312 ], [ -76.014436303897185, 8.12314218511735 ], [ -76.015043091836588, 8.119489353856636 ], [ -76.013128010563136, 8.118158302267711 ], [ -76.011692165793107, 8.113933024604906 ], [ -76.011872776553219, 8.106543915309423 ], [ -76.011053604932101, 8.105830496599173 ], [ -76.00665477279091, 8.104129800086318 ], [ -76.003040441904602, 8.100895082508838 ], [ -76.000594702252883, 8.101217456896427 ], [ -75.999822408319062, 8.100264683499699 ], [ -75.998139658808896, 8.099579209663762 ], [ -75.996990634038724, 8.100134557783287 ], [ -75.997068276433836, 8.101329712480698 ], [ -75.995603186383448, 8.103385788349353 ], [ -75.993786517843972, 8.102445027091903 ], [ -75.991169410811167, 8.10205083905311 ], [ -75.970808050656601, 8.103141571138954 ], [ -75.967455330260037, 8.102790493505955 ], [ -75.965724719276423, 8.102129007981191 ], [ -75.961408662498897, 8.102722832162403 ], [ -75.958192932840348, 8.102594210491024 ], [ -75.956451512586682, 8.101102818494748 ], [ -75.956562382610272, 8.099141609493284 ], [ -75.949731452813765, 8.099189959591616 ], [ -75.948864173556856, 8.098428784815461 ], [ -75.948658098057322, 8.09536911503362 ], [ -75.949517419116503, 8.094408731864133 ], [ -75.952200172628565, 8.093439978736754 ], [ -75.952867982095498, 8.092576115008253 ], [ -75.953126261969899, 8.086166779171304 ], [ -75.950812863264503, 8.083977576452831 ], [ -75.951833197480923, 8.076321367123015 ], [ -75.951057970987293, 8.074698967487372 ], [ -75.948840625354094, 8.072509296506482 ], [ -75.94221328982961, 8.071296166722892 ], [ -75.94134302380003, 8.069865458912167 ], [ -75.941431098007655, 8.068143453543147 ], [ -75.941903470011511, 8.066515342231138 ], [ -75.944959843601353, 8.063345146510311 ], [ -75.945526516993965, 8.061357938993449 ], [ -75.944275039405781, 8.052402622319697 ], [ -75.944697662501156, 8.050392161264863 ], [ -75.943750882045876, 8.047957529175067 ], [ -75.944034822179333, 8.047095435873615 ], [ -75.948558055933944, 8.044707644224349 ], [ -75.949667159321876, 8.043303789250048 ], [ -75.949660905826335, 8.041940885013103 ], [ -75.952420883507529, 8.040467303413873 ] ] ] } },
{ "type": "Feature", "properties": { "FID_Cuenca": 0, "CODIGO": null, "AH": "1", "ZH": "13", "SZH": "1302", "COD_POMCA": "Quebrada Flores", "POMCA": "1003-00-26", "NOM_NSS": "Quebrada Flores", "COD_NSS": null, "NOMENCLAT": "Subcuenca Quebrada Flores", "IND_COMPAC": 1.73, "FORM_IND_C": 1003.0, "IND_SIN": 1.56, "TIPO_DRENA": 1013.0, "DEN_CORRIE": 0.0, "DEN_DREN": 1.65, "TIEM_CONC": 423.25128235900002, "MET_T_CONC": "Metodologia Temez: Tc=0.3(L/(S^0.25))^0.75; Donde: L es la Longitud del cauce (km) y S es el porcentaje de pendiente del cauce.", "CAUD_MED": 12.31, "T_CORRIEN": "PERMANENTE", "TIPO_FUEN": 2211.0, "Q_TOTAL": 31.07, "Q_MAX": 126.27, "Q_MIN": 6.98, "Q_AMBIENTA": 6.31, "Q_DISPONIB": 16.99, "REND_HID": 27.61, "ESCORR": 471.22, "AREA_ha_": 44586.372089299999, "OBSERV_": null, "SHAPE_Leng": 130651.740209, "SHAPE_Area": 445863720.89300001 }, "geometry": { "type": "Polygon", "coordinates": [ [ [ -75.962566418348061, 8.433553705874337 ], [ -75.96124168247853, 8.42958860214485 ], [ -75.958997226492755, 8.427174804232534 ], [ -75.956324750615593, 8.426847076161483 ], [ -75.952332080683092, 8.425503260043833 ], [ -75.95079368376318, 8.423731253542927 ], [ -75.953978347578655, 8.423295616050254 ], [ -75.9566579329408, 8.421250400118108 ], [ -75.958875946117615, 8.418107495537075 ], [ -75.959441495119918, 8.41588110350243 ], [ -75.95826873218914, 8.411702364202487 ], [ -75.95718520810054, 8.411085869683117 ], [ -75.956961727870194, 8.409556658278529 ], [ -75.955225295600201, 8.407986850716046 ], [ -75.953990816813004, 8.405936424281958 ], [ -75.952667661622812, 8.405416698058991 ], [ -75.951636779476644, 8.405756358763558 ], [ -75.950377835149368, 8.40860772725034 ], [ -75.946952424301969, 8.410345596499516 ], [ -75.94550076558275, 8.41307832176337 ], [ -75.944357046139444, 8.414244046533421 ], [ -75.944003670243504, 8.413147464201211 ], [ -75.9452399795845, 8.410571184568679 ], [ -75.945838412264351, 8.410179792673633 ], [ -75.945920315419144, 8.408480132170849 ], [ -75.943904281865045, 8.407579782707488 ], [ -75.943828633235626, 8.407139102495099 ], [ -75.94721200375109, 8.402432159564201 ], [ -75.946690029652288, 8.399983785344277 ], [ -75.948488142249374, 8.399407365453204 ], [ -75.948779114467953, 8.397493123797224 ], [ -75.949703377586388, 8.396203529971876 ], [ -75.949636904693719, 8.394858866783613 ], [ -75.948517818817876, 8.393070877345453 ], [ -75.948573201558972, 8.390555191491101 ], [ -75.947412566677954, 8.38847668865669 ], [ -75.94818326036318, 8.387343437139153 ], [ -75.947973747466165, 8.385206011852096 ], [ -75.949143840289494, 8.383861458784805 ], [ -75.951060527337887, 8.379682330157554 ], [ -75.952129754553226, 8.3783382524781 ], [ -75.954222402901252, 8.370103030722014 ], [ -75.953738260537079, 8.365265804058321 ], [ -75.953140918002333, 8.36486693860674 ], [ -75.953193872672102, 8.363891130357791 ], [ -75.954186323649125, 8.362566550017572 ], [ -75.953697548132709, 8.360770783600774 ], [ -75.952005376852952, 8.358357845589188 ], [ -75.948214915014077, 8.356462923562951 ], [ -75.946855330532543, 8.354556483812164 ], [ -75.946332492217792, 8.351898873941318 ], [ -75.946791179688233, 8.347383542751924 ], [ -75.947442294198794, 8.345467604904238 ], [ -75.945895603030309, 8.342067607704013 ], [ -75.947104964091707, 8.337638403953495 ], [ -75.946980382649699, 8.336682557725124 ], [ -75.946317769444107, 8.336177574819009 ], [ -75.944969206740552, 8.336572477755913 ], [ -75.944569586674248, 8.334571824507432 ], [ -75.946806345678624, 8.331632215041592 ], [ -75.946946597312262, 8.329569244900233 ], [ -75.948230431958805, 8.328188324899127 ], [ -75.949118896040687, 8.325703390829895 ], [ -75.950252104225967, 8.324203624097937 ], [ -75.952167642196045, 8.323148492245664 ], [ -75.953538048301809, 8.321049831634827 ], [ -75.953945781007462, 8.318447612519993 ], [ -75.953667749925827, 8.316775171929828 ], [ -75.953183508758116, 8.315910691186167 ], [ -75.951197484085952, 8.314754404603899 ], [ -75.949366469305232, 8.314643473899929 ], [ -75.947861992443279, 8.313783784716584 ], [ -75.945219367386812, 8.313377764677037 ], [ -75.944243439260589, 8.310064710875642 ], [ -75.94183426027972, 8.308252799251699 ], [ -75.940156124493214, 8.308738875756683 ], [ -75.938663521954865, 8.310389738377982 ], [ -75.937552973718496, 8.310335154527902 ], [ -75.936087224782796, 8.30622094368926 ], [ -75.93384030433306, 8.30623142882818 ], [ -75.932798680406634, 8.305260714729028 ], [ -75.927549144406541, 8.303850478775294 ], [ -75.926681453369142, 8.303108483001994 ], [ -75.925645501968944, 8.301161309525675 ], [ -75.925868707064467, 8.299610831296942 ], [ -75.925348489275294, 8.29703523425901 ], [ -75.920569279340185, 8.291438232182465 ], [ -75.92027231257731, 8.289526706721666 ], [ -75.918540521372904, 8.288793455947694 ], [ -75.917286717726682, 8.287603678225405 ], [ -75.917170921478117, 8.283348006068847 ], [ -75.918148879136453, 8.282004466241309 ], [ -75.917320405536287, 8.279354135059396 ], [ -75.917432908523125, 8.277993064482468 ], [ -75.915593724168787, 8.276088629570653 ], [ -75.911623933033823, 8.274134190957023 ], [ -75.910074281852772, 8.26893021689224 ], [ -75.904186834482175, 8.264901377235295 ], [ -75.904785777649337, 8.263607422952131 ], [ -75.906957772584718, 8.263009275274129 ], [ -75.908436082542764, 8.261897805026553 ], [ -75.910261331338702, 8.257451896206064 ], [ -75.912289986610531, 8.254931910133388 ], [ -75.912281155817581, 8.253019041197771 ], [ -75.911310570892127, 8.250751904530082 ], [ -75.910379638677227, 8.246121735585067 ], [ -75.910504624579275, 8.245116885575596 ], [ -75.912357044019799, 8.243454145429537 ], [ -75.912350429818858, 8.2420194923031 ], [ -75.908977498590858, 8.239285095894903 ], [ -75.907644208427314, 8.236421807376587 ], [ -75.909422896470517, 8.23175096386297 ], [ -75.910731426536714, 8.229234294352763 ], [ -75.912164347687337, 8.227673511310446 ], [ -75.911782337382149, 8.22289297432904 ], [ -75.907938908072538, 8.222193151282191 ], [ -75.90408563487739, 8.219341296424908 ], [ -75.899886048968582, 8.219479907589536 ], [ -75.899149658642045, 8.215896507937725 ], [ -75.89818472953786, 8.214824854865579 ], [ -75.893133740794383, 8.212456513351885 ], [ -75.891116238501908, 8.210821681561518 ], [ -75.889846727214106, 8.202568804854639 ], [ -75.885950209269296, 8.195388871498007 ], [ -75.877671562633537, 8.190356593049874 ], [ -75.875406716804392, 8.188382002191828 ], [ -75.874704089398406, 8.186902592471444 ], [ -75.874868759462558, 8.186160589914699 ], [ -75.875825719832108, 8.18548679496611 ], [ -75.884987902669309, 8.182454010470028 ], [ -75.887375638262455, 8.179753244364321 ], [ -75.88945728909944, 8.17570880866748 ], [ -75.890799765891117, 8.17405885764992 ], [ -75.891386891322881, 8.171216706541712 ], [ -75.89481723391259, 8.166655696912533 ], [ -75.894691923322867, 8.16441812576446 ], [ -75.893012619794789, 8.162417078144552 ], [ -75.892887065658059, 8.16012211575986 ], [ -75.8939214175182, 8.159600985141488 ], [ -75.897929840697714, 8.15447545873316 ], [ -75.899686634258146, 8.148154890902848 ], [ -75.899154033509888, 8.145000945833871 ], [ -75.894347047458709, 8.139054136917034 ], [ -75.895034511216011, 8.138247626254568 ], [ -75.897911438272658, 8.137660858209657 ], [ -75.899505555981193, 8.133579162339693 ], [ -75.899667958235554, 8.131282914904391 ], [ -75.898450038296644, 8.129394569655863 ], [ -75.8946357256048, 8.126427455806283 ], [ -75.893630770432566, 8.123836722598723 ], [ -75.895174612031454, 8.121641903675188 ], [ -75.895409298205834, 8.116469944294671 ], [ -75.895068864851055, 8.114134092541168 ], [ -75.89341793849438, 8.111741515495986 ], [ -75.893349117595349, 8.106537824492685 ], [ -75.892412804582605, 8.105083375957598 ], [ -75.893408834929943, 8.102492486291705 ], [ -75.892272931461719, 8.097964265158625 ], [ -75.892602249967865, 8.096518131236364 ], [ -75.891391871793033, 8.094132332570691 ], [ -75.889947989748194, 8.093182273740958 ], [ -75.888087166022373, 8.09289163273581 ], [ -75.885857911590364, 8.090689664467074 ], [ -75.88837320335324, 8.089781824353215 ], [ -75.888666178503783, 8.088226255417901 ], [ -75.887820551807096, 8.086914852087361 ], [ -75.884473862519442, 8.084285408059865 ], [ -75.883119297421146, 8.081854373173794 ], [ -75.88281247711015, 8.080301453099988 ], [ -75.885921946793417, 8.078135642520577 ], [ -75.886763549431251, 8.078550377456803 ], [ -75.887302317119975, 8.078308875599426 ], [ -75.888317096630487, 8.075637490901046 ], [ -75.892223010986541, 8.076007720251567 ], [ -75.893592857340735, 8.075285773641399 ], [ -75.894370338028466, 8.073656765932073 ], [ -75.896425705098125, 8.065177779634798 ], [ -75.898386110310653, 8.062451881603826 ], [ -75.89875952016196, 8.060547489387073 ], [ -75.900197149818666, 8.058213674772441 ], [ -75.902549634940627, 8.05608523591321 ], [ -75.901354722172201, 8.053153968180203 ], [ -75.902064201113177, 8.051940381998801 ], [ -75.90381922955406, 8.050540093282986 ], [ -75.904323334395926, 8.04839298678078 ], [ -75.910488193666978, 8.047566023658037 ], [ -75.912374491250375, 8.04660865967325 ], [ -75.914450365385804, 8.044855068182613 ], [ -75.916099689693269, 8.042030361200908 ], [ -75.915881674581016, 8.039935527683983 ], [ -75.919376092731966, 8.037828273267888 ], [ -75.923121755808253, 8.034459157646797 ], [ -75.925678320099522, 8.033359238355128 ], [ -75.927016057107252, 8.03223950472854 ], [ -75.928482613209781, 8.031971956412105 ], [ -75.930959903734887, 8.032507049821175 ], [ -75.931855544771707, 8.031280005012524 ], [ -75.934004916917416, 8.030015665121669 ], [ -75.936407156169267, 8.030647837087734 ], [ -75.94070590892693, 8.033555806274752 ], [ -75.943993186036337, 8.034187980933712 ], [ -75.947280463187923, 8.037475254904598 ], [ -75.952420883507529, 8.040467303413873 ], [ -75.949660905826335, 8.041940885013103 ], [ -75.949667159321876, 8.043303789250048 ], [ -75.948558055933944, 8.044707644224349 ], [ -75.944034822179333, 8.047095435873615 ], [ -75.943750882045876, 8.047957529175067 ], [ -75.944697662501156, 8.050392161264863 ], [ -75.944275039405781, 8.052402622319697 ], [ -75.945526516993965, 8.061357938993449 ], [ -75.944959843601353, 8.063345146510311 ], [ -75.941903470011511, 8.066515342231138 ], [ -75.941431098007655, 8.068143453543147 ], [ -75.94134302380003, 8.069865458912167 ], [ -75.94221328982961, 8.071296166722892 ], [ -75.948840625354094, 8.072509296506482 ], [ -75.951057970987293, 8.074698967487372 ], [ -75.951833197480923, 8.076321367123015 ], [ -75.950812863264503, 8.083977576452831 ], [ -75.953126261969899, 8.086166779171304 ], [ -75.952867982095498, 8.092576115008253 ], [ -75.952200172628565, 8.093439978736754 ], [ -75.949517419116503, 8.094408731864133 ], [ -75.948658098057322, 8.09536911503362 ], [ -75.948864173556856, 8.098428784815461 ], [ -75.949731452813765, 8.099189959591616 ], [ -75.956562382610272, 8.099141609493284 ], [ -75.956451512586682, 8.101102818494748 ], [ -75.958192932840348, 8.102594210491024 ], [ -75.961408662498897, 8.102722832162403 ], [ -75.965724719276423, 8.102129007981191 ], [ -75.967455330260037, 8.102790493505955 ], [ -75.970808050656601, 8.103141571138954 ], [ -75.991169410811167, 8.10205083905311 ], [ -75.993786517843972, 8.102445027091903 ], [ -75.995603186383448, 8.103385788349353 ], [ -75.997068276433836, 8.101329712480698 ], [ -75.996990634038724, 8.100134557783287 ], [ -75.998139658808896, 8.099579209663762 ], [ -75.999822408319062, 8.100264683499699 ], [ -76.000594702252883, 8.101217456896427 ], [ -76.003040441904602, 8.100895082508838 ], [ -76.00665477279091, 8.104129800086318 ], [ -76.011053604932101, 8.105830496599173 ], [ -76.011872776553219, 8.106543915309423 ], [ -76.011692165793107, 8.113933024604906 ], [ -76.013128010563136, 8.118158302267711 ], [ -76.015043091836588, 8.119489353856636 ], [ -76.014436303897185, 8.12314218511735 ], [ -76.014358780653211, 8.131989307933312 ], [ -76.015449995843227, 8.134375117608501 ], [ -76.018100274526347, 8.136633923275614 ], [ -76.019927490242551, 8.142363600396173 ], [ -76.023214397222318, 8.157172055378494 ], [ -76.025721958126496, 8.159646639118714 ], [ -76.03245927804096, 8.163439750218922 ], [ -76.035531643397775, 8.163616179080092 ], [ -76.036113596187974, 8.164856673609613 ], [ -76.036130848327915, 8.168395241208252 ], [ -76.038695971761371, 8.173131905093769 ], [ -76.042117165057633, 8.173473942063975 ], [ -76.045865140546695, 8.177635447865269 ], [ -76.052551929305878, 8.182002834485326 ], [ -76.05174567455272, 8.183294922031983 ], [ -76.052364582484827, 8.187147312904759 ], [ -76.05413183888956, 8.189031816050283 ], [ -76.054176557979716, 8.190313147464009 ], [ -76.052649623225605, 8.192118623320654 ], [ -76.051073815936036, 8.191801165368787 ], [ -76.050270625127794, 8.19243630640559 ], [ -76.050859562081072, 8.194969247737472 ], [ -76.050255882444247, 8.198069515595035 ], [ -76.048666890691777, 8.197738475145771 ], [ -76.046573378219961, 8.199323818376257 ], [ -76.047124446103012, 8.201580585334595 ], [ -76.046233007680755, 8.203306435002363 ], [ -76.044656988749495, 8.208989048243547 ], [ -76.045621394699708, 8.212955330296611 ], [ -76.0457313269157, 8.217596989763988 ], [ -76.044565777815748, 8.217895441021636 ], [ -76.044053130253431, 8.219059957014752 ], [ -76.044345215963489, 8.219890584026748 ], [ -76.046269027228064, 8.220719517640006 ], [ -76.043384512292903, 8.223639532808608 ], [ -76.043315767393324, 8.224299774885846 ], [ -76.043981960802341, 8.225071188118374 ], [ -76.043857529183128, 8.226119038852911 ], [ -76.042365563977654, 8.227259655830927 ], [ -76.040679401208905, 8.226980982606271 ], [ -76.040204493019587, 8.228127255118352 ], [ -76.039905211310895, 8.230522636931411 ], [ -76.040488265912458, 8.231954367866997 ], [ -76.040644278953536, 8.234392391481689 ], [ -76.043675322929943, 8.235812134665641 ], [ -76.04469110701271, 8.237385191079889 ], [ -76.042983654623157, 8.241553834562062 ], [ -76.042395196021445, 8.244650436265431 ], [ -76.042871863102093, 8.245296404831022 ], [ -76.043716654725628, 8.244316749983607 ], [ -76.044800922622343, 8.24517217700431 ], [ -76.04494230195786, 8.247552879168836 ], [ -76.046424696207978, 8.250285636830673 ], [ -76.045624118100648, 8.254378109303069 ], [ -76.044377282457077, 8.256454052546642 ], [ -76.044805363497417, 8.260481304259574 ], [ -76.042656610391575, 8.262787185199846 ], [ -76.038202827911931, 8.265248604319186 ], [ -76.037665405285637, 8.267219586194546 ], [ -76.035256614672832, 8.268496787918032 ], [ -76.034637403271077, 8.272007829553973 ], [ -76.032499145492366, 8.276465507093283 ], [ -76.026432127277502, 8.283717257192546 ], [ -76.025375207895777, 8.284403872746942 ], [ -76.025425235482217, 8.286765919950259 ], [ -76.028194374752331, 8.292858565559737 ], [ -76.028122339749672, 8.294275790995478 ], [ -76.025308198612692, 8.29862337240996 ], [ -76.02665544707672, 8.301665281847706 ], [ -76.025208086786122, 8.307530266226761 ], [ -76.019989991168302, 8.309952570429264 ], [ -76.018260953741006, 8.309817549322682 ], [ -76.013093539322625, 8.313429217391558 ], [ -76.013108321653462, 8.316441801341487 ], [ -76.012682565504193, 8.31773501243506 ], [ -76.0102509147044, 8.321189882536006 ], [ -76.009978325298292, 8.324347328296312 ], [ -76.007972397045123, 8.326508985096273 ], [ -76.005077460229003, 8.330970319497435 ], [ -76.004649915205661, 8.331904888114357 ], [ -76.005016330007635, 8.333194251725176 ], [ -76.004661856089797, 8.334343655921577 ], [ -76.002519185478462, 8.338012301462026 ], [ -75.999724088675251, 8.34082334459308 ], [ -75.998375679383386, 8.344918513502183 ], [ -75.999273888817811, 8.348165971866212 ], [ -76.001804131398913, 8.350090404801282 ], [ -76.001314033183419, 8.352961996032263 ], [ -76.001825924647335, 8.354537573593708 ], [ -76.001472843052142, 8.355973894704142 ], [ -76.002136879914048, 8.359198524847368 ], [ -76.001581802269499, 8.36350503753024 ], [ -76.002537137347716, 8.367373816644802 ], [ -76.004058124562917, 8.369087927518633 ], [ -76.005499335506741, 8.369224357696998 ], [ -76.006445197629944, 8.371156450727447 ], [ -76.006311035612612, 8.373165546003479 ], [ -76.005237707367797, 8.374605386800331 ], [ -76.00475011755448, 8.377979079163223 ], [ -76.003892854625263, 8.379417865004626 ], [ -76.00398218511836, 8.382932200927032 ], [ -76.005579170878931, 8.38543494871054 ], [ -76.005874004255844, 8.386796376465226 ], [ -76.005237771577342, 8.389238306377168 ], [ -76.005317583916849, 8.390815975915645 ], [ -76.00604460071655, 8.392175288039097 ], [ -76.003893970586702, 8.3942659779433 ], [ -76.00140012813722, 8.399801381991287 ], [ -75.999611005353131, 8.402177215548456 ], [ -75.997886481565203, 8.403046395757729 ], [ -75.997171103552944, 8.404054109037419 ], [ -75.995968829943806, 8.407690864289391 ], [ -75.989856235113947, 8.409800812934519 ], [ -75.988351265806969, 8.411386201635427 ], [ -75.983391800549697, 8.413633926221483 ], [ -75.980439789667514, 8.413935150467536 ], [ -75.976091543799626, 8.417456652472447 ], [ -75.974722438073428, 8.420332510463174 ], [ -75.976077562220027, 8.426408754888596 ], [ -75.975164162665649, 8.428192102278137 ], [ -75.972235374310131, 8.430329496576489 ], [ -75.969353016637697, 8.430171249840505 ], [ -75.968504184188134, 8.433388904714375 ], [ -75.962566418348061, 8.433553705874337 ] ] ] } },
{ "type": "Feature", "properties": { "FID_Cuenca": 0, "CODIGO": null, "AH": "1", "ZH": "13", "SZH": "1302", "COD_POMCA": "Quebrada Betanci", "POMCA": "1003-00-27", "NOM_NSS": "Quebrada Betanci", "COD_NSS": null, "NOMENCLAT": "Subcuenca Quebrada Betanci", "IND_COMPAC": 2.02, "FORM_IND_C": 1003.0, "IND_SIN": 1.6, "TIPO_DRENA": 1013.0, "DEN_CORRIE": 0.0, "DEN_DREN": 1.95, "TIEM_CONC": 396.73869927800001, "MET_T_CONC": "Metodologia Temez: Tc=0.3(L/(S^0.25))^0.75; Donde: L es la Longitud del cauce (km) y S es el porcentaje de pendiente del cauce.", "CAUD_MED": 31.07, "T_CORRIEN": "PERMANENTE", "TIPO_FUEN": 2211.0, "Q_TOTAL": 15.84, "Q_MAX": 62.08, "Q_MIN": 4.13, "Q_AMBIENTA": 3.2, "Q_DISPONIB": 8.68, "REND_HID": 133.87, "ESCORR": 492.73, "AREA_ha_": 23208.443499500001, "OBSERV_": null, "SHAPE_Leng": 109863.31949, "SHAPE_Area": 232084434.995 }, "geometry": { "type": "Polygon", "coordinates": [ [ [ -75.822852390712768, 8.364512150621877 ], [ -75.824838300425156, 8.363607537470694 ], [ -75.826511305232415, 8.361866496980703 ], [ -75.827043274545446, 8.360010938840345 ], [ -75.828721057809332, 8.359345926974347 ], [ -75.829376267006694, 8.358207191273337 ], [ -75.828464152914904, 8.355580875031267 ], [ -75.830479648510305, 8.349892783754312 ], [ -75.830294508602577, 8.348757769389689 ], [ -75.828661608852443, 8.346015074711717 ], [ -75.828648719084939, 8.344464630308735 ], [ -75.82798990235878, 8.343447467813219 ], [ -75.828103028125184, 8.341892666715092 ], [ -75.828639773402713, 8.341113145002705 ], [ -75.829461186502044, 8.336865078919914 ], [ -75.829500983004252, 8.332321562121921 ], [ -75.830337290025909, 8.331421156847474 ], [ -75.831054960762557, 8.328142001161979 ], [ -75.833628665863344, 8.323826414906332 ], [ -75.836192083893863, 8.317215291383775 ], [ -75.835612571873071, 8.307035026669647 ], [ -75.836178898846811, 8.304823030731034 ], [ -75.83809344032278, 8.303285556521971 ], [ -75.839047395026185, 8.301865732477616 ], [ -75.841692978874448, 8.30079232036621 ], [ -75.849486273826628, 8.301119819108115 ], [ -75.852611532917123, 8.29942010187942 ], [ -75.856726619956973, 8.29362699020915 ], [ -75.86164946008131, 8.29130943935114 ], [ -75.862616348259991, 8.290121470155007 ], [ -75.862825763309473, 8.288649947110233 ], [ -75.862316311120225, 8.287468584841735 ], [ -75.862485677852192, 8.285100541805319 ], [ -75.863843783048225, 8.282834785575723 ], [ -75.862280747589722, 8.279577793067602 ], [ -75.864461508401448, 8.276088851167255 ], [ -75.863699703440219, 8.274836880542765 ], [ -75.863214439266699, 8.272358182513878 ], [ -75.861920036273574, 8.270638475252445 ], [ -75.857910678545153, 8.267308667825143 ], [ -75.858757831841373, 8.26351722914926 ], [ -75.857191054587418, 8.260999088519286 ], [ -75.858671137757185, 8.257032668984563 ], [ -75.860566041007644, 8.255646901863789 ], [ -75.860550593665181, 8.252203638780189 ], [ -75.85950310598443, 8.249855355225574 ], [ -75.855823745651264, 8.245635718849249 ], [ -75.85453930095062, 8.240201408863008 ], [ -75.854646507936181, 8.237331480498659 ], [ -75.855528990644345, 8.233382073463261 ], [ -75.85557343227363, 8.224510482750912 ], [ -75.855387291956319, 8.22313635852206 ], [ -75.852843719862292, 8.217886926101091 ], [ -75.85210455305085, 8.213585997694951 ], [ -75.853927433264175, 8.205208700862226 ], [ -75.854641869742338, 8.203950160985082 ], [ -75.854430801660399, 8.196956785602687 ], [ -75.85509054509005, 8.189971882580817 ], [ -75.854885192339083, 8.189126296349983 ], [ -75.852663181308216, 8.188131763924636 ], [ -75.844635053393333, 8.186474000409047 ], [ -75.844782569895642, 8.184005606249636 ], [ -75.845426314150103, 8.18304151466732 ], [ -75.845063862884899, 8.180755534541252 ], [ -75.845392262817555, 8.179032413205093 ], [ -75.844983421468527, 8.173390897663721 ], [ -75.843815280923891, 8.169713505057791 ], [ -75.845999778202085, 8.164395430089069 ], [ -75.845628050522279, 8.15626686853407 ], [ -75.847474841722089, 8.150567678744693 ], [ -75.845914228322982, 8.144931180977617 ], [ -75.84418790824796, 8.145273474279561 ], [ -75.841065353277358, 8.144617512878453 ], [ -75.838899759522377, 8.143287825510631 ], [ -75.836796258089848, 8.141025399366669 ], [ -75.835016798081369, 8.140378322017725 ], [ -75.83678381438591, 8.135973224730135 ], [ -75.83626117501035, 8.133957333834379 ], [ -75.836613768805279, 8.131431807808795 ], [ -75.839846176139147, 8.123906358302337 ], [ -75.838836049401607, 8.122997242915281 ], [ -75.834303101674536, 8.122517431804487 ], [ -75.834025317379826, 8.122126007750902 ], [ -75.833631994441873, 8.119527596702973 ], [ -75.835908165758994, 8.113696501268377 ], [ -75.835753487550306, 8.112582401625554 ], [ -75.833983169229924, 8.109888851827629 ], [ -75.834068830443158, 8.107871070019185 ], [ -75.837095504434075, 8.102274577358687 ], [ -75.843738959144716, 8.101751095802967 ], [ -75.84472881468092, 8.093099376021851 ], [ -75.843786547658041, 8.090539077698914 ], [ -75.844205333370539, 8.087074583067777 ], [ -75.847831631811843, 8.085589797815437 ], [ -75.849475192563872, 8.082644411276501 ], [ -75.855541221916695, 8.084824904953017 ], [ -75.858738184365478, 8.084349459247946 ], [ -75.859934995231768, 8.081234468613644 ], [ -75.862017118237134, 8.080152423703558 ], [ -75.86432876732259, 8.077611245828654 ], [ -75.86505013314428, 8.072151819791429 ], [ -75.866181366224254, 8.071479639966286 ], [ -75.869558668022933, 8.071414060393211 ], [ -75.872312973176179, 8.070594325822167 ], [ -75.875280408679387, 8.068118733217746 ], [ -75.875345987932846, 8.066823553056697 ], [ -75.876250257322795, 8.065108771368683 ], [ -75.878463537832488, 8.062720275367038 ], [ -75.880003612391874, 8.062563501097371 ], [ -75.880482952707681, 8.061338401617178 ], [ -75.883772733834888, 8.065715599207568 ], [ -75.884638857153405, 8.067695312954141 ], [ -75.885295589414966, 8.070883787580835 ], [ -75.884865292669758, 8.072022554250754 ], [ -75.885313037617536, 8.07441747106318 ], [ -75.886448021237186, 8.075250487376135 ], [ -75.888317096630487, 8.075637490901046 ], [ -75.887302317119975, 8.078308875599426 ], [ -75.886763549431251, 8.078550377456803 ], [ -75.885921946793417, 8.078135642520577 ], [ -75.88281247711015, 8.080301453099988 ], [ -75.883119297421146, 8.081854373173794 ], [ -75.884473862519442, 8.084285408059865 ], [ -75.887820551807096, 8.086914852087361 ], [ -75.888666178503783, 8.088226255417901 ], [ -75.88837320335324, 8.089781824353215 ], [ -75.885857911590364, 8.090689664467074 ], [ -75.888087166022373, 8.09289163273581 ], [ -75.889947989748194, 8.093182273740958 ], [ -75.891391871793033, 8.094132332570691 ], [ -75.892602249967865, 8.096518131236364 ], [ -75.892272931461719, 8.097964265158625 ], [ -75.893408834929943, 8.102492486291705 ], [ -75.892412804582605, 8.105083375957598 ], [ -75.893349117595349, 8.106537824492685 ], [ -75.89341793849438, 8.111741515495986 ], [ -75.895068864851055, 8.114134092541168 ], [ -75.895409298205834, 8.116469944294671 ], [ -75.895174612031454, 8.121641903675188 ], [ -75.893630770432566, 8.123836722598723 ], [ -75.8946357256048, 8.126427455806283 ], [ -75.898450038296644, 8.129394569655863 ], [ -75.899667958235554, 8.131282914904391 ], [ -75.899505555981193, 8.133579162339693 ], [ -75.897911438272658, 8.137660858209657 ], [ -75.895034511216011, 8.138247626254568 ], [ -75.894347047458709, 8.139054136917034 ], [ -75.899154033509888, 8.145000945833871 ], [ -75.89973929285982, 8.147064283858024 ], [ -75.899350433097879, 8.150222367764901 ], [ -75.897929840697714, 8.15447545873316 ], [ -75.8939214175182, 8.159600985141488 ], [ -75.892887065658059, 8.16012211575986 ], [ -75.893012619794789, 8.162417078144552 ], [ -75.894691923322867, 8.16441812576446 ], [ -75.89481723391259, 8.166655696912533 ], [ -75.891386891322881, 8.171216706541712 ], [ -75.890799765891117, 8.17405885764992 ], [ -75.88945728909944, 8.17570880866748 ], [ -75.888418154083851, 8.17810464014147 ], [ -75.884987902669309, 8.182454010470028 ], [ -75.875825719832108, 8.18548679496611 ], [ -75.874868759462558, 8.186160589914699 ], [ -75.874704089398406, 8.186902592471444 ], [ -75.875406716804392, 8.188382002191828 ], [ -75.877671562633537, 8.190356593049874 ], [ -75.885950209269296, 8.195388871498007 ], [ -75.889846727214106, 8.202568804854639 ], [ -75.891116238501908, 8.210821681561518 ], [ -75.893133740794383, 8.212456513351885 ], [ -75.89818472953786, 8.214824854865579 ], [ -75.899149658642045, 8.215896507937725 ], [ -75.899886048968582, 8.219479907589536 ], [ -75.90408563487739, 8.219341296424908 ], [ -75.907938908072538, 8.222193151282191 ], [ -75.911782337382149, 8.22289297432904 ], [ -75.912150047742614, 8.224565094198056 ], [ -75.912164347687337, 8.227673511310446 ], [ -75.910731426536714, 8.229234294352763 ], [ -75.909422896470517, 8.23175096386297 ], [ -75.907644208427314, 8.236421807376587 ], [ -75.908977498590858, 8.239285095894903 ], [ -75.912350429818858, 8.2420194923031 ], [ -75.912357044019799, 8.243454145429537 ], [ -75.910504624579275, 8.245116885575596 ], [ -75.910379638677227, 8.246121735585067 ], [ -75.911310570892127, 8.250751904530082 ], [ -75.912281155817581, 8.253019041197771 ], [ -75.912289986610531, 8.254931910133388 ], [ -75.910261331338702, 8.257451896206064 ], [ -75.908436082542764, 8.261897805026553 ], [ -75.906957772584718, 8.263009275274129 ], [ -75.904785777649337, 8.263607422952131 ], [ -75.904186834482175, 8.264901377235295 ], [ -75.910074281852772, 8.26893021689224 ], [ -75.911623933033823, 8.274134190957023 ], [ -75.915593724168787, 8.276088629570653 ], [ -75.917432908523125, 8.277993064482468 ], [ -75.917320405536287, 8.279354135059396 ], [ -75.918148879136453, 8.282004466241309 ], [ -75.917170921478117, 8.283348006068847 ], [ -75.917286717726682, 8.287603678225405 ], [ -75.918540521372904, 8.288793455947694 ], [ -75.92027231257731, 8.289526706721666 ], [ -75.920569279340185, 8.291438232182465 ], [ -75.925348489275294, 8.29703523425901 ], [ -75.925815120300854, 8.300471881125143 ], [ -75.923148880676678, 8.309379200367029 ], [ -75.923225281427023, 8.313395921498612 ], [ -75.925435611211753, 8.317861820315887 ], [ -75.926821339514277, 8.318486629739414 ], [ -75.927129340491092, 8.322731808067028 ], [ -75.927018956509812, 8.32376528218647 ], [ -75.924490837837453, 8.325269099486125 ], [ -75.920708560580579, 8.330730783707766 ], [ -75.918576987741943, 8.336957588182365 ], [ -75.91453589504782, 8.34558437345267 ], [ -75.914101121908587, 8.347531498378107 ], [ -75.914266521969139, 8.350510446945169 ], [ -75.913291001978905, 8.352403959583539 ], [ -75.914023340371926, 8.354982976971083 ], [ -75.915472153683154, 8.356745681100282 ], [ -75.917964784833586, 8.364241167060648 ], [ -75.920577944206201, 8.369986030947068 ], [ -75.923191260988261, 8.377082850863989 ], [ -75.923747134937585, 8.38039791441059 ], [ -75.922742485354334, 8.383750166342558 ], [ -75.92124844935411, 8.385894759580429 ], [ -75.921223390139474, 8.388117050883485 ], [ -75.919318465783604, 8.396307029694551 ], [ -75.919544036214134, 8.397674785562717 ], [ -75.918426210215102, 8.398932955118891 ], [ -75.914697204922064, 8.399693615259421 ], [ -75.912871876102798, 8.399606483574482 ], [ -75.910452613618432, 8.399116557906881 ], [ -75.90843547818983, 8.397810822181006 ], [ -75.906807581097908, 8.395273031025711 ], [ -75.90655050950302, 8.392677458416109 ], [ -75.908853367090046, 8.392193320138212 ], [ -75.909039684728, 8.390470064351733 ], [ -75.911178952178503, 8.385827316562869 ], [ -75.913926434116192, 8.382885410212435 ], [ -75.913888285013385, 8.381152025231016 ], [ -75.912327326769102, 8.381099508552275 ], [ -75.911791995288084, 8.382148113603501 ], [ -75.910115839840955, 8.382493051145078 ], [ -75.909093244979815, 8.384056814687785 ], [ -75.90745749936309, 8.383418802116356 ], [ -75.905427870056613, 8.380702321856464 ], [ -75.903793591954596, 8.38037512946247 ], [ -75.902860416216839, 8.381072876868314 ], [ -75.902335975380325, 8.38188828852905 ], [ -75.902318209304056, 8.383227406059476 ], [ -75.903288235462313, 8.38527929395671 ], [ -75.901981494978799, 8.387397510352271 ], [ -75.90219758878041, 8.388681745329658 ], [ -75.901686240437854, 8.390837991101696 ], [ -75.900013485233174, 8.392567348477151 ], [ -75.89727285369699, 8.391862671151104 ], [ -75.89276116619601, 8.392409530634119 ], [ -75.887522466071047, 8.391524988245822 ], [ -75.886083108748778, 8.391818534874508 ], [ -75.883832220694643, 8.393167905796579 ], [ -75.88233952752374, 8.392313927852031 ], [ -75.882083736461041, 8.388919651182244 ], [ -75.880587535571337, 8.387300506583459 ], [ -75.878761138391951, 8.386974091147072 ], [ -75.875837701193348, 8.388278665456905 ], [ -75.87020631718174, 8.385530546584059 ], [ -75.867120134292605, 8.385209796740936 ], [ -75.862948277273446, 8.386567768117549 ], [ -75.861914584891906, 8.38630941656578 ], [ -75.860275267630655, 8.384882117749182 ], [ -75.8555480662598, 8.385572989486496 ], [ -75.852425162203716, 8.385276200157397 ], [ -75.850400609191368, 8.383611465125059 ], [ -75.847129862773485, 8.382478372812184 ], [ -75.84524941208204, 8.380812957316831 ], [ -75.84202714981059, 8.379775245524756 ], [ -75.839208894870637, 8.377803126884059 ], [ -75.836999217450355, 8.377669508255533 ], [ -75.835310272246858, 8.375859705150317 ], [ -75.8337467595818, 8.375244944790134 ], [ -75.832428290955733, 8.375729051704765 ], [ -75.832117118630862, 8.376798554716718 ], [ -75.831952124862696, 8.378559229038919 ], [ -75.832746130350984, 8.379990432970475 ], [ -75.832463311356094, 8.381177737665436 ], [ -75.831451140415908, 8.382502194026557 ], [ -75.82997151121323, 8.382393990332695 ], [ -75.827309452458536, 8.380127720009652 ], [ -75.826606707736119, 8.378696096793318 ], [ -75.827225019652715, 8.377354267968292 ], [ -75.828724559675862, 8.375845369385516 ], [ -75.829247978525856, 8.373096880687704 ], [ -75.830231776816362, 8.371929025543317 ], [ -75.827920740761996, 8.370600183553902 ], [ -75.826124622243043, 8.367300025474407 ], [ -75.824341966658864, 8.365992729185088 ], [ -75.823808938689155, 8.36491902846759 ], [ -75.822852390712768, 8.364512150621877 ] ] ] } },
{ "type": "Feature", "properties": { "FID_Cuenca": 0, "CODIGO": null, "AH": "1", "ZH": "13", "SZH": "1302", "COD_POMCA": "Quebrada Arroyón", "POMCA": "1003-00-28", "NOM_NSS": "Quebrada Arroyón", "COD_NSS": null, "NOMENCLAT": "Subcuenca Quebrada Arroyón", "IND_COMPAC": 1.64, "FORM_IND_C": 1003.0, "IND_SIN": 1.83, "TIPO_DRENA": 1014.0, "DEN_CORRIE": 0.0, "DEN_DREN": 3.27, "TIEM_CONC": 496.939050361, "MET_T_CONC": "Metodologia Temez: Tc=0.3(L/(S^0.25))^0.75; Donde: L es la Longitud del cauce (km) y S es el porcentaje de pendiente del cauce.", "CAUD_MED": 15.84, "T_CORRIEN": "PERMANENTE", "TIPO_FUEN": 2211.0, "Q_TOTAL": 21.94, "Q_MAX": 117.77, "Q_MIN": 0.86, "Q_AMBIENTA": 3.7, "Q_DISPONIB": 12.75, "REND_HID": 36.65, "ESCORR": 689.93, "AREA_ha_": 43217.835825100003, "OBSERV_": null, "SHAPE_Leng": 121758.96424299999, "SHAPE_Area": 432178358.25099999 }, "geometry": { "type": "Polygon", "coordinates": [ [ [ -75.811511569250229, 8.367468507324482 ], [ -75.810354182571061, 8.366373607204274 ], [ -75.806925214939241, 8.366340798938884 ], [ -75.803606231341988, 8.365111850533061 ], [ -75.800768917274411, 8.362386231025011 ], [ -75.794875281098342, 8.359901034125544 ], [ -75.792356249230508, 8.360390216427685 ], [ -75.784539739299305, 8.357434920547188 ], [ -75.781056115133453, 8.356971675532629 ], [ -75.776121504703255, 8.354123334641402 ], [ -75.770576904859169, 8.349005789198634 ], [ -75.765399786343849, 8.345560487738201 ], [ -75.762634001910683, 8.344496169479324 ], [ -75.761185199338613, 8.342589276294904 ], [ -75.756968119922632, 8.339020187618919 ], [ -75.746135679926013, 8.33813329758269 ], [ -75.742111414806615, 8.340374152102697 ], [ -75.739383958767121, 8.342681279520125 ], [ -75.737658850312684, 8.34354939146615 ], [ -75.735355061827846, 8.343845995290163 ], [ -75.729222144148395, 8.341432423813631 ], [ -75.723298776257522, 8.337439575881989 ], [ -75.722147786758853, 8.337803054397041 ], [ -75.720575097460141, 8.34067920654835 ], [ -75.719581016395836, 8.341321507021224 ], [ -75.716408716379718, 8.338831185058115 ], [ -75.716621819948017, 8.338112894015541 ], [ -75.717842457277442, 8.337175215003741 ], [ -75.71783139253445, 8.334520845211578 ], [ -75.715730599769572, 8.333374975977874 ], [ -75.715184704014604, 8.33201414916725 ], [ -75.716653251410705, 8.330071079533003 ], [ -75.718331299435022, 8.326548839571283 ], [ -75.718214443231275, 8.324432963658182 ], [ -75.717014037513152, 8.321568278232242 ], [ -75.714397528772338, 8.318605255667078 ], [ -75.711151238841808, 8.317399008996436 ], [ -75.710067265304261, 8.316542566239768 ], [ -75.709556841667208, 8.315038094543599 ], [ -75.710329546024184, 8.310299996742764 ], [ -75.710025137977979, 8.306305717478882 ], [ -75.707127843922166, 8.302371810830419 ], [ -75.706834567887299, 8.301117534752331 ], [ -75.707865459345001, 8.297849082484387 ], [ -75.707643471349897, 8.296415161215194 ], [ -75.703598343648252, 8.293562023559206 ], [ -75.702582502636844, 8.291736753820425 ], [ -75.699907502405054, 8.28927255789271 ], [ -75.698934315534828, 8.289061289378198 ], [ -75.697207814684234, 8.289620253291018 ], [ -75.696269464173071, 8.289121868953776 ], [ -75.694599458809236, 8.285828514993954 ], [ -75.693301302204873, 8.285403321878583 ], [ -75.689126349011573, 8.285994141402938 ], [ -75.687394601395823, 8.285211968834965 ], [ -75.686620779680254, 8.281916706864612 ], [ -75.685564759396755, 8.280516009859863 ], [ -75.682711724877038, 8.27998942206183 ], [ -75.676328125661072, 8.282077631654728 ], [ -75.670417140363867, 8.282310510999672 ], [ -75.665854756615985, 8.282089546894071 ], [ -75.664380464360576, 8.281138836728365 ], [ -75.6626686158192, 8.280816814620852 ], [ -75.662051240112362, 8.279861995816617 ], [ -75.662801723963952, 8.275420515891193 ], [ -75.660513135510186, 8.269537463681674 ], [ -75.660265077319337, 8.267441790585639 ], [ -75.661595697599324, 8.264386429836174 ], [ -75.664719753295032, 8.262559637263521 ], [ -75.664501469455502, 8.255551661327196 ], [ -75.666390059895463, 8.253032028066436 ], [ -75.664902489853375, 8.251194379702799 ], [ -75.664571406601596, 8.248741504380387 ], [ -75.663624150875691, 8.248116630663949 ], [ -75.663545382529549, 8.245811177573596 ], [ -75.664760195181316, 8.244046693890017 ], [ -75.665222760620509, 8.241921566242532 ], [ -75.667164204499869, 8.240173782230883 ], [ -75.66763414290935, 8.239960306728996 ], [ -75.673174153029777, 8.242253210837552 ], [ -75.674611355433314, 8.241743122197617 ], [ -75.675065560783565, 8.239806429142936 ], [ -75.671858346498482, 8.235435391116665 ], [ -75.671785539971992, 8.234225446838536 ], [ -75.669925742406704, 8.233245651879392 ], [ -75.669524412088492, 8.232415018753484 ], [ -75.672385277232181, 8.230351940373767 ], [ -75.673805913734853, 8.226533681957639 ], [ -75.673516150557433, 8.224438803928901 ], [ -75.67465748161392, 8.223233113299537 ], [ -75.673767755895298, 8.21867925835649 ], [ -75.674354196449741, 8.215627155270045 ], [ -75.674210714492375, 8.21336065074984 ], [ -75.674780876697724, 8.212815222691765 ], [ -75.674980278845354, 8.210535594340204 ], [ -75.672960016035347, 8.207922715757126 ], [ -75.673333181313311, 8.205195006933115 ], [ -75.672520781040163, 8.20278919665151 ], [ -75.676018287071869, 8.201685421767298 ], [ -75.674922550273564, 8.199580526687448 ], [ -75.675809595182002, 8.198113455909953 ], [ -75.675348364869123, 8.193353962205391 ], [ -75.67643918615957, 8.189276410748498 ], [ -75.674810166184898, 8.186032145660455 ], [ -75.674978611809536, 8.183244446640803 ], [ -75.677892094917254, 8.178990317337131 ], [ -75.679689319841756, 8.1818720379511 ], [ -75.682169699167886, 8.182723104990934 ], [ -75.686950297838507, 8.182589296895184 ], [ -75.689288009680197, 8.18175649955452 ], [ -75.689582830235551, 8.180000300134481 ], [ -75.691312298010018, 8.17686184531822 ], [ -75.692449802345266, 8.173529006626076 ], [ -75.693384793830035, 8.17286766189623 ], [ -75.694271188804365, 8.169220106045612 ], [ -75.69483195216354, 8.16907146370049 ], [ -75.695030985892117, 8.17081639677901 ], [ -75.696662896574111, 8.169166562128071 ], [ -75.697186658530001, 8.168083734880202 ], [ -75.697082520363878, 8.165833470422259 ], [ -75.699809979756168, 8.162601247679895 ], [ -75.699000880329606, 8.161066990356375 ], [ -75.699834615587051, 8.159784740811006 ], [ -75.701666894472496, 8.159769760905451 ], [ -75.70321827446655, 8.155609861908891 ], [ -75.70457929817654, 8.15525094401567 ], [ -75.706861179461967, 8.155720055412282 ], [ -75.709424048306261, 8.154460238149959 ], [ -75.710312507888986, 8.154576229394433 ], [ -75.712577286864445, 8.156743264135946 ], [ -75.713684371685872, 8.155249029168967 ], [ -75.71393284868671, 8.154382659709929 ], [ -75.712178454742499, 8.152278542618465 ], [ -75.714206431601298, 8.149318857117686 ], [ -75.714488884182998, 8.14759996102031 ], [ -75.70964065070693, 8.144944068305266 ], [ -75.709634655511223, 8.144450926935226 ], [ -75.710444878629161, 8.141454179433421 ], [ -75.713099526368751, 8.137404429432724 ], [ -75.713432373051191, 8.136039995289696 ], [ -75.714818342526755, 8.135166336266378 ], [ -75.715405895809823, 8.136247267311738 ], [ -75.717173422115053, 8.12975368716481 ], [ -75.716218491682227, 8.128168369077073 ], [ -75.714633073147198, 8.127787350856556 ], [ -75.71327570929688, 8.126831474281353 ], [ -75.712462890396694, 8.126634150424662 ], [ -75.711722869477015, 8.127382956081425 ], [ -75.710730771205363, 8.12746451298945 ], [ -75.711526368829169, 8.125673898715961 ], [ -75.717813306010868, 8.118298112218877 ], [ -75.718712956426231, 8.115164938453786 ], [ -75.718346035968182, 8.114054406930521 ], [ -75.720540247719384, 8.111415512740077 ], [ -75.720905211032047, 8.106125186798504 ], [ -75.723260774196248, 8.10494861393116 ], [ -75.722737873429892, 8.104480243690857 ], [ -75.722972829969962, 8.10177105260453 ], [ -75.723390136068275, 8.099647014857599 ], [ -75.72407629017421, 8.099464892056721 ], [ -75.724051077941738, 8.097689391445815 ], [ -75.725772821079246, 8.094128995534629 ], [ -75.726311880827495, 8.088940892536549 ], [ -75.725780963520904, 8.08755114560166 ], [ -75.726999658064798, 8.084990691589022 ], [ -75.726943944371996, 8.083220441945336 ], [ -75.72847485106999, 8.075843841089403 ], [ -75.729140315092721, 8.074576365739096 ], [ -75.728015507178498, 8.07020505549445 ], [ -75.728084379910641, 8.067876442529473 ], [ -75.727474395080336, 8.06673495262512 ], [ -75.728350614405414, 8.065713099810045 ], [ -75.732743413478417, 8.066431274360767 ], [ -75.733691802597946, 8.066096140594846 ], [ -75.734580987224476, 8.066666599625115 ], [ -75.736177190859891, 8.062905557113028 ], [ -75.736174370504685, 8.060741375293743 ], [ -75.737412413868938, 8.056905782395685 ], [ -75.740374229316458, 8.057740326851343 ], [ -75.741613651252678, 8.059568401476071 ], [ -75.741202098738299, 8.061315173031723 ], [ -75.74294758011203, 8.062325011948053 ], [ -75.743613267446193, 8.061704137397449 ], [ -75.744390614784422, 8.061691411162862 ], [ -75.744363821219991, 8.06452289513933 ], [ -75.747725272911097, 8.065083130431418 ], [ -75.748478977985414, 8.066323563200385 ], [ -75.748397747825095, 8.067576967112741 ], [ -75.749035116846699, 8.068298469306455 ], [ -75.749344321152009, 8.070063380098851 ], [ -75.750284568914026, 8.071058970290848 ], [ -75.751147126709043, 8.0731483585135 ], [ -75.751308555410901, 8.07572139925745 ], [ -75.748564614071668, 8.086303111808007 ], [ -75.747549626739158, 8.088472495964956 ], [ -75.746520233262387, 8.097554989199329 ], [ -75.743573063123677, 8.097402423365285 ], [ -75.744671258868209, 8.101961571366363 ], [ -75.744669887230415, 8.107471068562681 ], [ -75.740208540740198, 8.116248030101612 ], [ -75.740976091910582, 8.122572101235107 ], [ -75.743938129716355, 8.123916446884953 ], [ -75.743705339844382, 8.124633188722724 ], [ -75.746927370137257, 8.125748767147494 ], [ -75.753238199114918, 8.133461215698805 ], [ -75.753937092359223, 8.133558962238466 ], [ -75.757644176388681, 8.130013609263521 ], [ -75.759707433260061, 8.128814916725968 ], [ -75.759738307686575, 8.128183600594021 ], [ -75.76132596326056, 8.127487596719615 ], [ -75.761413671078031, 8.125602018272076 ], [ -75.763472055053199, 8.126712613279018 ], [ -75.764575070763399, 8.125675483273266 ], [ -75.76756349000803, 8.124737610677293 ], [ -75.767445307725424, 8.122812619188689 ], [ -75.768073739936241, 8.122875422984214 ], [ -75.768177428981289, 8.123423860036301 ], [ -75.770663169620931, 8.122657300603551 ], [ -75.777153478219702, 8.122327658909628 ], [ -75.777259392981961, 8.120749460758653 ], [ -75.780403422566636, 8.119295814186684 ], [ -75.780426750885098, 8.116793083210426 ], [ -75.784727050550174, 8.114977636868639 ], [ -75.788506578822975, 8.11511124933031 ], [ -75.788608379765734, 8.118742865064258 ], [ -75.786807979205761, 8.120449983552835 ], [ -75.787502538016426, 8.12389630137173 ], [ -75.790132233012287, 8.130147126142472 ], [ -75.790443852078965, 8.131769717131821 ], [ -75.789511755591974, 8.133299824974866 ], [ -75.791740816916814, 8.136540754327234 ], [ -75.790628203034885, 8.1376196053883 ], [ -75.791600469664971, 8.141323004854835 ], [ -75.793341296690642, 8.141998753797161 ], [ -75.794821685278023, 8.143643270342588 ], [ -75.797057572341288, 8.144290634855993 ], [ -75.795314760427829, 8.151586021686636 ], [ -75.800773509509398, 8.153021076628191 ], [ -75.799441479008337, 8.155241212977625 ], [ -75.798633780486753, 8.157879164359509 ], [ -75.798933660467824, 8.158585745748637 ], [ -75.798066316296541, 8.161972972939244 ], [ -75.798261050693881, 8.164126162095783 ], [ -75.796886591592653, 8.166073451031638 ], [ -75.800687756016032, 8.168232782584084 ], [ -75.800836616203981, 8.170431323372018 ], [ -75.802863395083804, 8.17222908838534 ], [ -75.806790995315765, 8.163480731216307 ], [ -75.807512391321609, 8.163572337104016 ], [ -75.808886477954459, 8.164786113972189 ], [ -75.810844552911533, 8.164980777377428 ], [ -75.813157599941121, 8.163045603209703 ], [ -75.814508785839465, 8.162667730766056 ], [ -75.815321787685434, 8.160629501802021 ], [ -75.816879087092843, 8.161167684767785 ], [ -75.819409697833578, 8.157194281146014 ], [ -75.819455501298165, 8.155064446163586 ], [ -75.820302855269247, 8.154709475388627 ], [ -75.821264716410624, 8.153415541982824 ], [ -75.823154085875601, 8.154102584081622 ], [ -75.825845007112108, 8.154125486413058 ], [ -75.828527568655062, 8.14915908715521 ], [ -75.831051123281966, 8.149032911162148 ], [ -75.831907327698104, 8.147626930234217 ], [ -75.833884414706631, 8.1475210466399 ], [ -75.835414999389101, 8.146500656648872 ], [ -75.835427442835353, 8.145156730364411 ], [ -75.836908251617132, 8.143427045936294 ], [ -75.836995358433214, 8.141423599311496 ], [ -75.841065353277358, 8.144617512878453 ], [ -75.84418790824796, 8.145273474279561 ], [ -75.845914228322982, 8.144931180977617 ], [ -75.847474841722089, 8.150567678744693 ], [ -75.845628050522279, 8.15626686853407 ], [ -75.845999778202085, 8.164395430089069 ], [ -75.843815280923891, 8.169713505057791 ], [ -75.844983421468527, 8.173390897663721 ], [ -75.845392262817555, 8.179032413205093 ], [ -75.845063862884899, 8.180755534541252 ], [ -75.845426314150103, 8.18304151466732 ], [ -75.844782569895642, 8.184005606249636 ], [ -75.844561157211729, 8.186043902473163 ], [ -75.845082900231944, 8.186802029712622 ], [ -75.846464324148755, 8.186580767959354 ], [ -75.848556275573628, 8.187475479065697 ], [ -75.852663181308216, 8.188131763924636 ], [ -75.854885192339083, 8.189126296349983 ], [ -75.85509054509005, 8.189971882580817 ], [ -75.854430801660399, 8.196956785602687 ], [ -75.854641869742338, 8.203950160985082 ], [ -75.853927433264175, 8.205208700862226 ], [ -75.85210455305085, 8.213585997694951 ], [ -75.852843719862292, 8.217886926101091 ], [ -75.855387291956319, 8.22313635852206 ], [ -75.85557343227363, 8.224510482750912 ], [ -75.855528990644345, 8.233382073463261 ], [ -75.854646507936181, 8.237331480498659 ], [ -75.854664384632784, 8.241336679772362 ], [ -75.855823745651264, 8.245635718849249 ], [ -75.85950310598443, 8.249855355225574 ], [ -75.860550593665181, 8.252203638780189 ], [ -75.860566041007644, 8.255646901863789 ], [ -75.858671137757185, 8.257032668984563 ], [ -75.857191054587418, 8.260999088519286 ], [ -75.858757831841373, 8.26351722914926 ], [ -75.857910678545153, 8.267308667825143 ], [ -75.861920036273574, 8.270638475252445 ], [ -75.863214439266699, 8.272358182513878 ], [ -75.863699703440219, 8.274836880542765 ], [ -75.864461508401448, 8.276088851167255 ], [ -75.862280747589722, 8.279577793067602 ], [ -75.863843783048225, 8.282834785575723 ], [ -75.862485677852192, 8.285100541805319 ], [ -75.862616348259991, 8.290121470155007 ], [ -75.86164946008131, 8.29130943935114 ], [ -75.856726619956973, 8.29362699020915 ], [ -75.852611532917123, 8.29942010187942 ], [ -75.848478969788815, 8.301339508824793 ], [ -75.843578447648468, 8.300643902857324 ], [ -75.840542331620227, 8.30117044593726 ], [ -75.839047395026185, 8.301865732477616 ], [ -75.83809344032278, 8.303285556521971 ], [ -75.836178898846811, 8.304823030731034 ], [ -75.835612571873071, 8.307035026669647 ], [ -75.836192083893863, 8.317215291383775 ], [ -75.833628665863344, 8.323826414906332 ], [ -75.831054960762557, 8.328142001161979 ], [ -75.830337290025909, 8.331421156847474 ], [ -75.829500983004252, 8.332321562121921 ], [ -75.829461186502044, 8.336865078919914 ], [ -75.828639773402713, 8.341113145002705 ], [ -75.828103028125184, 8.341892666715092 ], [ -75.82798990235878, 8.343447467813219 ], [ -75.828648719084939, 8.344464630308735 ], [ -75.828661608852443, 8.346015074711717 ], [ -75.830294508602577, 8.348757769389689 ], [ -75.830479648510305, 8.349892783754312 ], [ -75.828464152914904, 8.355580875031267 ], [ -75.829376267006694, 8.358207191273337 ], [ -75.828721057809332, 8.359345926974347 ], [ -75.827043274545446, 8.360010938840345 ], [ -75.826511305232415, 8.361866496980703 ], [ -75.825674937444845, 8.362766908051549 ], [ -75.823460889007123, 8.364330993255059 ], [ -75.813583276593278, 8.367942534850473 ], [ -75.811511569250229, 8.367468507324482 ] ] ] } },
{ "type": "Feature", "properties": { "FID_Cuenca": 0, "CODIGO": null, "AH": "1", "ZH": "13", "SZH": "1302", "COD_POMCA": "Arroyo Vijagual", "POMCA": "1003-00-29", "NOM_NSS": "Arroyo Vijagual", "COD_NSS": null, "NOMENCLAT": "Subcuenca Arroyo Vijagual", "IND_COMPAC": 1.63, "FORM_IND_C": 1003.0, "IND_SIN": 1.49, "TIPO_DRENA": 1012.0, "DEN_CORRIE": 0.0, "DEN_DREN": 2.5, "TIEM_CONC": 306.06953957899998, "MET_T_CONC": "Metodologia Temez: Tc=0.3(L/(S^0.25))^0.75; Donde: L es la Longitud del cauce (km) y S es el porcentaje de pendiente del cauce.", "CAUD_MED": 21.94, "T_CORRIEN": "PERMANENTE", "TIPO_FUEN": 2212.0, "Q_TOTAL": 20.74, "Q_MAX": 89.03, "Q_MIN": 3.11, "Q_AMBIENTA": 3.78, "Q_DISPONIB": 11.77, "REND_HID": 60.84, "ESCORR": 555.83, "AREA_ha_": 36063.829895800001, "OBSERV_": null, "SHAPE_Leng": 110234.588338, "SHAPE_Area": 360638298.958 }, "geometry": { "type": "Polygon", "coordinates": [ [ [ -75.680931817408208, 8.547043659352809 ], [ -75.680163336348656, 8.544236963503467 ], [ -75.679488083191174, 8.543617996819822 ], [ -75.676526970156345, 8.542135614209592 ], [ -75.675983575753833, 8.539195372017538 ], [ -75.675526334741988, 8.538373302925971 ], [ -75.674166688494566, 8.537816929481004 ], [ -75.672821535291774, 8.53496475276145 ], [ -75.675012976144615, 8.533353497128806 ], [ -75.675479608187004, 8.531092725122582 ], [ -75.674661059859346, 8.528355560488521 ], [ -75.675122355426041, 8.52732369930952 ], [ -75.679633251640055, 8.522249243878814 ], [ -75.681067834534005, 8.519677101072476 ], [ -75.680746561290377, 8.51867404413589 ], [ -75.678994872222404, 8.516830334985036 ], [ -75.678299017808527, 8.516841545033619 ], [ -75.673507622757185, 8.524801911807733 ], [ -75.672786333739438, 8.525118439828136 ], [ -75.670887823828593, 8.52453555469121 ], [ -75.66850325219707, 8.520632722458172 ], [ -75.66722928310412, 8.520041392035466 ], [ -75.670694518009029, 8.51754067185624 ], [ -75.669626909343805, 8.512385193681737 ], [ -75.670170328738706, 8.510086511660647 ], [ -75.668840002847602, 8.509168433583756 ], [ -75.668406730803582, 8.507733898430379 ], [ -75.668392918622132, 8.50415571800862 ], [ -75.667635505709683, 8.502546279055004 ], [ -75.668059362077557, 8.501101580589674 ], [ -75.666366881723036, 8.50053343368525 ], [ -75.666455332234918, 8.493001334377615 ], [ -75.668576515530532, 8.490545686254295 ], [ -75.669282972563181, 8.488715566463405 ], [ -75.667215282569799, 8.486884087665986 ], [ -75.666341564176022, 8.484699512461713 ], [ -75.668168289087959, 8.481550848894075 ], [ -75.667913265664154, 8.478463493505487 ], [ -75.666597036350737, 8.476444486161931 ], [ -75.668160569491562, 8.47434926773013 ], [ -75.669011876894274, 8.474011001062957 ], [ -75.671146450603189, 8.469982210538683 ], [ -75.671293012043748, 8.467999274125082 ], [ -75.667765911069722, 8.460539082554817 ], [ -75.669314653699487, 8.457090570545732 ], [ -75.668017421835117, 8.454106586799426 ], [ -75.66721178903552, 8.453858762499518 ], [ -75.66487669544162, 8.454397227618008 ], [ -75.663030256168341, 8.453289829849973 ], [ -75.661552123298961, 8.450103275550379 ], [ -75.659429780428553, 8.447959579917724 ], [ -75.659491923562214, 8.446645814834264 ], [ -75.657893655010284, 8.445263476631295 ], [ -75.656514200811444, 8.442698260858007 ], [ -75.658200303872718, 8.439217923244826 ], [ -75.654974163849161, 8.438041186087958 ], [ -75.658474205232565, 8.430529980320596 ], [ -75.660413911504364, 8.429135137060348 ], [ -75.665117303114712, 8.427776515231793 ], [ -75.665220738920098, 8.427035188484545 ], [ -75.663115148551256, 8.421002365533289 ], [ -75.661706204921444, 8.419145748488777 ], [ -75.662694595636779, 8.41710905603059 ], [ -75.662221716735147, 8.413033592912527 ], [ -75.658509671273634, 8.409654292944991 ], [ -75.656654331884098, 8.407123580353218 ], [ -75.649341080131776, 8.408491968605317 ], [ -75.649298304642755, 8.402328956524684 ], [ -75.645273168190243, 8.396798868295994 ], [ -75.648236309047093, 8.390818871782283 ], [ -75.646919235342779, 8.389191900741096 ], [ -75.654689165713336, 8.388233144863788 ], [ -75.657497369862099, 8.383936106264308 ], [ -75.658180059596972, 8.37861369478575 ], [ -75.661428481798097, 8.378911639339286 ], [ -75.661560940323923, 8.377263677498599 ], [ -75.664437063801401, 8.377691673103756 ], [ -75.66492310436098, 8.37539273141636 ], [ -75.665873123380464, 8.373632599092616 ], [ -75.669702549074387, 8.368593210481846 ], [ -75.668700255160587, 8.368594693928445 ], [ -75.668604064818268, 8.367977751447276 ], [ -75.664413529013004, 8.36800825367197 ], [ -75.66369991149223, 8.36613902774441 ], [ -75.663452944498502, 8.360724105690075 ], [ -75.660134448446684, 8.36015716083671 ], [ -75.658133694254516, 8.355885444475657 ], [ -75.658449193672354, 8.354964652252832 ], [ -75.657848681023253, 8.354468311564302 ], [ -75.653250141826277, 8.352932209965335 ], [ -75.650887861171412, 8.354517968070276 ], [ -75.649294504947548, 8.354532262686309 ], [ -75.649866849394812, 8.350300239374041 ], [ -75.649399184140961, 8.348808686313161 ], [ -75.649709217918186, 8.348183295168749 ], [ -75.651427445404707, 8.347498936920546 ], [ -75.651356882193852, 8.344868634591519 ], [ -75.649990450209927, 8.343929439083723 ], [ -75.649064729825454, 8.340609006865398 ], [ -75.649882667476078, 8.339782755159835 ], [ -75.652685351085694, 8.339327176584026 ], [ -75.654050535416076, 8.338460834031478 ], [ -75.654291216376961, 8.337710685442454 ], [ -75.653265627271722, 8.336376102523007 ], [ -75.652989360545078, 8.332496020580157 ], [ -75.650851778830813, 8.331146162250823 ], [ -75.650230319609634, 8.332402987642613 ], [ -75.648810426964275, 8.332278131058088 ], [ -75.648126881936975, 8.330973752243613 ], [ -75.648441782741102, 8.3299244057911 ], [ -75.64761544015866, 8.326299676272855 ], [ -75.646608660675142, 8.325864948018134 ], [ -75.645038642975379, 8.326001815715417 ], [ -75.64261796463741, 8.328021999168682 ], [ -75.641766367815876, 8.328184227138443 ], [ -75.637506615350873, 8.32756382167285 ], [ -75.636330408782285, 8.326787830636537 ], [ -75.634949948974395, 8.322647744900253 ], [ -75.63640610226652, 8.319136931261998 ], [ -75.636336343051539, 8.318052376232432 ], [ -75.637577797970238, 8.316428917707517 ], [ -75.639977425033024, 8.316075126463014 ], [ -75.641291319392423, 8.313181085263812 ], [ -75.642655827364521, 8.31336703454509 ], [ -75.645869905251715, 8.314961427364407 ], [ -75.64663888337104, 8.316187177762005 ], [ -75.648754866921379, 8.315629851333357 ], [ -75.649955178203811, 8.314142645311859 ], [ -75.650059986149273, 8.3128765103302 ], [ -75.648073222773348, 8.31133908102232 ], [ -75.647615434803512, 8.30996457582069 ], [ -75.649411800727449, 8.309588087538836 ], [ -75.650984941834494, 8.3067521224856 ], [ -75.650636761724087, 8.302876002955912 ], [ -75.651373302605236, 8.298811631479818 ], [ -75.653354786589276, 8.300156716910642 ], [ -75.654914018490942, 8.299815744627329 ], [ -75.656716295446699, 8.300215148411064 ], [ -75.658944512078804, 8.299058420256172 ], [ -75.664777745496309, 8.292841420511584 ], [ -75.664220217137256, 8.291053730648599 ], [ -75.662489404600464, 8.288565075867444 ], [ -75.662214437063426, 8.280462084060591 ], [ -75.665854756615985, 8.282089546894071 ], [ -75.670417140363867, 8.282310510999672 ], [ -75.676328125661072, 8.282077631654728 ], [ -75.682711724877038, 8.27998942206183 ], [ -75.685564759396755, 8.280516009859863 ], [ -75.686620779680254, 8.281916706864612 ], [ -75.687394601395823, 8.285211968834965 ], [ -75.689126349011573, 8.285994141402938 ], [ -75.693301302204873, 8.285403321878583 ], [ -75.694599458809236, 8.285828514993954 ], [ -75.696269464173071, 8.289121868953776 ], [ -75.697207814684234, 8.289620253291018 ], [ -75.698934315534828, 8.289061289378198 ], [ -75.699907502405054, 8.28927255789271 ], [ -75.702582502636844, 8.291736753820425 ], [ -75.703598343648252, 8.293562023559206 ], [ -75.707643471349897, 8.296415161215194 ], [ -75.707865459345001, 8.297849082484387 ], [ -75.706834567887299, 8.301117534752331 ], [ -75.707127843922166, 8.302371810830419 ], [ -75.710025137977979, 8.306305717478882 ], [ -75.710329546024184, 8.310299996742764 ], [ -75.709556841667208, 8.315038094543599 ], [ -75.710067265304261, 8.316542566239768 ], [ -75.711151238841808, 8.317399008996436 ], [ -75.714397528772338, 8.318605255667078 ], [ -75.717014037513152, 8.321568278232242 ], [ -75.718214443231275, 8.324432963658182 ], [ -75.718331299435022, 8.326548839571283 ], [ -75.716653251410705, 8.330071079533003 ], [ -75.715184704014604, 8.33201414916725 ], [ -75.715730599769572, 8.333374975977874 ], [ -75.71783139253445, 8.334520845211578 ], [ -75.717842457277442, 8.337175215003741 ], [ -75.716621819948017, 8.338112894015541 ], [ -75.716408716379718, 8.338831185058115 ], [ -75.719581016395836, 8.341321507021224 ], [ -75.720575097460141, 8.34067920654835 ], [ -75.722147786758853, 8.337803054397041 ], [ -75.723298776257522, 8.337439575881989 ], [ -75.729222144148395, 8.341432423813631 ], [ -75.735355061827846, 8.343845995290163 ], [ -75.737658850312684, 8.34354939146615 ], [ -75.739383958767121, 8.342681279520125 ], [ -75.742111414806615, 8.340374152102697 ], [ -75.746135679926013, 8.33813329758269 ], [ -75.756968119922632, 8.339020187618919 ], [ -75.761185199338613, 8.342589276294904 ], [ -75.762634001910683, 8.344496169479324 ], [ -75.765399786343849, 8.345560487738201 ], [ -75.770576904859169, 8.349005789198634 ], [ -75.776121504703255, 8.354123334641402 ], [ -75.781056115133453, 8.356971675532629 ], [ -75.784539739299305, 8.357434920547188 ], [ -75.792356249230508, 8.360390216427685 ], [ -75.794875281098342, 8.359901034125544 ], [ -75.800768917274411, 8.362386231025011 ], [ -75.803606231341988, 8.365111850533061 ], [ -75.806925214939241, 8.366340798938884 ], [ -75.810354182571061, 8.366373607204274 ], [ -75.811511569250229, 8.367468507324482 ], [ -75.813583276593278, 8.367942534850473 ], [ -75.813986425709132, 8.369181530866976 ], [ -75.813899200209875, 8.373880715356213 ], [ -75.814737021962685, 8.376168808500653 ], [ -75.812322627100087, 8.381151061704411 ], [ -75.810031473759466, 8.384317578846066 ], [ -75.810040370823941, 8.386326190746695 ], [ -75.810935979041673, 8.393352526675205 ], [ -75.8132545654761, 8.396355290128987 ], [ -75.815424004644825, 8.398210893859615 ], [ -75.81662833973806, 8.403159611515523 ], [ -75.815091528494278, 8.405868502997015 ], [ -75.811276921544632, 8.409563683438119 ], [ -75.811384910375736, 8.41224738128957 ], [ -75.814158999558231, 8.415044847927645 ], [ -75.814767606685422, 8.41689537064773 ], [ -75.813876941772577, 8.419111206414419 ], [ -75.813234138660903, 8.423059597593381 ], [ -75.810495645407002, 8.428272651247164 ], [ -75.810439602357775, 8.429169615260381 ], [ -75.81069439910398, 8.432456451450388 ], [ -75.813888921115733, 8.435252032304646 ], [ -75.815283416312397, 8.438294684071073 ], [ -75.81584274827847, 8.442536651000262 ], [ -75.815857197203542, 8.445764756712443 ], [ -75.81538544574741, 8.447679840099445 ], [ -75.813286660474247, 8.450264788540531 ], [ -75.810421642677014, 8.45206585610592 ], [ -75.803400894389554, 8.452993597647767 ], [ -75.801117485471238, 8.452585191360415 ], [ -75.797370409086156, 8.453049314783293 ], [ -75.794775042614361, 8.457039771398263 ], [ -75.794330083323189, 8.458666112897621 ], [ -75.790624655935872, 8.462568167376169 ], [ -75.78984270273024, 8.465217833644582 ], [ -75.787178084655665, 8.468787708377976 ], [ -75.788073606331665, 8.472514165430093 ], [ -75.788182529920405, 8.475176060327067 ], [ -75.786054216082306, 8.479460971559424 ], [ -75.782859676954445, 8.480536672216548 ], [ -75.782106079808699, 8.482849935921481 ], [ -75.780425800960558, 8.484177260173391 ], [ -75.779245542840087, 8.484512408912995 ], [ -75.778360753308121, 8.485895785257608 ], [ -75.777794564443866, 8.488229751341903 ], [ -75.778380808402886, 8.490451080558149 ], [ -75.77810948343442, 8.494290264634005 ], [ -75.778516706040591, 8.496763457520315 ], [ -75.777513898616633, 8.498130865760411 ], [ -75.774932962142756, 8.499248648342817 ], [ -75.774830979219999, 8.500090823489417 ], [ -75.773316459180364, 8.50223826307527 ], [ -75.773233137478968, 8.503799491823939 ], [ -75.77448598096602, 8.505999430488545 ], [ -75.774424974728845, 8.508510540936413 ], [ -75.773960055807848, 8.50930169211575 ], [ -75.774398263110996, 8.510626939852433 ], [ -75.773674133929987, 8.512310528512884 ], [ -75.774517670123615, 8.516465922299668 ], [ -75.774359393379754, 8.519795273316378 ], [ -75.774073674031158, 8.520370429135733 ], [ -75.76997691407287, 8.520413967876461 ], [ -75.770278107536512, 8.522510450901878 ], [ -75.769711448097183, 8.524751162640605 ], [ -75.764943547220568, 8.528674503268588 ], [ -75.760960509842562, 8.5341353917114 ], [ -75.753539552571709, 8.539208403120302 ], [ -75.75230368540214, 8.538715352500175 ], [ -75.751830949242475, 8.536077396240158 ], [ -75.750846846362137, 8.535163384422633 ], [ -75.748889891097207, 8.535917913848202 ], [ -75.746052660343238, 8.539164189377924 ], [ -75.74530378496199, 8.539310892287226 ], [ -75.743206085589179, 8.538640781822762 ], [ -75.740696396713687, 8.533565422659159 ], [ -75.739709384319994, 8.530305505393349 ], [ -75.738481632124405, 8.529700978529879 ], [ -75.736143986703823, 8.530751204552173 ], [ -75.734172841623575, 8.533234648910376 ], [ -75.732197500905514, 8.534749618997827 ], [ -75.726755064218537, 8.534449976908784 ], [ -75.724907639636513, 8.533048603921507 ], [ -75.72355766820057, 8.533353253586077 ], [ -75.719862066357294, 8.532860762640373 ], [ -75.718393125218086, 8.533434924934758 ], [ -75.717986505695109, 8.533893349185552 ], [ -75.718243335952153, 8.534968366379887 ], [ -75.717731616929072, 8.535805110565734 ], [ -75.717349335308796, 8.539106781247927 ], [ -75.716848227239808, 8.539898044987861 ], [ -75.713407429931252, 8.541810561559453 ], [ -75.710715375765943, 8.546739290072528 ], [ -75.709887945476751, 8.547065611461978 ], [ -75.707614693837343, 8.546357783392537 ], [ -75.704518808561787, 8.544182355672703 ], [ -75.702658782375352, 8.544608652867845 ], [ -75.701748202285543, 8.543829658466416 ], [ -75.701646645713836, 8.542538749461645 ], [ -75.700949469485735, 8.542422103662958 ], [ -75.697643662618134, 8.544659912921336 ], [ -75.696802342722151, 8.544543863095031 ], [ -75.691826920814492, 8.549658255048568 ], [ -75.691863176990552, 8.551653346431252 ], [ -75.690919401526401, 8.553455593314206 ], [ -75.691335963068084, 8.555390867210988 ], [ -75.688286313251893, 8.555738370451913 ], [ -75.68192490530059, 8.565046648220134 ], [ -75.681524464289552, 8.56331415097463 ], [ -75.682003473109503, 8.562009267834691 ], [ -75.681787574974166, 8.559965523227227 ], [ -75.682302233976728, 8.558732765244926 ], [ -75.682100127062128, 8.556105107945527 ], [ -75.681284089045732, 8.553726115464503 ], [ -75.68291066493525, 8.552033445380268 ], [ -75.683313513329082, 8.550704558136283 ], [ -75.682225823943114, 8.549288252604846 ], [ -75.681698326801296, 8.547477649611952 ], [ -75.680931817408208, 8.547043659352809 ] ] ] } },
{ "type": "Feature", "properties": { "FID_Cuenca": 0, "CODIGO": null, "AH": "1", "ZH": "13", "SZH": "1302", "COD_POMCA": "Arroyo El Vueltoso", "POMCA": "1003-00-50", "NOM_NSS": "Arroyo El Vueltoso", "COD_NSS": null, "NOMENCLAT": "Subcuenca Arroyo El Vueltoso", "IND_COMPAC": 1.96, "FORM_IND_C": 1003.0, "IND_SIN": 1.59, "TIPO_DRENA": 1013.0, "DEN_CORRIE": 0.0, "DEN_DREN": 1.63, "TIEM_CONC": 322.51689801100002, "MET_T_CONC": "Metodologia Temez: Tc=0.3(L/(S^0.25))^0.75; Donde: L es la Longitud del cauce (km) y S es el porcentaje de pendiente del cauce.", "CAUD_MED": 112.6, "T_CORRIEN": "PERMANENTE", "TIPO_FUEN": 2212.0, "Q_TOTAL": 11.36, "Q_MAX": 54.55, "Q_MIN": 2.2, "Q_AMBIENTA": 2.27, "Q_DISPONIB": 6.25, "REND_HID": 492.22, "ESCORR": 378.84, "AREA_ha_": 22876.0334802, "OBSERV_": null, "SHAPE_Leng": 105615.720929, "SHAPE_Area": 228760334.80199999 }, "geometry": { "type": "Polygon", "coordinates": [ [ [ -75.68192490530059, 8.565046648220134 ], [ -75.688286313251893, 8.555738370451913 ], [ -75.691335963068084, 8.555390867210988 ], [ -75.690919401526401, 8.553455593314206 ], [ -75.691863176990552, 8.551653346431252 ], [ -75.691826920814492, 8.549658255048568 ], [ -75.696802342722151, 8.544543863095031 ], [ -75.697643662618134, 8.544659912921336 ], [ -75.700949469485735, 8.542422103662958 ], [ -75.701646645713836, 8.542538749461645 ], [ -75.701748202285543, 8.543829658466416 ], [ -75.702658782375352, 8.544608652867845 ], [ -75.704518808561787, 8.544182355672703 ], [ -75.707614693837343, 8.546357783392537 ], [ -75.709887945476751, 8.547065611461978 ], [ -75.710715375765943, 8.546739290072528 ], [ -75.713407429931252, 8.541810561559453 ], [ -75.716848227239808, 8.539898044987861 ], [ -75.717349335308796, 8.539106781247927 ], [ -75.717731616929072, 8.535805110565734 ], [ -75.718243335952153, 8.534968366379887 ], [ -75.717986505695109, 8.533893349185552 ], [ -75.718393125218086, 8.533434924934758 ], [ -75.719862066357294, 8.532860762640373 ], [ -75.72355766820057, 8.533353253586077 ], [ -75.724907639636513, 8.533048603921507 ], [ -75.726755064218537, 8.534449976908784 ], [ -75.732197500905514, 8.534749618997827 ], [ -75.734172841623575, 8.533234648910376 ], [ -75.736143986703823, 8.530751204552173 ], [ -75.738481632124405, 8.529700978529879 ], [ -75.739709384319994, 8.530305505393349 ], [ -75.740696396713687, 8.533565422659159 ], [ -75.743736237469506, 8.539021112705099 ], [ -75.746052660343238, 8.539164189377924 ], [ -75.748889891097207, 8.535917913848202 ], [ -75.750846846362137, 8.535163384422633 ], [ -75.751830949242475, 8.536077396240158 ], [ -75.75230368540214, 8.538715352500175 ], [ -75.753539552571709, 8.539208403120302 ], [ -75.756625674158414, 8.537377657652474 ], [ -75.758021619680889, 8.535783787126865 ], [ -75.760189186577222, 8.534856128238843 ], [ -75.763340627970891, 8.531264065406299 ], [ -75.764943547220568, 8.528674503268588 ], [ -75.769711448097183, 8.524751162640605 ], [ -75.770278107536512, 8.522510450901878 ], [ -75.76997691407287, 8.520413967876461 ], [ -75.774073674031158, 8.520370429135733 ], [ -75.774517670123615, 8.516465922299668 ], [ -75.773674133929987, 8.512310528512884 ], [ -75.774398263110996, 8.510626939852433 ], [ -75.773960055807848, 8.50930169211575 ], [ -75.774424974728845, 8.508510540936413 ], [ -75.77448598096602, 8.505999430488545 ], [ -75.773233137478968, 8.503799491823939 ], [ -75.773316459180364, 8.50223826307527 ], [ -75.774830979219999, 8.500090823489417 ], [ -75.774932962142756, 8.499248648342817 ], [ -75.777513898616633, 8.498130865760411 ], [ -75.778516706040591, 8.496763457520315 ], [ -75.77810948343442, 8.494290264634005 ], [ -75.778380808402886, 8.490451080558149 ], [ -75.777794564443866, 8.488229751341903 ], [ -75.778360753308121, 8.485895785257608 ], [ -75.779245542840087, 8.484512408912995 ], [ -75.780425800960558, 8.484177260173391 ], [ -75.782106079808699, 8.482849935921481 ], [ -75.782859676954445, 8.480536672216548 ], [ -75.786054216082306, 8.479460971559424 ], [ -75.788182529920405, 8.475176060327067 ], [ -75.787334066638735, 8.468213120513077 ], [ -75.78984270273024, 8.465217833644582 ], [ -75.790624655935872, 8.462568167376169 ], [ -75.794330083323189, 8.458666112897621 ], [ -75.794775042614361, 8.457039771398263 ], [ -75.797073411492548, 8.453232355792178 ], [ -75.798956548373482, 8.452714265144065 ], [ -75.803400894389554, 8.452993597647767 ], [ -75.810421642677014, 8.45206585610592 ], [ -75.813286660474247, 8.450264788540531 ], [ -75.81538544574741, 8.447679840099445 ], [ -75.815739794853073, 8.446363086394729 ], [ -75.81584274827847, 8.442536651000262 ], [ -75.815283416312397, 8.438294684071073 ], [ -75.813888921115733, 8.435252032304646 ], [ -75.81069439910398, 8.432456451450388 ], [ -75.810447857360927, 8.431022793849188 ], [ -75.810495645407002, 8.428272651247164 ], [ -75.813234138660903, 8.423059597593381 ], [ -75.813876941772577, 8.419111206414419 ], [ -75.814767606685422, 8.41689537064773 ], [ -75.814158999558231, 8.415044847927645 ], [ -75.811384910375736, 8.41224738128957 ], [ -75.811276921544632, 8.409563683438119 ], [ -75.815091528494278, 8.405868502997015 ], [ -75.81662833973806, 8.403159611515523 ], [ -75.815424004644825, 8.398210893859615 ], [ -75.8132545654761, 8.396355290128987 ], [ -75.810935979041673, 8.393352526675205 ], [ -75.810040370823941, 8.386326190746695 ], [ -75.810031473759466, 8.384317578846066 ], [ -75.812322627100087, 8.381151061704411 ], [ -75.814737021962685, 8.376168808500653 ], [ -75.813899200209875, 8.373880715356213 ], [ -75.813986425709132, 8.369181530866976 ], [ -75.813583276593278, 8.367942534850473 ], [ -75.822852390712768, 8.364512150621877 ], [ -75.823808938689155, 8.36491902846759 ], [ -75.824341966658864, 8.365992729185088 ], [ -75.826124622243043, 8.367300025474407 ], [ -75.827920740761996, 8.370600183553902 ], [ -75.830231776816362, 8.371929025543317 ], [ -75.829247978525856, 8.373096880687704 ], [ -75.828724559675862, 8.375845369385516 ], [ -75.827225019652715, 8.377354267968292 ], [ -75.826606707736119, 8.378696096793318 ], [ -75.827309452458536, 8.380127720009652 ], [ -75.82997151121323, 8.382393990332695 ], [ -75.831451140415908, 8.382502194026557 ], [ -75.832463311356094, 8.381177737665436 ], [ -75.832746130350984, 8.379990432970475 ], [ -75.831952124862696, 8.378559229038919 ], [ -75.832117118630862, 8.376798554716718 ], [ -75.832428290955733, 8.375729051704765 ], [ -75.8337467595818, 8.375244944790134 ], [ -75.835310272246858, 8.375859705150317 ], [ -75.836999217450355, 8.377669508255533 ], [ -75.839208894870637, 8.377803126884059 ], [ -75.84202714981059, 8.379775245524756 ], [ -75.84524941208204, 8.380812957316831 ], [ -75.847129862773485, 8.382478372812184 ], [ -75.850400609191368, 8.383611465125059 ], [ -75.852425162203716, 8.385276200157397 ], [ -75.8555480662598, 8.385572989486496 ], [ -75.860275267630655, 8.384882117749182 ], [ -75.861914584891906, 8.38630941656578 ], [ -75.862948277273446, 8.386567768117549 ], [ -75.867120134292605, 8.385209796740936 ], [ -75.87020631718174, 8.385530546584059 ], [ -75.875837701193348, 8.388278665456905 ], [ -75.878761138391951, 8.386974091147072 ], [ -75.880587535571337, 8.387300506583459 ], [ -75.882083736461041, 8.388919651182244 ], [ -75.88233952752374, 8.392313927852031 ], [ -75.883303965804089, 8.393170326978572 ], [ -75.887522466071047, 8.391524988245822 ], [ -75.89276116619601, 8.392409530634119 ], [ -75.89727285369699, 8.391862671151104 ], [ -75.900013485233174, 8.392567348477151 ], [ -75.901876320952155, 8.390406706946044 ], [ -75.901981494978799, 8.387397510352271 ], [ -75.903288235462313, 8.38527929395671 ], [ -75.902318209304056, 8.383227406059476 ], [ -75.902335975380325, 8.38188828852905 ], [ -75.903314944111216, 8.380712103658819 ], [ -75.904249680567304, 8.380349107499251 ], [ -75.905427870056613, 8.380702321856464 ], [ -75.90745749936309, 8.383418802116356 ], [ -75.909093244979815, 8.384056814687785 ], [ -75.910115839840955, 8.382493051145078 ], [ -75.911791995288084, 8.382148113603501 ], [ -75.912327326769102, 8.381099508552275 ], [ -75.914129651853784, 8.381419903066192 ], [ -75.913598814053145, 8.383424936725369 ], [ -75.911178952178503, 8.385827316562869 ], [ -75.909039684728, 8.390470064351733 ], [ -75.908853367090046, 8.392193320138212 ], [ -75.90655050950302, 8.392677458416109 ], [ -75.906807581097908, 8.395273031025711 ], [ -75.90843547818983, 8.397810822181006 ], [ -75.910452613618432, 8.399116557906881 ], [ -75.914097028262944, 8.399720326022093 ], [ -75.91805566252242, 8.399008418655933 ], [ -75.919165714946345, 8.40017487357267 ], [ -75.919222424161987, 8.402015764641806 ], [ -75.919796563914829, 8.402902735773853 ], [ -75.918643340914656, 8.403364431127439 ], [ -75.915985943589121, 8.406074031746316 ], [ -75.913045855554955, 8.409951807841159 ], [ -75.907682586672905, 8.41317086836392 ], [ -75.906873120313378, 8.414657134253027 ], [ -75.907223667964061, 8.417716143042792 ], [ -75.906073836515006, 8.421608547218758 ], [ -75.902911668553955, 8.424679528407466 ], [ -75.900211825444387, 8.425899115640997 ], [ -75.897909198300269, 8.428567345371018 ], [ -75.894173575892282, 8.430832328140177 ], [ -75.893362689111484, 8.432031652586923 ], [ -75.893274672597911, 8.433753682172744 ], [ -75.892652989105031, 8.434330433766139 ], [ -75.889294594449041, 8.435111130718145 ], [ -75.886305490467961, 8.436621833031511 ], [ -75.882782042504957, 8.436517319668802 ], [ -75.881012932452919, 8.436943913005726 ], [ -75.875938800619409, 8.443214134930658 ], [ -75.876279801818399, 8.445543951773169 ], [ -75.879060098104688, 8.44953636350119 ], [ -75.880108018027244, 8.452978626417057 ], [ -75.878299417711034, 8.456586563421906 ], [ -75.879170643336295, 8.45801724574924 ], [ -75.879181089232972, 8.460264884632908 ], [ -75.877220678934478, 8.462186839925277 ], [ -75.877093908704722, 8.465917631884194 ], [ -75.87676279253543, 8.467019089060297 ], [ -75.875424766381371, 8.468507768018132 ], [ -75.875531269945284, 8.470754968983719 ], [ -75.876506597795895, 8.473906806845596 ], [ -75.875983344147443, 8.475009150136376 ], [ -75.87180287804641, 8.474693625746792 ], [ -75.869357374735273, 8.475613502484281 ], [ -75.867145693135811, 8.477758963140763 ], [ -75.864212106922764, 8.479092333561658 ], [ -75.864201499503324, 8.4861511250385 ], [ -75.863098011643586, 8.487808525655305 ], [ -75.862184451201301, 8.491519030478576 ], [ -75.862851756536799, 8.496384358528609 ], [ -75.860412280563452, 8.498643240657378 ], [ -75.859416761693765, 8.501517210694047 ], [ -75.857264356671607, 8.503535651129079 ], [ -75.856311770401916, 8.505309480254487 ], [ -75.855226532869395, 8.509570744341644 ], [ -75.855577147482364, 8.512677675707168 ], [ -75.855217343461888, 8.517987742593373 ], [ -75.851561794819773, 8.524831286216061 ], [ -75.851566206523486, 8.525787740151575 ], [ -75.852657601104013, 8.528054373352411 ], [ -75.852071718821747, 8.531225370560637 ], [ -75.850998242241076, 8.532844329605556 ], [ -75.851969559401041, 8.535111509939306 ], [ -75.850477641462533, 8.537150841364335 ], [ -75.849995275361891, 8.539209809433494 ], [ -75.851330795393906, 8.54231223557993 ], [ -75.853264940244827, 8.544993451943116 ], [ -75.853543205567888, 8.546725780821671 ], [ -75.852984454539552, 8.549268971434779 ], [ -75.850980242541553, 8.55092209710749 ], [ -75.849279279750178, 8.55381941077856 ], [ -75.846916609662927, 8.549382617269311 ], [ -75.84536125627227, 8.548098481983741 ], [ -75.8415357754985, 8.547326750919206 ], [ -75.836982575777029, 8.547634414581552 ], [ -75.835668620123755, 8.547123883748814 ], [ -75.83186129859115, 8.549795393092374 ], [ -75.829853288126642, 8.551956576916877 ], [ -75.828879881509877, 8.554525423534514 ], [ -75.82801346020976, 8.562061655189503 ], [ -75.827061836291847, 8.564098492628673 ], [ -75.82580472797649, 8.565000886093804 ], [ -75.820056440390246, 8.573199856788488 ], [ -75.813783957991362, 8.575944532366748 ], [ -75.805518993692232, 8.574487107171148 ], [ -75.798365926919217, 8.573942795818795 ], [ -75.795489825314704, 8.575462093739223 ], [ -75.792406169779994, 8.578919208698943 ], [ -75.791479518576878, 8.581218928039855 ], [ -75.7909261003567, 8.586386491012565 ], [ -75.789851419818135, 8.587826018029521 ], [ -75.788557933903022, 8.588692614485437 ], [ -75.782437969823562, 8.590154496310838 ], [ -75.770824889680583, 8.588197039144349 ], [ -75.768304154779742, 8.58863853598362 ], [ -75.759785938468809, 8.585662793666376 ], [ -75.752284422825795, 8.584404156647402 ], [ -75.747816683558298, 8.584638755052454 ], [ -75.744147711432362, 8.586232896137744 ], [ -75.742491213351215, 8.586527012132352 ], [ -75.74155234729885, 8.586100630656745 ], [ -75.735721445824112, 8.587649823485213 ], [ -75.733614940721282, 8.587228443546751 ], [ -75.731917095860865, 8.584638760339056 ], [ -75.731395844938419, 8.581195699679602 ], [ -75.730057171699173, 8.579981862402215 ], [ -75.731130697123618, 8.578219640012465 ], [ -75.730325310915703, 8.575317632500635 ], [ -75.726691831025605, 8.571776673092542 ], [ -75.727291002937065, 8.568653429579445 ], [ -75.726336433782194, 8.564568332139759 ], [ -75.724518418142097, 8.560809736979936 ], [ -75.724403215902782, 8.559160208855506 ], [ -75.720821511116171, 8.555875402361512 ], [ -75.71761495527619, 8.556032493281078 ], [ -75.717120739518677, 8.558437885885287 ], [ -75.716109126310556, 8.557832382448005 ], [ -75.715028509489912, 8.557944569607672 ], [ -75.713056794671019, 8.560356216543109 ], [ -75.711078170691252, 8.561153727247355 ], [ -75.708923634556228, 8.562956338650961 ], [ -75.707275141440235, 8.562932435552252 ], [ -75.704887134088537, 8.564075999690193 ], [ -75.701847098998925, 8.564433145754579 ], [ -75.698255953427179, 8.564003431150685 ], [ -75.698550887615738, 8.562165628208611 ], [ -75.700696103084994, 8.559215023860645 ], [ -75.700059018625709, 8.55627632365098 ], [ -75.69663457240631, 8.556686435652519 ], [ -75.694199402009119, 8.555410075872217 ], [ -75.692116047662424, 8.555592152480468 ], [ -75.687084782545782, 8.558611008733147 ], [ -75.684903116105758, 8.562565857177145 ], [ -75.68192490530059, 8.565046648220134 ] ] ] } },
{ "type": "Feature", "properties": { "FID_Cuenca": 0, "CODIGO": null, "AH": "1", "ZH": "13", "SZH": "1302", "COD_POMCA": "Caño Betanci", "POMCA": "1003-00-54", "NOM_NSS": "Caño Betanci", "COD_NSS": null, "NOMENCLAT": "Subcuenca Caño Betanci", "IND_COMPAC": 1.73, "FORM_IND_C": 1003.0, "IND_SIN": 1.82, "TIPO_DRENA": 1014.0, "DEN_CORRIE": 0.0, "DEN_DREN": 2.14, "TIEM_CONC": 468.95014019899997, "MET_T_CONC": "Metodologia Temez: Tc=0.3(L/(S^0.25))^0.75; Donde: L es la Longitud del cauce (km) y S es el porcentaje de pendiente del cauce.", "CAUD_MED": 11.36, "T_CORRIEN": "PERMANENTE", "TIPO_FUEN": 2213.0, "Q_TOTAL": 112.6, "Q_MAX": 475.12, "Q_MIN": 19.17, "Q_AMBIENTA": 21.5, "Q_DISPONIB": 62.95, "REND_HID": 57.09, "ESCORR": 297.24, "AREA_ha_": 19898.489922100001, "OBSERV_": null, "SHAPE_Leng": 87024.922015499993, "SHAPE_Area": 198984899.22099999 }, "geometry": { "type": "Polygon", "coordinates": [ [ [ -75.849279279750178, 8.55381941077856 ], [ -75.850980242541553, 8.55092209710749 ], [ -75.852984454539552, 8.549268971434779 ], [ -75.853543205567888, 8.546725780821671 ], [ -75.853264940244827, 8.544993451943116 ], [ -75.851330795393906, 8.54231223557993 ], [ -75.849995275361891, 8.539209809433494 ], [ -75.850477641462533, 8.537150841364335 ], [ -75.851969559401041, 8.535111509939306 ], [ -75.850998242241076, 8.532844329605556 ], [ -75.852071718821747, 8.531225370560637 ], [ -75.852657601104013, 8.528054373352411 ], [ -75.851566206523486, 8.525787740151575 ], [ -75.851561794819773, 8.524831286216061 ], [ -75.855217343461888, 8.517987742593373 ], [ -75.855577147482364, 8.512677675707168 ], [ -75.855226532869395, 8.509570744341644 ], [ -75.856311770401916, 8.505309480254487 ], [ -75.857264356671607, 8.503535651129079 ], [ -75.859416761693765, 8.501517210694047 ], [ -75.860412280563452, 8.498643240657378 ], [ -75.862851756536799, 8.496384358528609 ], [ -75.862184451201301, 8.491519030478576 ], [ -75.863098011643586, 8.487808525655305 ], [ -75.864201499503324, 8.4861511250385 ], [ -75.864212106922764, 8.479092333561658 ], [ -75.867145693135811, 8.477758963140763 ], [ -75.869357374735273, 8.475613502484281 ], [ -75.87180287804641, 8.474693625746792 ], [ -75.875983344147443, 8.475009150136376 ], [ -75.876506597795895, 8.473906806845596 ], [ -75.875531269945284, 8.470754968983719 ], [ -75.875424766381371, 8.468507768018132 ], [ -75.87676279253543, 8.467019089060297 ], [ -75.877093908704722, 8.465917631884194 ], [ -75.877220678934478, 8.462186839925277 ], [ -75.879181089232972, 8.460264884632908 ], [ -75.879170643336295, 8.45801724574924 ], [ -75.878299417711034, 8.456586563421906 ], [ -75.880108018027244, 8.452978626417057 ], [ -75.879060098104688, 8.44953636350119 ], [ -75.876279801818399, 8.445543951773169 ], [ -75.875938800619409, 8.443214134930658 ], [ -75.881012932452919, 8.436943913005726 ], [ -75.882782042504957, 8.436517319668802 ], [ -75.886305490467961, 8.436621833031511 ], [ -75.889294594449041, 8.435111130718145 ], [ -75.892652989105031, 8.434330433766139 ], [ -75.893274672597911, 8.433753682172744 ], [ -75.893362689111484, 8.432031652586923 ], [ -75.894173575892282, 8.430832328140177 ], [ -75.897909198300269, 8.428567345371018 ], [ -75.900211825444387, 8.425899115640997 ], [ -75.902911668553955, 8.424679528407466 ], [ -75.906073836515006, 8.421608547218758 ], [ -75.907223667964061, 8.417716143042792 ], [ -75.906873120313378, 8.414657134253027 ], [ -75.907682586672905, 8.41317086836392 ], [ -75.913045855554955, 8.409951807841159 ], [ -75.915985943589121, 8.406074031746316 ], [ -75.918643340914656, 8.403364431127439 ], [ -75.919796563914829, 8.402902735773853 ], [ -75.919222424161987, 8.402015764641806 ], [ -75.919165714946345, 8.40017487357267 ], [ -75.91805566252242, 8.399008418655933 ], [ -75.919544036214134, 8.397674785562717 ], [ -75.919318465783604, 8.396307029694551 ], [ -75.921223390139474, 8.388117050883485 ], [ -75.92124844935411, 8.385894759580429 ], [ -75.922742485354334, 8.383750166342558 ], [ -75.923747134937585, 8.38039791441059 ], [ -75.923191260988261, 8.377082850863989 ], [ -75.920577944206201, 8.369986030947068 ], [ -75.917964784833586, 8.364241167060648 ], [ -75.915472153683154, 8.356745681100282 ], [ -75.914023340371926, 8.354982976971083 ], [ -75.913291001978905, 8.352403959583539 ], [ -75.914266521969139, 8.350510446945169 ], [ -75.914101121908587, 8.347531498378107 ], [ -75.91453589504782, 8.34558437345267 ], [ -75.918576987741943, 8.336957588182365 ], [ -75.920708560580579, 8.330730783707766 ], [ -75.924490837837453, 8.325269099486125 ], [ -75.927018956509812, 8.32376528218647 ], [ -75.926821339514277, 8.318486629739414 ], [ -75.925435611211753, 8.317861820315887 ], [ -75.925316616332552, 8.317058960233146 ], [ -75.92369318158417, 8.314885805529002 ], [ -75.923163371975434, 8.312478020199142 ], [ -75.923148880676678, 8.309379200367029 ], [ -75.925645501968944, 8.301161309525675 ], [ -75.927549144406541, 8.303850478775294 ], [ -75.932798680406634, 8.305260714729028 ], [ -75.93384030433306, 8.30623142882818 ], [ -75.936087224782796, 8.30622094368926 ], [ -75.937552973718496, 8.310335154527902 ], [ -75.938663521954865, 8.310389738377982 ], [ -75.940156124493214, 8.308738875756683 ], [ -75.94183426027972, 8.308252799251699 ], [ -75.944243439260589, 8.310064710875642 ], [ -75.945219367386812, 8.313377764677037 ], [ -75.947861992443279, 8.313783784716584 ], [ -75.949366469305232, 8.314643473899929 ], [ -75.951197484085952, 8.314754404603899 ], [ -75.952430624600623, 8.315346361029901 ], [ -75.953667749925827, 8.316775171929828 ], [ -75.953945781007462, 8.318447612519993 ], [ -75.953538048301809, 8.321049831634827 ], [ -75.952853557501101, 8.322248600700769 ], [ -75.952167642196045, 8.323148492245664 ], [ -75.950252104225967, 8.324203624097937 ], [ -75.949118896040687, 8.325703390829895 ], [ -75.948230431958805, 8.328188324899127 ], [ -75.946946597312262, 8.329569244900233 ], [ -75.946806345678624, 8.331632215041592 ], [ -75.944569586674248, 8.334571824507432 ], [ -75.944969206740552, 8.336572477755913 ], [ -75.946317769444107, 8.336177574819009 ], [ -75.946980382649699, 8.336682557725124 ], [ -75.947104964091707, 8.337638403953495 ], [ -75.945895603030309, 8.342067607704013 ], [ -75.947442294198794, 8.345467604904238 ], [ -75.946791179688233, 8.347383542751924 ], [ -75.946332492217792, 8.351898873941318 ], [ -75.946855330532543, 8.354556483812164 ], [ -75.948214915014077, 8.356462923562951 ], [ -75.952005376852952, 8.358357845589188 ], [ -75.953697548132709, 8.360770783600774 ], [ -75.954186323649125, 8.362566550017572 ], [ -75.953193872672102, 8.363891130357791 ], [ -75.953140918002333, 8.36486693860674 ], [ -75.953738260537079, 8.365265804058321 ], [ -75.954222402901252, 8.370103030722014 ], [ -75.952129754553226, 8.3783382524781 ], [ -75.951060527337887, 8.379682330157554 ], [ -75.949143840289494, 8.383861458784805 ], [ -75.947973747466165, 8.385206011852096 ], [ -75.94818326036318, 8.387343437139153 ], [ -75.947412566677954, 8.38847668865669 ], [ -75.948573201558972, 8.390555191491101 ], [ -75.948517818817876, 8.393070877345453 ], [ -75.949636904693719, 8.394858866783613 ], [ -75.949703377586388, 8.396203529971876 ], [ -75.948779114467953, 8.397493123797224 ], [ -75.948488142249374, 8.399407365453204 ], [ -75.946690029652288, 8.399983785344277 ], [ -75.94721200375109, 8.402432159564201 ], [ -75.943828633235626, 8.407139102495099 ], [ -75.943904281865045, 8.407579782707488 ], [ -75.945920315419144, 8.408480132170849 ], [ -75.945838412264351, 8.410179792673633 ], [ -75.944228492489586, 8.412458961449415 ], [ -75.944091204971528, 8.413876327612209 ], [ -75.944357046139444, 8.414244046533421 ], [ -75.94550076558275, 8.41307832176337 ], [ -75.946952424301969, 8.410345596499516 ], [ -75.950377835149368, 8.40860772725034 ], [ -75.951636779476644, 8.405756358763558 ], [ -75.952667661622812, 8.405416698058991 ], [ -75.953990816813004, 8.405936424281958 ], [ -75.955225295600201, 8.407986850716046 ], [ -75.956961727870194, 8.409556658278529 ], [ -75.95718520810054, 8.411085869683117 ], [ -75.95826873218914, 8.411702364202487 ], [ -75.959441495119918, 8.41588110350243 ], [ -75.958875946117615, 8.418107495537075 ], [ -75.9566579329408, 8.421250400118108 ], [ -75.953978347578655, 8.423295616050254 ], [ -75.95079368376318, 8.423731253542927 ], [ -75.951198998445236, 8.424576153494543 ], [ -75.952332080683092, 8.425503260043833 ], [ -75.956324750615593, 8.426847076161483 ], [ -75.958997226492755, 8.427174804232534 ], [ -75.96124168247853, 8.42958860214485 ], [ -75.962618995455358, 8.43373231310292 ], [ -75.965222759986759, 8.434998215873119 ], [ -75.966240368050293, 8.436858332013811 ], [ -75.970473656328551, 8.441731558389741 ], [ -75.973307464871596, 8.441765678818975 ], [ -75.975512718991183, 8.440942051637101 ], [ -75.977577623526486, 8.440884224058657 ], [ -75.979648144461819, 8.441974052324845 ], [ -75.981388584387062, 8.444308804444734 ], [ -75.980532304908564, 8.445986683820292 ], [ -75.976085201396955, 8.44997738069589 ], [ -75.973404298033685, 8.451759740349013 ], [ -75.971497655898801, 8.454733858422772 ], [ -75.969559763784261, 8.461151220607219 ], [ -75.967502904289717, 8.462882719739845 ], [ -75.967027740027291, 8.463937075638384 ], [ -75.967953487819273, 8.466634475623611 ], [ -75.967963554914235, 8.468696698815075 ], [ -75.964791523478169, 8.472717614737071 ], [ -75.964244351902138, 8.478707434538114 ], [ -75.962005963433867, 8.486182144582752 ], [ -75.962097651813934, 8.489223112517344 ], [ -75.962663888889452, 8.491075825198379 ], [ -75.963801113384974, 8.491816326239237 ], [ -75.964249654321094, 8.493172267266983 ], [ -75.964414640200445, 8.496461542605186 ], [ -75.963956325114921, 8.499003249848418 ], [ -75.965736710107635, 8.501596069147187 ], [ -75.965747761796919, 8.50385315745023 ], [ -75.966369351752292, 8.505227378462356 ], [ -75.966048900897292, 8.50697453549755 ], [ -75.963285957681677, 8.508989621739174 ], [ -75.959293845142597, 8.509298239148992 ], [ -75.9583907424053, 8.511263268295719 ], [ -75.954707551337151, 8.512010343651118 ], [ -75.953696453458619, 8.51264650416271 ], [ -75.952478518254026, 8.51408701506363 ], [ -75.952751450993674, 8.515878989877395 ], [ -75.952418921230688, 8.51664573319905 ], [ -75.949474496422823, 8.518986332984648 ], [ -75.946681217599078, 8.519179115913126 ], [ -75.94466549295062, 8.521249431611146 ], [ -75.943633147771536, 8.523824791699209 ], [ -75.943604717307366, 8.525391076734165 ], [ -75.945326019421415, 8.526195758247988 ], [ -75.945236367793441, 8.527106836824126 ], [ -75.94242322315651, 8.528242705033691 ], [ -75.939519315100398, 8.531233536253795 ], [ -75.937754826156137, 8.534669875646893 ], [ -75.934963627440027, 8.53664553562005 ], [ -75.934479088134822, 8.53950691755974 ], [ -75.933402351302078, 8.540372864433238 ], [ -75.930271197450949, 8.541105175229708 ], [ -75.930503482401221, 8.544439623357704 ], [ -75.930076311556306, 8.545517653598074 ], [ -75.927160466968957, 8.546205795360935 ], [ -75.92526034101499, 8.548187514611493 ], [ -75.923317948692201, 8.548878242033208 ], [ -75.922429424408818, 8.551428991106167 ], [ -75.922625076592482, 8.554479458726249 ], [ -75.922001508813977, 8.556682236060984 ], [ -75.918955939253365, 8.55876265616099 ], [ -75.918366092550471, 8.559989705551564 ], [ -75.916410441532605, 8.560936323677101 ], [ -75.914248802261454, 8.563012511497343 ], [ -75.913753186975001, 8.563856535031366 ], [ -75.914205834276814, 8.566073324687949 ], [ -75.913344666415256, 8.567005777648413 ], [ -75.91000235903185, 8.567341075036508 ], [ -75.908737083748974, 8.566486276906931 ], [ -75.903833339324194, 8.565828023996339 ], [ -75.902117433398018, 8.568705470184279 ], [ -75.898338027322268, 8.569584110499868 ], [ -75.894747783195768, 8.567233699366028 ], [ -75.892845956371275, 8.566764416144922 ], [ -75.888043041952372, 8.567341139932411 ], [ -75.885601237647961, 8.569145929876841 ], [ -75.881746304208491, 8.569307427031275 ], [ -75.879696769691407, 8.570249542922417 ], [ -75.87435144551047, 8.567656143575968 ], [ -75.871611530772512, 8.567381940861369 ], [ -75.869142763911356, 8.563447989336099 ], [ -75.867772987673177, 8.563346735964805 ], [ -75.864032026613586, 8.564762878748246 ], [ -75.860714916345017, 8.564347791386364 ], [ -75.853515745073324, 8.55824757706041 ], [ -75.851245033108796, 8.555028354005403 ], [ -75.849279279750178, 8.55381941077856 ] ] ] } },
{ "type": "Feature", "properties": { "FID_Cuenca": 0, "CODIGO": null, "AH": "1", "ZH": "13", "SZH": "1303", "COD_POMCA": "Quebrada Cienaguita (Arroyo Bangaño)", "POMCA": "1003-00-30", "NOM_NSS": "Quebrada Cienaguita (Arroyo Bangaño)", "COD_NSS": null, "NOMENCLAT": "Subcuenca Quebrada Cienaguita (Arroyo Bangaño)", "IND_COMPAC": 1.47, "FORM_IND_C": 1002.0, "IND_SIN": 1.56, "TIPO_DRENA": 1013.0, "DEN_CORRIE": 0.0, "DEN_DREN": 1.38, "TIEM_CONC": 302.145724653, "MET_T_CONC": "Metodologia Temez: Tc=0.3(L/(S^0.25))^0.75; Donde: L es la Longitud del cauce (km) y S es el porcentaje de pendiente del cauce.", "CAUD_MED": 20.74, "T_CORRIEN": "PERMANENTE", "TIPO_FUEN": 2211.0, "Q_TOTAL": 14.46, "Q_MAX": 70.95, "Q_MIN": 0.39, "Q_AMBIENTA": 3.03, "Q_DISPONIB": 7.81, "REND_HID": 59.29, "ESCORR": 389.46, "AREA_ha_": 34981.812233800003, "OBSERV_": null, "SHAPE_Leng": 98035.168241299994, "SHAPE_Area": 349818122.338 }, "geometry": { "type": "Polygon", "coordinates": [ [ [ -75.661960261607149, 8.608950981057172 ], [ -75.662487357676952, 8.608948061112695 ], [ -75.663302741477011, 8.607821948588214 ], [ -75.663202452051252, 8.604959411890468 ], [ -75.665444229797828, 8.600040214915293 ], [ -75.669296582921262, 8.595125866625569 ], [ -75.670842075546304, 8.592139142919159 ], [ -75.671423985201599, 8.590522547933471 ], [ -75.671555386262753, 8.587602931335045 ], [ -75.673093217823237, 8.584620868091198 ], [ -75.674129429396757, 8.579606621947242 ], [ -75.675100265392672, 8.578299042087121 ], [ -75.676199619943844, 8.577755028144026 ], [ -75.676676066809407, 8.576702497476701 ], [ -75.676603458420928, 8.573233246122138 ], [ -75.675883381193543, 8.571467380087944 ], [ -75.676949797889336, 8.567648656811977 ], [ -75.679264698366097, 8.567092958423558 ], [ -75.68169636032728, 8.565712457767541 ], [ -75.68192490530059, 8.565046648220134 ], [ -75.684903116105758, 8.562565857177145 ], [ -75.687084782545782, 8.558611008733147 ], [ -75.692116047662424, 8.555592152480468 ], [ -75.694199402009119, 8.555410075872217 ], [ -75.69663457240631, 8.556686435652519 ], [ -75.700059018625709, 8.55627632365098 ], [ -75.700696103084994, 8.559215023860645 ], [ -75.698550887615738, 8.562165628208611 ], [ -75.698255953427179, 8.564003431150685 ], [ -75.701847098998925, 8.564433145754579 ], [ -75.704887134088537, 8.564075999690193 ], [ -75.707275141440235, 8.562932435552252 ], [ -75.708923634556228, 8.562956338650961 ], [ -75.711078170691252, 8.561153727247355 ], [ -75.713056794671019, 8.560356216543109 ], [ -75.715028509489912, 8.557944569607672 ], [ -75.716109126310556, 8.557832382448005 ], [ -75.717120739518677, 8.558437885885287 ], [ -75.71761495527619, 8.556032493281078 ], [ -75.720424812356683, 8.555805347556245 ], [ -75.721724863546882, 8.556445484725748 ], [ -75.724403215902782, 8.559160208855506 ], [ -75.724518418142097, 8.560809736979936 ], [ -75.726336433782194, 8.564568332139759 ], [ -75.727291002937065, 8.568653429579445 ], [ -75.726691831025605, 8.571776673092542 ], [ -75.730325310915703, 8.575317632500635 ], [ -75.731130697123618, 8.578219640012465 ], [ -75.730057171699173, 8.579981862402215 ], [ -75.731395844938419, 8.581195699679602 ], [ -75.731917095860865, 8.584638760339056 ], [ -75.733614940721282, 8.587228443546751 ], [ -75.734481728104271, 8.587655155386095 ], [ -75.74155234729885, 8.586100630656745 ], [ -75.742491213351215, 8.586527012132352 ], [ -75.744147711432362, 8.586232896137744 ], [ -75.747816683558298, 8.584638755052454 ], [ -75.752284422825795, 8.584404156647402 ], [ -75.759785938468809, 8.585662793666376 ], [ -75.768304154779742, 8.58863853598362 ], [ -75.770824889680583, 8.588197039144349 ], [ -75.776955123966417, 8.589030910254934 ], [ -75.779697824345149, 8.589879659783342 ], [ -75.78409506035203, 8.590003684792775 ], [ -75.788557933903022, 8.588692614485437 ], [ -75.789851419818135, 8.587826018029521 ], [ -75.7909261003567, 8.586386491012565 ], [ -75.791479518576878, 8.581218928039855 ], [ -75.792406169779994, 8.578919208698943 ], [ -75.795489825314704, 8.575462093739223 ], [ -75.798365926919217, 8.573942795818795 ], [ -75.805518993692232, 8.574487107171148 ], [ -75.813783957991362, 8.575944532366748 ], [ -75.820056440390246, 8.573199856788488 ], [ -75.820598183751599, 8.575575433011393 ], [ -75.821857454703277, 8.57776966044373 ], [ -75.825325633131001, 8.579666933360153 ], [ -75.827163275103189, 8.582241107358286 ], [ -75.829225176156626, 8.591796565175137 ], [ -75.829337084657169, 8.59523939017182 ], [ -75.828297162177236, 8.596367986002182 ], [ -75.828032387256584, 8.597759746023774 ], [ -75.831296181693943, 8.598076001715484 ], [ -75.83238159790676, 8.599003622797758 ], [ -75.832504805120493, 8.59967259701534 ], [ -75.832075875205859, 8.600439736280366 ], [ -75.829963860544567, 8.600927600380921 ], [ -75.829007027337951, 8.60184061328561 ], [ -75.828060955726741, 8.605096956911062 ], [ -75.828841203393353, 8.607580256061782 ], [ -75.828776777447189, 8.614467212706355 ], [ -75.830135452180812, 8.617330458683657 ], [ -75.829851543724715, 8.618288233809121 ], [ -75.829132956630147, 8.618769752285749 ], [ -75.827930099544844, 8.618440467704463 ], [ -75.82690103501065, 8.620635500021146 ], [ -75.822069138883904, 8.623239990085406 ], [ -75.819318354278934, 8.626982774481309 ], [ -75.817207883419059, 8.632042594571038 ], [ -75.81243736751621, 8.635507563432855 ], [ -75.81244313772676, 8.636770101502872 ], [ -75.815451512687616, 8.638879871770699 ], [ -75.815457820937596, 8.640257183325756 ], [ -75.813721826968816, 8.643944341265851 ], [ -75.811016812770234, 8.646180430335752 ], [ -75.811140999776072, 8.647064619204427 ], [ -75.813284449142429, 8.648130954113858 ], [ -75.814432335487965, 8.650076979879119 ], [ -75.814281427954825, 8.654898354832003 ], [ -75.815445343872668, 8.657188633272307 ], [ -75.816948176745043, 8.657927858517747 ], [ -75.819135393975216, 8.656999677916094 ], [ -75.820519192664321, 8.65693598411821 ], [ -75.826186408965199, 8.660296050105936 ], [ -75.826941418681187, 8.661440371546194 ], [ -75.827647787385729, 8.66453613061779 ], [ -75.829039576758916, 8.666194024775841 ], [ -75.830888486900363, 8.666931595676038 ], [ -75.832625257869537, 8.668358334165628 ], [ -75.837563187910689, 8.67502136289087 ], [ -75.839054371660509, 8.675301424974476 ], [ -75.840830119489354, 8.674767163821878 ], [ -75.842470394486782, 8.676098641874013 ], [ -75.842764785394721, 8.677388516313034 ], [ -75.844410448160374, 8.679867721172011 ], [ -75.84485216485713, 8.681826437515388 ], [ -75.844524472799463, 8.68369307344631 ], [ -75.843284072232748, 8.685659584336671 ], [ -75.843434520227035, 8.686997946277703 ], [ -75.846830040941072, 8.688837543972202 ], [ -75.850798167418944, 8.68947666797739 ], [ -75.851432904719516, 8.690310621722807 ], [ -75.852677836242407, 8.693144329853787 ], [ -75.853583212946432, 8.694036795276432 ], [ -75.85283886547451, 8.695445074400038 ], [ -75.853206087342173, 8.696878059536381 ], [ -75.855258024416131, 8.69884119029081 ], [ -75.854882324584096, 8.701981342538934 ], [ -75.856452120943985, 8.703617927274038 ], [ -75.855594167475701, 8.706668275276078 ], [ -75.857433512012861, 8.708381302398957 ], [ -75.857514902627258, 8.710346452144405 ], [ -75.858774114943557, 8.711344838164777 ], [ -75.860240239809428, 8.710362374322786 ], [ -75.863734615938597, 8.711393292737416 ], [ -75.864865163672178, 8.712621809781746 ], [ -75.865711496375155, 8.714726818759631 ], [ -75.867289807125346, 8.716111032303166 ], [ -75.868558863831822, 8.719629629274239 ], [ -75.867066810762637, 8.721728912929427 ], [ -75.86607575891496, 8.721793361847659 ], [ -75.864970089543803, 8.723024031784417 ], [ -75.863591346795474, 8.723688086465035 ], [ -75.863995093394649, 8.72646589422966 ], [ -75.865293396804987, 8.72783468715031 ], [ -75.865539559640581, 8.729058987995499 ], [ -75.866352946457511, 8.729533381945672 ], [ -75.866571637514042, 8.731295817966894 ], [ -75.868739740437732, 8.732361596196709 ], [ -75.868594383279529, 8.733378517588996 ], [ -75.866858538036169, 8.734761619724514 ], [ -75.867920829984769, 8.7370281874013 ], [ -75.867926250847432, 8.738163952856357 ], [ -75.866673336162748, 8.740023004793573 ], [ -75.866827824372749, 8.740918952580857 ], [ -75.867583440034963, 8.741871839313585 ], [ -75.869321308956671, 8.740907167208018 ], [ -75.871276466589379, 8.741406031223955 ], [ -75.872427649100771, 8.743403152899832 ], [ -75.872497323169782, 8.745405396910039 ], [ -75.873194023379526, 8.746597659363333 ], [ -75.873018638529558, 8.747614722009079 ], [ -75.874739829536679, 8.749470703905692 ], [ -75.872892072300843, 8.750077256041454 ], [ -75.870031094877149, 8.749899526944157 ], [ -75.866841861173981, 8.751444948429294 ], [ -75.865748119094576, 8.751097425745009 ], [ -75.860416429849266, 8.751947529489735 ], [ -75.859630633998435, 8.753493522126744 ], [ -75.857880662120252, 8.754458221471202 ], [ -75.856738026423571, 8.756176618930864 ], [ -75.856462907197454, 8.758975560529757 ], [ -75.85267165153536, 8.765377766432398 ], [ -75.851562733466864, 8.768332010623853 ], [ -75.850413109336429, 8.769198225720606 ], [ -75.848339684209492, 8.77293816356064 ], [ -75.846618270527742, 8.774883076627095 ], [ -75.842089686651718, 8.777917146968241 ], [ -75.832719582581888, 8.781119027144591 ], [ -75.828301323083437, 8.782096036614938 ], [ -75.824450961900624, 8.781157416348199 ], [ -75.818681241371664, 8.780992800847642 ], [ -75.810037738446525, 8.783136865045137 ], [ -75.80629752414923, 8.783144466629405 ], [ -75.803047205088589, 8.78201157085509 ], [ -75.800161428938196, 8.781737817045471 ], [ -75.796267085962228, 8.781683848407507 ], [ -75.79489927928185, 8.782192236416304 ], [ -75.791870920251966, 8.782277752754558 ], [ -75.788040120110438, 8.780358248820381 ], [ -75.786951220441324, 8.778784971159011 ], [ -75.786290729930016, 8.776277166108184 ], [ -75.784840972243359, 8.774633775025285 ], [ -75.782888419968273, 8.773423069822266 ], [ -75.78208767923536, 8.771776730085717 ], [ -75.775660747110351, 8.769797042938004 ], [ -75.770464277518784, 8.76881604742367 ], [ -75.765490307220659, 8.76919699872942 ], [ -75.76369661487125, 8.771213672549431 ], [ -75.760170621285155, 8.772879375613757 ], [ -75.746397997380527, 8.77308398928375 ], [ -75.740453150815327, 8.774148533877845 ], [ -75.741350604271062, 8.772190106484242 ], [ -75.739537420579168, 8.765710149424406 ], [ -75.741055142312121, 8.761064367098934 ], [ -75.740849155921751, 8.758525359133825 ], [ -75.741666819967108, 8.756455686368168 ], [ -75.741404855584108, 8.753759463124183 ], [ -75.74281494243958, 8.750864581303075 ], [ -75.745020531860376, 8.749573139878327 ], [ -75.745148064393817, 8.747984763296399 ], [ -75.743910123982772, 8.746345008109316 ], [ -75.741329522778884, 8.745457231566657 ], [ -75.74005103082952, 8.743339378164407 ], [ -75.73716187126945, 8.742242487457036 ], [ -75.734768549702864, 8.738327407447983 ], [ -75.733554054246738, 8.737624891547959 ], [ -75.731803370558779, 8.737422102339238 ], [ -75.729603618401413, 8.735671696226738 ], [ -75.726519571308074, 8.730407502381446 ], [ -75.721886472961415, 8.726218899913386 ], [ -75.719516041170323, 8.722785663915802 ], [ -75.713638128570238, 8.719702318331143 ], [ -75.703917742847835, 8.717304909094047 ], [ -75.70256583639906, 8.715923717515466 ], [ -75.70220760340662, 8.712835757619816 ], [ -75.703403784873942, 8.709329720856667 ], [ -75.703272065870522, 8.705542401917672 ], [ -75.703667649001389, 8.703646769830163 ], [ -75.702739849350593, 8.701284741390793 ], [ -75.702818809217391, 8.697302820907165 ], [ -75.701304495947028, 8.694463584020891 ], [ -75.701440947031372, 8.691806681784588 ], [ -75.702220111125683, 8.690991897196243 ], [ -75.701273919565125, 8.690039393954553 ], [ -75.699554987986616, 8.685990991514938 ], [ -75.698304866994846, 8.681414486363257 ], [ -75.696070695033299, 8.668518326630876 ], [ -75.694686904286087, 8.666088992322853 ], [ -75.693645488958452, 8.667014071376157 ], [ -75.693269675702481, 8.669048313849766 ], [ -75.691603820078413, 8.667271579337884 ], [ -75.690940172284499, 8.663802130705905 ], [ -75.691282963950741, 8.661347148603832 ], [ -75.690864511390487, 8.657891009715488 ], [ -75.688571524478064, 8.6543997224867 ], [ -75.688335434618153, 8.653130903202454 ], [ -75.686694982673245, 8.652197999753124 ], [ -75.685907512507384, 8.650106473700097 ], [ -75.685869284965847, 8.648931676987727 ], [ -75.687143253896906, 8.647883686222821 ], [ -75.687269279614469, 8.647003133611738 ], [ -75.686726147365732, 8.646433347662873 ], [ -75.685602523959204, 8.642133607106798 ], [ -75.685030392684325, 8.637544581290685 ], [ -75.685334974525958, 8.635701949692921 ], [ -75.684318562719426, 8.634008339337203 ], [ -75.682818204349246, 8.633177943784178 ], [ -75.682566348327697, 8.631617187793342 ], [ -75.680630149452739, 8.631182882127803 ], [ -75.679230874197643, 8.62986151424793 ], [ -75.67754698851671, 8.629426137080825 ], [ -75.676906044966088, 8.628436387784268 ], [ -75.673656376070213, 8.62707487685816 ], [ -75.67246611078923, 8.625161537283882 ], [ -75.670574091476979, 8.625914431874367 ], [ -75.668765238868204, 8.625929589311307 ], [ -75.667701960780434, 8.62689461751822 ], [ -75.664781556725828, 8.62669148425133 ], [ -75.66071837272095, 8.627660265033059 ], [ -75.659909800263748, 8.620793990428359 ], [ -75.660106565741373, 8.619573565975685 ], [ -75.660881802098544, 8.618781208943229 ], [ -75.660789866068285, 8.617475885446769 ], [ -75.661557453209625, 8.614846966337424 ], [ -75.66127363225489, 8.610820144552759 ], [ -75.661960261607149, 8.608950981057172 ] ] ] } },
{ "type": "Feature", "properties": { "FID_Cuenca": 0, "CODIGO": null, "AH": "1", "ZH": "13", "SZH": "1303", "COD_POMCA": "Arroyo Grande", "POMCA": "1003-00-31", "NOM_NSS": "Arroyo Grande", "COD_NSS": null, "NOMENCLAT": "Subcuenca Arroyo Grande", "IND_COMPAC": 1.87, "FORM_IND_C": 1003.0, "IND_SIN": 1.73, "TIPO_DRENA": 1014.0, "DEN_CORRIE": 0.0, "DEN_DREN": 2.71, "TIEM_CONC": 465.37740849, "MET_T_CONC": "Metodologia Temez: Tc=0.3(L/(S^0.25))^0.75; Donde: L es la Longitud del cauce (km) y S es el porcentaje de pendiente del cauce.", "CAUD_MED": 4.99, "T_CORRIEN": "PERMANENTE", "TIPO_FUEN": 2212.0, "Q_TOTAL": 40.83, "Q_MAX": 176.12, "Q_MIN": 3.09, "Q_AMBIENTA": 8.11, "Q_DISPONIB": 22.51, "REND_HID": 10.93, "ESCORR": 404.6, "AREA_ha_": 45652.916382900003, "OBSERV_": null, "SHAPE_Leng": 142785.177184, "SHAPE_Area": 456529163.829 }, "geometry": { "type": "Polygon", "coordinates": [ [ [ -75.617102304286149, 8.896182172032637 ], [ -75.616616011209913, 8.892023121578788 ], [ -75.617365980828751, 8.890226463007799 ], [ -75.616742616158589, 8.887789795499607 ], [ -75.617299656132559, 8.882980752077996 ], [ -75.616894368327038, 8.880937764969596 ], [ -75.617642378279811, 8.878674791510365 ], [ -75.617114726145033, 8.8761181536264 ], [ -75.613788398741775, 8.874194808856888 ], [ -75.612338225828978, 8.872407207252053 ], [ -75.611895578356126, 8.870041518909021 ], [ -75.610953652119633, 8.869040989487399 ], [ -75.607989576073521, 8.867474802873595 ], [ -75.604511090047126, 8.867453714697227 ], [ -75.602859190728893, 8.862920658588823 ], [ -75.60177050925823, 8.86234962884371 ], [ -75.601326619396431, 8.861411605307062 ], [ -75.601335285420063, 8.858262050346287 ], [ -75.602051887612035, 8.857111242235437 ], [ -75.601603188264747, 8.848471340964892 ], [ -75.600821396880264, 8.845461312214837 ], [ -75.599695805041378, 8.843624481930872 ], [ -75.599442258378332, 8.837503428816154 ], [ -75.598783923991164, 8.835270104820321 ], [ -75.599128279399707, 8.834228431061604 ], [ -75.597394763843283, 8.830708084309407 ], [ -75.598723516601609, 8.827572302236298 ], [ -75.59877217931502, 8.823604704235759 ], [ -75.59841523425942, 8.822745231243317 ], [ -75.599005862974224, 8.820784247658903 ], [ -75.598485428224805, 8.81874884746559 ], [ -75.59757910425752, 8.817590274288287 ], [ -75.595507460306109, 8.817196887794061 ], [ -75.594541688637989, 8.816196381275612 ], [ -75.593788132208019, 8.811225210700437 ], [ -75.591097243335625, 8.808713073717371 ], [ -75.589665083158309, 8.808300330910658 ], [ -75.58741565662632, 8.804961331443604 ], [ -75.587073650763145, 8.803623488166322 ], [ -75.587975855958504, 8.79785645951358 ], [ -75.590281027162817, 8.796520944121482 ], [ -75.590226338576329, 8.793708814260889 ], [ -75.593956846641774, 8.789420291901406 ], [ -75.593458875907885, 8.787564138358727 ], [ -75.595920378621628, 8.785146040982625 ], [ -75.595768315503221, 8.784405304078032 ], [ -75.594833201392532, 8.783825554947256 ], [ -75.594857848338464, 8.782792348567696 ], [ -75.596242783489842, 8.781667576062205 ], [ -75.595998496681702, 8.780711979382376 ], [ -75.594422234158088, 8.779713912157852 ], [ -75.59546399937129, 8.776964336645136 ], [ -75.595458984032163, 8.775730368998502 ], [ -75.5935812505043, 8.775077875034372 ], [ -75.593793283696584, 8.772235977844126 ], [ -75.592528524105305, 8.7715714476288 ], [ -75.592321817657293, 8.770986371019985 ], [ -75.592508312249834, 8.769550750372323 ], [ -75.593510716333682, 8.767765094949391 ], [ -75.595296401178274, 8.766478497328025 ], [ -75.595923956090118, 8.764144310296398 ], [ -75.594675902938874, 8.759442146449343 ], [ -75.594312819000521, 8.752891018730399 ], [ -75.594643534904947, 8.751454820431576 ], [ -75.595696924330852, 8.750398356474511 ], [ -75.595876625576992, 8.747288746457132 ], [ -75.594874830974689, 8.743275118567297 ], [ -75.59239591876883, 8.742519774808088 ], [ -75.591688753873584, 8.74061900070132 ], [ -75.594184852003892, 8.734926916237036 ], [ -75.59332601737421, 8.731773626626419 ], [ -75.593644027515523, 8.729572214754327 ], [ -75.595076226971528, 8.727098504357054 ], [ -75.594669485161234, 8.726373128701894 ], [ -75.593572907866587, 8.72591647386186 ], [ -75.592897511735501, 8.72412334074107 ], [ -75.59058082362705, 8.721836779116604 ], [ -75.590361325901625, 8.721048470970816 ], [ -75.591194678812542, 8.719084150925367 ], [ -75.59077683542634, 8.716790012248234 ], [ -75.591096324868033, 8.715549165181137 ], [ -75.590678866624344, 8.714806562278559 ], [ -75.590858925826268, 8.714492125983744 ], [ -75.592789573337427, 8.714894007714799 ], [ -75.593561312929182, 8.712701031917277 ], [ -75.594107086463893, 8.712299996873698 ], [ -75.593871453029394, 8.710489405985859 ], [ -75.597361541564212, 8.710230344859582 ], [ -75.598436384273711, 8.709584241237605 ], [ -75.602498761416854, 8.708667286332782 ], [ -75.605821590653093, 8.708659923057548 ], [ -75.607665266295768, 8.706930667095284 ], [ -75.60861396804971, 8.703138948729922 ], [ -75.608679402519414, 8.700688501312797 ], [ -75.610632303348112, 8.697480257884383 ], [ -75.610848075270226, 8.696147984998378 ], [ -75.610544284836465, 8.693196787873299 ], [ -75.609772071993248, 8.691596614557083 ], [ -75.610492882006483, 8.689919057280379 ], [ -75.611732915705716, 8.689202047820071 ], [ -75.613033341802335, 8.687195882206559 ], [ -75.613047716937672, 8.68488318746077 ], [ -75.614128667764078, 8.683329178497933 ], [ -75.611654662673786, 8.680074818738746 ], [ -75.611609279936999, 8.679417734182683 ], [ -75.614570430140276, 8.673412757808924 ], [ -75.617088834172165, 8.67194020597073 ], [ -75.618593357549813, 8.671764855935303 ], [ -75.620154720766919, 8.668828528581935 ], [ -75.617601145932014, 8.666560191271339 ], [ -75.615391753533331, 8.662390843747444 ], [ -75.615461137257995, 8.661723352079594 ], [ -75.622519798847975, 8.658843999592648 ], [ -75.623522387509993, 8.657334503336523 ], [ -75.625120177375493, 8.652458218544096 ], [ -75.628080237868716, 8.653486505650804 ], [ -75.629254383287631, 8.653244993673493 ], [ -75.631108435421311, 8.651788264920089 ], [ -75.632765859815862, 8.653646069565088 ], [ -75.635306586254401, 8.650594617744572 ], [ -75.636532437136964, 8.647153152880955 ], [ -75.63955238315117, 8.643474799556543 ], [ -75.639266922485419, 8.642296294994885 ], [ -75.639757936723967, 8.637368669465658 ], [ -75.639107356130054, 8.635170657360534 ], [ -75.638422910169268, 8.634661939679699 ], [ -75.634668295981498, 8.635602987033375 ], [ -75.633281388325756, 8.634927061717477 ], [ -75.633169501256305, 8.632251509773592 ], [ -75.633989534288091, 8.628295155258634 ], [ -75.635809299238574, 8.624172125941357 ], [ -75.639636876733604, 8.624568340984199 ], [ -75.640999151529371, 8.624223549859845 ], [ -75.641568422432499, 8.623309117216442 ], [ -75.641887627018178, 8.618113536561607 ], [ -75.642701753418947, 8.614759453408814 ], [ -75.642332439057142, 8.61228415338287 ], [ -75.647916422328834, 8.609430998279375 ], [ -75.65238918120059, 8.604581132993145 ], [ -75.661960261607149, 8.608950981057172 ], [ -75.66127363225489, 8.610820144552759 ], [ -75.661557453209625, 8.614846966337424 ], [ -75.660789866068285, 8.617475885446769 ], [ -75.660881802098544, 8.618781208943229 ], [ -75.660106565741373, 8.619573565975685 ], [ -75.659909800263748, 8.620793990428359 ], [ -75.660890672467872, 8.627835003414717 ], [ -75.664781556725828, 8.62669148425133 ], [ -75.667701960780434, 8.62689461751822 ], [ -75.668765238868204, 8.625929589311307 ], [ -75.670574091476979, 8.625914431874367 ], [ -75.67246611078923, 8.625161537283882 ], [ -75.673656376070213, 8.62707487685816 ], [ -75.676906044966088, 8.628436387784268 ], [ -75.67754698851671, 8.629426137080825 ], [ -75.679230874197643, 8.62986151424793 ], [ -75.680630149452739, 8.631182882127803 ], [ -75.682566348327697, 8.631617187793342 ], [ -75.682818204349246, 8.633177943784178 ], [ -75.683980840688463, 8.633698876421416 ], [ -75.685116382488005, 8.635152852444509 ], [ -75.685602523959204, 8.642133607106798 ], [ -75.686726147365732, 8.646433347662873 ], [ -75.687269279614469, 8.647003133611738 ], [ -75.687143253896906, 8.647883686222821 ], [ -75.685869284965847, 8.648931676987727 ], [ -75.685907512507384, 8.650106473700097 ], [ -75.686694982673245, 8.652197999753124 ], [ -75.688335434618153, 8.653130903202454 ], [ -75.688571524478064, 8.6543997224867 ], [ -75.690864511390487, 8.657891009715488 ], [ -75.691282963950741, 8.661347148603832 ], [ -75.690940172284499, 8.663802130705905 ], [ -75.691603820078413, 8.667271579337884 ], [ -75.693269675702481, 8.669048313849766 ], [ -75.693645488958452, 8.667014071376157 ], [ -75.694686904286087, 8.666088992322853 ], [ -75.696070695033299, 8.668518326630876 ], [ -75.698304866994846, 8.681414486363257 ], [ -75.699554987986616, 8.685990991514938 ], [ -75.701273919565125, 8.690039393954553 ], [ -75.702220111125683, 8.690991897196243 ], [ -75.701440947031372, 8.691806681784588 ], [ -75.701304495947028, 8.694463584020891 ], [ -75.702818809217391, 8.697302820907165 ], [ -75.702739849350593, 8.701284741390793 ], [ -75.703667649001389, 8.703646769830163 ], [ -75.703272065870522, 8.705542401917672 ], [ -75.703403784873942, 8.709329720856667 ], [ -75.70220760340662, 8.712835757619816 ], [ -75.70256583639906, 8.715923717515466 ], [ -75.703917742847835, 8.717304909094047 ], [ -75.713638128570238, 8.719702318331143 ], [ -75.719516041170323, 8.722785663915802 ], [ -75.721886472961415, 8.726218899913386 ], [ -75.726519571308074, 8.730407502381446 ], [ -75.729603618401413, 8.735671696226738 ], [ -75.731803370558779, 8.737422102339238 ], [ -75.733554054246738, 8.737624891547959 ], [ -75.734768549702864, 8.738327407447983 ], [ -75.73716187126945, 8.742242487457036 ], [ -75.74005103082952, 8.743339378164407 ], [ -75.741329522778884, 8.745457231566657 ], [ -75.743910123982772, 8.746345008109316 ], [ -75.745148064393817, 8.747984763296399 ], [ -75.745020531860376, 8.749573139878327 ], [ -75.74281494243958, 8.750864581303075 ], [ -75.741404855584108, 8.753759463124183 ], [ -75.741666819967108, 8.756455686368168 ], [ -75.740849155921751, 8.758525359133825 ], [ -75.741055142312121, 8.761064367098934 ], [ -75.739537420579168, 8.765710149424406 ], [ -75.741350604271062, 8.772190106484242 ], [ -75.740453150815327, 8.774148533877845 ], [ -75.746397997380527, 8.77308398928375 ], [ -75.760170621285155, 8.772879375613757 ], [ -75.76369661487125, 8.771213672549431 ], [ -75.765490307220659, 8.76919699872942 ], [ -75.770464277518784, 8.76881604742367 ], [ -75.775660747110351, 8.769797042938004 ], [ -75.78208767923536, 8.771776730085717 ], [ -75.782888419968273, 8.773423069822266 ], [ -75.784840972243359, 8.774633775025285 ], [ -75.786290729930016, 8.776277166108184 ], [ -75.786951220441324, 8.778784971159011 ], [ -75.788040120110438, 8.780358248820381 ], [ -75.791870920251966, 8.782277752754558 ], [ -75.79489927928185, 8.782192236416304 ], [ -75.796267085962228, 8.781683848407507 ], [ -75.800161428938196, 8.781737817045471 ], [ -75.803047205088589, 8.78201157085509 ], [ -75.80629752414923, 8.783144466629405 ], [ -75.810037738446525, 8.783136865045137 ], [ -75.818681241371664, 8.780992800847642 ], [ -75.824450961900624, 8.781157416348199 ], [ -75.828301323083437, 8.782096036614938 ], [ -75.832719582581888, 8.781119027144591 ], [ -75.842089686651718, 8.777917146968241 ], [ -75.846618270527742, 8.774883076627095 ], [ -75.848339684209492, 8.77293816356064 ], [ -75.850413109336429, 8.769198225720606 ], [ -75.851562733466864, 8.768332010623853 ], [ -75.85267165153536, 8.765377766432398 ], [ -75.856462907197454, 8.758975560529757 ], [ -75.856738026423571, 8.756176618930864 ], [ -75.857880662120252, 8.754458221471202 ], [ -75.859630633998435, 8.753493522126744 ], [ -75.860416429849266, 8.751947529489735 ], [ -75.865748119094576, 8.751097425745009 ], [ -75.866841861173981, 8.751444948429294 ], [ -75.870031094877149, 8.749899526944157 ], [ -75.87366013161305, 8.749858410213546 ], [ -75.872559804818437, 8.750790293502879 ], [ -75.873438106805139, 8.753512015766802 ], [ -75.87267886849601, 8.755571993402491 ], [ -75.874042014139818, 8.759152215804693 ], [ -75.874048443461206, 8.760491217223402 ], [ -75.872372203791713, 8.761790391023963 ], [ -75.869541356465618, 8.762903745753366 ], [ -75.868536695398632, 8.763912785322226 ], [ -75.863163110511294, 8.766090245023561 ], [ -75.861672466589653, 8.76600164163764 ], [ -75.859802272940072, 8.766966928411916 ], [ -75.859468740547769, 8.767590200099429 ], [ -75.859474439985149, 8.768785746339278 ], [ -75.860591252719672, 8.771123797714784 ], [ -75.860408780423612, 8.773181044065812 ], [ -75.859409772242714, 8.775385616030418 ], [ -75.859703907984724, 8.776579799681837 ], [ -75.859282899477151, 8.779020756368737 ], [ -75.860074194565854, 8.780870681375783 ], [ -75.859894923440507, 8.783597433518457 ], [ -75.860484139249223, 8.786177083177996 ], [ -75.860059251028929, 8.787805070309364 ], [ -75.859292818242011, 8.788382569960069 ], [ -75.859643046626232, 8.791250286569952 ], [ -75.858599360328483, 8.794172419127747 ], [ -75.858122502655306, 8.794987663315819 ], [ -75.856779387237665, 8.79561570981839 ], [ -75.855684628686234, 8.797916383328905 ], [ -75.851851167369659, 8.800564739182615 ], [ -75.849319637340585, 8.801662069886639 ], [ -75.845992355914873, 8.801582074542726 ], [ -75.845208729822986, 8.802599608881607 ], [ -75.843171134898981, 8.802781339284056 ], [ -75.84271576362211, 8.803251843586905 ], [ -75.846134658428369, 8.805730067179587 ], [ -75.849803645431862, 8.806382321030547 ], [ -75.850090791363442, 8.806999177625027 ], [ -75.851914953476779, 8.808046172547112 ], [ -75.850809062321616, 8.809789642885994 ], [ -75.848821914332149, 8.810574039337352 ], [ -75.845662039253895, 8.813362658967321 ], [ -75.845085568915621, 8.813461017446578 ], [ -75.844457612197218, 8.812842268707406 ], [ -75.843290397759574, 8.815095445930528 ], [ -75.842346351146034, 8.813722571388357 ], [ -75.841121061616633, 8.813871793016837 ], [ -75.840895870671545, 8.815049303063738 ], [ -75.842534856455671, 8.816971276126695 ], [ -75.842072230065412, 8.818264677385368 ], [ -75.841632083176648, 8.824292474907555 ], [ -75.840594206095489, 8.82594725437014 ], [ -75.840535543695793, 8.828781058011126 ], [ -75.838319566485012, 8.830918645566843 ], [ -75.836279903448187, 8.830698662907126 ], [ -75.835364205882911, 8.832271562174592 ], [ -75.832910074888659, 8.831592282941802 ], [ -75.833767597265535, 8.833979439306368 ], [ -75.832605123856624, 8.836242149121684 ], [ -75.832807314827193, 8.838326304091712 ], [ -75.832027753993501, 8.840223762720166 ], [ -75.828865437073631, 8.842572344387603 ], [ -75.828086211284955, 8.844546316181475 ], [ -75.825478512626489, 8.846241885454425 ], [ -75.820583194504181, 8.852271361829571 ], [ -75.816760602282201, 8.852084723080626 ], [ -75.814768937430102, 8.850336447960959 ], [ -75.812822427578823, 8.850524816801569 ], [ -75.811497202275078, 8.852467827037321 ], [ -75.811144978666107, 8.854262856267839 ], [ -75.811292588778414, 8.854979531484982 ], [ -75.813074532765242, 8.855581022865209 ], [ -75.813196872319821, 8.856034782659593 ], [ -75.812001399027395, 8.85745113288492 ], [ -75.812705453499561, 8.858906495031011 ], [ -75.811449302383835, 8.862766928304033 ], [ -75.811910366974132, 8.863673443447341 ], [ -75.810782510366067, 8.864133002256635 ], [ -75.806549418876003, 8.869968008379139 ], [ -75.80653322934721, 8.870618490541586 ], [ -75.805248741394792, 8.871523526287913 ], [ -75.803459529409636, 8.873925260237863 ], [ -75.800688033999975, 8.875919287787658 ], [ -75.800539995996175, 8.876398212736074 ], [ -75.801413655604918, 8.876842529891499 ], [ -75.801333264742127, 8.878935206131937 ], [ -75.801820696285006, 8.880337786571518 ], [ -75.800088464860707, 8.881719237212897 ], [ -75.797203568972975, 8.881804284015603 ], [ -75.793737614896173, 8.881031146248466 ], [ -75.792732118702475, 8.881968344498398 ], [ -75.791934228361868, 8.882043918730103 ], [ -75.789599103113815, 8.88143292689251 ], [ -75.785561309579009, 8.881786207459434 ], [ -75.784501835132843, 8.881456285966204 ], [ -75.782972933369479, 8.878402507536448 ], [ -75.781888101957946, 8.877785744450499 ], [ -75.779414592094611, 8.878442665825251 ], [ -75.777922455105752, 8.878138607699963 ], [ -75.776939749246097, 8.878812629076304 ], [ -75.770592538152727, 8.878913219849938 ], [ -75.769269802392273, 8.878847481047972 ], [ -75.766714157250192, 8.877328661581442 ], [ -75.764026954390815, 8.873323514049819 ], [ -75.757908043898311, 8.87074463165089 ], [ -75.756017233924496, 8.867357544307467 ], [ -75.753781354260525, 8.859973795452008 ], [ -75.747418302715673, 8.856511010149193 ], [ -75.745729067599655, 8.85513160803316 ], [ -75.744469163653619, 8.852985075623142 ], [ -75.742415415607866, 8.845389953672724 ], [ -75.741495593336424, 8.844007098529458 ], [ -75.735176940663536, 8.839635145050114 ], [ -75.732451198637833, 8.83223418761801 ], [ -75.729402847862659, 8.827943293864879 ], [ -75.727468840620347, 8.82661654364423 ], [ -75.723888490785569, 8.82752399198951 ], [ -75.721428012790199, 8.827427803428883 ], [ -75.719809155949065, 8.826688803524275 ], [ -75.719687921812948, 8.825369332227943 ], [ -75.718587597887733, 8.824455882053105 ], [ -75.714566377272973, 8.821899428940675 ], [ -75.711202773348134, 8.822392341324283 ], [ -75.709287911030529, 8.824313723955314 ], [ -75.705930561822356, 8.826241361617353 ], [ -75.702826152398188, 8.831037470940698 ], [ -75.700429324600094, 8.832721778454578 ], [ -75.698761040817843, 8.836076856265711 ], [ -75.693021205715084, 8.843036509610007 ], [ -75.692549737982134, 8.845190744390571 ], [ -75.688963122853977, 8.849749739455788 ], [ -75.687782822452661, 8.854776633715234 ], [ -75.684664474184203, 8.856463982327261 ], [ -75.683232250578982, 8.858861477481801 ], [ -75.682603774552703, 8.862710256554706 ], [ -75.683165120900128, 8.865212341799632 ], [ -75.682570317570551, 8.871092821731349 ], [ -75.683139097492614, 8.872503661321163 ], [ -75.682928069896832, 8.875123089605291 ], [ -75.683414422150634, 8.876376452494322 ], [ -75.682211209612291, 8.883038369990446 ], [ -75.681553348251498, 8.883818386881439 ], [ -75.676505413280296, 8.884198765621058 ], [ -75.673857330480686, 8.883492703624084 ], [ -75.671455389018078, 8.884100815380583 ], [ -75.668807826016675, 8.8835142814525 ], [ -75.665791867149125, 8.881135774767746 ], [ -75.663275705598394, 8.880712486955058 ], [ -75.659864876746454, 8.879320843984734 ], [ -75.655571892169036, 8.879628579453353 ], [ -75.65192869196477, 8.882379704611212 ], [ -75.648408522539, 8.882413676854638 ], [ -75.646794701210254, 8.88289874545907 ], [ -75.641599892251648, 8.882690991849726 ], [ -75.637533880326714, 8.881024477892604 ], [ -75.631413956116475, 8.879932970958594 ], [ -75.629647063849674, 8.880047938406697 ], [ -75.627917896392447, 8.880557322140083 ], [ -75.627526869748877, 8.881922046973562 ], [ -75.62857994412893, 8.883603608456069 ], [ -75.628658718474639, 8.88518160585094 ], [ -75.627080584004418, 8.887304559821262 ], [ -75.626263201221093, 8.890213512427836 ], [ -75.626308315076301, 8.892365587789001 ], [ -75.626598882194642, 8.892842660873736 ], [ -75.629142763418457, 8.891636375966788 ], [ -75.629912948990764, 8.891800565658361 ], [ -75.630327176507407, 8.893090195609201 ], [ -75.632179149249637, 8.8931781290187 ], [ -75.632445878902061, 8.893703122852765 ], [ -75.629499052882451, 8.896298122269069 ], [ -75.627520195679224, 8.900347831316907 ], [ -75.625291225411445, 8.902114787001866 ], [ -75.624222138290136, 8.90235837151433 ], [ -75.62286407061066, 8.904051333681412 ], [ -75.621798453050829, 8.903576095278027 ], [ -75.620273058397714, 8.901095356349373 ], [ -75.618852934164678, 8.900778398674479 ], [ -75.618801499192784, 8.897107794940917 ], [ -75.617102304286149, 8.896182172032637 ] ] ] } },
{ "type": "Feature", "properties": { "FID_Cuenca": 0, "CODIGO": null, "AH": "1", "ZH": "13", "SZH": "1303", "COD_POMCA": "Arroyo Trementino", "POMCA": "1003-00-33", "NOM_NSS": "Arroyo Trementino", "COD_NSS": null, "NOMENCLAT": "Subcuenca Arroyo Trementino", "IND_COMPAC": 1.63, "FORM_IND_C": 1003.0, "IND_SIN": 1.7, "TIPO_DRENA": 1014.0, "DEN_CORRIE": 0.0, "DEN_DREN": 2.62, "TIEM_CONC": 350.768369167, "MET_T_CONC": "Metodologia Temez: Tc=0.3(L/(S^0.25))^0.75; Donde: L es la Longitud del cauce (km) y S es el porcentaje de pendiente del cauce.", "CAUD_MED": 2.25, "T_CORRIEN": "PERMANENTE", "TIPO_FUEN": 2212.0, "Q_TOTAL": 14.16, "Q_MAX": 66.4, "Q_MIN": 2.9, "Q_AMBIENTA": 2.64, "Q_DISPONIB": 7.98, "REND_HID": 8.1, "ESCORR": 270.86, "AREA_ha_": 27788.376799099999, "OBSERV_": null, "SHAPE_Leng": 96835.889248299995, "SHAPE_Area": 277883767.991 }, "geometry": { "type": "Polygon", "coordinates": [ [ [ -75.456932820864637, 9.086475829318047 ], [ -75.456768076762145, 9.085821315262301 ], [ -75.45593080361229, 9.085798824167858 ], [ -75.452400225263716, 9.087251319648823 ], [ -75.451345537837241, 9.086632331499686 ], [ -75.451365096774211, 9.083314870303921 ], [ -75.449325550890123, 9.082476931525171 ], [ -75.45009431767653, 9.078298172311579 ], [ -75.448497372534419, 9.077192073358205 ], [ -75.446760269402574, 9.078298173187488 ], [ -75.44592867478039, 9.077881431395848 ], [ -75.442182631813111, 9.074132531167534 ], [ -75.440099808701589, 9.067048643129052 ], [ -75.438445692548925, 9.066636051042432 ], [ -75.436187592344709, 9.062243570683082 ], [ -75.434881723426813, 9.061351389328555 ], [ -75.433876549949716, 9.059334419499686 ], [ -75.434295401489138, 9.058108379265537 ], [ -75.436213424809111, 9.056074935398451 ], [ -75.442741963934409, 9.052165011253008 ], [ -75.444646520894878, 9.051918750425676 ], [ -75.454287140770262, 9.048494366212447 ], [ -75.453977983119771, 9.047322744418834 ], [ -75.452550651916624, 9.047086165084538 ], [ -75.451269642556724, 9.042311771790226 ], [ -75.451756998094623, 9.037598564484183 ], [ -75.455361293266293, 9.031978587909862 ], [ -75.456553148699683, 9.027201195099233 ], [ -75.459913690306692, 9.019498548125201 ], [ -75.460149976077147, 9.017788848024249 ], [ -75.458782805100157, 9.012270758629382 ], [ -75.459114637050149, 9.01089949770229 ], [ -75.458823087842248, 9.009174625326624 ], [ -75.458023825871095, 9.009043724426872 ], [ -75.457057963969604, 9.008090721146209 ], [ -75.457402467708434, 9.006662270188105 ], [ -75.456350396679468, 9.000798771824844 ], [ -75.456762390474537, 8.999965273868169 ], [ -75.455099177162381, 8.997464735701692 ], [ -75.456350392656944, 8.989965041736692 ], [ -75.457736183254738, 8.987937891889409 ], [ -75.45702004908631, 8.986021305178124 ], [ -75.4550991728144, 8.983715606376197 ], [ -75.454882942581349, 8.982212331121021 ], [ -75.45487555073781, 8.981232634553693 ], [ -75.456003153390469, 8.980451165857071 ], [ -75.456963923153154, 8.973715315926961 ], [ -75.454935115937687, 8.968329898203796 ], [ -75.454833944655661, 8.967014912024583 ], [ -75.455930768413722, 8.959965300506138 ], [ -75.453867263212246, 8.959148664739152 ], [ -75.447599465759055, 8.952882361747392 ], [ -75.445097021355025, 8.952048856215169 ], [ -75.443014198751172, 8.949132520300841 ], [ -75.442594581641231, 8.946631986906629 ], [ -75.443014196720199, 8.9424653883693 ], [ -75.442482164178259, 8.938944741705379 ], [ -75.443303452671898, 8.935156669885647 ], [ -75.442668907335076, 8.927510713928283 ], [ -75.447599620637646, 8.92242717817223 ], [ -75.449525183549099, 8.916393286903414 ], [ -75.451976117957557, 8.911950243362782 ], [ -75.453907848919172, 8.903735202407857 ], [ -75.45520074599807, 8.902195025551846 ], [ -75.456640719686632, 8.901400473900607 ], [ -75.458789441706415, 8.90106247006972 ], [ -75.464366122759117, 8.894854668150543 ], [ -75.467744271051117, 8.888042932718484 ], [ -75.469531148957714, 8.879785363291338 ], [ -75.468747636951761, 8.878625983305174 ], [ -75.463675646134675, 8.876607237536849 ], [ -75.463438868987453, 8.875029678282754 ], [ -75.464788853003739, 8.869514483123927 ], [ -75.465031749612621, 8.865036557805086 ], [ -75.463305644612419, 8.862589207022374 ], [ -75.46676447790648, 8.860798430074178 ], [ -75.468902956827094, 8.858564929939032 ], [ -75.470228784556554, 8.854326919499849 ], [ -75.469939662607189, 8.850338857882221 ], [ -75.472298860438755, 8.844676409221105 ], [ -75.476972879393998, 8.84075594493069 ], [ -75.477890122620323, 8.839145387705877 ], [ -75.484059636627407, 8.833970872059997 ], [ -75.487047663688784, 8.8290409415859 ], [ -75.489006945832614, 8.827145119169016 ], [ -75.491805472923758, 8.826063972976682 ], [ -75.496389792019926, 8.825214413051212 ], [ -75.499061575878031, 8.825979165046162 ], [ -75.502177988840216, 8.82606779386486 ], [ -75.503915623088872, 8.829119137601625 ], [ -75.505025215047084, 8.830047617324402 ], [ -75.505866282564114, 8.829924839335686 ], [ -75.506940877991298, 8.828007518226695 ], [ -75.507519303104999, 8.828364044923752 ], [ -75.506456678780893, 8.832609282104423 ], [ -75.507679463492821, 8.834828748483737 ], [ -75.507782646856796, 8.836645920357133 ], [ -75.50745008776741, 8.837699463899281 ], [ -75.505567551878059, 8.838986112127982 ], [ -75.505281829719507, 8.839716619296437 ], [ -75.505594800858418, 8.840650517352577 ], [ -75.506595560751066, 8.840780628263182 ], [ -75.50669498390252, 8.841622068995045 ], [ -75.50576726427974, 8.845471194070491 ], [ -75.506312777476708, 8.846281750474976 ], [ -75.507768958618897, 8.845769672455928 ], [ -75.508751826837866, 8.846244223505538 ], [ -75.50961439794763, 8.850430888284475 ], [ -75.50599881061315, 8.855629547473349 ], [ -75.506365156997617, 8.85678445468243 ], [ -75.505492485215285, 8.858079215188409 ], [ -75.506500117362307, 8.860598432814449 ], [ -75.507526793917179, 8.861820168214999 ], [ -75.508660642251911, 8.862772441252536 ], [ -75.510657015737408, 8.862914263863749 ], [ -75.511235949426222, 8.863385566315356 ], [ -75.511336315775466, 8.866943773353446 ], [ -75.512106769473249, 8.868433127987554 ], [ -75.511894755613369, 8.869567525694313 ], [ -75.509240036519202, 8.873294144274869 ], [ -75.509273119876738, 8.874384553742246 ], [ -75.510758688474965, 8.877966143160158 ], [ -75.509437600904292, 8.879592669825486 ], [ -75.509363281742267, 8.882749770478014 ], [ -75.510436766070455, 8.884237960024169 ], [ -75.514183072544625, 8.886634202247182 ], [ -75.516277666094268, 8.886590794064501 ], [ -75.516753554535597, 8.887198253474665 ], [ -75.518599637844176, 8.890692303321826 ], [ -75.520149461295631, 8.8995827403477 ], [ -75.521634762837564, 8.903035109421634 ], [ -75.521553030958131, 8.904269446923029 ], [ -75.520806888133791, 8.905334172645127 ], [ -75.521262858460531, 8.907542160873687 ], [ -75.524046618703039, 8.910932072054431 ], [ -75.526230390473657, 8.912749001990143 ], [ -75.525214036437475, 8.917258559685871 ], [ -75.525726231685297, 8.919074108247015 ], [ -75.525522797321983, 8.922375178938214 ], [ -75.524036441670404, 8.923576724798444 ], [ -75.524576464989963, 8.926348768467895 ], [ -75.523281736365035, 8.927358245579125 ], [ -75.522951066385843, 8.928890097465736 ], [ -75.524943346615871, 8.934000154743625 ], [ -75.525860843049813, 8.934905345370789 ], [ -75.52625547301345, 8.937390967460075 ], [ -75.528575102493662, 8.940108208318051 ], [ -75.530406925887718, 8.941105462659671 ], [ -75.533343378192143, 8.941667900675309 ], [ -75.536517676218821, 8.941559758870516 ], [ -75.537053838060359, 8.943327352079802 ], [ -75.538784151528333, 8.942985724011766 ], [ -75.543403783452277, 8.943445776881287 ], [ -75.544272860988741, 8.944255442450604 ], [ -75.545488811665734, 8.947598702627811 ], [ -75.545360805361696, 8.951664729946637 ], [ -75.548828684508294, 8.952774959793155 ], [ -75.551073242579321, 8.954703127385907 ], [ -75.552478725462365, 8.957304235770641 ], [ -75.555397159603572, 8.959325341122108 ], [ -75.556384239529422, 8.959560543537693 ], [ -75.55970024891046, 8.958782003230636 ], [ -75.561007465957715, 8.960857337591104 ], [ -75.562210821821026, 8.961043826197844 ], [ -75.56310587944651, 8.962307707800882 ], [ -75.564068042883207, 8.962327755693133 ], [ -75.564315561337324, 8.964048612757017 ], [ -75.565518927895312, 8.964235088581715 ], [ -75.56624681123597, 8.965786606632246 ], [ -75.566800296005013, 8.965856120866986 ], [ -75.568454604704058, 8.964558065910213 ], [ -75.569681829002874, 8.96469660294688 ], [ -75.570674592905036, 8.966318783439352 ], [ -75.572413555377608, 8.966774165966219 ], [ -75.572705700557847, 8.967633907079508 ], [ -75.572074251595467, 8.968497383943372 ], [ -75.572136202786652, 8.9695302413894 ], [ -75.574853033611362, 8.970437559130515 ], [ -75.575832238215042, 8.969917036079073 ], [ -75.577333790622106, 8.970083129147282 ], [ -75.578608688599985, 8.971283239912434 ], [ -75.579705463143355, 8.971278782106806 ], [ -75.581567553397065, 8.974887066277432 ], [ -75.585203068765708, 8.974585270504948 ], [ -75.588956873549307, 8.974971688283864 ], [ -75.591116828781594, 8.979084108861214 ], [ -75.59390397842742, 8.981260826474458 ], [ -75.59311545991828, 8.982519565271069 ], [ -75.591241585728596, 8.983065329090637 ], [ -75.590668785672918, 8.984143822092431 ], [ -75.590960842392903, 8.984967668309226 ], [ -75.595758630168078, 8.984768597316487 ], [ -75.598070237986974, 8.985368889883681 ], [ -75.599521789478132, 8.987371697294407 ], [ -75.598803195972948, 8.988092088988896 ], [ -75.598242539362019, 8.992076118990541 ], [ -75.597304463642132, 8.992079987710495 ], [ -75.596897652443062, 8.992583863499222 ], [ -75.5962998479785, 8.99631694789686 ], [ -75.594542225014024, 8.998799313695415 ], [ -75.595413392762538, 9.000051223211498 ], [ -75.594809017620506, 9.002211973758067 ], [ -75.594938012448125, 9.00430393847445 ], [ -75.597052480455076, 9.006626853313971 ], [ -75.601017162691733, 9.005594110528579 ], [ -75.605576636894725, 9.003004442894248 ], [ -75.608761506689618, 9.002453144031083 ], [ -75.612354551438074, 9.005119350489466 ], [ -75.612318133817155, 9.005617976257343 ], [ -75.610750443010062, 9.00641566710023 ], [ -75.609134096023894, 9.008156167989618 ], [ -75.608270311518226, 9.010102782239313 ], [ -75.606888697836141, 9.010467238902528 ], [ -75.606774586828848, 9.011932452075012 ], [ -75.605426297896486, 9.013073976175086 ], [ -75.604950986305155, 9.01445101224339 ], [ -75.60399131169325, 9.015052850629752 ], [ -75.602738729703674, 9.017509247289306 ], [ -75.602629750109827, 9.020200040721994 ], [ -75.601556054824485, 9.022296982987662 ], [ -75.597734663345335, 9.021685065691569 ], [ -75.596867540109784, 9.022854468895913 ], [ -75.595094962417861, 9.023220508137969 ], [ -75.590953890833447, 9.025270302024772 ], [ -75.591056315212995, 9.028199375786294 ], [ -75.589910184502145, 9.030290818930618 ], [ -75.590203880540344, 9.031494887785875 ], [ -75.588449561146703, 9.033080454709792 ], [ -75.58748955772549, 9.034777537087466 ], [ -75.587873620215177, 9.036885195034133 ], [ -75.58616776411391, 9.039718883907675 ], [ -75.588074782119392, 9.043591602135557 ], [ -75.588017922450689, 9.046946490025062 ], [ -75.58590755013941, 9.046556331863615 ], [ -75.582725407703833, 9.048449080392137 ], [ -75.58275904868681, 9.049596828778784 ], [ -75.583632330680857, 9.051329418328313 ], [ -75.582675908995, 9.053901746872627 ], [ -75.58001386812289, 9.055921482653289 ], [ -75.577963084419366, 9.055671618519922 ], [ -75.577554334823134, 9.05456844942197 ], [ -75.575286208005323, 9.054118577705134 ], [ -75.57464616075103, 9.05293025881948 ], [ -75.572506888580833, 9.052221564804027 ], [ -75.571091589331289, 9.053278844533949 ], [ -75.569467455964897, 9.053225678539533 ], [ -75.568988028784489, 9.05364613448816 ], [ -75.568903726910477, 9.055081344797683 ], [ -75.567524963159457, 9.056193002683605 ], [ -75.565267575220261, 9.055723892956275 ], [ -75.563185346473432, 9.053968652935168 ], [ -75.559400050221015, 9.054910678864726 ], [ -75.556873733623902, 9.054861107931911 ], [ -75.554542735489221, 9.056345451095416 ], [ -75.553901077421628, 9.058285122828924 ], [ -75.552495579840738, 9.058757123790297 ], [ -75.551670399642589, 9.059944222041825 ], [ -75.549474035799449, 9.061172709906714 ], [ -75.54633383714355, 9.061041840624068 ], [ -75.544605710058335, 9.062053190237268 ], [ -75.543446210264733, 9.061493450550307 ], [ -75.543754993471367, 9.060511710344228 ], [ -75.542190909342139, 9.060446229872165 ], [ -75.539128148451709, 9.058640954710421 ], [ -75.537371217743512, 9.058480562775927 ], [ -75.535140446860495, 9.060139574306927 ], [ -75.533434223502468, 9.060624661811863 ], [ -75.531099719937274, 9.064914696839683 ], [ -75.527002069399899, 9.069020400128418 ], [ -75.520018627187937, 9.073496196996787 ], [ -75.51633395018591, 9.072613912186643 ], [ -75.512495808661342, 9.069436348363393 ], [ -75.51115852526793, 9.068939379399174 ], [ -75.509968159567123, 9.069087534990596 ], [ -75.507912706624808, 9.07295443202247 ], [ -75.505959978095007, 9.075016270717104 ], [ -75.506211122864741, 9.076464541502173 ], [ -75.505592366928113, 9.076969177130792 ], [ -75.502640866051934, 9.075316212202175 ], [ -75.502304424474275, 9.074198297881431 ], [ -75.50267335507327, 9.072575414880015 ], [ -75.502149535463516, 9.071529975613364 ], [ -75.500477423294328, 9.072153498897849 ], [ -75.496098312258582, 9.07087910238138 ], [ -75.493761748434096, 9.071404730573411 ], [ -75.489572679456089, 9.070732179118671 ], [ -75.483240422532802, 9.07081876464138 ], [ -75.481698371577053, 9.070250723230863 ], [ -75.480440767218482, 9.068581478812513 ], [ -75.47899877274989, 9.067952005129746 ], [ -75.477559927183165, 9.069177200447026 ], [ -75.472978464533995, 9.079023942543236 ], [ -75.469348181985382, 9.081636321524575 ], [ -75.46341257012368, 9.083572137388439 ], [ -75.460612598746536, 9.087528814108486 ], [ -75.456932820864637, 9.086475829318047 ] ] ] } },
{ "type": "Feature", "properties": { "FID_Cuenca": 0, "CODIGO": null, "AH": "1", "ZH": "13", "SZH": "1303", "COD_POMCA": "Arroyo El Venado", "POMCA": "1003-00-32", "NOM_NSS": "Arroyo El Venado", "COD_NSS": null, "NOMENCLAT": "Subcuenca Arroyo El Venado", "IND_COMPAC": 1.87, "FORM_IND_C": 1003.0, "IND_SIN": 2.12, "TIPO_DRENA": 1015.0, "DEN_CORRIE": 0.0, "DEN_DREN": 2.87, "TIEM_CONC": 413.93677719200002, "MET_T_CONC": "Metodologia Temez: Tc=0.3(L/(S^0.25))^0.75; Donde: L es la Longitud del cauce (km) y S es el porcentaje de pendiente del cauce.", "CAUD_MED": 14.46, "T_CORRIEN": "PERMANENTE", "TIPO_FUEN": 2212.0, "Q_TOTAL": 56.71, "Q_MAX": 238.22, "Q_MIN": 4.01, "Q_AMBIENTA": 10.62, "Q_DISPONIB": 31.91, "REND_HID": 46.83, "ESCORR": 396.9, "AREA_ha_": 30869.744045300002, "OBSERV_": null, "SHAPE_Leng": 117289.00621199999, "SHAPE_Area": 308697440.45300001 }, "geometry": { "type": "Polygon", "coordinates": [ [ [ -75.589774062682267, 8.977149329819573 ], [ -75.588956873549307, 8.974971688283864 ], [ -75.587339616448261, 8.974748725326833 ], [ -75.581567553397065, 8.974887066277432 ], [ -75.579705463143355, 8.971278782106806 ], [ -75.578608688599985, 8.971283239912434 ], [ -75.577333790622106, 8.970083129147282 ], [ -75.575832238215042, 8.969917036079073 ], [ -75.574853033611362, 8.970437559130515 ], [ -75.572136202786652, 8.9695302413894 ], [ -75.572074251595467, 8.968497383943372 ], [ -75.572705700557847, 8.967633907079508 ], [ -75.572413555377608, 8.966774165966219 ], [ -75.570674592905036, 8.966318783439352 ], [ -75.569127663045094, 8.964459693405685 ], [ -75.56624681123597, 8.965786606632246 ], [ -75.565518927895312, 8.964235088581715 ], [ -75.564315561337324, 8.964048612757017 ], [ -75.564068042883207, 8.962327755693133 ], [ -75.56310587944651, 8.962307707800882 ], [ -75.562210821821026, 8.961043826197844 ], [ -75.561007465957715, 8.960857337591104 ], [ -75.55970024891046, 8.958782003230636 ], [ -75.556384239529422, 8.959560543537693 ], [ -75.55371007667128, 8.95847114694482 ], [ -75.552478725462365, 8.957304235770641 ], [ -75.551073242579321, 8.954703127385907 ], [ -75.548828684508294, 8.952774959793155 ], [ -75.545360805361696, 8.951664729946637 ], [ -75.545488811665734, 8.947598702627811 ], [ -75.544272860988741, 8.944255442450604 ], [ -75.543403783452277, 8.943445776881287 ], [ -75.538784151528333, 8.942985724011766 ], [ -75.537053838060359, 8.943327352079802 ], [ -75.536517676218821, 8.941559758870516 ], [ -75.532765973671232, 8.941622338049026 ], [ -75.53136857108197, 8.941006032673952 ], [ -75.530406925887718, 8.941105462659671 ], [ -75.528575102493662, 8.940108208318051 ], [ -75.52625547301345, 8.937390967460075 ], [ -75.525860843049813, 8.934905345370789 ], [ -75.524943346615871, 8.934000154743625 ], [ -75.523097438764637, 8.929415659464906 ], [ -75.523281736365035, 8.927358245579125 ], [ -75.524576464989963, 8.926348768467895 ], [ -75.524036441670404, 8.923576724798444 ], [ -75.525522797321983, 8.922375178938214 ], [ -75.525726231685297, 8.919074108247015 ], [ -75.525214036437475, 8.917258559685871 ], [ -75.526377368872517, 8.913430008451511 ], [ -75.52575889518495, 8.912105131525994 ], [ -75.524046618703039, 8.910932072054431 ], [ -75.521262858460531, 8.907542160873687 ], [ -75.520806888133791, 8.905334172645127 ], [ -75.521553030958131, 8.904269446923029 ], [ -75.521634762837564, 8.903035109421634 ], [ -75.520149461295631, 8.8995827403477 ], [ -75.518599637844176, 8.890692303321826 ], [ -75.516753554535597, 8.887198253474665 ], [ -75.516277666094268, 8.886590794064501 ], [ -75.514183072544625, 8.886634202247182 ], [ -75.510436766070455, 8.884237960024169 ], [ -75.509363281742267, 8.882749770478014 ], [ -75.509437600904292, 8.879592669825486 ], [ -75.510758688474965, 8.877966143160158 ], [ -75.509273119876738, 8.874384553742246 ], [ -75.509240036519202, 8.873294144274869 ], [ -75.511894755613369, 8.869567525694313 ], [ -75.512106769473249, 8.868433127987554 ], [ -75.511336315775466, 8.866943773353446 ], [ -75.511235949426222, 8.863385566315356 ], [ -75.510657015737408, 8.862914263863749 ], [ -75.508660642251911, 8.862772441252536 ], [ -75.507526793917179, 8.861820168214999 ], [ -75.506500117362307, 8.860598432814449 ], [ -75.505492485215285, 8.858079215188409 ], [ -75.506365156997617, 8.85678445468243 ], [ -75.50599881061315, 8.855629547473349 ], [ -75.50961439794763, 8.850430888284475 ], [ -75.508751826837866, 8.846244223505538 ], [ -75.507768958618897, 8.845769672455928 ], [ -75.506312777476708, 8.846281750474976 ], [ -75.50576726427974, 8.845471194070491 ], [ -75.50669498390252, 8.841622068995045 ], [ -75.506595560751066, 8.840780628263182 ], [ -75.505594800858418, 8.840650517352577 ], [ -75.505281829719507, 8.839716619296437 ], [ -75.505567551878059, 8.838986112127982 ], [ -75.50745008776741, 8.837699463899281 ], [ -75.507782646856796, 8.836645920357133 ], [ -75.507679463492821, 8.834828748483737 ], [ -75.506456678780893, 8.832609282104423 ], [ -75.507519303104999, 8.828364044923752 ], [ -75.506940877991298, 8.828007518226695 ], [ -75.505866282564114, 8.829924839335686 ], [ -75.505025215047084, 8.830047617324402 ], [ -75.503915623088872, 8.829119137601625 ], [ -75.502177988840216, 8.82606779386486 ], [ -75.503069429189509, 8.82528955098568 ], [ -75.502526143102358, 8.822809194308284 ], [ -75.503197773358366, 8.8211421325444 ], [ -75.50550919588251, 8.818234806831446 ], [ -75.510545747312648, 8.814987057980751 ], [ -75.514124371022817, 8.807784454067843 ], [ -75.514006393879626, 8.803379703945128 ], [ -75.514696168304397, 8.798957520405978 ], [ -75.51375166471621, 8.797297832069116 ], [ -75.511884879445134, 8.796317871119777 ], [ -75.512411342075325, 8.793743126459212 ], [ -75.511437378551108, 8.791795341925864 ], [ -75.509004118008988, 8.789221734505468 ], [ -75.509028781283845, 8.788131098860761 ], [ -75.513078481929995, 8.787182997945449 ], [ -75.512816136642229, 8.786480886277737 ], [ -75.511212407917938, 8.78527282779482 ], [ -75.506455138810836, 8.78278859641684 ], [ -75.50311259019891, 8.780046185728425 ], [ -75.500092506008528, 8.778637006852614 ], [ -75.499475869872597, 8.775798171190505 ], [ -75.498488925648985, 8.774022834132703 ], [ -75.498620454378027, 8.772294922336053 ], [ -75.497699841554976, 8.768733819553635 ], [ -75.493848381233761, 8.763851987334746 ], [ -75.494544597682079, 8.761065605828723 ], [ -75.495572719531836, 8.759842786782572 ], [ -75.499340275018724, 8.758712889041771 ], [ -75.498721912273339, 8.755798076810256 ], [ -75.499353760054277, 8.755063887082835 ], [ -75.500888465888579, 8.754638965894429 ], [ -75.502805704489248, 8.752673200986617 ], [ -75.50429100250966, 8.752433728129642 ], [ -75.505536191643031, 8.749903558807906 ], [ -75.50565380312176, 8.746703226075677 ], [ -75.503936495580447, 8.742663199314945 ], [ -75.500594190044126, 8.740518635656846 ], [ -75.498635215206789, 8.740545074758204 ], [ -75.497796466688669, 8.739959897395252 ], [ -75.497656883993486, 8.737377540365861 ], [ -75.496370563440024, 8.734448941274412 ], [ -75.49684932409707, 8.733930744971277 ], [ -75.496725790621895, 8.733046330620903 ], [ -75.495152156145096, 8.730086684574543 ], [ -75.495911142968282, 8.727381386072247 ], [ -75.497286872312102, 8.725089722217653 ], [ -75.496159765175463, 8.722483780704486 ], [ -75.496226860144276, 8.720809398103112 ], [ -75.498117580894089, 8.718637970076335 ], [ -75.497108463472557, 8.715568590827232 ], [ -75.497760298245296, 8.713138722492076 ], [ -75.495630917711026, 8.709379966550616 ], [ -75.496769634195729, 8.705393769528454 ], [ -75.497965916957966, 8.703930453541147 ], [ -75.502359152127738, 8.705695733759825 ], [ -75.503584427980911, 8.705547648111567 ], [ -75.504468808036208, 8.704240935256651 ], [ -75.505532824983618, 8.704432948042605 ], [ -75.50693843051414, 8.704982844492017 ], [ -75.507831136597787, 8.706432630782119 ], [ -75.5090955860923, 8.707368438227043 ], [ -75.512141159365186, 8.708684268185134 ], [ -75.516810166721328, 8.707112122698096 ], [ -75.518066683187598, 8.705708315543424 ], [ -75.520746503149709, 8.705662283424248 ], [ -75.522420684920931, 8.706624499153863 ], [ -75.524558079646454, 8.703029074119799 ], [ -75.525278263829435, 8.702799138575067 ], [ -75.527614347323095, 8.703377762232231 ], [ -75.529227796073187, 8.704172770279515 ], [ -75.53020708336031, 8.705687651974477 ], [ -75.530831940265443, 8.70878229094151 ], [ -75.53126321282204, 8.709138525231413 ], [ -75.53427001375934, 8.708771714166048 ], [ -75.534932315787074, 8.709364477166265 ], [ -75.535117722830776, 8.710691060256918 ], [ -75.537643226432962, 8.711135756626613 ], [ -75.540123788806298, 8.712424597176339 ], [ -75.540327706746567, 8.714179185144223 ], [ -75.541356978754351, 8.715549226692026 ], [ -75.543444262171036, 8.715789896199899 ], [ -75.544807335932049, 8.71522980367118 ], [ -75.545253626429982, 8.716261212067499 ], [ -75.547376343446444, 8.717367892902683 ], [ -75.549582329393644, 8.716818426201288 ], [ -75.550683145295409, 8.715580142437787 ], [ -75.555253896426805, 8.71369976334385 ], [ -75.557803148585322, 8.713713407616723 ], [ -75.558767138088655, 8.713140475779351 ], [ -75.558339821100802, 8.712051617887976 ], [ -75.558876370638899, 8.711580794151923 ], [ -75.562531906118181, 8.712111790469203 ], [ -75.563958658706824, 8.713081941669412 ], [ -75.566359897034317, 8.712489018794432 ], [ -75.567804215455311, 8.712694148269858 ], [ -75.570421626328752, 8.713620999118639 ], [ -75.571456079667783, 8.715061390131481 ], [ -75.573233544916093, 8.715257326789816 ], [ -75.573923596198398, 8.716630056911619 ], [ -75.574414303077077, 8.71672378330666 ], [ -75.574987670866008, 8.716142076081622 ], [ -75.575809835049739, 8.716387392653367 ], [ -75.580074517709221, 8.715297685644154 ], [ -75.582071347973226, 8.713818587179439 ], [ -75.584092373545872, 8.71432474589157 ], [ -75.588801349922676, 8.713821775444291 ], [ -75.590858925826268, 8.714492125983744 ], [ -75.591194678812542, 8.719084150925367 ], [ -75.590361325901625, 8.721048470970816 ], [ -75.59058082362705, 8.721836779116604 ], [ -75.592897511735501, 8.72412334074107 ], [ -75.593572907866587, 8.72591647386186 ], [ -75.594669485161234, 8.726373128701894 ], [ -75.595076226971528, 8.727098504357054 ], [ -75.593644027515523, 8.729572214754327 ], [ -75.59332601737421, 8.731773626626419 ], [ -75.594184852003892, 8.734926916237036 ], [ -75.591688753873584, 8.74061900070132 ], [ -75.59239591876883, 8.742519774808088 ], [ -75.594874830974689, 8.743275118567297 ], [ -75.595876625576992, 8.747288746457132 ], [ -75.595696924330852, 8.750398356474511 ], [ -75.594643534904947, 8.751454820431576 ], [ -75.594312819000521, 8.752891018730399 ], [ -75.594675902938874, 8.759442146449343 ], [ -75.595923956090118, 8.764144310296398 ], [ -75.595296401178274, 8.766478497328025 ], [ -75.593510716333682, 8.767765094949391 ], [ -75.592508312249834, 8.769550750372323 ], [ -75.592321817657293, 8.770986371019985 ], [ -75.592528524105305, 8.7715714476288 ], [ -75.593793283696584, 8.772235977844126 ], [ -75.5935812505043, 8.775077875034372 ], [ -75.595458984032163, 8.775730368998502 ], [ -75.59546399937129, 8.776964336645136 ], [ -75.594422234158088, 8.779713912157852 ], [ -75.595998496681702, 8.780711979382376 ], [ -75.596242783489842, 8.781667576062205 ], [ -75.594857848338464, 8.782792348567696 ], [ -75.594833201392532, 8.783825554947256 ], [ -75.595768315503221, 8.784405304078032 ], [ -75.595920378621628, 8.785146040982625 ], [ -75.593458875907885, 8.787564138358727 ], [ -75.593956846641774, 8.789420291901406 ], [ -75.590226338576329, 8.793708814260889 ], [ -75.590281027162817, 8.796520944121482 ], [ -75.587975855958504, 8.79785645951358 ], [ -75.587073650763145, 8.803623488166322 ], [ -75.58741565662632, 8.804961331443604 ], [ -75.589665083158309, 8.808300330910658 ], [ -75.591097243335625, 8.808713073717371 ], [ -75.593788132208019, 8.811225210700437 ], [ -75.594541688637989, 8.816196381275612 ], [ -75.595507460306109, 8.817196887794061 ], [ -75.59757910425752, 8.817590274288287 ], [ -75.598485428224805, 8.81874884746559 ], [ -75.599005862974224, 8.820784247658903 ], [ -75.59841523425942, 8.822745231243317 ], [ -75.59877217931502, 8.823604704235759 ], [ -75.598723516601609, 8.827572302236298 ], [ -75.597394763843283, 8.830708084309407 ], [ -75.599128279399707, 8.834228431061604 ], [ -75.598783923991164, 8.835270104820321 ], [ -75.599442258378332, 8.837503428816154 ], [ -75.599695805041378, 8.843624481930872 ], [ -75.600821396880264, 8.845461312214837 ], [ -75.601603188264747, 8.848471340964892 ], [ -75.602051887612035, 8.857111242235437 ], [ -75.601335285420063, 8.858262050346287 ], [ -75.601326619396431, 8.861411605307062 ], [ -75.60177050925823, 8.86234962884371 ], [ -75.602859190728893, 8.862920658588823 ], [ -75.604511090047126, 8.867453714697227 ], [ -75.607989576073521, 8.867474802873595 ], [ -75.610953652119633, 8.869040989487399 ], [ -75.611895578356126, 8.870041518909021 ], [ -75.612338225828978, 8.872407207252053 ], [ -75.613788398741775, 8.874194808856888 ], [ -75.617114726145033, 8.8761181536264 ], [ -75.617642378279811, 8.878674791510365 ], [ -75.616894368327038, 8.880937764969596 ], [ -75.617299656132559, 8.882980752077996 ], [ -75.616742616158589, 8.887789795499607 ], [ -75.617365980828751, 8.890226463007799 ], [ -75.616616011209913, 8.892023121578788 ], [ -75.616626948700244, 8.894641674585513 ], [ -75.617102304286149, 8.896182172032637 ], [ -75.618801499192784, 8.897107794940917 ], [ -75.618852934164678, 8.900778398674479 ], [ -75.620273058397714, 8.901095356349373 ], [ -75.621798453050829, 8.903576095278027 ], [ -75.62286407061066, 8.904051333681412 ], [ -75.624222138290136, 8.90235837151433 ], [ -75.625291225411445, 8.902114787001866 ], [ -75.627520195679224, 8.900347831316907 ], [ -75.629499052882451, 8.896298122269069 ], [ -75.632445878902061, 8.893703122852765 ], [ -75.632179149249637, 8.8931781290187 ], [ -75.630327176507407, 8.893090195609201 ], [ -75.629912948990764, 8.891800565658361 ], [ -75.629142763418457, 8.891636375966788 ], [ -75.626598882194642, 8.892842660873736 ], [ -75.626308315076301, 8.892365587789001 ], [ -75.626263201221093, 8.890213512427836 ], [ -75.627080584004418, 8.887304559821262 ], [ -75.628658718474639, 8.88518160585094 ], [ -75.62857994412893, 8.883603608456069 ], [ -75.627526869748877, 8.881922046973562 ], [ -75.627917896392447, 8.880557322140083 ], [ -75.629647063849674, 8.880047938406697 ], [ -75.631413956116475, 8.879932970958594 ], [ -75.637533880326714, 8.881024477892604 ], [ -75.641599892251648, 8.882690991849726 ], [ -75.646794701210254, 8.88289874545907 ], [ -75.648408522539, 8.882413676854638 ], [ -75.65192869196477, 8.882379704611212 ], [ -75.655571892169036, 8.879628579453353 ], [ -75.659864876746454, 8.879320843984734 ], [ -75.663275705598394, 8.880712486955058 ], [ -75.665791867149125, 8.881135774767746 ], [ -75.668807826016675, 8.8835142814525 ], [ -75.671455389018078, 8.884100815380583 ], [ -75.673857330480686, 8.883492703624084 ], [ -75.676505413280296, 8.884198765621058 ], [ -75.681553348251498, 8.883818386881439 ], [ -75.680825077472051, 8.887900846898216 ], [ -75.681254764476435, 8.898229601431728 ], [ -75.680209226004777, 8.901103714855042 ], [ -75.675040432058438, 8.902503349257225 ], [ -75.673718045964662, 8.903656871303726 ], [ -75.669049844463046, 8.905169069716807 ], [ -75.66801474813559, 8.906034384014061 ], [ -75.666410702263647, 8.908796081957526 ], [ -75.666732507903831, 8.916485311494782 ], [ -75.667323552732768, 8.919696765656781 ], [ -75.667049386713529, 8.923026706498142 ], [ -75.670410046311872, 8.926054105876172 ], [ -75.670363538704279, 8.928636965085582 ], [ -75.669097027888412, 8.929388500637156 ], [ -75.667248627108933, 8.929052067775283 ], [ -75.664365313048876, 8.929638332685135 ], [ -75.662473326966193, 8.932573442514522 ], [ -75.660057400479374, 8.934477714483727 ], [ -75.659428208505318, 8.935800430605461 ], [ -75.657875780718612, 8.937184474843491 ], [ -75.657425171962657, 8.939769068745866 ], [ -75.654497613854474, 8.943512066683343 ], [ -75.654099264835921, 8.944833796552031 ], [ -75.653112991092797, 8.945619770453261 ], [ -75.649461153767973, 8.946496176697671 ], [ -75.647736551357525, 8.948129625940272 ], [ -75.646817741021181, 8.946985659804504 ], [ -75.646474899259232, 8.945552287024421 ], [ -75.645220634966705, 8.944696700917373 ], [ -75.642139836416817, 8.944135792574102 ], [ -75.641559788517071, 8.943468654578774 ], [ -75.64038481018585, 8.938643018989778 ], [ -75.641095068924443, 8.936009503219889 ], [ -75.640464493861558, 8.934768642023151 ], [ -75.638878687038854, 8.935110115416638 ], [ -75.637560919876563, 8.930619853059424 ], [ -75.639896316461048, 8.92558811949708 ], [ -75.637183801282575, 8.921103713839678 ], [ -75.637612604764897, 8.920145358289332 ], [ -75.637271465167757, 8.91909457973669 ], [ -75.634855922069619, 8.916569837533675 ], [ -75.631000379512201, 8.914720685248652 ], [ -75.627245900318272, 8.914018936678362 ], [ -75.624650149063697, 8.914364545738616 ], [ -75.622677021663563, 8.914085783657498 ], [ -75.62103835483822, 8.913279512981031 ], [ -75.619308518943271, 8.913669316071367 ], [ -75.61662497235541, 8.916024019261707 ], [ -75.615334785982739, 8.918038146081329 ], [ -75.612523883678236, 8.924458761651243 ], [ -75.610412596763837, 8.925663191621144 ], [ -75.606155626581753, 8.931372325362172 ], [ -75.605455272352657, 8.93644502313632 ], [ -75.604453957750096, 8.938553598616412 ], [ -75.603686759300956, 8.93913069861145 ], [ -75.603642642436313, 8.940087449712339 ], [ -75.604709400870746, 8.942139678466582 ], [ -75.606976875118278, 8.943756492359944 ], [ -75.607611362926775, 8.945953977592909 ], [ -75.609401870613496, 8.948529307004328 ], [ -75.607830149603714, 8.952266414498588 ], [ -75.607885049662116, 8.953892350438503 ], [ -75.609284388897265, 8.95493878469699 ], [ -75.609576401530589, 8.955750656747851 ], [ -75.608548604221696, 8.963024812086266 ], [ -75.60869952240958, 8.964602520123023 ], [ -75.607755495801655, 8.968910975755366 ], [ -75.601010657186862, 8.975077827768297 ], [ -75.598114634187155, 8.976517026357534 ], [ -75.596858930742926, 8.976479149800236 ], [ -75.594961485662907, 8.975234035526844 ], [ -75.592371712990399, 8.977138681208704 ], [ -75.590468673440114, 8.977605639091596 ], [ -75.589774062682267, 8.977149329819573 ] ] ] } },
{ "type": "Feature", "properties": { "FID_Cuenca": 0, "CODIGO": null, "AH": "1", "ZH": "13", "SZH": "1303", "COD_POMCA": "Arroyo San Francisco", "POMCA": "1003-00-32", "NOM_NSS": "Arroyo San Francisco", "COD_NSS": null, "NOMENCLAT": "Subcuenca Subcuenca Arroyo San Francisco", "IND_COMPAC": 1.92, "FORM_IND_C": 1003.0, "IND_SIN": 1.67, "TIPO_DRENA": 1013.0, "DEN_CORRIE": 0.0, "DEN_DREN": 3.0, "TIEM_CONC": 440.56329947500001, "MET_T_CONC": "Metodologia Temez: Tc=0.3(L/(S^0.25))^0.75; Donde: L es la Longitud del cauce (km) y S es el porcentaje de pendiente del cauce.", "CAUD_MED": 40.83, "T_CORRIEN": "PERMANENTE", "TIPO_FUEN": 2212.0, "Q_TOTAL": 10.61, "Q_MAX": 48.56, "Q_MIN": 2.41, "Q_AMBIENTA": 1.97, "Q_DISPONIB": 5.99, "REND_HID": 204.38, "ESCORR": 191.41, "AREA_ha_": 19977.296726100001, "OBSERV_": null, "SHAPE_Leng": 96897.160842099998, "SHAPE_Area": 199772967.26100001 }, "geometry": { "type": "Polygon", "coordinates": [ [ [ -75.472819780100892, 9.245048530965169 ], [ -75.469210150714162, 9.245799658901941 ], [ -75.467669777563401, 9.245240608650752 ], [ -75.467889566430173, 9.24465862506093 ], [ -75.467433146135377, 9.244283724826641 ], [ -75.467657992984627, 9.243610241796512 ], [ -75.467205183572489, 9.242772569651009 ], [ -75.465605628449978, 9.242310593562065 ], [ -75.465439371314233, 9.241342668973244 ], [ -75.464506431947683, 9.240991118962549 ], [ -75.464339801756338, 9.239926341001844 ], [ -75.46196560574711, 9.239424272357706 ], [ -75.461534631811702, 9.238451311238981 ], [ -75.461030255424234, 9.23932091516552 ], [ -75.45750905575602, 9.2377887308098 ], [ -75.457595292580791, 9.239787639378887 ], [ -75.456709193895321, 9.242723248202386 ], [ -75.454339535846856, 9.243173489598792 ], [ -75.450277832762893, 9.240845460319671 ], [ -75.449579876619353, 9.241191334294964 ], [ -75.448852437839136, 9.240457543194578 ], [ -75.44446295899408, 9.240491152365156 ], [ -75.442250533388702, 9.239394306173004 ], [ -75.442246230142885, 9.238286007226202 ], [ -75.439900164228661, 9.237910203656018 ], [ -75.436691083359008, 9.238152178430713 ], [ -75.434467704796177, 9.237204351360486 ], [ -75.431578775267226, 9.237270964085718 ], [ -75.426159867645396, 9.234643645182484 ], [ -75.422259080294182, 9.234380246123617 ], [ -75.421779263143904, 9.235357641301739 ], [ -75.420143553838628, 9.235257423304411 ], [ -75.416793542013806, 9.231608654631939 ], [ -75.41599103438304, 9.229601489358037 ], [ -75.414198731952339, 9.228917577952926 ], [ -75.411047583896689, 9.224716387724326 ], [ -75.409732000663325, 9.221625156520597 ], [ -75.406939292968417, 9.219737546102655 ], [ -75.405305028358143, 9.217927746890375 ], [ -75.404893031555417, 9.215844926309719 ], [ -75.405453602317195, 9.214097978548489 ], [ -75.403844959758231, 9.212464913133097 ], [ -75.402119873775973, 9.208488092817021 ], [ -75.402495754990781, 9.206811079434424 ], [ -75.400451944341327, 9.202991208335957 ], [ -75.400710396017232, 9.199212377798206 ], [ -75.400175055915767, 9.197647848593592 ], [ -75.398483936464189, 9.195860178318361 ], [ -75.40044712767893, 9.194480262794423 ], [ -75.401176350561599, 9.19182064799571 ], [ -75.40356112165415, 9.18910939594068 ], [ -75.404121433668934, 9.187684341057009 ], [ -75.402782797330545, 9.186923947863232 ], [ -75.398708582633631, 9.188385792817202 ], [ -75.397394931233876, 9.188261776173269 ], [ -75.394918049880388, 9.185490530128041 ], [ -75.395150598615814, 9.184318598971011 ], [ -75.390722398026085, 9.181006534377918 ], [ -75.39009678838687, 9.179965604980689 ], [ -75.390516404065437, 9.179132083305566 ], [ -75.391767622832106, 9.177673441360747 ], [ -75.39914422873656, 9.1760435641719 ], [ -75.403013354049079, 9.17663250979508 ], [ -75.405096182951112, 9.176215752883492 ], [ -75.408993147417775, 9.174201775038233 ], [ -75.410295802339164, 9.171781473238768 ], [ -75.414576220576521, 9.170820999179764 ], [ -75.415597039618319, 9.170192022390951 ], [ -75.416973960356003, 9.167910801479399 ], [ -75.420571989828602, 9.165214452006429 ], [ -75.422310725179912, 9.160388968192278 ], [ -75.427800909559338, 9.154808131157596 ], [ -75.428315109774317, 9.151477348605907 ], [ -75.43098471857536, 9.148779638281436 ], [ -75.432654215436685, 9.145292913443619 ], [ -75.433851998785499, 9.141691695597025 ], [ -75.433249064352239, 9.138166384346768 ], [ -75.433816347787641, 9.13544983469701 ], [ -75.433524730991849, 9.131516791203905 ], [ -75.434233998030308, 9.128165945102225 ], [ -75.435756994230815, 9.126820976247792 ], [ -75.436281375182659, 9.12549169594841 ], [ -75.437743423103925, 9.123943666163187 ], [ -75.437944928606996, 9.123141737098257 ], [ -75.437165249040078, 9.120597634441921 ], [ -75.438036183196132, 9.118645249035374 ], [ -75.441293363522675, 9.11456739090772 ], [ -75.446409038247907, 9.111989210892814 ], [ -75.447095179690095, 9.111203688579648 ], [ -75.446767899882573, 9.107465355408449 ], [ -75.448431119881661, 9.107465355009026 ], [ -75.44988832632383, 9.102256864515338 ], [ -75.455305195152235, 9.100173081462994 ], [ -75.456762417067395, 9.094965542682235 ], [ -75.455305193501047, 9.092673387815697 ], [ -75.457594010373839, 9.089131915632453 ], [ -75.456932820864637, 9.086475829318047 ], [ -75.460612598746536, 9.087528814108486 ], [ -75.46341257012368, 9.083572137388439 ], [ -75.469348181985382, 9.081636321524575 ], [ -75.472978464533995, 9.079023942543236 ], [ -75.477990775393593, 9.068601582159257 ], [ -75.479379682206655, 9.067950544999336 ], [ -75.481698371577053, 9.070250723230863 ], [ -75.484299607201919, 9.070958181412236 ], [ -75.489572679456089, 9.070732179118671 ], [ -75.493761748434096, 9.071404730573411 ], [ -75.496098312258582, 9.07087910238138 ], [ -75.500477423294328, 9.072153498897849 ], [ -75.502149535463516, 9.071529975613364 ], [ -75.50267335507327, 9.072575414880015 ], [ -75.502304424474275, 9.074198297881431 ], [ -75.502640866051934, 9.075316212202175 ], [ -75.505592366928113, 9.076969177130792 ], [ -75.506211122864741, 9.076464541502173 ], [ -75.505959978095007, 9.075016270717104 ], [ -75.507912706624808, 9.07295443202247 ], [ -75.509968159567123, 9.069087534990596 ], [ -75.51115852526793, 9.068939379399174 ], [ -75.512495808661342, 9.069436348363393 ], [ -75.51633395018591, 9.072613912186643 ], [ -75.520018627187937, 9.073496196996787 ], [ -75.527002069399899, 9.069020400128418 ], [ -75.531099719937274, 9.064914696839683 ], [ -75.533434223502468, 9.060624661811863 ], [ -75.535140446860495, 9.060139574306927 ], [ -75.537371217743512, 9.058480562775927 ], [ -75.539128148451709, 9.058640954710421 ], [ -75.542190909342139, 9.060446229872165 ], [ -75.543754993471367, 9.060511710344228 ], [ -75.543446210264733, 9.061493450550307 ], [ -75.544605710058335, 9.062053190237268 ], [ -75.54633383714355, 9.061041840624068 ], [ -75.549474035799449, 9.061172709906714 ], [ -75.551670399642589, 9.059944222041825 ], [ -75.552495579840738, 9.058757123790297 ], [ -75.553901077421628, 9.058285122828924 ], [ -75.554542735489221, 9.056345451095416 ], [ -75.556873733623902, 9.054861107931911 ], [ -75.559400050221015, 9.054910678864726 ], [ -75.563185346473432, 9.053968652935168 ], [ -75.565267575220261, 9.055723892956275 ], [ -75.567524963159457, 9.056193002683605 ], [ -75.568903726910477, 9.055081344797683 ], [ -75.568988028784489, 9.05364613448816 ], [ -75.569467455964897, 9.053225678539533 ], [ -75.571091589331289, 9.053278844533949 ], [ -75.572506888580833, 9.052221564804027 ], [ -75.57464616075103, 9.05293025881948 ], [ -75.575286208005323, 9.054118577705134 ], [ -75.577554334823134, 9.05456844942197 ], [ -75.577963084419366, 9.055671618519922 ], [ -75.58001386812289, 9.055921482653289 ], [ -75.582675908995, 9.053901746872627 ], [ -75.583632330680857, 9.051329418328313 ], [ -75.58275904868681, 9.049596828778784 ], [ -75.582725407703833, 9.048449080392137 ], [ -75.58590755013941, 9.046556331863615 ], [ -75.588017922450689, 9.046946490025062 ], [ -75.588074782119392, 9.043591602135557 ], [ -75.58616776411391, 9.039718883907675 ], [ -75.587873620215177, 9.036885195034133 ], [ -75.58748955772549, 9.034777537087466 ], [ -75.588449561146703, 9.033080454709792 ], [ -75.590203880540344, 9.031494887785875 ], [ -75.589910184502145, 9.030290818930618 ], [ -75.591056315212995, 9.028199375786294 ], [ -75.590953890833447, 9.025270302024772 ], [ -75.591493144112448, 9.024789794505526 ], [ -75.596867540109784, 9.022854468895913 ], [ -75.598035228106738, 9.021653929348343 ], [ -75.603624501606888, 9.023167698490436 ], [ -75.604200217672101, 9.022782680882175 ], [ -75.606494908420999, 9.024160155868962 ], [ -75.607573236876576, 9.023169210709268 ], [ -75.608624894562169, 9.022985473873534 ], [ -75.610855169640899, 9.024201767413864 ], [ -75.611459960159891, 9.025006341789483 ], [ -75.613499975960707, 9.023891793175377 ], [ -75.617670959249352, 9.025817340862108 ], [ -75.619280449082922, 9.025479452961115 ], [ -75.619814274660257, 9.023731493689763 ], [ -75.620607482200555, 9.023584679457116 ], [ -75.621736931857271, 9.025357008850655 ], [ -75.62327941466782, 9.026044024065335 ], [ -75.623334451181591, 9.027669938016441 ], [ -75.625727479112228, 9.029988752556815 ], [ -75.624955988200867, 9.03095667034221 ], [ -75.625383772358489, 9.031987946226369 ], [ -75.624601033521003, 9.033464341231678 ], [ -75.623141384074387, 9.03415921243321 ], [ -75.621983124722888, 9.033322319449647 ], [ -75.621464336534231, 9.033515813631038 ], [ -75.620412315771631, 9.0350315985043 ], [ -75.622003416304196, 9.038085885005003 ], [ -75.62321763320827, 9.038501655382456 ], [ -75.623492690260008, 9.039820543111942 ], [ -75.622304156048685, 9.040916025010249 ], [ -75.619020349198152, 9.042594254266289 ], [ -75.617162683756177, 9.044744750083405 ], [ -75.616591262717805, 9.046143725256721 ], [ -75.614610947406263, 9.046611184498579 ], [ -75.611331665869827, 9.049379818069117 ], [ -75.608272034393224, 9.049488271093733 ], [ -75.604237005432921, 9.051054740446299 ], [ -75.602167582338041, 9.053225194743101 ], [ -75.601500828793888, 9.054854130114238 ], [ -75.600443030263236, 9.055030712577816 ], [ -75.598313410137095, 9.056627463250321 ], [ -75.596168541717802, 9.059180833703159 ], [ -75.594397413786609, 9.059073390797783 ], [ -75.593687470717839, 9.05959287881031 ], [ -75.593198618835132, 9.062349818280168 ], [ -75.590510699738559, 9.063815884405898 ], [ -75.590334918812474, 9.064928622464738 ], [ -75.58824470871528, 9.065618817419752 ], [ -75.585512551386586, 9.068141090795955 ], [ -75.58498875470714, 9.072340204370883 ], [ -75.58419826023254, 9.073168506070099 ], [ -75.579726466863136, 9.075387031849431 ], [ -75.575896326042766, 9.074254871249751 ], [ -75.573731121211551, 9.074287657539585 ], [ -75.570975917692934, 9.077096914081372 ], [ -75.569604149575824, 9.07700686264026 ], [ -75.565761878090726, 9.078768291655074 ], [ -75.563356731149213, 9.078969400051301 ], [ -75.558275193688246, 9.077770397490712 ], [ -75.555557660926766, 9.078068378123215 ], [ -75.552054661956333, 9.080450081273344 ], [ -75.551101362906763, 9.08267798761619 ], [ -75.550286163298352, 9.083374800634205 ], [ -75.54917960777712, 9.083427092703799 ], [ -75.548427901465914, 9.081995244766267 ], [ -75.546817749416235, 9.082456106052508 ], [ -75.545804025144605, 9.081671001389472 ], [ -75.541213462554737, 9.08288516791014 ], [ -75.540707429145357, 9.08269587883551 ], [ -75.540510487533254, 9.081596591190653 ], [ -75.54000503798818, 9.081550786468608 ], [ -75.538615363515774, 9.082077054172629 ], [ -75.538157598152253, 9.083112002066287 ], [ -75.536196628527051, 9.083693796590989 ], [ -75.535561445315579, 9.083696334188327 ], [ -75.533765819660516, 9.082326010658164 ], [ -75.533117592595957, 9.082375229625455 ], [ -75.531651273953401, 9.084204576304737 ], [ -75.528173386238947, 9.0869088327568 ], [ -75.52796754951892, 9.088075499610463 ], [ -75.529178393827181, 9.090013763242069 ], [ -75.529273196932209, 9.091149339355541 ], [ -75.527594010482133, 9.092411547173173 ], [ -75.527331990005607, 9.094564923862528 ], [ -75.525989269037439, 9.097230786030828 ], [ -75.525119702217609, 9.097891899029515 ], [ -75.524789566168977, 9.100381538292238 ], [ -75.522279367723158, 9.102118165402345 ], [ -75.521477972158408, 9.104781872192506 ], [ -75.521431013583268, 9.107688899748812 ], [ -75.520646778323723, 9.108935582514727 ], [ -75.520991762379239, 9.113353683588238 ], [ -75.522063894779137, 9.114369409470983 ], [ -75.523050823191582, 9.117450505266365 ], [ -75.523311782417579, 9.122501477699776 ], [ -75.524212420674729, 9.126769069887631 ], [ -75.523233737691839, 9.128733981297852 ], [ -75.520946664189736, 9.129636653086841 ], [ -75.518876924165511, 9.134177588286823 ], [ -75.517345633503282, 9.134871216940285 ], [ -75.516238329347829, 9.136280606174017 ], [ -75.513866587358081, 9.137425956324375 ], [ -75.512518502519455, 9.138806397366986 ], [ -75.512108632164512, 9.141618021284623 ], [ -75.510527896036109, 9.145002253233217 ], [ -75.508886910941897, 9.151279428221969 ], [ -75.507386457914535, 9.153992523754633 ], [ -75.507554955379049, 9.15520673842552 ], [ -75.511114700412421, 9.157124995467054 ], [ -75.512087820720666, 9.159742216060685 ], [ -75.511886099971818, 9.16224929707794 ], [ -75.510357649610839, 9.164562619995088 ], [ -75.511320571633661, 9.179189860178674 ], [ -75.510797926592446, 9.180889891183586 ], [ -75.508686515000889, 9.18193368582423 ], [ -75.506803153886523, 9.183938531439873 ], [ -75.504319514344331, 9.188779170136081 ], [ -75.504543302523871, 9.190571906174815 ], [ -75.50657144399328, 9.192178138964872 ], [ -75.507121745279875, 9.194364173417712 ], [ -75.503473615758494, 9.193912269037607 ], [ -75.501208247622245, 9.196181178602925 ], [ -75.500968153483129, 9.199338901616887 ], [ -75.503293922311698, 9.203132188458675 ], [ -75.5022482040592, 9.212463150354983 ], [ -75.500089171065468, 9.214265307336305 ], [ -75.499093765090663, 9.218143463023312 ], [ -75.498308909848603, 9.218950299660298 ], [ -75.497401549608838, 9.219570887723474 ], [ -75.494470738327081, 9.219797674689893 ], [ -75.49180427027531, 9.22112827423188 ], [ -75.491475535838717, 9.221990507457086 ], [ -75.492290739401099, 9.22360874131421 ], [ -75.491813655310025, 9.223968581056969 ], [ -75.490447166692064, 9.222805072101528 ], [ -75.487088143866913, 9.222495396594235 ], [ -75.48424012998386, 9.223582724709596 ], [ -75.482008578126283, 9.225349205905657 ], [ -75.481955957253945, 9.230299840386921 ], [ -75.482866568523107, 9.232612459197766 ], [ -75.480717722975413, 9.23704515284831 ], [ -75.478172119072283, 9.240074374357457 ], [ -75.476959253699974, 9.245340435387723 ], [ -75.474097929295752, 9.247793208847764 ], [ -75.473112676956703, 9.246537902138284 ], [ -75.472819780100892, 9.245048530965169 ] ] ] } },
{ "type": "Feature", "properties": { "FID_Cuenca": 0, "CODIGO": null, "AH": "1", "ZH": "13", "SZH": "1303", "COD_POMCA": "Arroyo Mapurince", "POMCA": "1003-00-35", "NOM_NSS": "Arroyo Mapurince", "COD_NSS": null, "NOMENCLAT": "Subcuenca Arroyo Mapurince", "IND_COMPAC": 2.16, "FORM_IND_C": 1003.0, "IND_SIN": 1.87, "TIPO_DRENA": 1014.0, "DEN_CORRIE": 0.0, "DEN_DREN": 3.36, "TIEM_CONC": 334.14614295400003, "MET_T_CONC": "Metodologia Temez: Tc=0.3(L/(S^0.25))^0.75; Donde: L es la Longitud del cauce (km) y S es el porcentaje de pendiente del cauce.", "CAUD_MED": 56.71, "T_CORRIEN": "EFIMERO", "TIPO_FUEN": 2212.0, "Q_TOTAL": 4.36, "Q_MAX": 22.56, "Q_MIN": 1.01, "Q_AMBIENTA": 0.76, "Q_DISPONIB": 2.51, "REND_HID": 697.91, "ESCORR": 148.56, "AREA_ha_": 8125.7265977699999, "OBSERV_": null, "SHAPE_Leng": 69432.818814900005, "SHAPE_Area": 81257265.977699995 }, "geometry": { "type": "Polygon", "coordinates": [ [ [ -75.474097929295752, 9.247793208847764 ], [ -75.476720428018382, 9.245819669730617 ], [ -75.478172119072283, 9.240074374357457 ], [ -75.480717722975413, 9.23704515284831 ], [ -75.482866568523107, 9.232612459197766 ], [ -75.481955957253945, 9.230299840386921 ], [ -75.482008578126283, 9.225349205905657 ], [ -75.48424012998386, 9.223582724709596 ], [ -75.487088143866913, 9.222495396594235 ], [ -75.490447166692064, 9.222805072101528 ], [ -75.491813655310025, 9.223968581056969 ], [ -75.492290739401099, 9.22360874131421 ], [ -75.491475535838717, 9.221990507457086 ], [ -75.49180427027531, 9.22112827423188 ], [ -75.494470738327081, 9.219797674689893 ], [ -75.497401549608838, 9.219570887723474 ], [ -75.498308909848603, 9.218950299660298 ], [ -75.499093765090663, 9.218143463023312 ], [ -75.500089171065468, 9.214265307336305 ], [ -75.5022482040592, 9.212463150354983 ], [ -75.503293922311698, 9.203132188458675 ], [ -75.500968153483129, 9.199338901616887 ], [ -75.501208247622245, 9.196181178602925 ], [ -75.503473615758494, 9.193912269037607 ], [ -75.507121745279875, 9.194364173417712 ], [ -75.50657144399328, 9.192178138964872 ], [ -75.504543302523871, 9.190571906174815 ], [ -75.504319514344331, 9.188779170136081 ], [ -75.506803153886523, 9.183938531439873 ], [ -75.508686515000889, 9.18193368582423 ], [ -75.510797926592446, 9.180889891183586 ], [ -75.511320571633661, 9.179189860178674 ], [ -75.510357649610839, 9.164562619995088 ], [ -75.511886099971818, 9.16224929707794 ], [ -75.512087820720666, 9.159742216060685 ], [ -75.511114700412421, 9.157124995467054 ], [ -75.507554955379049, 9.15520673842552 ], [ -75.507386457914535, 9.153992523754633 ], [ -75.508886910941897, 9.151279428221969 ], [ -75.510527896036109, 9.145002253233217 ], [ -75.512108632164512, 9.141618021284623 ], [ -75.512518502519455, 9.138806397366986 ], [ -75.513866587358081, 9.137425956324375 ], [ -75.516238329347829, 9.136280606174017 ], [ -75.517345633503282, 9.134871216940285 ], [ -75.518876924165511, 9.134177588286823 ], [ -75.5214547008827, 9.129147609171513 ], [ -75.522464199190978, 9.128856617006443 ], [ -75.525319049072607, 9.12948692297506 ], [ -75.528451594194195, 9.132944373689982 ], [ -75.534975611832394, 9.132141020843489 ], [ -75.53740666034787, 9.13081594925514 ], [ -75.538476433563631, 9.130865206170959 ], [ -75.539455521602974, 9.131973298496819 ], [ -75.540893895907416, 9.132071706953303 ], [ -75.541932369720868, 9.131809243472519 ], [ -75.542937537332662, 9.130652929110536 ], [ -75.544068892121075, 9.130744021828315 ], [ -75.543976452193192, 9.131677064994561 ], [ -75.542420554357378, 9.133692172455907 ], [ -75.542471416421748, 9.134361576989839 ], [ -75.543582140500448, 9.135289763728082 ], [ -75.544461044214643, 9.138371197486046 ], [ -75.545937444926253, 9.140445795333051 ], [ -75.546293147645457, 9.142495801252579 ], [ -75.54542943712103, 9.143130642799289 ], [ -75.545547824575266, 9.143833251982837 ], [ -75.547134200683473, 9.145907495073468 ], [ -75.54887360426163, 9.146388624889068 ], [ -75.549769282542044, 9.147676373739449 ], [ -75.550685194929883, 9.148031371545077 ], [ -75.554414440715206, 9.147848798768065 ], [ -75.559160898487448, 9.149240384377178 ], [ -75.56085579141002, 9.151744467459039 ], [ -75.563504075991673, 9.150583708258502 ], [ -75.564674043632181, 9.14952869633635 ], [ -75.56556403150222, 9.149716358962101 ], [ -75.566039770717751, 9.152239364349011 ], [ -75.568299528557304, 9.153126863661818 ], [ -75.569115310909297, 9.153990400541439 ], [ -75.567926789497122, 9.157522656332734 ], [ -75.568170923823288, 9.158358653758272 ], [ -75.570496503971157, 9.160591039945432 ], [ -75.571838684019355, 9.165039540050685 ], [ -75.574098035693041, 9.165807417150074 ], [ -75.575125561345871, 9.166939093766329 ], [ -75.575015635506404, 9.169420651605099 ], [ -75.576920565792975, 9.171744398170743 ], [ -75.578183247004858, 9.171559804226341 ], [ -75.578530661421681, 9.168329944175632 ], [ -75.579159985649738, 9.167759369896119 ], [ -75.582829983551875, 9.167192100235335 ], [ -75.587050706251318, 9.168245869027979 ], [ -75.588149937262884, 9.164128053544312 ], [ -75.589032204174856, 9.163339987463965 ], [ -75.59140057891598, 9.163425745720554 ], [ -75.591849124414296, 9.164782188788001 ], [ -75.593235418881548, 9.164814648608459 ], [ -75.594106947364509, 9.166035396703467 ], [ -75.598789060787709, 9.166934041289377 ], [ -75.601378442414671, 9.169180624666948 ], [ -75.607653353816332, 9.168867169966612 ], [ -75.610126428062287, 9.166427050941479 ], [ -75.614443674818943, 9.167537472758323 ], [ -75.615688699054516, 9.166059090100429 ], [ -75.616572865331321, 9.165727712272941 ], [ -75.616778478335959, 9.163180015916222 ], [ -75.616313739376992, 9.161436283176647 ], [ -75.616955959873053, 9.159687844593313 ], [ -75.617410707442801, 9.159111979777689 ], [ -75.61904603684907, 9.158865884044236 ], [ -75.620266567658319, 9.157460963392083 ], [ -75.622169437458538, 9.158899285667887 ], [ -75.623490634486686, 9.158355589144282 ], [ -75.626560607288283, 9.158760960382034 ], [ -75.628489616297955, 9.159649467952088 ], [ -75.627530552380804, 9.160460661502276 ], [ -75.628104149336536, 9.160936479692623 ], [ -75.635085589935656, 9.157694196207871 ], [ -75.63767493856875, 9.155494957603258 ], [ -75.638468882879721, 9.155455666706482 ], [ -75.639697068595098, 9.155665595211111 ], [ -75.639772549033552, 9.156418547155834 ], [ -75.64042383560421, 9.156774441331747 ], [ -75.642012981857789, 9.156982802428161 ], [ -75.643537632976816, 9.158949080190705 ], [ -75.64415220337122, 9.159161643272803 ], [ -75.644797839108548, 9.158226222431667 ], [ -75.64588039400509, 9.158149795580997 ], [ -75.646174822541724, 9.159439849632019 ], [ -75.645569532902059, 9.161343595216422 ], [ -75.650466158053305, 9.166702880014785 ], [ -75.651275448724434, 9.170142894940964 ], [ -75.652038382011128, 9.171251548848753 ], [ -75.653378079388318, 9.172178336715568 ], [ -75.656160076455478, 9.172740124581765 ], [ -75.658119154036171, 9.174955508445848 ], [ -75.658436369993908, 9.175764421173675 ], [ -75.657865831617215, 9.178455257709947 ], [ -75.656067947157325, 9.177486905956179 ], [ -75.6530660678754, 9.177822836089549 ], [ -75.652290068093436, 9.177029900887115 ], [ -75.652322632746234, 9.176112122987409 ], [ -75.651823274708136, 9.175955830893646 ], [ -75.647458890093148, 9.175499186980796 ], [ -75.645968127055241, 9.175792620180177 ], [ -75.644817431074344, 9.174063882541265 ], [ -75.644373491288391, 9.174352768146106 ], [ -75.644714545596315, 9.175295873769478 ], [ -75.643744114180578, 9.176256619319343 ], [ -75.642600109281503, 9.174885948834296 ], [ -75.641403750525058, 9.175364614852947 ], [ -75.639236961739044, 9.175158759445489 ], [ -75.634890706717158, 9.176253620659148 ], [ -75.63340294474439, 9.177240485974204 ], [ -75.631777021690326, 9.176790326276985 ], [ -75.630498696817256, 9.175213933065379 ], [ -75.628563777886043, 9.175172977940699 ], [ -75.627987431179236, 9.175455240172454 ], [ -75.627481281998485, 9.177240354053874 ], [ -75.625804797163795, 9.177976575825685 ], [ -75.623147302526917, 9.177830119640364 ], [ -75.621820065189894, 9.179125541087576 ], [ -75.618636898646542, 9.177627779754051 ], [ -75.617901224062265, 9.176683930138337 ], [ -75.614404383882089, 9.176105752403997 ], [ -75.606007936808709, 9.182311142478513 ], [ -75.605235741186917, 9.18182656514862 ], [ -75.600156965315207, 9.181014366819133 ], [ -75.597347021869155, 9.182064776028188 ], [ -75.594729812764896, 9.185177824136176 ], [ -75.594063502932357, 9.185539333426362 ], [ -75.592852855898485, 9.185233532983982 ], [ -75.591776312613945, 9.18599644864358 ], [ -75.59144771287005, 9.18795877917778 ], [ -75.59087377517767, 9.188822091617423 ], [ -75.588124983087809, 9.190441826227627 ], [ -75.587293038169747, 9.192896501946521 ], [ -75.585189220304343, 9.193383580623324 ], [ -75.582718835567661, 9.192556899013805 ], [ -75.58043904758506, 9.194120821562068 ], [ -75.579600840939861, 9.1972223664407 ], [ -75.578204795353287, 9.197192306870017 ], [ -75.577642441318744, 9.197959899817093 ], [ -75.575322422773468, 9.197983890791276 ], [ -75.574010773530233, 9.198794767208815 ], [ -75.573089273430696, 9.198291608074925 ], [ -75.572066115598176, 9.198798048596469 ], [ -75.569705596284635, 9.197200784392631 ], [ -75.566427004117827, 9.198726221518687 ], [ -75.565468930863034, 9.199836213226606 ], [ -75.559598871133886, 9.198993491655578 ], [ -75.557475830341943, 9.197762981787545 ], [ -75.55507070091582, 9.19758152678771 ], [ -75.552735980144661, 9.196385796349436 ], [ -75.550028220129676, 9.198099570325217 ], [ -75.550075444271059, 9.200282728185119 ], [ -75.548903777017173, 9.200897370443855 ], [ -75.547851277879303, 9.202470455369946 ], [ -75.545582194043547, 9.203187572478278 ], [ -75.546148938685803, 9.20521321357726 ], [ -75.540885496454379, 9.208219161194609 ], [ -75.540160429307534, 9.209829163383771 ], [ -75.537503392691377, 9.209868639926196 ], [ -75.536345360786314, 9.209203722856964 ], [ -75.533359113636266, 9.208785340365591 ], [ -75.528892339463837, 9.211242660691806 ], [ -75.523171584483492, 9.21261681031533 ], [ -75.523153860864682, 9.213585428168836 ], [ -75.524954282629437, 9.215960099649353 ], [ -75.52596305654707, 9.218623486485704 ], [ -75.526477121669643, 9.222502770046232 ], [ -75.524544870240888, 9.224097568178575 ], [ -75.52456211050189, 9.225965236641942 ], [ -75.523009755850538, 9.228960818296351 ], [ -75.522361524367838, 9.229369973809209 ], [ -75.521682152709005, 9.23276070764177 ], [ -75.51958466147687, 9.23333358116682 ], [ -75.514167784427414, 9.231666568911526 ], [ -75.513361419283228, 9.232068828664838 ], [ -75.510042425426732, 9.231382140026099 ], [ -75.504454688684817, 9.232351099618555 ], [ -75.499079300839483, 9.239653768126413 ], [ -75.497197891837459, 9.241096108055659 ], [ -75.492711936032833, 9.24285540375142 ], [ -75.490257040055084, 9.247950664127288 ], [ -75.488117749885262, 9.248249011373401 ], [ -75.485889995140553, 9.249788325965461 ], [ -75.48170681978543, 9.248714197522688 ], [ -75.480272350935678, 9.24916287939088 ], [ -75.477719198270194, 9.247246454607851 ], [ -75.476732543052464, 9.24839103042045 ], [ -75.475443615448498, 9.248422940818074 ], [ -75.474595781196271, 9.249061169964735 ], [ -75.474097929295752, 9.247793208847764 ] ] ] } },
{ "type": "Feature", "properties": { "FID_Cuenca": 0, "CODIGO": null, "AH": "1", "ZH": "13", "SZH": "1303", "COD_POMCA": "Arroyo Jején", "POMCA": "1003-00-36", "NOM_NSS": "Arroyo Jején", "COD_NSS": null, "NOMENCLAT": "Subcuenca Arroyo Jején", "IND_COMPAC": 1.56, "FORM_IND_C": 1003.0, "IND_SIN": 1.6, "TIPO_DRENA": 1013.0, "DEN_CORRIE": 0.0, "DEN_DREN": 1.57, "TIEM_CONC": 207.70976461500001, "MET_T_CONC": "Metodologia Temez: Tc=0.3(L/(S^0.25))^0.75; Donde: L es la Longitud del cauce (km) y S es el porcentaje de pendiente del cauce.", "CAUD_MED": 14.16, "T_CORRIEN": "EFIMERO", "TIPO_FUEN": 2212.0, "Q_TOTAL": 3.37, "Q_MAX": 19.02, "Q_MIN": 0.51, "Q_AMBIENTA": 0.57, "Q_DISPONIB": 1.96, "REND_HID": 203.3, "ESCORR": 142.34, "AREA_ha_": 6964.9079058400002, "OBSERV_": null, "SHAPE_Leng": 46384.008922200002, "SHAPE_Area": 69649079.058400005 }, "geometry": { "type": "Polygon", "coordinates": [ [ [ -75.521682152709005, 9.23276070764177 ], [ -75.522361524367838, 9.229369973809209 ], [ -75.523009755850538, 9.228960818296351 ], [ -75.52456211050189, 9.225965236641942 ], [ -75.524544870240888, 9.224097568178575 ], [ -75.526477121669643, 9.222502770046232 ], [ -75.52596305654707, 9.218623486485704 ], [ -75.524954282629437, 9.215960099649353 ], [ -75.523153860864682, 9.213585428168836 ], [ -75.523171584483492, 9.21261681031533 ], [ -75.528892339463837, 9.211242660691806 ], [ -75.533359113636266, 9.208785340365591 ], [ -75.536345360786314, 9.209203722856964 ], [ -75.537503392691377, 9.209868639926196 ], [ -75.540160429307534, 9.209829163383771 ], [ -75.540885496454379, 9.208219161194609 ], [ -75.546148938685803, 9.20521321357726 ], [ -75.545582194043547, 9.203187572478278 ], [ -75.547486790575689, 9.202797178861413 ], [ -75.548903777017173, 9.200897370443855 ], [ -75.550075444271059, 9.200282728185119 ], [ -75.550028220129676, 9.198099570325217 ], [ -75.552274678899309, 9.196578998137701 ], [ -75.553082391879002, 9.196346115844682 ], [ -75.55507070091582, 9.19758152678771 ], [ -75.557475830341943, 9.197762981787545 ], [ -75.559598871133886, 9.198993491655578 ], [ -75.564265058435041, 9.199721607281575 ], [ -75.565468930863034, 9.199836213226606 ], [ -75.566427004117827, 9.198726221518687 ], [ -75.569705596284635, 9.197200784392631 ], [ -75.572066115598176, 9.198798048596469 ], [ -75.573089273430696, 9.198291608074925 ], [ -75.574328281126654, 9.198750403995632 ], [ -75.575322422773468, 9.197983890791276 ], [ -75.577642441318744, 9.197959899817093 ], [ -75.578204795353287, 9.197192306870017 ], [ -75.579600840939861, 9.1972223664407 ], [ -75.58043904758506, 9.194120821562068 ], [ -75.582718835567661, 9.192556899013805 ], [ -75.585189220304343, 9.193383580623324 ], [ -75.587293038169747, 9.192896501946521 ], [ -75.588124983087809, 9.190441826227627 ], [ -75.59087377517767, 9.188822091617423 ], [ -75.59144771287005, 9.18795877917778 ], [ -75.591776312613945, 9.18599644864358 ], [ -75.592852855898485, 9.185233532983982 ], [ -75.594267836299707, 9.185484669046016 ], [ -75.59711664071429, 9.182218794175817 ], [ -75.599653306747271, 9.181108071805539 ], [ -75.605235741186917, 9.18182656514862 ], [ -75.606007936808709, 9.182311142478513 ], [ -75.614404383882089, 9.176105752403997 ], [ -75.617901224062265, 9.176683930138337 ], [ -75.618636898646542, 9.177627779754051 ], [ -75.621820065189894, 9.179125541087576 ], [ -75.623147302526917, 9.177830119640364 ], [ -75.625804797163795, 9.177976575825685 ], [ -75.627481281998485, 9.177240354053874 ], [ -75.627987431179236, 9.175455240172454 ], [ -75.628563777886043, 9.175172977940699 ], [ -75.630498696817256, 9.175213933065379 ], [ -75.631777021690326, 9.176790326276985 ], [ -75.63340294474439, 9.177240485974204 ], [ -75.634890706717158, 9.176253620659148 ], [ -75.638630901323097, 9.175247465732831 ], [ -75.641403750525058, 9.175364614852947 ], [ -75.642600109281503, 9.174885948834296 ], [ -75.643121610118399, 9.175271089893293 ], [ -75.643595779269631, 9.178605287724956 ], [ -75.642801315255753, 9.178536989312917 ], [ -75.642336606252087, 9.179579240062861 ], [ -75.64317047650016, 9.180400643754314 ], [ -75.643466503203072, 9.182049392957476 ], [ -75.645098325324696, 9.183728216093888 ], [ -75.64539000178786, 9.185167602715627 ], [ -75.644924855438063, 9.185326390356678 ], [ -75.644808521845263, 9.186235607020958 ], [ -75.645800788633295, 9.18749871328005 ], [ -75.645466603651499, 9.188121915013969 ], [ -75.644067530360914, 9.187386670410216 ], [ -75.642937280781098, 9.187582880582752 ], [ -75.64220499444481, 9.190718723879931 ], [ -75.644383235520365, 9.193507152071486 ], [ -75.644247148075138, 9.19539690738633 ], [ -75.643576762104075, 9.196188963486961 ], [ -75.641318830185085, 9.197179213266747 ], [ -75.639250270272797, 9.197451224617144 ], [ -75.63783663542408, 9.198892155515765 ], [ -75.635864954699201, 9.199307212239423 ], [ -75.635376582228645, 9.199671413669201 ], [ -75.635295174684003, 9.200867443547709 ], [ -75.632244119249492, 9.201435065745596 ], [ -75.630085177887764, 9.203065712756928 ], [ -75.628697981910861, 9.202856462724766 ], [ -75.625941647521657, 9.208210476354905 ], [ -75.625268802115301, 9.208452504433861 ], [ -75.623532417111306, 9.207646894991665 ], [ -75.623247453964325, 9.208532923935726 ], [ -75.623949255702868, 9.209414717977811 ], [ -75.623808906661509, 9.21034795399423 ], [ -75.621647294243019, 9.211385517052955 ], [ -75.620500144595809, 9.213255703240678 ], [ -75.619727174661989, 9.212613344628537 ], [ -75.618477933551929, 9.213144794360852 ], [ -75.617888675746741, 9.216016964916971 ], [ -75.615951284000346, 9.218823159456031 ], [ -75.614841920337653, 9.223873703979223 ], [ -75.6114346381312, 9.231875457773629 ], [ -75.610834563640935, 9.232260640000385 ], [ -75.608330957863458, 9.232175657966655 ], [ -75.607683050456657, 9.232632779726339 ], [ -75.605773588557525, 9.236371465857451 ], [ -75.601314956798063, 9.240647078705942 ], [ -75.597940194830699, 9.245109374046347 ], [ -75.59653503005714, 9.248606758247352 ], [ -75.596687763611271, 9.250543138918607 ], [ -75.59616457172568, 9.252028017921505 ], [ -75.593523661069739, 9.253641426458469 ], [ -75.593269023784586, 9.256009983955636 ], [ -75.591615495587163, 9.257738777600505 ], [ -75.590169866105285, 9.263053784009342 ], [ -75.589288645186329, 9.2645856077212 ], [ -75.589047791872176, 9.266805842536426 ], [ -75.588012472144953, 9.267881557629339 ], [ -75.586638928250821, 9.270929211279377 ], [ -75.586971704201488, 9.272190467232313 ], [ -75.585985862239355, 9.273555361533404 ], [ -75.58594631085306, 9.272635394787494 ], [ -75.5787964277539, 9.273678188927489 ], [ -75.577432043528646, 9.275432401587747 ], [ -75.573753359228874, 9.273333544944609 ], [ -75.57123659361207, 9.270642243748924 ], [ -75.570927804034255, 9.268237576033522 ], [ -75.569477725841239, 9.26688051333176 ], [ -75.564260623613791, 9.264132085654813 ], [ -75.562499996892726, 9.265000332821817 ], [ -75.553855664470518, 9.261349306223709 ], [ -75.552707673386067, 9.259791849749043 ], [ -75.552576486257323, 9.257659805611022 ], [ -75.549360310724694, 9.250494127572519 ], [ -75.55000305362573, 9.248332968702996 ], [ -75.547500609272006, 9.243749621667057 ], [ -75.548332219245424, 9.24166679231924 ], [ -75.546524120843429, 9.238697549761417 ], [ -75.542565938451006, 9.235252850251493 ], [ -75.541873932107464, 9.23312520622523 ], [ -75.54000092637574, 9.232083318135325 ], [ -75.536594776786956, 9.231799267887871 ], [ -75.535456605015312, 9.230554301137889 ], [ -75.536184184968164, 9.223992253711861 ], [ -75.535773814297386, 9.223397771926505 ], [ -75.535098614924877, 9.223094401226437 ], [ -75.533502918704968, 9.223713077803529 ], [ -75.53100040219762, 9.223895384021692 ], [ -75.5270635811804, 9.225830697904506 ], [ -75.523960111960122, 9.228124616775968 ], [ -75.521682152709005, 9.23276070764177 ] ] ] } },
{ "type": "Feature", "properties": { "FID_Cuenca": 0, "CODIGO": null, "AH": "1", "ZH": "13", "SZH": "1303", "COD_POMCA": "Arroyo El Purgatorio", "POMCA": "1003-00-52", "NOM_NSS": "Arroyo El Purgatorio", "COD_NSS": null, "NOMENCLAT": "Subcuenca Arroyo El Purgatorio", "IND_COMPAC": 1.32, "FORM_IND_C": 1002.0, "IND_SIN": 1.31, "TIPO_DRENA": 1012.0, "DEN_CORRIE": 0.0, "DEN_DREN": 0.49, "TIEM_CONC": 99.047803924199997, "MET_T_CONC": "Metodologia Temez: Tc=0.3(L/(S^0.25))^0.75; Donde: L es la Longitud del cauce (km) y S es el porcentaje de pendiente del cauce.", "CAUD_MED": 10.61, "T_CORRIEN": "PERMANENTE", "TIPO_FUEN": 2212.0, "Q_TOTAL": 0.75, "Q_MAX": 4.84, "Q_MIN": 0.0, "Q_AMBIENTA": 0.12, "Q_DISPONIB": 0.45, "REND_HID": 582.24, "ESCORR": 143.81, "AREA_ha_": 1822.2730489800001, "OBSERV_": null, "SHAPE_Leng": 20084.910247399999, "SHAPE_Area": 18222730.489799999 }, "geometry": { "type": "Polygon", "coordinates": [ [ [ -75.6005013101488, 9.241750570141857 ], [ -75.605004806587203, 9.236709529371879 ], [ -75.605773588557525, 9.236371465857451 ], [ -75.607683050456657, 9.232632779726339 ], [ -75.608330957863458, 9.232175657966655 ], [ -75.610834563640935, 9.232260640000385 ], [ -75.6114346381312, 9.231875457773629 ], [ -75.614841920337653, 9.223873703979223 ], [ -75.615951284000346, 9.218823159456031 ], [ -75.617888675746741, 9.216016964916971 ], [ -75.618477933551929, 9.213144794360852 ], [ -75.619727174661989, 9.212613344628537 ], [ -75.620500144595809, 9.213255703240678 ], [ -75.621647294243019, 9.211385517052955 ], [ -75.623808906661509, 9.21034795399423 ], [ -75.623949255702868, 9.209414717977811 ], [ -75.623247453964325, 9.208532923935726 ], [ -75.623532417111306, 9.207646894991665 ], [ -75.625882406175023, 9.208569731621823 ], [ -75.626275234451001, 9.209242407681169 ], [ -75.632328547778854, 9.209234218600207 ], [ -75.633803326067067, 9.209377310024532 ], [ -75.635854026693693, 9.210504338648295 ], [ -75.637688115222474, 9.210257263193579 ], [ -75.638511674368928, 9.21282439792518 ], [ -75.642244138909817, 9.210984795394358 ], [ -75.642703824188899, 9.212895876012324 ], [ -75.644186520077625, 9.214832396510218 ], [ -75.644222007433214, 9.216057806305583 ], [ -75.644887955910292, 9.216981553711591 ], [ -75.646605948694841, 9.217691470598799 ], [ -75.647926050632734, 9.218975841381278 ], [ -75.648705467519989, 9.218886351096499 ], [ -75.651931333988514, 9.22013487793777 ], [ -75.654788746398765, 9.219706271465833 ], [ -75.658440267096793, 9.222554997910654 ], [ -75.658842835165316, 9.224049690285911 ], [ -75.655794903762441, 9.229669689349146 ], [ -75.652676221313584, 9.231959322613706 ], [ -75.651336288478333, 9.232187237681229 ], [ -75.644817202300814, 9.23626805076942 ], [ -75.642981497970453, 9.238107928809383 ], [ -75.640189323662142, 9.238453156270449 ], [ -75.633226150311941, 9.243257379607808 ], [ -75.631661923932313, 9.243319667305594 ], [ -75.630886016901272, 9.244766327359409 ], [ -75.628379211755757, 9.246498028983481 ], [ -75.624494185903103, 9.25251006587969 ], [ -75.622323760763862, 9.254517845518643 ], [ -75.620992423522793, 9.256744050822713 ], [ -75.618151432114999, 9.258754700400786 ], [ -75.612766612176145, 9.258191180326712 ], [ -75.61091463135044, 9.256959890262292 ], [ -75.60998999676184, 9.254668122556984 ], [ -75.608201628109327, 9.253025710223824 ], [ -75.60819521623759, 9.251543082169283 ], [ -75.609370841087667, 9.250653252845444 ], [ -75.609413704948381, 9.249433466406623 ], [ -75.607603148785401, 9.248404928899928 ], [ -75.603288005839076, 9.249135939860805 ], [ -75.599942324841223, 9.246374947215763 ], [ -75.599764332078067, 9.245285229156258 ], [ -75.600753803861551, 9.243645320623395 ], [ -75.6005013101488, 9.241750570141857 ] ] ] } },
{ "type": "Feature", "properties": { "FID_Cuenca": 0, "CODIGO": null, "AH": "1", "ZH": "13", "SZH": "1303", "COD_POMCA": "Arroyo La Puente", "POMCA": "1003-00-37", "NOM_NSS": "Arroyo La Puente", "COD_NSS": null, "NOMENCLAT": "Subcuenca Arroyo La Puente", "IND_COMPAC": 1.57, "FORM_IND_C": 1003.0, "IND_SIN": 1.87, "TIPO_DRENA": 1014.0, "DEN_CORRIE": 0.0, "DEN_DREN": 1.12, "TIEM_CONC": 205.265494883, "MET_T_CONC": "Metodologia Temez: Tc=0.3(L/(S^0.25))^0.75; Donde: L es la Longitud del cauce (km) y S es el porcentaje de pendiente del cauce.", "CAUD_MED": 94.99, "T_CORRIEN": "EFIMERO", "TIPO_FUEN": 2212.0, "Q_TOTAL": 3.2, "Q_MAX": 17.01, "Q_MIN": 0.71, "Q_AMBIENTA": 0.56, "Q_DISPONIB": 1.84, "REND_HID": 1543.11, "ESCORR": 161.97, "AREA_ha_": 6155.75782979, "OBSERV_": null, "SHAPE_Leng": 44060.788352800002, "SHAPE_Area": 61557578.297899999 }, "geometry": { "type": "Polygon", "coordinates": [ [ [ -75.585985862239355, 9.273555361533404 ], [ -75.586971704201488, 9.272190467232313 ], [ -75.586638928250821, 9.270929211279377 ], [ -75.588012472144953, 9.267881557629339 ], [ -75.589047791872176, 9.266805842536426 ], [ -75.589288645186329, 9.2645856077212 ], [ -75.590169866105285, 9.263053784009342 ], [ -75.591615495587163, 9.257738777600505 ], [ -75.593269023784586, 9.256009983955636 ], [ -75.593523661069739, 9.253641426458469 ], [ -75.59616457172568, 9.252028017921505 ], [ -75.597081670985062, 9.246978296025681 ], [ -75.597940194830699, 9.245109374046347 ], [ -75.6005013101488, 9.241750570141857 ], [ -75.600753803861551, 9.243645320623395 ], [ -75.599764332078067, 9.245285229156258 ], [ -75.599942324841223, 9.246374947215763 ], [ -75.603288005839076, 9.249135939860805 ], [ -75.607603148785401, 9.248404928899928 ], [ -75.609413704948381, 9.249433466406623 ], [ -75.609370841087667, 9.250653252845444 ], [ -75.60819521623759, 9.251543082169283 ], [ -75.608201628109327, 9.253025710223824 ], [ -75.60998999676184, 9.254668122556984 ], [ -75.61091463135044, 9.256959890262292 ], [ -75.612766612176145, 9.258191180326712 ], [ -75.618653597161895, 9.258586005657332 ], [ -75.620992423522793, 9.256744050822713 ], [ -75.622323760763862, 9.254517845518643 ], [ -75.624494185903103, 9.25251006587969 ], [ -75.628379211755757, 9.246498028983481 ], [ -75.630886016901272, 9.244766327359409 ], [ -75.631661923932313, 9.243319667305594 ], [ -75.633226150311941, 9.243257379607808 ], [ -75.640189323662142, 9.238453156270449 ], [ -75.642981497970453, 9.238107928809383 ], [ -75.644817202300814, 9.23626805076942 ], [ -75.651336288478333, 9.232187237681229 ], [ -75.652676221313584, 9.231959322613706 ], [ -75.655794903762441, 9.229669689349146 ], [ -75.658842835165316, 9.224049690285911 ], [ -75.65827287960947, 9.222117911932749 ], [ -75.659228209546754, 9.220995526918585 ], [ -75.663343460879204, 9.222876259736232 ], [ -75.665789561033918, 9.224927981622074 ], [ -75.667667151348908, 9.227669701052733 ], [ -75.666514040901376, 9.232188413745181 ], [ -75.666698572386835, 9.233084341765826 ], [ -75.66754204342547, 9.233319742229472 ], [ -75.669343563284144, 9.232504697153537 ], [ -75.670766915385784, 9.233007360698025 ], [ -75.672100628149948, 9.235213407856161 ], [ -75.6758717258991, 9.23749828333723 ], [ -75.676148026224027, 9.238722598396887 ], [ -75.675792924126014, 9.240039398905443 ], [ -75.676940649263202, 9.241020701676584 ], [ -75.678153685394619, 9.243137578772206 ], [ -75.677918800513496, 9.244423952184457 ], [ -75.679347330138938, 9.247615946671607 ], [ -75.68233729619844, 9.250113449487838 ], [ -75.682225349643147, 9.251967207176778 ], [ -75.680459417312235, 9.254007710772859 ], [ -75.681083924974473, 9.25902664739391 ], [ -75.680011604241258, 9.2614227441194 ], [ -75.680291338265619, 9.263394315244527 ], [ -75.679453071642101, 9.264324694699519 ], [ -75.678625092241305, 9.267526762388586 ], [ -75.676810701369064, 9.27004813067423 ], [ -75.671952420901263, 9.272035460566224 ], [ -75.671291942535973, 9.272899272925612 ], [ -75.672310644468737, 9.274602127848572 ], [ -75.672180345133469, 9.27773053847654 ], [ -75.673980547901479, 9.279774247402115 ], [ -75.673365858903537, 9.281183078670841 ], [ -75.673461474322238, 9.283162652061868 ], [ -75.67147525902682, 9.284706734177536 ], [ -75.670802520841306, 9.286058431382353 ], [ -75.666728608879225, 9.285875701702677 ], [ -75.663509250117386, 9.2886700083675 ], [ -75.662638644398157, 9.28778430266224 ], [ -75.661221966321506, 9.287517974510951 ], [ -75.660627145876816, 9.286932346477878 ], [ -75.659400745455358, 9.287224735864235 ], [ -75.658198307817457, 9.289640509629363 ], [ -75.655599245506693, 9.289824176071601 ], [ -75.655348458254792, 9.292148454881685 ], [ -75.653765221252655, 9.293398935563422 ], [ -75.653971393729805, 9.296435007989427 ], [ -75.655931060114384, 9.298602452329112 ], [ -75.656557605235705, 9.298743159711867 ], [ -75.656536963851991, 9.299508473623543 ], [ -75.65572233355239, 9.300372953497567 ], [ -75.655203545172668, 9.30279048369327 ], [ -75.652695518201739, 9.301821123491774 ], [ -75.650333128370164, 9.303810370422996 ], [ -75.650035948307575, 9.304648645065809 ], [ -75.650734079155768, 9.305990688542815 ], [ -75.653146803118403, 9.307175698323524 ], [ -75.651869427611643, 9.310887895251184 ], [ -75.651680326947215, 9.31570127213133 ], [ -75.653621558394519, 9.319100323696253 ], [ -75.653623411631742, 9.320759585808164 ], [ -75.653042852261791, 9.320145194214843 ], [ -75.651887782339386, 9.320265086337592 ], [ -75.651098202043585, 9.321359021152229 ], [ -75.645955862418006, 9.324624354943735 ], [ -75.639999398492776, 9.324166298968398 ], [ -75.638147595121694, 9.322222381509906 ], [ -75.637199911553012, 9.320253678982153 ], [ -75.637112562371698, 9.31684640157563 ], [ -75.637718025368514, 9.31494263546562 ], [ -75.637488941049327, 9.312145770273112 ], [ -75.635965266045275, 9.310574149975627 ], [ -75.633938269691939, 9.309506901879777 ], [ -75.631248474035132, 9.30916691064345 ], [ -75.628543850544929, 9.310625078071814 ], [ -75.626663208151584, 9.309999468811279 ], [ -75.619163509744695, 9.31166648064718 ], [ -75.615837092352521, 9.310000416633816 ], [ -75.614166257367032, 9.310832983114944 ], [ -75.613540647810382, 9.310208795173196 ], [ -75.614031457929045, 9.308083570149062 ], [ -75.613285510135242, 9.305246424542645 ], [ -75.611949339788893, 9.302478188253115 ], [ -75.61054815767092, 9.301360267163941 ], [ -75.607267876430996, 9.299939522147872 ], [ -75.603243167564258, 9.298828074576452 ], [ -75.604411636722475, 9.295905340311503 ], [ -75.603894133097754, 9.292549027266583 ], [ -75.60690014395, 9.287697298896882 ], [ -75.607945004848503, 9.283797673327779 ], [ -75.609943895332648, 9.282974922272327 ], [ -75.609367128872933, 9.280988186107352 ], [ -75.606423205401313, 9.280806493280627 ], [ -75.604053558941388, 9.279891404831524 ], [ -75.601018501559196, 9.280172660156461 ], [ -75.598574161083249, 9.279211589074929 ], [ -75.594321446037213, 9.280062348276035 ], [ -75.591046303784765, 9.278660639425782 ], [ -75.589239511832119, 9.278677533061332 ], [ -75.586457301658172, 9.276017700713588 ], [ -75.585957770340755, 9.275180961353495 ], [ -75.585985862239355, 9.273555361533404 ] ] ] } },
{ "type": "Feature", "properties": { "FID_Cuenca": 0, "CODIGO": null, "AH": "1", "ZH": "13", "SZH": "1303", "COD_POMCA": "Arroyo El Tigre (Arroyo Tianica)", "POMCA": "1003-00-38", "NOM_NSS": "Arroyo El Tigre (Arroyo Tianica)", "COD_NSS": null, "NOMENCLAT": "Subcuenca Arroyo El Tigre (Arroyo Tianica)", "IND_COMPAC": 1.91, "FORM_IND_C": 1003.0, "IND_SIN": 1.68, "TIPO_DRENA": 1013.0, "DEN_CORRIE": 0.0, "DEN_DREN": 1.63, "TIEM_CONC": 174.63324355099999, "MET_T_CONC": "Metodologia Temez: Tc=0.3(L/(S^0.25))^0.75; Donde: L es la Longitud del cauce (km) y S es el porcentaje de pendiente del cauce.", "CAUD_MED": 4.36, "T_CORRIEN": "EFIMERO", "TIPO_FUEN": 2212.0, "Q_TOTAL": 2.43, "Q_MAX": 11.57, "Q_MIN": 0.51, "Q_AMBIENTA": 0.44, "Q_DISPONIB": 1.38, "REND_HID": 96.61, "ESCORR": 173.03, "AREA_ha_": 4513.1021311799996, "OBSERV_": null, "SHAPE_Leng": 45707.6603301, "SHAPE_Area": 45131021.311800003 }, "geometry": { "type": "Polygon", "coordinates": [ [ [ -75.671669002791006, 9.334791662136402 ], [ -75.664169311826896, 9.333749774022451 ], [ -75.66000366941141, 9.332083693996273 ], [ -75.658869912731305, 9.330950810099408 ], [ -75.658786850070783, 9.328628035724133 ], [ -75.657439450980135, 9.32774445185721 ], [ -75.656261528125199, 9.32599923512676 ], [ -75.655482402268845, 9.322989627693277 ], [ -75.653623411631742, 9.320759585808164 ], [ -75.653621558394519, 9.319100323696253 ], [ -75.651772480209729, 9.316119346968037 ], [ -75.651869427611643, 9.310887895251184 ], [ -75.653146803118403, 9.307175698323524 ], [ -75.650734079155768, 9.305990688542815 ], [ -75.650035948307575, 9.304648645065809 ], [ -75.650333128370164, 9.303810370422996 ], [ -75.652695518201739, 9.301821123491774 ], [ -75.654601602427789, 9.302769232496459 ], [ -75.655466530421364, 9.302382796214374 ], [ -75.65572233355239, 9.300372953497567 ], [ -75.656536963851991, 9.299508473623543 ], [ -75.656557605235705, 9.298743159711867 ], [ -75.655931060114384, 9.298602452329112 ], [ -75.653971393729805, 9.296435007989427 ], [ -75.653765221252655, 9.293398935563422 ], [ -75.655348458254792, 9.292148454881685 ], [ -75.655398127419616, 9.290068979982216 ], [ -75.655771860879796, 9.289665586402887 ], [ -75.658198307817457, 9.289640509629363 ], [ -75.659098593145671, 9.287484336423018 ], [ -75.660063725453497, 9.286906146543599 ], [ -75.662638644398157, 9.28778430266224 ], [ -75.663509250117386, 9.2886700083675 ], [ -75.666728608879225, 9.285875701702677 ], [ -75.670514304133121, 9.286203194510161 ], [ -75.67147525902682, 9.284706734177536 ], [ -75.673461474322238, 9.283162652061868 ], [ -75.673365858903537, 9.281183078670841 ], [ -75.673980547901479, 9.279774247402115 ], [ -75.672180345133469, 9.27773053847654 ], [ -75.672310644468737, 9.274602127848572 ], [ -75.671291942535973, 9.272899272925612 ], [ -75.671952420901263, 9.272035460566224 ], [ -75.676810701369064, 9.27004813067423 ], [ -75.678625092241305, 9.267526762388586 ], [ -75.679453071642101, 9.264324694699519 ], [ -75.680291338265619, 9.263394315244527 ], [ -75.680011604241258, 9.2614227441194 ], [ -75.681083924974473, 9.25902664739391 ], [ -75.680459417312235, 9.254007710772859 ], [ -75.682225349643147, 9.251967207176778 ], [ -75.68233729619844, 9.250113449487838 ], [ -75.679347330138938, 9.247615946671607 ], [ -75.677918800513496, 9.244423952184457 ], [ -75.678153685394619, 9.243137578772206 ], [ -75.676940649263202, 9.241020701676584 ], [ -75.675792924126014, 9.240039398905443 ], [ -75.676148026224027, 9.238722598396887 ], [ -75.6758717258991, 9.23749828333723 ], [ -75.672100628149948, 9.235213407856161 ], [ -75.670766915385784, 9.233007360698025 ], [ -75.669343563284144, 9.232504697153537 ], [ -75.66754204342547, 9.233319742229472 ], [ -75.666698572386835, 9.233084341765826 ], [ -75.666514040901376, 9.232188413745181 ], [ -75.667667151348908, 9.227669701052733 ], [ -75.665366498730492, 9.224511368395875 ], [ -75.663343460879204, 9.222876259736232 ], [ -75.661254768611144, 9.222077056911786 ], [ -75.663160431108778, 9.221953878908533 ], [ -75.666213387655034, 9.220046482770195 ], [ -75.667994772345935, 9.217972514020921 ], [ -75.669426738592435, 9.215268776661901 ], [ -75.671727933095212, 9.213192496527718 ], [ -75.675966862372363, 9.212715284316097 ], [ -75.676203261674317, 9.213905107755997 ], [ -75.675337101959855, 9.213966344042671 ], [ -75.67522461111956, 9.214641193508207 ], [ -75.675519482413165, 9.215988584150331 ], [ -75.676113344902291, 9.216387686611613 ], [ -75.678163944591745, 9.216392922448087 ], [ -75.67919867183754, 9.215283535449588 ], [ -75.680604625504301, 9.216439452005668 ], [ -75.680942581267431, 9.217729251343995 ], [ -75.682782384433708, 9.217955397408616 ], [ -75.68338726923281, 9.215465744960767 ], [ -75.684272681818456, 9.21540440207429 ], [ -75.685385675892149, 9.21457682589554 ], [ -75.686564566427023, 9.215547208626781 ], [ -75.686091017304463, 9.217271060431646 ], [ -75.687060814784587, 9.218835415962303 ], [ -75.689138149906313, 9.218366989908892 ], [ -75.690090532905415, 9.220333149943629 ], [ -75.693286771208705, 9.220337941230252 ], [ -75.695467080187839, 9.221342048947047 ], [ -75.696057603237165, 9.224170676596223 ], [ -75.695351263515917, 9.224906158354404 ], [ -75.695227706085149, 9.226312791182851 ], [ -75.693372306825225, 9.227956776132974 ], [ -75.691562580751608, 9.226946214673521 ], [ -75.690508604442428, 9.226993987677398 ], [ -75.689021754119395, 9.230300641468411 ], [ -75.691076663253426, 9.231238373681661 ], [ -75.69202497483235, 9.233355189472034 ], [ -75.693096067352968, 9.2333623313445 ], [ -75.693403131186642, 9.234723985049532 ], [ -75.694722326820511, 9.236356080250443 ], [ -75.696741721500032, 9.235839301709126 ], [ -75.697488722720152, 9.234975071428742 ], [ -75.698700191168044, 9.23462526156411 ], [ -75.699285535224192, 9.236570318223182 ], [ -75.702961856843928, 9.237839012785944 ], [ -75.703729630757721, 9.241243105772117 ], [ -75.703591410340181, 9.243904026067034 ], [ -75.700536051015277, 9.246847173176153 ], [ -75.697893919104345, 9.248054755619233 ], [ -75.698532852088817, 9.249606201808769 ], [ -75.698302286158807, 9.251819178929717 ], [ -75.696633287033947, 9.255294077921976 ], [ -75.695704550350399, 9.256165111148661 ], [ -75.696529080856067, 9.25882168996103 ], [ -75.698620323974865, 9.262130136103647 ], [ -75.698932580287035, 9.264609674165296 ], [ -75.698860144782174, 9.268495829873961 ], [ -75.697361762900044, 9.269817816554024 ], [ -75.696559515190089, 9.272033380901496 ], [ -75.699016180349233, 9.276266775821634 ], [ -75.700828386506075, 9.277753103148976 ], [ -75.703693174119593, 9.279115069880994 ], [ -75.704123102003905, 9.280996240443331 ], [ -75.705368090804228, 9.282668303650953 ], [ -75.704182702797084, 9.284529325802232 ], [ -75.704402211122826, 9.286192649920068 ], [ -75.706064883796415, 9.287600707272823 ], [ -75.704384756193676, 9.288670084966494 ], [ -75.702286550818528, 9.290956125203884 ], [ -75.700840065061925, 9.294673957813897 ], [ -75.699728349378034, 9.29581725713493 ], [ -75.699343999453376, 9.298085931466325 ], [ -75.69979306011119, 9.299413439256719 ], [ -75.698806595050513, 9.300575299435403 ], [ -75.697526078533244, 9.304799325506039 ], [ -75.694152062990895, 9.311321049980407 ], [ -75.693057809656565, 9.315105085282118 ], [ -75.693884301964871, 9.315790025014456 ], [ -75.696189380437076, 9.314473922260497 ], [ -75.697691552686024, 9.315370143799646 ], [ -75.699333224800611, 9.318979472679585 ], [ -75.701322923282333, 9.319747568798583 ], [ -75.701988691037997, 9.320551584855602 ], [ -75.702569301468912, 9.322461949620068 ], [ -75.70360477315009, 9.323925857468957 ], [ -75.703709043526743, 9.32564709270369 ], [ -75.704445981892135, 9.327175274814302 ], [ -75.70287053904994, 9.32749333936626 ], [ -75.698872665052377, 9.327188757925557 ], [ -75.695203190325941, 9.329009388902035 ], [ -75.692623286515456, 9.327979681949438 ], [ -75.691504394780992, 9.326911389945122 ], [ -75.690589282188384, 9.326855757491598 ], [ -75.689243899171657, 9.327471630842957 ], [ -75.688132872698105, 9.329317949829713 ], [ -75.688589456527382, 9.331754989835579 ], [ -75.687787771643343, 9.332810784916848 ], [ -75.686765229385713, 9.333112662198781 ], [ -75.685102572523164, 9.332643587115252 ], [ -75.683419391946416, 9.333105536252127 ], [ -75.680010947164561, 9.332726349539355 ], [ -75.678669883875244, 9.334298686652906 ], [ -75.677719562991427, 9.334446443060671 ], [ -75.674167654445185, 9.333745975516395 ], [ -75.671669002791006, 9.334791662136402 ] ] ] } },
{ "type": "Feature", "properties": { "FID_Cuenca": 0, "CODIGO": null, "AH": "1", "ZH": "13", "SZH": "1303", "COD_POMCA": "Arroyo Bijao", "POMCA": "1003-00-39", "NOM_NSS": "Arroyo Bijao", "COD_NSS": null, "NOMENCLAT": "Subcuenca Arroyo Bijao", "IND_COMPAC": 1.97, "FORM_IND_C": 1003.0, "IND_SIN": 1.37, "TIPO_DRENA": 1012.0, "DEN_CORRIE": 0.0, "DEN_DREN": 2.74, "TIEM_CONC": 140.36777047800001, "MET_T_CONC": "Metodologia Temez: Tc=0.3(L/(S^0.25))^0.75; Donde: L es la Longitud del cauce (km) y S es el porcentaje de pendiente del cauce.", "CAUD_MED": 3.37, "T_CORRIEN": "EFIMERO", "TIPO_FUEN": 2212.0, "Q_TOTAL": 2.47, "Q_MAX": 14.57, "Q_MIN": 0.23, "Q_AMBIENTA": 0.42, "Q_DISPONIB": 1.43, "REND_HID": 64.62, "ESCORR": 167.0, "AREA_ha_": 5215.035433, "OBSERV_": null, "SHAPE_Leng": 50835.751133899998, "SHAPE_Area": 52150354.33 }, "geometry": { "type": "Polygon", "coordinates": [ [ [ -75.707820715418606, 9.327190997212544 ], [ -75.704445981892135, 9.327175274814302 ], [ -75.703709043526743, 9.32564709270369 ], [ -75.70360477315009, 9.323925857468957 ], [ -75.702569301468912, 9.322461949620068 ], [ -75.701988691037997, 9.320551584855602 ], [ -75.701322923282333, 9.319747568798583 ], [ -75.699333224800611, 9.318979472679585 ], [ -75.697691552686024, 9.315370143799646 ], [ -75.696189380437076, 9.314473922260497 ], [ -75.694100768453112, 9.315745999868332 ], [ -75.693087819258395, 9.315348860074216 ], [ -75.694152062990895, 9.311321049980407 ], [ -75.697526078533244, 9.304799325506039 ], [ -75.698806595050513, 9.300575299435403 ], [ -75.69979306011119, 9.299413439256719 ], [ -75.699343999453376, 9.298085931466325 ], [ -75.699728349378034, 9.29581725713493 ], [ -75.700840065061925, 9.294673957813897 ], [ -75.702286550818528, 9.290956125203884 ], [ -75.704384756193676, 9.288670084966494 ], [ -75.706064883796415, 9.287600707272823 ], [ -75.704402211122826, 9.286192649920068 ], [ -75.704182702797084, 9.284529325802232 ], [ -75.705368090804228, 9.282668303650953 ], [ -75.704123102003905, 9.280996240443331 ], [ -75.703693174119593, 9.279115069880994 ], [ -75.700828386506075, 9.277753103148976 ], [ -75.699016180349233, 9.276266775821634 ], [ -75.696559515190089, 9.272033380901496 ], [ -75.697361762900044, 9.269817816554024 ], [ -75.698860144782174, 9.268495829873961 ], [ -75.698932580287035, 9.264609674165296 ], [ -75.698620323974865, 9.262130136103647 ], [ -75.696529080856067, 9.25882168996103 ], [ -75.695704550350399, 9.256165111148661 ], [ -75.696633287033947, 9.255294077921976 ], [ -75.698302286158807, 9.251819178929717 ], [ -75.698532852088817, 9.249606201808769 ], [ -75.697893919104345, 9.248054755619233 ], [ -75.700536051015277, 9.246847173176153 ], [ -75.703591410340181, 9.243904026067034 ], [ -75.703729630757721, 9.241243105772117 ], [ -75.702961856843928, 9.237839012785944 ], [ -75.699285535224192, 9.236570318223182 ], [ -75.698700191168044, 9.23462526156411 ], [ -75.697488722720152, 9.234975071428742 ], [ -75.696741721500032, 9.235839301709126 ], [ -75.69456539157288, 9.236249179532949 ], [ -75.693403131186642, 9.234723985049532 ], [ -75.693096067352968, 9.2333623313445 ], [ -75.69202497483235, 9.233355189472034 ], [ -75.691076663253426, 9.231238373681661 ], [ -75.689021754119395, 9.230300641468411 ], [ -75.690508604442428, 9.226993987677398 ], [ -75.691562580751608, 9.226946214673521 ], [ -75.693372306825225, 9.227956776132974 ], [ -75.695227706085149, 9.226312791182851 ], [ -75.695351263515917, 9.224906158354404 ], [ -75.696057603237165, 9.224170676596223 ], [ -75.697228914329642, 9.226565089030299 ], [ -75.697950456072761, 9.226454229977353 ], [ -75.698557795275775, 9.225052591922928 ], [ -75.704159431021921, 9.226318588160359 ], [ -75.705501766285181, 9.227747278511265 ], [ -75.706117457687199, 9.229677991645223 ], [ -75.707287220344895, 9.230210726518408 ], [ -75.70845302785159, 9.229882615983518 ], [ -75.708861686452963, 9.228270083873898 ], [ -75.711648611082211, 9.229799794815392 ], [ -75.716225571052803, 9.228057248466808 ], [ -75.720441526226764, 9.231007949056107 ], [ -75.725609874669146, 9.228046485023913 ], [ -75.726556064011334, 9.229668197882697 ], [ -75.730051211168629, 9.23079994431715 ], [ -75.733455757724229, 9.22798651917911 ], [ -75.735285327053404, 9.228073737344175 ], [ -75.738163336491851, 9.229198683773809 ], [ -75.738963404522337, 9.227358516453108 ], [ -75.740061679563951, 9.227525608125221 ], [ -75.740700284343717, 9.228211330686623 ], [ -75.740825491976082, 9.230276778021477 ], [ -75.741809329350644, 9.230673951092436 ], [ -75.746716932592605, 9.230192076200799 ], [ -75.755908905376799, 9.231813557619999 ], [ -75.761742834425334, 9.231786262896724 ], [ -75.765888281536135, 9.228954751722142 ], [ -75.773689017660132, 9.229549304417423 ], [ -75.77968402543577, 9.226995867910146 ], [ -75.780142528644262, 9.226247646417329 ], [ -75.781467980848433, 9.225610093513477 ], [ -75.784126593942148, 9.225941816420766 ], [ -75.785452863605073, 9.22547641213187 ], [ -75.786425388147748, 9.223520587319172 ], [ -75.78711656815203, 9.223115584022899 ], [ -75.789661023998221, 9.223734751801201 ], [ -75.793865616530553, 9.223505483658638 ], [ -75.795065464838274, 9.222782404846622 ], [ -75.796677495481873, 9.220204195227065 ], [ -75.798092391838892, 9.220406659145411 ], [ -75.799726078467884, 9.224186689748187 ], [ -75.798060882292944, 9.224736860205724 ], [ -75.796072365285141, 9.224118685795663 ], [ -75.79541270898595, 9.224570182238107 ], [ -75.796473575445873, 9.226209042438537 ], [ -75.795696188125362, 9.227199115606627 ], [ -75.795700529399895, 9.228095784357354 ], [ -75.794624762071194, 9.22959540661895 ], [ -75.792552614292376, 9.230352542036087 ], [ -75.790017589427009, 9.234937755281877 ], [ -75.791534936884517, 9.237650479642307 ], [ -75.791418212909605, 9.238398279155103 ], [ -75.790488490166098, 9.239000509418473 ], [ -75.786340595923704, 9.239797405597853 ], [ -75.781879181183669, 9.237965441576163 ], [ -75.780550586752327, 9.236955490093548 ], [ -75.780043832210609, 9.235843997209614 ], [ -75.778766884697575, 9.23556310416649 ], [ -75.777525700208514, 9.237721052637351 ], [ -75.775105871984834, 9.240028045051929 ], [ -75.774488813677152, 9.241848269358721 ], [ -75.772566587570608, 9.242526886112634 ], [ -75.773013257439942, 9.244317914977298 ], [ -75.772613033675952, 9.245180636207941 ], [ -75.771060463724822, 9.246660943869802 ], [ -75.76890559397944, 9.247015441434396 ], [ -75.76585487101238, 9.249287106619985 ], [ -75.765462925832367, 9.251890580552935 ], [ -75.762429753979291, 9.253817810497539 ], [ -75.762363846723659, 9.256151938606591 ], [ -75.760406552056665, 9.257576728614923 ], [ -75.7587997472464, 9.25982244316147 ], [ -75.757895651856174, 9.260017981098411 ], [ -75.755676010340522, 9.2589188606657 ], [ -75.754906248317042, 9.259018112809375 ], [ -75.751526801475563, 9.261042540413325 ], [ -75.751036570684221, 9.263244751929289 ], [ -75.750385317764128, 9.26397472502425 ], [ -75.749074027736413, 9.263579122068032 ], [ -75.746995674783719, 9.263856632655864 ], [ -75.744039577512197, 9.265840770605934 ], [ -75.740070186980731, 9.266690152340791 ], [ -75.739374828918841, 9.267261298336745 ], [ -75.738670050962057, 9.26943028498536 ], [ -75.737562050240214, 9.270414203505581 ], [ -75.737813319320253, 9.272660797176728 ], [ -75.738638236923634, 9.274043883998681 ], [ -75.738399556623094, 9.274475413043737 ], [ -75.73407561107328, 9.276360626063129 ], [ -75.732400751871154, 9.278520493070328 ], [ -75.73211997379299, 9.280243484551358 ], [ -75.732655817725529, 9.281580098248032 ], [ -75.731938843598229, 9.282683387021427 ], [ -75.731259112624173, 9.287871313836181 ], [ -75.727979856970862, 9.288899727100752 ], [ -75.725933102538193, 9.291855190942908 ], [ -75.725690540036823, 9.293520617151195 ], [ -75.726491651378765, 9.295984681385773 ], [ -75.725733786567375, 9.298647245367544 ], [ -75.724597633146743, 9.29851100838323 ], [ -75.72265065073401, 9.299135735638849 ], [ -75.718620527109891, 9.298293441294586 ], [ -75.71623855578116, 9.299940801460588 ], [ -75.715780883288943, 9.304017601502029 ], [ -75.71644999910832, 9.306575560199555 ], [ -75.717686650776272, 9.308485267279501 ], [ -75.718561607856984, 9.308717974674575 ], [ -75.718675895148763, 9.309994376640422 ], [ -75.719388971250424, 9.31113171897055 ], [ -75.718286465039768, 9.312892037076818 ], [ -75.716480970266161, 9.318065451729261 ], [ -75.716399399722675, 9.321222279886324 ], [ -75.715875125391335, 9.322372493463554 ], [ -75.716791859531838, 9.323615429387122 ], [ -75.71296874458514, 9.324637342658463 ], [ -75.711474230086282, 9.326820250617054 ], [ -75.710178714935566, 9.327794657048162 ], [ -75.707820715418606, 9.327190997212544 ] ] ] } },
{ "type": "Feature", "properties": { "FID_Cuenca": 0, "CODIGO": null, "AH": "1", "ZH": "13", "SZH": "1303", "COD_POMCA": "Caño El Espino", "POMCA": "1003-00-57", "NOM_NSS": "Caño El Espino", "COD_NSS": null, "NOMENCLAT": "Subcuenca Caño El Espino", "IND_COMPAC": 1.92, "FORM_IND_C": 1003.0, "IND_SIN": 1.51, "TIPO_DRENA": 1013.0, "DEN_CORRIE": 0.0, "DEN_DREN": 0.97, "TIEM_CONC": 261.67022662900001, "MET_T_CONC": "Metodologia Temez: Tc=0.3(L/(S^0.25))^0.75; Donde: L es la Longitud del cauce (km) y S es el porcentaje de pendiente del cauce.", "CAUD_MED": 121.17, "T_CORRIEN": "PERMANENTE", "TIPO_FUEN": 2213.0, "Q_TOTAL": 121.17, "Q_MAX": 471.59, "Q_MIN": 16.52, "Q_AMBIENTA": 20.44, "Q_DISPONIB": 70.44, "REND_HID": 226.53, "ESCORR": 152.41, "AREA_ha_": 53487.526543, "OBSERV_": null, "SHAPE_Leng": 157146.63909400001, "SHAPE_Area": 534875265.43000001 }, "geometry": { "type": "Polygon", "coordinates": [ [ [ -75.755908905376799, 9.231813557619999 ], [ -75.751687417304353, 9.230800240644546 ], [ -75.74955104356512, 9.230982354814367 ], [ -75.747468104980484, 9.230245976220029 ], [ -75.741809329350644, 9.230673951092436 ], [ -75.740825491976082, 9.230276778021477 ], [ -75.740700284343717, 9.228211330686623 ], [ -75.740061679563951, 9.227525608125221 ], [ -75.738963404522337, 9.227358516453108 ], [ -75.738163336491851, 9.229198683773809 ], [ -75.735285327053404, 9.228073737344175 ], [ -75.733455757724229, 9.22798651917911 ], [ -75.730051211168629, 9.23079994431715 ], [ -75.726556064011334, 9.229668197882697 ], [ -75.725609874669146, 9.228046485023913 ], [ -75.720441526226764, 9.231007949056107 ], [ -75.716225571052803, 9.228057248466808 ], [ -75.711648611082211, 9.229799794815392 ], [ -75.708861686452963, 9.228270083873898 ], [ -75.70845302785159, 9.229882615983518 ], [ -75.707287220344895, 9.230210726518408 ], [ -75.706117457687199, 9.229677991645223 ], [ -75.705501766285181, 9.227747278511265 ], [ -75.703725391405129, 9.226141205476836 ], [ -75.698557795275775, 9.225052591922928 ], [ -75.697950456072761, 9.226454229977353 ], [ -75.697228914329642, 9.226565089030299 ], [ -75.696173462196171, 9.224704638544223 ], [ -75.695467080187839, 9.221342048947047 ], [ -75.693286771208705, 9.220337941230252 ], [ -75.690090532905415, 9.220333149943629 ], [ -75.689138149906313, 9.218366989908892 ], [ -75.687060814784587, 9.218835415962303 ], [ -75.686091017304463, 9.217271060431646 ], [ -75.686564566427023, 9.215547208626781 ], [ -75.685751927983631, 9.214670841485381 ], [ -75.68338726923281, 9.215465744960767 ], [ -75.682782384433708, 9.217955397408616 ], [ -75.680942581267431, 9.217729251343995 ], [ -75.680604625504301, 9.216439452005668 ], [ -75.67919867183754, 9.215283535449588 ], [ -75.678163944591745, 9.216392922448087 ], [ -75.675838396256125, 9.216259777093196 ], [ -75.675222934188099, 9.214268156222976 ], [ -75.676203261674317, 9.213905107755997 ], [ -75.675966862372363, 9.212715284316097 ], [ -75.671727933095212, 9.213192496527718 ], [ -75.669426738592435, 9.215268776661901 ], [ -75.667994772345935, 9.217972514020921 ], [ -75.666213387655034, 9.220046482770195 ], [ -75.663160431108778, 9.221953878908533 ], [ -75.661254768611144, 9.222077056911786 ], [ -75.662199300474555, 9.222672061106971 ], [ -75.659228209546754, 9.220995526918585 ], [ -75.658422851219726, 9.221745161640493 ], [ -75.658440267096793, 9.222554997910654 ], [ -75.654788746398765, 9.219706271465833 ], [ -75.651931333988514, 9.22013487793777 ], [ -75.648705467519989, 9.218886351096499 ], [ -75.647926050632734, 9.218975841381278 ], [ -75.646605948694841, 9.217691470598799 ], [ -75.644887955910292, 9.216981553711591 ], [ -75.644222007433214, 9.216057806305583 ], [ -75.644186520077625, 9.214832396510218 ], [ -75.642703824188899, 9.212895876012324 ], [ -75.642244138909817, 9.210984795394358 ], [ -75.638511674368928, 9.21282439792518 ], [ -75.637688115222474, 9.210257263193579 ], [ -75.635854026693693, 9.210504338648295 ], [ -75.633803326067067, 9.209377310024532 ], [ -75.632328547778854, 9.209234218600207 ], [ -75.626275234451001, 9.209242407681169 ], [ -75.625605849939916, 9.208474969544254 ], [ -75.628697981910861, 9.202856462724766 ], [ -75.630085177887764, 9.203065712756928 ], [ -75.632244119249492, 9.201435065745596 ], [ -75.635295174684003, 9.200867443547709 ], [ -75.635376582228645, 9.199671413669201 ], [ -75.635864954699201, 9.199307212239423 ], [ -75.63783663542408, 9.198892155515765 ], [ -75.639250270272797, 9.197451224617144 ], [ -75.641318830185085, 9.197179213266747 ], [ -75.643576762104075, 9.196188963486961 ], [ -75.644247148075138, 9.19539690738633 ], [ -75.644383235520365, 9.193507152071486 ], [ -75.64220499444481, 9.190718723879931 ], [ -75.642937280781098, 9.187582880582752 ], [ -75.644067530360914, 9.187386670410216 ], [ -75.644864959069707, 9.18812452750598 ], [ -75.645778511716628, 9.187905338531452 ], [ -75.645726908483923, 9.187116417901267 ], [ -75.644808521845263, 9.186235607020958 ], [ -75.644924855438063, 9.185326390356678 ], [ -75.64539000178786, 9.185167602715627 ], [ -75.645098325324696, 9.183728216093888 ], [ -75.643466503203072, 9.182049392957476 ], [ -75.64317047650016, 9.180400643754314 ], [ -75.642336606252087, 9.179579240062861 ], [ -75.642801315255753, 9.178536989312917 ], [ -75.643595779269631, 9.178605287724956 ], [ -75.643406993976072, 9.176210252645021 ], [ -75.644714545596315, 9.175295873769478 ], [ -75.644432603886457, 9.174113377723259 ], [ -75.645723486406084, 9.174884968787561 ], [ -75.645968127055241, 9.175792620180177 ], [ -75.647458890093148, 9.175499186980796 ], [ -75.651823274708136, 9.175955830893646 ], [ -75.652322632746234, 9.176112122987409 ], [ -75.652290068093436, 9.177029900887115 ], [ -75.6530660678754, 9.177822836089549 ], [ -75.656067947157325, 9.177486905956179 ], [ -75.657865831617215, 9.178455257709947 ], [ -75.658436369993908, 9.175764421173675 ], [ -75.656160076455478, 9.172740124581765 ], [ -75.653378079388318, 9.172178336715568 ], [ -75.652038382011128, 9.171251548848753 ], [ -75.651275448724434, 9.170142894940964 ], [ -75.650466158053305, 9.166702880014785 ], [ -75.645569532902059, 9.161343595216422 ], [ -75.646174822541724, 9.159439849632019 ], [ -75.64588039400509, 9.158149795580997 ], [ -75.644797839108548, 9.158226222431667 ], [ -75.64415220337122, 9.159161643272803 ], [ -75.642012981857789, 9.156982802428161 ], [ -75.639772549033552, 9.156418547155834 ], [ -75.639697068595098, 9.155665595211111 ], [ -75.63767493856875, 9.155494957603258 ], [ -75.635085589935656, 9.157694196207871 ], [ -75.628104149336536, 9.160936479692623 ], [ -75.627530552380804, 9.160460661502276 ], [ -75.628489616297955, 9.159649467952088 ], [ -75.626560607288283, 9.158760960382034 ], [ -75.623490634486686, 9.158355589144282 ], [ -75.622169437458538, 9.158899285667887 ], [ -75.620266567658319, 9.157460963392083 ], [ -75.620821738807052, 9.156993046476842 ], [ -75.624332643345298, 9.156416097336834 ], [ -75.625278096259365, 9.155240285861057 ], [ -75.626756620710466, 9.154911131122686 ], [ -75.62812639979434, 9.151700834419469 ], [ -75.628870969287817, 9.151374813210269 ], [ -75.63031677287745, 9.151643628512335 ], [ -75.63090802597695, 9.150368887259084 ], [ -75.632052819846365, 9.150220497535551 ], [ -75.635082816841958, 9.147538728256315 ], [ -75.63763863619323, 9.148704288617754 ], [ -75.640088873093518, 9.147142442336882 ], [ -75.640599260824942, 9.147197634907094 ], [ -75.641113532325463, 9.148142394823525 ], [ -75.641795838267527, 9.14789075066061 ], [ -75.643164456409693, 9.144928490727866 ], [ -75.647970569255236, 9.143434638840892 ], [ -75.647964279724434, 9.141999856140805 ], [ -75.649169400578103, 9.14025373473644 ], [ -75.651166274925586, 9.139078102762175 ], [ -75.652784108806401, 9.139262391095043 ], [ -75.655166886521286, 9.13829550303749 ], [ -75.65534444886292, 9.13599473730175 ], [ -75.6563761200062, 9.135308719254969 ], [ -75.656779961582956, 9.134123248792982 ], [ -75.654466380305777, 9.133308291191177 ], [ -75.654463672041913, 9.131597694288695 ], [ -75.655926587461295, 9.130120799650522 ], [ -75.656843407731373, 9.130678779796996 ], [ -75.657523351832154, 9.132086714025363 ], [ -75.659307619106912, 9.132915915842865 ], [ -75.661292925023588, 9.129987918126607 ], [ -75.66091876713773, 9.12699081157794 ], [ -75.663050913532786, 9.122691458130044 ], [ -75.662215295208526, 9.119811148725507 ], [ -75.664230394980621, 9.11843930034879 ], [ -75.666112315220488, 9.116336277490376 ], [ -75.667566462208754, 9.113266149165344 ], [ -75.666299978104576, 9.110889912987867 ], [ -75.667286877273938, 9.108805143781984 ], [ -75.665957793352774, 9.105324379958583 ], [ -75.665615190486605, 9.102929755379696 ], [ -75.670485498878747, 9.097609302547252 ], [ -75.672415842040579, 9.098863482650838 ], [ -75.673346741356426, 9.097185478276518 ], [ -75.678359545612579, 9.0963624042662 ], [ -75.681323960749737, 9.093449899091688 ], [ -75.682952393801415, 9.09272874944082 ], [ -75.686671320607459, 9.094542616248891 ], [ -75.691373698318102, 9.093727917533144 ], [ -75.691993035903181, 9.094490394720706 ], [ -75.691378690960619, 9.096989639277103 ], [ -75.691660777870652, 9.097657956401004 ], [ -75.69231578428591, 9.09798176032564 ], [ -75.694783028098854, 9.097698212672611 ], [ -75.695567186131157, 9.098727774866649 ], [ -75.696564590578092, 9.099024649486857 ], [ -75.699325199967532, 9.097970963766564 ], [ -75.70078385635432, 9.095979693749792 ], [ -75.700606391461136, 9.093971793643584 ], [ -75.701348980182942, 9.093251098845002 ], [ -75.70245374061092, 9.092815744321005 ], [ -75.703875577601721, 9.093335490146533 ], [ -75.70542558002002, 9.092160603883899 ], [ -75.707064214669003, 9.087418530613466 ], [ -75.706466351771027, 9.086086859373738 ], [ -75.706688363691768, 9.084105878248115 ], [ -75.707536906238488, 9.083413398569405 ], [ -75.709803688944774, 9.08351805101749 ], [ -75.710363552877041, 9.081382502120515 ], [ -75.710257688965527, 9.079254728509705 ], [ -75.712079141075691, 9.077716156949654 ], [ -75.711794801829313, 9.073365287232388 ], [ -75.713523133649602, 9.072520604124897 ], [ -75.713422463556711, 9.071540627544637 ], [ -75.712310097115093, 9.070278222110366 ], [ -75.712905893189841, 9.069032088209832 ], [ -75.713324626852994, 9.0658737170279 ], [ -75.711802885717248, 9.064517486212733 ], [ -75.710832081081435, 9.062632704323763 ], [ -75.71143399540685, 9.057417005220785 ], [ -75.711768729381461, 9.056961166261839 ], [ -75.712898617973508, 9.057044136917082 ], [ -75.713562679898644, 9.055470093814494 ], [ -75.711983471616392, 9.052564556333829 ], [ -75.711767738759889, 9.051137918708541 ], [ -75.710175297544694, 9.050090461208793 ], [ -75.709508680275334, 9.047898224677535 ], [ -75.709896246944254, 9.044221081381831 ], [ -75.712177405751703, 9.04330222510686 ], [ -75.713513919683791, 9.040952799725972 ], [ -75.712680109160715, 9.036635919336661 ], [ -75.71303783042481, 9.035946828406273 ], [ -75.715649329632626, 9.034948770823343 ], [ -75.715343785620789, 9.033874055604985 ], [ -75.71595793705383, 9.030045253908769 ], [ -75.714380649675803, 9.027003395870114 ], [ -75.714004204909344, 9.023537702385426 ], [ -75.718305354883867, 9.020126478276302 ], [ -75.720337371614946, 9.017343510728384 ], [ -75.720692658493533, 9.016122367786048 ], [ -75.719688966131187, 9.012252970482132 ], [ -75.720933675399095, 9.010908291680282 ], [ -75.721766016426571, 9.008800242889279 ], [ -75.722772775356788, 9.00803053258449 ], [ -75.721627594024696, 9.004783504257693 ], [ -75.721539771762309, 9.001316533951522 ], [ -75.721030460732209, 9.000386206164604 ], [ -75.719126227142326, 8.999486010436293 ], [ -75.718950637645037, 8.997884629930864 ], [ -75.719980028473458, 8.996803962051402 ], [ -75.725620039385547, 8.994076628739196 ], [ -75.72569232773904, 8.991447390792828 ], [ -75.724625893016807, 8.989646739169785 ], [ -75.725360087111696, 8.987120656018744 ], [ -75.726767288551315, 8.986838411972737 ], [ -75.727744168169096, 8.985858400528683 ], [ -75.728562265153855, 8.983807804944991 ], [ -75.731980897680018, 8.982415116074206 ], [ -75.73592980445143, 8.979164391215646 ], [ -75.739718369836609, 8.978745617486984 ], [ -75.741173848399768, 8.977246911746317 ], [ -75.741208599393673, 8.975753075076234 ], [ -75.744631223277807, 8.971050766969991 ], [ -75.74425684447958, 8.969120315961336 ], [ -75.742475867296562, 8.966737080882943 ], [ -75.742796494220514, 8.9653200074785 ], [ -75.742472450522442, 8.961763264586327 ], [ -75.741470945006199, 8.961538211019603 ], [ -75.739478695598564, 8.959751326321292 ], [ -75.73856722980544, 8.957639146557554 ], [ -75.734166593313418, 8.956683237106063 ], [ -75.733774703134983, 8.955116313625037 ], [ -75.730902418561556, 8.953885691795991 ], [ -75.730900171335648, 8.953388316069432 ], [ -75.731971690368042, 8.952082672983568 ], [ -75.732788596464189, 8.949783394733565 ], [ -75.733596205504, 8.949684132236579 ], [ -75.734158120175906, 8.950561608782678 ], [ -75.734773858646946, 8.950577982885184 ], [ -75.735903333242177, 8.949329463222455 ], [ -75.737788276413369, 8.948684619641904 ], [ -75.738590673022316, 8.947437560500337 ], [ -75.739708092217782, 8.947776890656955 ], [ -75.740973515559105, 8.946814702375914 ], [ -75.74158220486288, 8.94528155650705 ], [ -75.742272974938885, 8.944876720088677 ], [ -75.742299108274509, 8.942160122381761 ], [ -75.743227800813031, 8.939075997826416 ], [ -75.745109422792495, 8.938244943965593 ], [ -75.746828506683912, 8.935520732672442 ], [ -75.752258547194572, 8.929453305123907 ], [ -75.754054567534268, 8.924638772039676 ], [ -75.757065655780977, 8.923663879508089 ], [ -75.758646835249763, 8.922365449844877 ], [ -75.761254540020744, 8.921190294142011 ], [ -75.761092399641015, 8.919392810908366 ], [ -75.763679413923811, 8.917200262253896 ], [ -75.763963579920102, 8.91624247406231 ], [ -75.763533696476657, 8.914790546868881 ], [ -75.764104572854109, 8.913429729774101 ], [ -75.763254378617972, 8.91261099760767 ], [ -75.762978990149108, 8.911287494899206 ], [ -75.764242677426893, 8.90893834366759 ], [ -75.763395704618006, 8.90777047262897 ], [ -75.761716609006754, 8.90704760523707 ], [ -75.762678120096069, 8.90592414635247 ], [ -75.761681704888602, 8.904675643818205 ], [ -75.761876629878387, 8.901607930822644 ], [ -75.760140117866342, 8.900467984248298 ], [ -75.759986668196504, 8.898460026422031 ], [ -75.764134979201472, 8.895930449195365 ], [ -75.769253471022807, 8.895237687966512 ], [ -75.772465663262139, 8.897619105108552 ], [ -75.772760587579256, 8.899004680726057 ], [ -75.772350459908623, 8.902367033220383 ], [ -75.773041753344884, 8.903667108441319 ], [ -75.774754486506595, 8.904854917904897 ], [ -75.778207518996638, 8.904083921512875 ], [ -75.781361948599724, 8.898287506556532 ], [ -75.782225405938632, 8.897817265074146 ], [ -75.783113468532207, 8.89487199216261 ], [ -75.784585565072689, 8.893430513922736 ], [ -75.784865956526033, 8.891671680167802 ], [ -75.787126506690498, 8.889150533228634 ], [ -75.791018164369447, 8.888379429927109 ], [ -75.791771050982277, 8.887407526518338 ], [ -75.792325761403589, 8.882598632052222 ], [ -75.793737614896173, 8.881031146248466 ], [ -75.794868291928822, 8.882095861763704 ], [ -75.795945788115759, 8.884228642596298 ], [ -75.801832096650529, 8.887372208871909 ], [ -75.804722096283314, 8.891447782527642 ], [ -75.808209459326235, 8.894220931549961 ], [ -75.808660593538093, 8.896074401659083 ], [ -75.80828208582551, 8.897396100410395 ], [ -75.806867724437595, 8.899334758240331 ], [ -75.80724650531333, 8.902164174362166 ], [ -75.808389246844271, 8.903823132348341 ], [ -75.808987900515092, 8.904317716088213 ], [ -75.811334233114167, 8.904211143018188 ], [ -75.813010102838859, 8.90470069848541 ], [ -75.814946370508679, 8.906380048389966 ], [ -75.815071353278299, 8.907827041610545 ], [ -75.811848728812137, 8.910778461543197 ], [ -75.810664918196039, 8.912658673694809 ], [ -75.810478595500072, 8.913941220679982 ], [ -75.813677171638901, 8.915054935392689 ], [ -75.81433446530886, 8.915740525420571 ], [ -75.814014224460692, 8.917176733056587 ], [ -75.814996374305196, 8.917401696209964 ], [ -75.814797437703035, 8.918933868539938 ], [ -75.815759580358701, 8.921535757657919 ], [ -75.817276620094006, 8.921981384663432 ], [ -75.8191021185214, 8.921551982009998 ], [ -75.819118179868425, 8.92088237644821 ], [ -75.822959972615095, 8.919697449711972 ], [ -75.824721642518611, 8.917986653770273 ], [ -75.830120338435833, 8.916545658203189 ], [ -75.831866646762307, 8.91565746958018 ], [ -75.83419707254194, 8.916239469696331 ], [ -75.835504591791278, 8.916118511365731 ], [ -75.836501124879021, 8.915329496151783 ], [ -75.838598239851748, 8.915396082332528 ], [ -75.838995703100977, 8.916036901154152 ], [ -75.838673091480047, 8.917960918870628 ], [ -75.839226555594934, 8.919048662110528 ], [ -75.838382152774443, 8.920473011500029 ], [ -75.838663221159578, 8.921920718735045 ], [ -75.841050771157953, 8.923372774218189 ], [ -75.841203385220567, 8.925108025529967 ], [ -75.841945670268842, 8.926453107470927 ], [ -75.843995558507544, 8.926687255985296 ], [ -75.845573829085311, 8.927856185209222 ], [ -75.844796603671455, 8.928247252667443 ], [ -75.844384488595097, 8.929554781185017 ], [ -75.846838301465738, 8.935755281004413 ], [ -75.847909290423416, 8.936438818050696 ], [ -75.850546198261611, 8.93572322496734 ], [ -75.852151269890228, 8.936703326100622 ], [ -75.851463543447224, 8.937701330103309 ], [ -75.847642900760036, 8.939288179529207 ], [ -75.845917812221785, 8.940597195020377 ], [ -75.844150679622715, 8.945158363599253 ], [ -75.841769613988689, 8.946959484772075 ], [ -75.840644822090397, 8.947093962466228 ], [ -75.838361478373983, 8.946344437886562 ], [ -75.837568468527252, 8.946462982770369 ], [ -75.837268160556945, 8.94702393933647 ], [ -75.838189844298782, 8.949659391602124 ], [ -75.838207169146585, 8.951128113843314 ], [ -75.839971837767237, 8.954027355658544 ], [ -75.839363859336942, 8.955617974189972 ], [ -75.837867780356234, 8.956562425965432 ], [ -75.837623387454769, 8.957749600058678 ], [ -75.837334720446265, 8.961729849966673 ], [ -75.838517585420334, 8.963656268883005 ], [ -75.837713519656717, 8.96448265330314 ], [ -75.836808742583173, 8.96437218496327 ], [ -75.836542161225196, 8.964947329809558 ], [ -75.837536332882323, 8.967639816381157 ], [ -75.839393237955036, 8.969696921185191 ], [ -75.839455199769645, 8.970576567733509 ], [ -75.837958697601835, 8.971444515717442 ], [ -75.837716979616587, 8.973186425293802 ], [ -75.836743612074073, 8.974817045342865 ], [ -75.835994591119402, 8.979086427454066 ], [ -75.836796525114792, 8.980339254004852 ], [ -75.836117958004223, 8.980730951786061 ], [ -75.834711270091134, 8.984276558103691 ], [ -75.83311703111562, 8.984838896615868 ], [ -75.832639255410967, 8.985510693675595 ], [ -75.833596296237772, 8.988471169037139 ], [ -75.832065374625358, 8.990200087611484 ], [ -75.831631413816197, 8.991981172315553 ], [ -75.833037187433362, 8.992729287222112 ], [ -75.833282647273293, 8.993756314220359 ], [ -75.832323046808284, 8.994263027009264 ], [ -75.831272767250127, 8.99591792435395 ], [ -75.831621916148592, 8.998498708744965 ], [ -75.833692938609516, 8.999038805500271 ], [ -75.833240470584812, 8.999973512015487 ], [ -75.835003458964295, 9.001471528334383 ], [ -75.834911643160723, 9.002380602988104 ], [ -75.837944962740309, 9.002963899167515 ], [ -75.839056403639745, 9.004010686767547 ], [ -75.839188585287317, 9.006472933269212 ], [ -75.835969990307646, 9.009859844353574 ], [ -75.836197558414511, 9.012154258088206 ], [ -75.837414308445943, 9.012590800855847 ], [ -75.838180430371366, 9.011857834685166 ], [ -75.839106996179055, 9.011972955475875 ], [ -75.839583305530681, 9.013477093813821 ], [ -75.840441722732038, 9.014417480576276 ], [ -75.840261198100052, 9.016869266902914 ], [ -75.8412062459266, 9.018311373854699 ], [ -75.840658388370343, 9.019413927381269 ], [ -75.838423165417183, 9.019759403685454 ], [ -75.838248429418599, 9.020811605860786 ], [ -75.84004636245642, 9.022543737963185 ], [ -75.840320949411364, 9.023613652007239 ], [ -75.841572880652365, 9.023856320563178 ], [ -75.842530790060565, 9.022990909371178 ], [ -75.843995961774397, 9.023557739724804 ], [ -75.844176678637851, 9.025106327400998 ], [ -75.845401406517055, 9.02766373052833 ], [ -75.844928367810681, 9.029311108422624 ], [ -75.845257684452022, 9.033709209298056 ], [ -75.844457054328217, 9.035262520146638 ], [ -75.842633395911676, 9.036170365353907 ], [ -75.842800843604508, 9.03894327789701 ], [ -75.842327043230966, 9.040437628012063 ], [ -75.840166288583674, 9.043260000182789 ], [ -75.837136867038211, 9.045531792033982 ], [ -75.836641657649608, 9.046586272172455 ], [ -75.836821630671736, 9.047981835600561 ], [ -75.838848218248913, 9.049215491683778 ], [ -75.839144966125374, 9.050878298089271 ], [ -75.839781301332565, 9.05114304466659 ], [ -75.840191654440716, 9.052422719491588 ], [ -75.839553121803078, 9.055658611441279 ], [ -75.838751130352946, 9.056944121555302 ], [ -75.837485235396755, 9.057811020887007 ], [ -75.837156535092561, 9.061447134365169 ], [ -75.832980316379633, 9.061409808520322 ], [ -75.831409270328848, 9.062852031306912 ], [ -75.830561381774856, 9.066586287162396 ], [ -75.829696504170485, 9.06801077467871 ], [ -75.828063884301756, 9.068668988110954 ], [ -75.827628956139847, 9.070258794873597 ], [ -75.826078022851547, 9.071892200954062 ], [ -75.825969873576739, 9.073403926898532 ], [ -75.827074052588827, 9.074890719867302 ], [ -75.825889123979877, 9.07659889272939 ], [ -75.823145063773197, 9.078257131582378 ], [ -75.822995639018842, 9.079195179001781 ], [ -75.824467424974941, 9.08108073915106 ], [ -75.825804487115789, 9.079983974251467 ], [ -75.828861800471529, 9.079424141834112 ], [ -75.832963021270899, 9.082790307891743 ], [ -75.83246474895968, 9.084213042822782 ], [ -75.831583745322746, 9.085162098713331 ], [ -75.830058766772368, 9.085707433276085 ], [ -75.829905479163997, 9.086341822969182 ], [ -75.830462560793308, 9.08711626996952 ], [ -75.832231777169071, 9.087322968372559 ], [ -75.83235074339963, 9.089522248274816 ], [ -75.831564756454839, 9.090535540507723 ], [ -75.831214377083469, 9.092689255224906 ], [ -75.831999695485564, 9.093890613988467 ], [ -75.833930672381754, 9.093221361851812 ], [ -75.834957253577016, 9.093575086551892 ], [ -75.83705343507232, 9.096309552086336 ], [ -75.835947034619778, 9.097347863183517 ], [ -75.835900873070869, 9.098610008457911 ], [ -75.837040216426871, 9.09938880184612 ], [ -75.839794353645999, 9.099777203218482 ], [ -75.840626052879031, 9.100614858003782 ], [ -75.840574780884211, 9.101935010757213 ], [ -75.839121818704797, 9.103931462575458 ], [ -75.835894814192812, 9.105247834383432 ], [ -75.836139050187796, 9.10796298613751 ], [ -75.835007623540221, 9.10881012995765 ], [ -75.834265141901597, 9.110477945365334 ], [ -75.832784181022916, 9.110695510922101 ], [ -75.832432130421296, 9.11349006074613 ], [ -75.830371885381425, 9.113327828955629 ], [ -75.828354492829035, 9.112338134174548 ], [ -75.827408344359611, 9.113691291662205 ], [ -75.825402767747008, 9.113887441939751 ], [ -75.824957649958009, 9.11437737435592 ], [ -75.825051448046366, 9.115854653555328 ], [ -75.826079979337379, 9.116595749299831 ], [ -75.830760354489456, 9.117261867742009 ], [ -75.832640387773523, 9.116721877082789 ], [ -75.833628059149873, 9.117960501591803 ], [ -75.832769702599009, 9.119552361759103 ], [ -75.833679927548502, 9.120695712412772 ], [ -75.833281629819439, 9.121902769952223 ], [ -75.829564471916242, 9.125363948383102 ], [ -75.829548772541429, 9.126090931318505 ], [ -75.830546934067769, 9.129471972736065 ], [ -75.833239951607553, 9.131094594373431 ], [ -75.833884329647205, 9.13297091141696 ], [ -75.836090749602079, 9.135442228620038 ], [ -75.836516219665526, 9.136831806140641 ], [ -75.836188696668742, 9.137751588161604 ], [ -75.834776849940241, 9.138346645832051 ], [ -75.833868516406838, 9.140726544925935 ], [ -75.832970648876511, 9.141627566902825 ], [ -75.83134815556221, 9.141958217968297 ], [ -75.831137933067922, 9.143250448988814 ], [ -75.83157699323769, 9.144467805426739 ], [ -75.832519572342989, 9.145324054415156 ], [ -75.832480480296027, 9.146201642548547 ], [ -75.830824298318632, 9.147027424058258 ], [ -75.830196118372797, 9.148465144336448 ], [ -75.828043605224593, 9.148174260920944 ], [ -75.827771626730396, 9.148649020119068 ], [ -75.828454515284847, 9.152490676614521 ], [ -75.827567019290697, 9.154044423106894 ], [ -75.827714614858792, 9.154703665503039 ], [ -75.830574781114436, 9.155034160247869 ], [ -75.83099808856565, 9.155979001583994 ], [ -75.829663641065736, 9.159110824740537 ], [ -75.82988898384518, 9.160903087491961 ], [ -75.83086823124799, 9.161866755862413 ], [ -75.831017879650361, 9.16294204272357 ], [ -75.830189506547057, 9.163304725544121 ], [ -75.827119338310695, 9.162853306665548 ], [ -75.826362969733324, 9.163179765830355 ], [ -75.827638013851256, 9.164305090420124 ], [ -75.827318077600737, 9.165798708599025 ], [ -75.8243912531115, 9.169143983765769 ], [ -75.824060087255106, 9.170312460736538 ], [ -75.821723878442668, 9.171786845819202 ], [ -75.823117876544813, 9.1739082384429 ], [ -75.824321710597076, 9.174045892320127 ], [ -75.824757412644743, 9.174569837720529 ], [ -75.824567954139042, 9.175192450299413 ], [ -75.822362366150543, 9.176876904304462 ], [ -75.817621862738449, 9.176875847565887 ], [ -75.816983819621839, 9.179270070321355 ], [ -75.813222783398999, 9.182755331455869 ], [ -75.813346126166678, 9.183376438970912 ], [ -75.814408409310317, 9.184088677637222 ], [ -75.814510020601105, 9.185188119679344 ], [ -75.811845437917299, 9.186530728515594 ], [ -75.812160061937945, 9.187887393323248 ], [ -75.815707555035573, 9.188960695895492 ], [ -75.816657855207808, 9.190390808534138 ], [ -75.817265001383134, 9.19645183626406 ], [ -75.816389994120556, 9.198617654787734 ], [ -75.816980064592926, 9.201178120093815 ], [ -75.816217662192983, 9.202750391645422 ], [ -75.816147478077298, 9.20414716146572 ], [ -75.817525770202977, 9.206474268816343 ], [ -75.817687928071862, 9.208137724100309 ], [ -75.819504081284421, 9.209448858287866 ], [ -75.820299322461366, 9.210650147926588 ], [ -75.819388717234929, 9.213409151188216 ], [ -75.819152874508504, 9.216356181414717 ], [ -75.81788820931736, 9.217586564692303 ], [ -75.816934574987613, 9.219427575395937 ], [ -75.813904159661462, 9.22179510328116 ], [ -75.813642944561437, 9.223498863516415 ], [ -75.814035113147838, 9.224950788152379 ], [ -75.816522023969938, 9.225608291596776 ], [ -75.81780136307404, 9.225402344574899 ], [ -75.817269291878503, 9.226750445943885 ], [ -75.814917700965367, 9.228172594436099 ], [ -75.814170588934886, 9.227961001493775 ], [ -75.813781783068421, 9.22719771125184 ], [ -75.811789883226751, 9.228355078337804 ], [ -75.81101648608751, 9.227689285832408 ], [ -75.811080392904785, 9.225991259869888 ], [ -75.807522071969515, 9.226725744085789 ], [ -75.807086546169188, 9.226249607726533 ], [ -75.807633779490644, 9.22495575117329 ], [ -75.806416332050503, 9.224118722252379 ], [ -75.805397764688152, 9.224996391366924 ], [ -75.801444091455821, 9.223616535072679 ], [ -75.799822749306955, 9.224269917308872 ], [ -75.798639248079382, 9.22091599256739 ], [ -75.796677495481873, 9.220204195227065 ], [ -75.795065464838274, 9.222782404846622 ], [ -75.793865616530553, 9.223505483658638 ], [ -75.789661023998221, 9.223734751801201 ], [ -75.78711656815203, 9.223115584022899 ], [ -75.786425388147748, 9.223520587319172 ], [ -75.785452863605073, 9.22547641213187 ], [ -75.784126593942148, 9.225941816420766 ], [ -75.781467980848433, 9.225610093513477 ], [ -75.780142528644262, 9.226247646417329 ], [ -75.77968402543577, 9.226995867910146 ], [ -75.773689017660132, 9.229549304417423 ], [ -75.765888281536135, 9.228954751722142 ], [ -75.761742834425334, 9.231786262896724 ], [ -75.755908905376799, 9.231813557619999 ] ] ] } },
{ "type": "Feature", "properties": { "FID_Cuenca": 0, "CODIGO": null, "AH": "1", "ZH": "13", "SZH": "1303", "COD_POMCA": "Arroyo Ancho", "POMCA": "1003-00-51", "NOM_NSS": "Arroyo Ancho", "COD_NSS": null, "NOMENCLAT": "Subcuenca Arroyo Ancho", "IND_COMPAC": 1.98, "FORM_IND_C": 1003.0, "IND_SIN": 2.67, "TIPO_DRENA": 1015.0, "DEN_CORRIE": 0.0, "DEN_DREN": 0.89, "TIEM_CONC": 330.28032471799997, "MET_T_CONC": "Metodologia Temez: Tc=0.3(L/(S^0.25))^0.75; Donde: L es la Longitud del cauce (km) y S es el porcentaje de pendiente del cauce.", "CAUD_MED": 0.75, "T_CORRIEN": "PERMANENTE", "TIPO_FUEN": 2212.0, "Q_TOTAL": 94.99, "Q_MAX": 375.06, "Q_MIN": 11.59, "Q_AMBIENTA": 17.07, "Q_DISPONIB": 54.18, "REND_HID": 1.67, "ESCORR": 201.58, "AREA_ha_": 44983.491850099999, "OBSERV_": null, "SHAPE_Leng": 149744.46277499999, "SHAPE_Area": 449834918.50099999 }, "geometry": { "type": "Polygon", "coordinates": [ [ [ -75.522464199190978, 9.128856617006443 ], [ -75.523569079184, 9.128350009646878 ], [ -75.524212420674729, 9.126769069887631 ], [ -75.523311782417579, 9.122501477699776 ], [ -75.522903707375036, 9.116769516776403 ], [ -75.522063894779137, 9.114369409470983 ], [ -75.520991762379239, 9.113353683588238 ], [ -75.520646778323723, 9.108935582514727 ], [ -75.521431013583268, 9.107688899748812 ], [ -75.521595280525787, 9.104034067774668 ], [ -75.522548247714681, 9.101694495013589 ], [ -75.524789566168977, 9.100381538292238 ], [ -75.525119702217609, 9.097891899029515 ], [ -75.525989269037439, 9.097230786030828 ], [ -75.527331990005607, 9.094564923862528 ], [ -75.527594010482133, 9.092411547173173 ], [ -75.529273196932209, 9.091149339355541 ], [ -75.529178393827181, 9.090013763242069 ], [ -75.52796754951892, 9.088075499610463 ], [ -75.528173386238947, 9.0869088327568 ], [ -75.531651273953401, 9.084204576304737 ], [ -75.532697750586891, 9.082675838295343 ], [ -75.533765819660516, 9.082326010658164 ], [ -75.535561445315579, 9.083696334188327 ], [ -75.536196628527051, 9.083693796590989 ], [ -75.538157598152253, 9.083112002066287 ], [ -75.538615363515774, 9.082077054172629 ], [ -75.54000503798818, 9.081550786468608 ], [ -75.540510487533254, 9.081596591190653 ], [ -75.540707429145357, 9.08269587883551 ], [ -75.541213462554737, 9.08288516791014 ], [ -75.545274613906301, 9.081649214761788 ], [ -75.546817749416235, 9.082456106052508 ], [ -75.548427901465914, 9.081995244766267 ], [ -75.54917960777712, 9.083427092703799 ], [ -75.550286163298352, 9.083374800634205 ], [ -75.551101362906763, 9.08267798761619 ], [ -75.552054661956333, 9.080450081273344 ], [ -75.555557660926766, 9.078068378123215 ], [ -75.558275193688246, 9.077770397490712 ], [ -75.564102867098129, 9.079038107038961 ], [ -75.567251778976058, 9.078331757566282 ], [ -75.569604149575824, 9.07700686264026 ], [ -75.570975917692934, 9.077096914081372 ], [ -75.573731121211551, 9.074287657539585 ], [ -75.575174061974053, 9.074138260387683 ], [ -75.579726466863136, 9.075387031849431 ], [ -75.580567733817887, 9.075192257569199 ], [ -75.581453828997653, 9.074208124954675 ], [ -75.58214572061506, 9.074253105389049 ], [ -75.584629820514849, 9.072808012382355 ], [ -75.585512551386586, 9.068141090795955 ], [ -75.58824470871528, 9.065618817419752 ], [ -75.590334918812474, 9.064928622464738 ], [ -75.590510699738559, 9.063815884405898 ], [ -75.593198618835132, 9.062349818280168 ], [ -75.593687470717839, 9.05959287881031 ], [ -75.594397413786609, 9.059073390797783 ], [ -75.596168541717802, 9.059180833703159 ], [ -75.598313410137095, 9.056627463250321 ], [ -75.600443030263236, 9.055030712577816 ], [ -75.601500828793888, 9.054854130114238 ], [ -75.602167582338041, 9.053225194743101 ], [ -75.604237005432921, 9.051054740446299 ], [ -75.608272034393224, 9.049488271093733 ], [ -75.611331665869827, 9.049379818069117 ], [ -75.614610947406263, 9.046611184498579 ], [ -75.616591262717805, 9.046143725256721 ], [ -75.617162683756177, 9.044744750083405 ], [ -75.619020349198152, 9.042594254266289 ], [ -75.622304156048685, 9.040916025010249 ], [ -75.623492690260008, 9.039820543111942 ], [ -75.62321763320827, 9.038501655382456 ], [ -75.622003416304196, 9.038085885005003 ], [ -75.620412315771631, 9.0350315985043 ], [ -75.621464336534231, 9.033515813631038 ], [ -75.621983124722888, 9.033322319449647 ], [ -75.623141384074387, 9.03415921243321 ], [ -75.624601033521003, 9.033464341231678 ], [ -75.625383772358489, 9.031987946226369 ], [ -75.624955988200867, 9.03095667034221 ], [ -75.625727479112228, 9.029988752556815 ], [ -75.623334451181591, 9.027669938016441 ], [ -75.62327941466782, 9.026044024065335 ], [ -75.621736931857271, 9.025357008850655 ], [ -75.620607482200555, 9.023584679457116 ], [ -75.619814274660257, 9.023731493689763 ], [ -75.619280449082922, 9.025479452961115 ], [ -75.617670959249352, 9.025817340862108 ], [ -75.613499975960707, 9.023891793175377 ], [ -75.611459960159891, 9.025006341789483 ], [ -75.610855169640899, 9.024201767413864 ], [ -75.608624894562169, 9.022985473873534 ], [ -75.607573236876576, 9.023169210709268 ], [ -75.606494908420999, 9.024160155868962 ], [ -75.604200217672101, 9.022782680882175 ], [ -75.603624501606888, 9.023167698490436 ], [ -75.601556054824485, 9.022296982987662 ], [ -75.602629750109827, 9.020200040721994 ], [ -75.602738729703674, 9.017509247289306 ], [ -75.60399131169325, 9.015052850629752 ], [ -75.604950986305155, 9.01445101224339 ], [ -75.605426297896486, 9.013073976175086 ], [ -75.606774586828848, 9.011932452075012 ], [ -75.607157799369318, 9.010107409315951 ], [ -75.608270311518226, 9.010102782239313 ], [ -75.609134096023894, 9.008156167989618 ], [ -75.610750443010062, 9.00641566710023 ], [ -75.612252388566148, 9.005713907011454 ], [ -75.612354551438074, 9.005119350489466 ], [ -75.608761506689618, 9.002453144031083 ], [ -75.607919875861697, 9.002516428329674 ], [ -75.605576636894725, 9.003004442894248 ], [ -75.601017162691733, 9.005594110528579 ], [ -75.597052480455076, 9.006626853313971 ], [ -75.594938012448125, 9.00430393847445 ], [ -75.594809017620506, 9.002211973758067 ], [ -75.595413392762538, 9.000051223211498 ], [ -75.594542225014024, 8.998799313695415 ], [ -75.5962998479785, 8.99631694789686 ], [ -75.596897652443062, 8.992583863499222 ], [ -75.597304463642132, 8.992079987710495 ], [ -75.598242539362019, 8.992076118990541 ], [ -75.598803195972948, 8.988092088988896 ], [ -75.599521789478132, 8.987371697294407 ], [ -75.598070237986974, 8.985368889883681 ], [ -75.595758630168078, 8.984768597316487 ], [ -75.591971806685066, 8.98514287676962 ], [ -75.590634492098815, 8.984574420348249 ], [ -75.591241585728596, 8.983065329090637 ], [ -75.59311545991828, 8.982519565271069 ], [ -75.59390397842742, 8.981260826474458 ], [ -75.591116828781594, 8.979084108861214 ], [ -75.590468673440114, 8.977605639091596 ], [ -75.592371712990399, 8.977138681208704 ], [ -75.594961485662907, 8.975234035526844 ], [ -75.596858930742926, 8.976479149800236 ], [ -75.598114634187155, 8.976517026357534 ], [ -75.601010657186862, 8.975077827768297 ], [ -75.607755495801655, 8.968910975755366 ], [ -75.60869952240958, 8.964602520123023 ], [ -75.608548604221696, 8.963024812086266 ], [ -75.609576401530589, 8.955750656747851 ], [ -75.609284388897265, 8.95493878469699 ], [ -75.607885049662116, 8.953892350438503 ], [ -75.607830149603714, 8.952266414498588 ], [ -75.609401870613496, 8.948529307004328 ], [ -75.607611362926775, 8.945953977592909 ], [ -75.606976875118278, 8.943756492359944 ], [ -75.604709400870746, 8.942139678466582 ], [ -75.603642642436313, 8.940087449712339 ], [ -75.603686759300956, 8.93913069861145 ], [ -75.604453957750096, 8.938553598616412 ], [ -75.605455272352657, 8.93644502313632 ], [ -75.606155626581753, 8.931372325362172 ], [ -75.610412596763837, 8.925663191621144 ], [ -75.612523883678236, 8.924458761651243 ], [ -75.615334785982739, 8.918038146081329 ], [ -75.61662497235541, 8.916024019261707 ], [ -75.619308518943271, 8.913669316071367 ], [ -75.62103835483822, 8.913279512981031 ], [ -75.622677021663563, 8.914085783657498 ], [ -75.624650149063697, 8.914364545738616 ], [ -75.627245900318272, 8.914018936678362 ], [ -75.631000379512201, 8.914720685248652 ], [ -75.634855922069619, 8.916569837533675 ], [ -75.637271465167757, 8.91909457973669 ], [ -75.637612604764897, 8.920145358289332 ], [ -75.637183801282575, 8.921103713839678 ], [ -75.639896316461048, 8.92558811949708 ], [ -75.637560919876563, 8.930619853059424 ], [ -75.638878687038854, 8.935110115416638 ], [ -75.640464493861558, 8.934768642023151 ], [ -75.641095068924443, 8.936009503219889 ], [ -75.64038481018585, 8.938643018989778 ], [ -75.641559788517071, 8.943468654578774 ], [ -75.642139836416817, 8.944135792574102 ], [ -75.645220634966705, 8.944696700917373 ], [ -75.646474899259232, 8.945552287024421 ], [ -75.646817741021181, 8.946985659804504 ], [ -75.647736551357525, 8.948129625940272 ], [ -75.649461153767973, 8.946496176697671 ], [ -75.653112991092797, 8.945619770453261 ], [ -75.654099264835921, 8.944833796552031 ], [ -75.654497613854474, 8.943512066683343 ], [ -75.657425171962657, 8.939769068745866 ], [ -75.657875780718612, 8.937184474843491 ], [ -75.659428208505318, 8.935800430605461 ], [ -75.660057400479374, 8.934477714483727 ], [ -75.662473326966193, 8.932573442514522 ], [ -75.664365313048876, 8.929638332685135 ], [ -75.667248627108933, 8.929052067775283 ], [ -75.669097027888412, 8.929388500637156 ], [ -75.670363538704279, 8.928636965085582 ], [ -75.670410046311872, 8.926054105876172 ], [ -75.667049386713529, 8.923026706498142 ], [ -75.667323552732768, 8.919696765656781 ], [ -75.666732507903831, 8.916485311494782 ], [ -75.666410702263647, 8.908796081957526 ], [ -75.66801474813559, 8.906034384014061 ], [ -75.669049844463046, 8.905169069716807 ], [ -75.673718045964662, 8.903656871303726 ], [ -75.675040432058438, 8.902503349257225 ], [ -75.680209226004777, 8.901103714855042 ], [ -75.68078092200426, 8.899857754880683 ], [ -75.681254764476435, 8.898229601431728 ], [ -75.680825077472051, 8.887900846898216 ], [ -75.683414422150634, 8.876376452494322 ], [ -75.682928069896832, 8.875123089605291 ], [ -75.683139097492614, 8.872503661321163 ], [ -75.682570317570551, 8.871092821731349 ], [ -75.683165120900128, 8.865212341799632 ], [ -75.682603774552703, 8.862710256554706 ], [ -75.683232250578982, 8.858861477481801 ], [ -75.684664474184203, 8.856463982327261 ], [ -75.687782822452661, 8.854776633715234 ], [ -75.688963122853977, 8.849749739455788 ], [ -75.692549737982134, 8.845190744390571 ], [ -75.693021205715084, 8.843036509610007 ], [ -75.698761040817843, 8.836076856265711 ], [ -75.700429324600094, 8.832721778454578 ], [ -75.702826152398188, 8.831037470940698 ], [ -75.705930561822356, 8.826241361617353 ], [ -75.709287911030529, 8.824313723955314 ], [ -75.711202773348134, 8.822392341324283 ], [ -75.714566377272973, 8.821899428940675 ], [ -75.718587597887733, 8.824455882053105 ], [ -75.719687921812948, 8.825369332227943 ], [ -75.719809155949065, 8.826688803524275 ], [ -75.721428012790199, 8.827427803428883 ], [ -75.723888490785569, 8.82752399198951 ], [ -75.727468840620347, 8.82661654364423 ], [ -75.728679067119785, 8.827372568393709 ], [ -75.730514481750632, 8.829229697826987 ], [ -75.732451198637833, 8.83223418761801 ], [ -75.735176940663536, 8.839635145050114 ], [ -75.741495593336424, 8.844007098529458 ], [ -75.742415415607866, 8.845389953672724 ], [ -75.744469163653619, 8.852985075623142 ], [ -75.745729067599655, 8.85513160803316 ], [ -75.747418302715673, 8.856511010149193 ], [ -75.753781354260525, 8.859973795452008 ], [ -75.756017233924496, 8.867357544307467 ], [ -75.758294696216964, 8.871173318184159 ], [ -75.764026954390815, 8.873323514049819 ], [ -75.766714157250192, 8.877328661581442 ], [ -75.769269802392273, 8.878847481047972 ], [ -75.776939749246097, 8.878812629076304 ], [ -75.777922455105752, 8.878138607699963 ], [ -75.779414592094611, 8.878442665825251 ], [ -75.781888101957946, 8.877785744450499 ], [ -75.782972933369479, 8.878402507536448 ], [ -75.784501835132843, 8.881456285966204 ], [ -75.786787762639307, 8.881828414363536 ], [ -75.789599103113815, 8.88143292689251 ], [ -75.792732118702475, 8.881968344498398 ], [ -75.791691082306883, 8.885722086257068 ], [ -75.791771050982277, 8.887407526518338 ], [ -75.791018164369447, 8.888379429927109 ], [ -75.787126506690498, 8.889150533228634 ], [ -75.784865956526033, 8.891671680167802 ], [ -75.784585565072689, 8.893430513922736 ], [ -75.783113468532207, 8.89487199216261 ], [ -75.782225405938632, 8.897817265074146 ], [ -75.781361948599724, 8.898287506556532 ], [ -75.778207518996638, 8.904083921512875 ], [ -75.774754486506595, 8.904854917904897 ], [ -75.773041753344884, 8.903667108441319 ], [ -75.772350459908623, 8.902367033220383 ], [ -75.772760587579256, 8.899004680726057 ], [ -75.772465663262139, 8.897619105108552 ], [ -75.769253471022807, 8.895237687966512 ], [ -75.764134979201472, 8.895930449195365 ], [ -75.759986668196504, 8.898460026422031 ], [ -75.760140117866342, 8.900467984248298 ], [ -75.761876629878387, 8.901607930822644 ], [ -75.761681704888602, 8.904675643818205 ], [ -75.762678120096069, 8.90592414635247 ], [ -75.761716609006754, 8.90704760523707 ], [ -75.763395704618006, 8.90777047262897 ], [ -75.764242677426893, 8.90893834366759 ], [ -75.762978990149108, 8.911287494899206 ], [ -75.763254378617972, 8.91261099760767 ], [ -75.764104572854109, 8.913429729774101 ], [ -75.763533696476657, 8.914790546868881 ], [ -75.763963579920102, 8.91624247406231 ], [ -75.763679413923811, 8.917200262253896 ], [ -75.761092399641015, 8.919392810908366 ], [ -75.761254540020744, 8.921190294142011 ], [ -75.758646835249763, 8.922365449844877 ], [ -75.757065655780977, 8.923663879508089 ], [ -75.754054567534268, 8.924638772039676 ], [ -75.752258547194572, 8.929453305123907 ], [ -75.746828506683912, 8.935520732672442 ], [ -75.745109422792495, 8.938244943965593 ], [ -75.743227800813031, 8.939075997826416 ], [ -75.742299108274509, 8.942160122381761 ], [ -75.742272974938885, 8.944876720088677 ], [ -75.74158220486288, 8.94528155650705 ], [ -75.740973515559105, 8.946814702375914 ], [ -75.739708092217782, 8.947776890656955 ], [ -75.738590673022316, 8.947437560500337 ], [ -75.737788276413369, 8.948684619641904 ], [ -75.735903333242177, 8.949329463222455 ], [ -75.734773858646946, 8.950577982885184 ], [ -75.734158120175906, 8.950561608782678 ], [ -75.733596205504, 8.949684132236579 ], [ -75.732788596464189, 8.949783394733565 ], [ -75.731971690368042, 8.952082672983568 ], [ -75.730900171335648, 8.953388316069432 ], [ -75.730902418561556, 8.953885691795991 ], [ -75.733774703134983, 8.955116313625037 ], [ -75.734166593313418, 8.956683237106063 ], [ -75.73856722980544, 8.957639146557554 ], [ -75.739478695598564, 8.959751326321292 ], [ -75.741470945006199, 8.961538211019603 ], [ -75.742472450522442, 8.961763264586327 ], [ -75.742796494220514, 8.9653200074785 ], [ -75.742475867296562, 8.966737080882943 ], [ -75.74425684447958, 8.969120315961336 ], [ -75.744631223277807, 8.971050766969991 ], [ -75.741208599393673, 8.975753075076234 ], [ -75.741173848399768, 8.977246911746317 ], [ -75.739718369836609, 8.978745617486984 ], [ -75.73592980445143, 8.979164391215646 ], [ -75.731980897680018, 8.982415116074206 ], [ -75.728562265153855, 8.983807804944991 ], [ -75.727744168169096, 8.985858400528683 ], [ -75.726767288551315, 8.986838411972737 ], [ -75.725360087111696, 8.987120656018744 ], [ -75.724625893016807, 8.989646739169785 ], [ -75.72569232773904, 8.991447390792828 ], [ -75.725620039385547, 8.994076628739196 ], [ -75.719980028473458, 8.996803962051402 ], [ -75.718950637645037, 8.997884629930864 ], [ -75.719126227142326, 8.999486010436293 ], [ -75.721030460732209, 9.000386206164604 ], [ -75.721539771762309, 9.001316533951522 ], [ -75.721627594024696, 9.004783504257693 ], [ -75.722772775356788, 9.00803053258449 ], [ -75.721766016426571, 9.008800242889279 ], [ -75.720933675399095, 9.010908291680282 ], [ -75.719688966131187, 9.012252970482132 ], [ -75.720692658493533, 9.016122367786048 ], [ -75.720337371614946, 9.017343510728384 ], [ -75.718305354883867, 9.020126478276302 ], [ -75.714004204909344, 9.023537702385426 ], [ -75.714380649675803, 9.027003395870114 ], [ -75.71595793705383, 9.030045253908769 ], [ -75.715343785620789, 9.033874055604985 ], [ -75.715649329632626, 9.034948770823343 ], [ -75.71303783042481, 9.035946828406273 ], [ -75.712680109160715, 9.036635919336661 ], [ -75.713513919683791, 9.040952799725972 ], [ -75.712177405751703, 9.04330222510686 ], [ -75.709896246944254, 9.044221081381831 ], [ -75.709508680275334, 9.047898224677535 ], [ -75.710175297544694, 9.050090461208793 ], [ -75.711767738759889, 9.051137918708541 ], [ -75.711983471616392, 9.052564556333829 ], [ -75.713562679898644, 9.055470093814494 ], [ -75.712898617973508, 9.057044136917082 ], [ -75.711768729381461, 9.056961166261839 ], [ -75.71143399540685, 9.057417005220785 ], [ -75.710832081081435, 9.062632704323763 ], [ -75.711802885717248, 9.064517486212733 ], [ -75.713324626852994, 9.0658737170279 ], [ -75.712905893189841, 9.069032088209832 ], [ -75.712310097115093, 9.070278222110366 ], [ -75.713422463556711, 9.071540627544637 ], [ -75.713523133649602, 9.072520604124897 ], [ -75.711794801829313, 9.073365287232388 ], [ -75.712079141075691, 9.077716156949654 ], [ -75.710257688965527, 9.079254728509705 ], [ -75.710363552877041, 9.081382502120515 ], [ -75.709803688944774, 9.08351805101749 ], [ -75.707536906238488, 9.083413398569405 ], [ -75.706688363691768, 9.084105878248115 ], [ -75.706466351771027, 9.086086859373738 ], [ -75.707064214669003, 9.087418530613466 ], [ -75.70542558002002, 9.092160603883899 ], [ -75.703875577601721, 9.093335490146533 ], [ -75.70245374061092, 9.092815744321005 ], [ -75.70089348082503, 9.093611821718168 ], [ -75.700606391461136, 9.093971793643584 ], [ -75.700974063971159, 9.095476674495332 ], [ -75.699325199967532, 9.097970963766564 ], [ -75.696564590578092, 9.099024649486857 ], [ -75.695567186131157, 9.098727774866649 ], [ -75.694783028098854, 9.097698212672611 ], [ -75.69231578428591, 9.09798176032564 ], [ -75.691379591239354, 9.097190505624457 ], [ -75.691993679019433, 9.094633870013766 ], [ -75.691672757215429, 9.093889202679049 ], [ -75.690401161937373, 9.093607873125237 ], [ -75.686671320607459, 9.094542616248891 ], [ -75.682952393801415, 9.09272874944082 ], [ -75.681323960749737, 9.093449899091688 ], [ -75.678359545612579, 9.0963624042662 ], [ -75.673346741356426, 9.097185478276518 ], [ -75.672415842040579, 9.098863482650838 ], [ -75.670485498878747, 9.097609302547252 ], [ -75.665615190486605, 9.102929755379696 ], [ -75.665957793352774, 9.105324379958583 ], [ -75.667286877273938, 9.108805143781984 ], [ -75.666299978104576, 9.110889912987867 ], [ -75.667566462208754, 9.113266149165344 ], [ -75.666112315220488, 9.116336277490376 ], [ -75.664230394980621, 9.11843930034879 ], [ -75.662215295208526, 9.119811148725507 ], [ -75.663050913532786, 9.122691458130044 ], [ -75.66091876713773, 9.12699081157794 ], [ -75.661292925023588, 9.129987918126607 ], [ -75.659307619106912, 9.132915915842865 ], [ -75.657523351832154, 9.132086714025363 ], [ -75.656843407731373, 9.130678779796996 ], [ -75.655926587461295, 9.130120799650522 ], [ -75.654463672041913, 9.131597694288695 ], [ -75.654466380305777, 9.133308291191177 ], [ -75.656779961582956, 9.134123248792982 ], [ -75.6563761200062, 9.135308719254969 ], [ -75.65534444886292, 9.13599473730175 ], [ -75.655166886521286, 9.13829550303749 ], [ -75.652784108806401, 9.139262391095043 ], [ -75.651166274925586, 9.139078102762175 ], [ -75.649169400578103, 9.14025373473644 ], [ -75.647964279724434, 9.141999856140805 ], [ -75.647970569255236, 9.143434638840892 ], [ -75.643164456409693, 9.144928490727866 ], [ -75.641795838267527, 9.14789075066061 ], [ -75.641113532325463, 9.148142394823525 ], [ -75.640599260824942, 9.147197634907094 ], [ -75.640088873093518, 9.147142442336882 ], [ -75.63763863619323, 9.148704288617754 ], [ -75.635082816841958, 9.147538728256315 ], [ -75.632052819846365, 9.150220497535551 ], [ -75.63090802597695, 9.150368887259084 ], [ -75.63031677287745, 9.151643628512335 ], [ -75.628462252324013, 9.151460260136037 ], [ -75.626956398627982, 9.153810245640319 ], [ -75.626756620710466, 9.154911131122686 ], [ -75.625278096259365, 9.155240285861057 ], [ -75.624332643345298, 9.156416097336834 ], [ -75.620821738807052, 9.156993046476842 ], [ -75.61904603684907, 9.158865884044236 ], [ -75.617410707442801, 9.159111979777689 ], [ -75.616313739376992, 9.161436283176647 ], [ -75.616778478335959, 9.163180015916222 ], [ -75.616572865331321, 9.165727712272941 ], [ -75.615688699054516, 9.166059090100429 ], [ -75.614962567329201, 9.167324826307606 ], [ -75.614443674818943, 9.167537472758323 ], [ -75.610126428062287, 9.166427050941479 ], [ -75.608383123111565, 9.168443198458867 ], [ -75.606941770010195, 9.169042359795565 ], [ -75.601378442414671, 9.169180624666948 ], [ -75.598789060787709, 9.166934041289377 ], [ -75.594106947364509, 9.166035396703467 ], [ -75.593235418881548, 9.164814648608459 ], [ -75.591849124414296, 9.164782188788001 ], [ -75.59140057891598, 9.163425745720554 ], [ -75.589032204174856, 9.163339987463965 ], [ -75.588149937262884, 9.164128053544312 ], [ -75.587050706251318, 9.168245869027979 ], [ -75.582829983551875, 9.167192100235335 ], [ -75.579159985649738, 9.167759369896119 ], [ -75.578530661421681, 9.168329944175632 ], [ -75.578183247004858, 9.171559804226341 ], [ -75.576920565792975, 9.171744398170743 ], [ -75.575015635506404, 9.169420651605099 ], [ -75.575125561345871, 9.166939093766329 ], [ -75.574098035693041, 9.165807417150074 ], [ -75.571838684019355, 9.165039540050685 ], [ -75.570496503971157, 9.160591039945432 ], [ -75.568170923823288, 9.158358653758272 ], [ -75.567926789497122, 9.157522656332734 ], [ -75.569115310909297, 9.153990400541439 ], [ -75.568299528557304, 9.153126863661818 ], [ -75.566039770717751, 9.152239364349011 ], [ -75.56556403150222, 9.149716358962101 ], [ -75.564674043632181, 9.14952869633635 ], [ -75.563504075991673, 9.150583708258502 ], [ -75.56085579141002, 9.151744467459039 ], [ -75.559160898487448, 9.149240384377178 ], [ -75.554414440715206, 9.147848798768065 ], [ -75.550685194929883, 9.148031371545077 ], [ -75.549769282542044, 9.147676373739449 ], [ -75.54887360426163, 9.146388624889068 ], [ -75.547134200683473, 9.145907495073468 ], [ -75.545547824575266, 9.143833251982837 ], [ -75.54542943712103, 9.143130642799289 ], [ -75.546293147645457, 9.142495801252579 ], [ -75.545937444926253, 9.140445795333051 ], [ -75.544461044214643, 9.138371197486046 ], [ -75.543582140500448, 9.135289763728082 ], [ -75.542471416421748, 9.134361576989839 ], [ -75.542420554357378, 9.133692172455907 ], [ -75.543976452193192, 9.131677064994561 ], [ -75.544068892121075, 9.130744021828315 ], [ -75.542937537332662, 9.130652929110536 ], [ -75.541932369720868, 9.131809243472519 ], [ -75.540893895907416, 9.132071706953303 ], [ -75.539455521602974, 9.131973298496819 ], [ -75.538476433563631, 9.130865206170959 ], [ -75.53740666034787, 9.13081594925514 ], [ -75.534975611832394, 9.132141020843489 ], [ -75.528451594194195, 9.132944373689982 ], [ -75.525319049072607, 9.12948692297506 ], [ -75.522464199190978, 9.128856617006443 ] ] ] } },
{ "type": "Feature", "properties": { "FID_Cuenca": 0, "CODIGO": null, "AH": "1", "ZH": "13", "SZH": "1303", "COD_POMCA": "Arroyo Santa Cruz (Arroyo Bajo Grande)", "POMCA": "1003-00-40", "NOM_NSS": "Arroyo Santa Cruz (Arroyo Bajo Grande)", "COD_NSS": null, "NOMENCLAT": "Subcuenca Arroyo Santa Cruz (Arroyo Bajo Grande)", "IND_COMPAC": 1.4, "FORM_IND_C": 1002.0, "IND_SIN": 1.86, "TIPO_DRENA": 1014.0, "DEN_CORRIE": 0.0, "DEN_DREN": 3.16, "TIEM_CONC": 313.38383905699999, "MET_T_CONC": "Metodologia Temez: Tc=0.3(L/(S^0.25))^0.75; Donde: L es la Longitud del cauce (km) y S es el porcentaje de pendiente del cauce.", "CAUD_MED": 3.2, "T_CORRIEN": "EFIMERO", "TIPO_FUEN": 2212.0, "Q_TOTAL": 9.13, "Q_MAX": 70.16, "Q_MIN": 0.21, "Q_AMBIENTA": 1.4, "Q_DISPONIB": 5.45, "REND_HID": 22.84, "ESCORR": 184.72, "AREA_ha_": 14012.466555499999, "OBSERV_": null, "SHAPE_Leng": 59255.431407099997, "SHAPE_Area": 140124665.55500001 }, "geometry": { "type": "Polygon", "coordinates": [ [ [ -75.750249948594274, 9.350243988289089 ], [ -75.750831606650479, 9.345631624798584 ], [ -75.751753098988203, 9.343425784493117 ], [ -75.751533168568642, 9.342926159379569 ], [ -75.750452759934049, 9.343552963596194 ], [ -75.748599375593145, 9.343645379638344 ], [ -75.747909643952212, 9.342895391850758 ], [ -75.746121257595405, 9.343031992907507 ], [ -75.742305221423024, 9.341204872740507 ], [ -75.739889505393649, 9.342275426793606 ], [ -75.736930356327861, 9.342731637755454 ], [ -75.735059219507292, 9.344163153754822 ], [ -75.732895909111221, 9.342667901856448 ], [ -75.733411745810571, 9.339314458128705 ], [ -75.733014313613594, 9.336843569371378 ], [ -75.733811786443681, 9.334926870185299 ], [ -75.733291645991144, 9.334465070313845 ], [ -75.732016077528613, 9.334480897320494 ], [ -75.730611179922661, 9.332670093494855 ], [ -75.728849288484341, 9.331733741207806 ], [ -75.728037010044588, 9.325388775264377 ], [ -75.728496281209388, 9.323222574802946 ], [ -75.727780425298533, 9.322018319150688 ], [ -75.725975275031587, 9.322110375376271 ], [ -75.72498170314492, 9.323286683260651 ], [ -75.723503559981509, 9.323807639310358 ], [ -75.722466694201003, 9.323453745676506 ], [ -75.721036413459288, 9.323914688918064 ], [ -75.720156310263476, 9.323619845552738 ], [ -75.719320052904607, 9.322404167689131 ], [ -75.716791859531838, 9.323615429387122 ], [ -75.715875125391335, 9.322372493463554 ], [ -75.716399399722675, 9.321222279886324 ], [ -75.716480970266161, 9.318065451729261 ], [ -75.718286465039768, 9.312892037076818 ], [ -75.719388971250424, 9.31113171897055 ], [ -75.718675895148763, 9.309994376640422 ], [ -75.718561607856984, 9.308717974674575 ], [ -75.717686650776272, 9.308485267279501 ], [ -75.71644999910832, 9.306575560199555 ], [ -75.715780883288943, 9.304017601502029 ], [ -75.71623855578116, 9.299940801460588 ], [ -75.718620527109891, 9.298293441294586 ], [ -75.72265065073401, 9.299135735638849 ], [ -75.724597633146743, 9.29851100838323 ], [ -75.725733786567375, 9.298647245367544 ], [ -75.726491651378765, 9.295984681385773 ], [ -75.725690540036823, 9.293520617151195 ], [ -75.725933102538193, 9.291855190942908 ], [ -75.727979856970862, 9.288899727100752 ], [ -75.731259112624173, 9.287871313836181 ], [ -75.731938843598229, 9.282683387021427 ], [ -75.732655817725529, 9.281580098248032 ], [ -75.73211997379299, 9.280243484551358 ], [ -75.732400751871154, 9.278520493070328 ], [ -75.73407561107328, 9.276360626063129 ], [ -75.738399556623094, 9.274475413043737 ], [ -75.738638236923634, 9.274043883998681 ], [ -75.737813319320253, 9.272660797176728 ], [ -75.737562050240214, 9.270414203505581 ], [ -75.738670050962057, 9.26943028498536 ], [ -75.739818014801429, 9.266810884801119 ], [ -75.744039577512197, 9.265840770605934 ], [ -75.746995674783719, 9.263856632655864 ], [ -75.749074027736413, 9.263579122068032 ], [ -75.750385317764128, 9.26397472502425 ], [ -75.751036570684221, 9.263244751929289 ], [ -75.751526801475563, 9.261042540413325 ], [ -75.754906248317042, 9.259018112809375 ], [ -75.755676010340522, 9.2589188606657 ], [ -75.757895651856174, 9.260017981098411 ], [ -75.7587997472464, 9.25982244316147 ], [ -75.760406552056665, 9.257576728614923 ], [ -75.762363846723659, 9.256151938606591 ], [ -75.762429753979291, 9.253817810497539 ], [ -75.765462925832367, 9.251890580552935 ], [ -75.76585487101238, 9.249287106619985 ], [ -75.76890559397944, 9.247015441434396 ], [ -75.771060463724822, 9.246660943869802 ], [ -75.772613033675952, 9.245180636207941 ], [ -75.773013257439942, 9.244317914977298 ], [ -75.772566587570608, 9.242526886112634 ], [ -75.774488813677152, 9.241848269358721 ], [ -75.775105871984834, 9.240028045051929 ], [ -75.777525700208514, 9.237721052637351 ], [ -75.778766884697575, 9.23556310416649 ], [ -75.780043832210609, 9.235843997209614 ], [ -75.780550586752327, 9.236955490093548 ], [ -75.781879181183669, 9.237965441576163 ], [ -75.786340595923704, 9.239797405597853 ], [ -75.790488490166098, 9.239000509418473 ], [ -75.791418212909605, 9.238398279155103 ], [ -75.791534936884517, 9.237650479642307 ], [ -75.790017589427009, 9.234937755281877 ], [ -75.792552614292376, 9.230352542036087 ], [ -75.794624762071194, 9.22959540661895 ], [ -75.795700529399895, 9.228095784357354 ], [ -75.795696188125362, 9.227199115606627 ], [ -75.796473575445873, 9.226209042438537 ], [ -75.79541270898595, 9.224570182238107 ], [ -75.796072365285141, 9.224118685795663 ], [ -75.798060882292944, 9.224736860205724 ], [ -75.801444091455821, 9.223616535072679 ], [ -75.805397764688152, 9.224996391366924 ], [ -75.806416332050503, 9.224118722252379 ], [ -75.807633779490644, 9.22495575117329 ], [ -75.807086546169188, 9.226249607726533 ], [ -75.807522071969515, 9.226725744085789 ], [ -75.811080392904785, 9.225991259869888 ], [ -75.81101648608751, 9.227689285832408 ], [ -75.812151230966919, 9.228425069270422 ], [ -75.813372889352735, 9.227247508892432 ], [ -75.814725052704887, 9.228149614318237 ], [ -75.815662002793687, 9.227810324286294 ], [ -75.817269291878503, 9.226750445943885 ], [ -75.81780136307404, 9.225402344574899 ], [ -75.819484126993274, 9.226346140011996 ], [ -75.822792163766778, 9.226602688296266 ], [ -75.826357357776914, 9.226298428454477 ], [ -75.828688374428353, 9.224622856471566 ], [ -75.8320709243511, 9.225352400350719 ], [ -75.835317699728094, 9.224906141579543 ], [ -75.836372710745096, 9.225087491089834 ], [ -75.836636888977964, 9.225947002689027 ], [ -75.837317327261985, 9.226302341421308 ], [ -75.839157335425057, 9.224629112355952 ], [ -75.841953821569987, 9.223654174385194 ], [ -75.843989426798373, 9.223572448904919 ], [ -75.845031993826026, 9.224155539927713 ], [ -75.847576749388267, 9.229212971926843 ], [ -75.848988553192456, 9.229995082005916 ], [ -75.850577989589667, 9.230202443480797 ], [ -75.851998893916033, 9.231815217563899 ], [ -75.854254948797617, 9.232975708513312 ], [ -75.853258595093834, 9.235861909029081 ], [ -75.855699039375097, 9.240189676116998 ], [ -75.857000801785745, 9.240613623598884 ], [ -75.860321822174598, 9.240465159523717 ], [ -75.861569438723464, 9.241606684217398 ], [ -75.862358238501756, 9.241724708866331 ], [ -75.863334252833141, 9.243412744227859 ], [ -75.863956333728609, 9.243639192192697 ], [ -75.86623402786806, 9.242867484013685 ], [ -75.86710607220607, 9.24160027251688 ], [ -75.868269548625108, 9.242547470809173 ], [ -75.871402695054812, 9.243416524008126 ], [ -75.87162898423054, 9.245328253779121 ], [ -75.871128545412958, 9.246311096994566 ], [ -75.871499517331102, 9.247532495926011 ], [ -75.87026611052741, 9.249207633093846 ], [ -75.869925254553181, 9.255833597980878 ], [ -75.866819446184664, 9.257227790863734 ], [ -75.864957934459525, 9.260357442999467 ], [ -75.862403568455719, 9.262127625028789 ], [ -75.863179783995918, 9.26428388311507 ], [ -75.863042079143682, 9.265611621025357 ], [ -75.862143864125372, 9.266476889472962 ], [ -75.860733147060571, 9.265945923298148 ], [ -75.860338552339343, 9.266450017351593 ], [ -75.86064131055987, 9.269210214448742 ], [ -75.860146187341485, 9.271257060063128 ], [ -75.857766814758051, 9.271950364895766 ], [ -75.854624025398493, 9.271607321905114 ], [ -75.853577641379218, 9.274126753621557 ], [ -75.851909453892475, 9.275531430969741 ], [ -75.849525921550836, 9.276365784950269 ], [ -75.848541992789123, 9.277997144929934 ], [ -75.848551688959759, 9.279929105505236 ], [ -75.847960332576832, 9.281041504885398 ], [ -75.848243438218333, 9.282703830923516 ], [ -75.847381440374249, 9.283607153872511 ], [ -75.846585650331775, 9.286193484180419 ], [ -75.844165436703832, 9.287410574615281 ], [ -75.841965447314863, 9.290309904861498 ], [ -75.838378388828076, 9.293101295859465 ], [ -75.837896860558757, 9.295006995506162 ], [ -75.835979084975051, 9.296594581840345 ], [ -75.83458440924872, 9.296888384263658 ], [ -75.831716071551782, 9.298534431724836 ], [ -75.83036827512484, 9.298576920701462 ], [ -75.830168372176018, 9.299522395814243 ], [ -75.831390391286916, 9.303222625616595 ], [ -75.831068048918524, 9.303750256160088 ], [ -75.829373517937057, 9.304260718496447 ], [ -75.828370414165036, 9.308270773626719 ], [ -75.828998055266354, 9.311041390752102 ], [ -75.828748396774103, 9.311664308932061 ], [ -75.827621954633955, 9.312662158067781 ], [ -75.825469055123065, 9.312983571303779 ], [ -75.822454715321996, 9.314349332740445 ], [ -75.82179612168315, 9.317461024747155 ], [ -75.81909970396903, 9.324695435832711 ], [ -75.818901271115237, 9.326874886168655 ], [ -75.817971241514684, 9.32865843867587 ], [ -75.815638357335828, 9.330090177942161 ], [ -75.812889006561932, 9.32929146652757 ], [ -75.811291449074176, 9.329525404541384 ], [ -75.804883978913026, 9.333645438104483 ], [ -75.803730557079419, 9.33408144627807 ], [ -75.801344431716615, 9.333519146809694 ], [ -75.798892778365698, 9.334320104963348 ], [ -75.793061070158799, 9.338078501691685 ], [ -75.791186087752749, 9.338661425962265 ], [ -75.788130410493508, 9.337802375579633 ], [ -75.786025224822595, 9.338081507158824 ], [ -75.784034005402489, 9.337044936546677 ], [ -75.782680700890936, 9.33723076925825 ], [ -75.780219039322148, 9.338468047352404 ], [ -75.778963112075814, 9.340117996437217 ], [ -75.776978124505163, 9.340366613566475 ], [ -75.775305212641115, 9.342915241152328 ], [ -75.771596637639107, 9.341468344472549 ], [ -75.769824447942682, 9.342164256934668 ], [ -75.76759709874176, 9.342085190305923 ], [ -75.764449368005884, 9.344610904534463 ], [ -75.764091840016889, 9.345359850037475 ], [ -75.764403573446543, 9.34760011351265 ], [ -75.763747836924324, 9.348918384675985 ], [ -75.76207173887758, 9.349742309746727 ], [ -75.758414131986314, 9.349142718432143 ], [ -75.756077029586763, 9.349785053592251 ], [ -75.754873123434962, 9.34875774431681 ], [ -75.75209838848113, 9.350322496877771 ], [ -75.750249948594274, 9.350243988289089 ] ] ] } },
{ "type": "Feature", "properties": { "FID_Cuenca": 0, "CODIGO": null, "AH": "1", "ZH": "13", "SZH": "1303", "COD_POMCA": "Canal Laurel", "POMCA": "1003-00-53", "NOM_NSS": "Canal Laurel", "COD_NSS": null, "NOMENCLAT": "Subcuenca Canal Laurel", "IND_COMPAC": 1.61, "FORM_IND_C": 1003.0, "IND_SIN": 1.7, "TIPO_DRENA": 1014.0, "DEN_CORRIE": 0.0, "DEN_DREN": 1.81, "TIEM_CONC": 168.39597605, "MET_T_CONC": "Metodologia Temez: Tc=0.3(L/(S^0.25))^0.75; Donde: L es la Longitud del cauce (km) y S es el porcentaje de pendiente del cauce.", "CAUD_MED": 2.43, "T_CORRIEN": "PERMANENTE", "TIPO_FUEN": 2214.0, "Q_TOTAL": 1.71, "Q_MAX": 10.73, "Q_MIN": 0.0, "Q_AMBIENTA": 0.26, "Q_DISPONIB": 1.03, "REND_HID": 86.33, "ESCORR": 201.51, "AREA_ha_": 5809.1492717199999, "OBSERV_": null, "SHAPE_Leng": 43884.890205600001, "SHAPE_Area": 58091492.717200004 }, "geometry": { "type": "Polygon", "coordinates": [ [ [ -75.865400364718951, 9.327193205470481 ], [ -75.863234932571743, 9.327419277417581 ], [ -75.862871047054639, 9.326871155770815 ], [ -75.863415105929192, 9.324979474672029 ], [ -75.86223264206771, 9.324411548092625 ], [ -75.860917677787583, 9.321453200588266 ], [ -75.858845772547014, 9.321128822297672 ], [ -75.858554481392389, 9.320652062766923 ], [ -75.857887207215882, 9.317236150043454 ], [ -75.858146061687194, 9.316063224781358 ], [ -75.859104208515888, 9.315125911619601 ], [ -75.858732661028228, 9.314058955063768 ], [ -75.857575088089305, 9.313643909015964 ], [ -75.85737408978305, 9.31198071737523 ], [ -75.855922055889565, 9.310457671304697 ], [ -75.854303967896897, 9.310370097323027 ], [ -75.852662664164228, 9.309498354375817 ], [ -75.850775430841452, 9.309518693641488 ], [ -75.849029457135387, 9.307116724670365 ], [ -75.850130276889715, 9.30487318830326 ], [ -75.848198424313807, 9.302702103952415 ], [ -75.842443818255418, 9.302528575185194 ], [ -75.841090177302405, 9.301965894393343 ], [ -75.8403757340417, 9.300620840840152 ], [ -75.841353662147597, 9.29978390232116 ], [ -75.841233738117083, 9.298909349915531 ], [ -75.83793330759724, 9.297419247279155 ], [ -75.83539896049291, 9.29739794402694 ], [ -75.832834150708223, 9.298817590846133 ], [ -75.831716071551782, 9.298534431724836 ], [ -75.83458440924872, 9.296888384263658 ], [ -75.835979084975051, 9.296594581840345 ], [ -75.837321791931487, 9.295535875027058 ], [ -75.837896860558757, 9.295006995506162 ], [ -75.838378388828076, 9.293101295859465 ], [ -75.841965447314863, 9.290309904861498 ], [ -75.844970642742865, 9.286698825590877 ], [ -75.846585650331775, 9.286193484180419 ], [ -75.847381440374249, 9.283607153872511 ], [ -75.848243438218333, 9.282703830923516 ], [ -75.847960332576832, 9.281041504885398 ], [ -75.848551688959759, 9.279929105505236 ], [ -75.848352317482238, 9.278571948129557 ], [ -75.849525921550836, 9.276365784950269 ], [ -75.851102844412438, 9.27595626469347 ], [ -75.853194363957343, 9.274492102177989 ], [ -75.854624025398493, 9.271607321905114 ], [ -75.857766814758051, 9.271950364895766 ], [ -75.860146187341485, 9.271257060063128 ], [ -75.86064131055987, 9.269210214448742 ], [ -75.860338552339343, 9.266450017351593 ], [ -75.860733147060571, 9.265945923298148 ], [ -75.862143864125372, 9.266476889472962 ], [ -75.863042079143682, 9.265611621025357 ], [ -75.863179783995918, 9.26428388311507 ], [ -75.862403568455719, 9.262127625028789 ], [ -75.864957934459525, 9.260357442999467 ], [ -75.866819446184664, 9.257227790863734 ], [ -75.869518648872869, 9.256337757093922 ], [ -75.870019343716862, 9.255402733638791 ], [ -75.87313125407924, 9.258279551788723 ], [ -75.875085820319967, 9.259085911837698 ], [ -75.874476703796077, 9.261601178360493 ], [ -75.877679542073651, 9.262885837763033 ], [ -75.878079245781493, 9.26575310699865 ], [ -75.879607277544196, 9.267103544678299 ], [ -75.879730317770864, 9.268575819630932 ], [ -75.881050278302425, 9.270654177771835 ], [ -75.88273758949353, 9.270940255373539 ], [ -75.884752685558141, 9.271982149932393 ], [ -75.884867112749006, 9.273177100640266 ], [ -75.885923034829958, 9.27491723488861 ], [ -75.884498867514523, 9.278821852746738 ], [ -75.885595517523086, 9.280719103697129 ], [ -75.888582533104099, 9.281182194317683 ], [ -75.890104656440244, 9.282298273580338 ], [ -75.890186079559342, 9.284091146752436 ], [ -75.892329716467742, 9.284367192751873 ], [ -75.893513540323994, 9.285221955015999 ], [ -75.893819557603976, 9.285887602027612 ], [ -75.892626874136795, 9.286872285681396 ], [ -75.890972572308101, 9.287205868414782 ], [ -75.890595922059234, 9.288852820338249 ], [ -75.889138785044722, 9.290084429773453 ], [ -75.889451399988019, 9.290962750043832 ], [ -75.890940098094958, 9.292122024277129 ], [ -75.893067250820337, 9.296429200349925 ], [ -75.895311994692634, 9.297625250938173 ], [ -75.897674893871098, 9.300721555271547 ], [ -75.899351364957113, 9.301406398220351 ], [ -75.901299942813026, 9.301181249501909 ], [ -75.902015653445289, 9.302265508501355 ], [ -75.90374896313827, 9.302304459688729 ], [ -75.905330648243861, 9.300957383329179 ], [ -75.908152986356896, 9.2998071767176 ], [ -75.911672131408054, 9.300733556144138 ], [ -75.913489670347317, 9.303079358532175 ], [ -75.915091774519482, 9.303346075488269 ], [ -75.919705450946807, 9.30643058625556 ], [ -75.923345213894436, 9.307392073994908 ], [ -75.924299947192395, 9.308140295163504 ], [ -75.926532400086089, 9.311547850989005 ], [ -75.928005787301075, 9.314791958691268 ], [ -75.930651561633027, 9.316679045135878 ], [ -75.934316779155097, 9.31787935994717 ], [ -75.93722979163924, 9.320219279213022 ], [ -75.936718337667699, 9.321369623078393 ], [ -75.93695257564697, 9.324691867171754 ], [ -75.935942768213778, 9.327195720325919 ], [ -75.936034425556159, 9.328593966761902 ], [ -75.936590353285808, 9.32902143900551 ], [ -75.936776337103581, 9.330048590029811 ], [ -75.935964039788558, 9.331212462624615 ], [ -75.935948137510692, 9.33275473035205 ], [ -75.936587313875677, 9.335261920572908 ], [ -75.93785842202476, 9.33630740652905 ], [ -75.937184941013271, 9.33674120348183 ], [ -75.937074017218691, 9.337717353916382 ], [ -75.935209841126735, 9.337996088645276 ], [ -75.934010815370584, 9.338869086774759 ], [ -75.934767826941254, 9.339761749908547 ], [ -75.934741061838352, 9.340389523531661 ], [ -75.933420398665476, 9.341024058455842 ], [ -75.934149858323394, 9.342395063379826 ], [ -75.934003204463053, 9.343113124810772 ], [ -75.931235634789658, 9.343277015537387 ], [ -75.930578535314183, 9.344206953020485 ], [ -75.931190317274329, 9.34608666397501 ], [ -75.932696456618885, 9.346377671037883 ], [ -75.933392353679238, 9.347091330573424 ], [ -75.932705954933112, 9.348170861051203 ], [ -75.930327318249255, 9.347914297256905 ], [ -75.929880848784009, 9.348843135037349 ], [ -75.927600058609585, 9.350020637282425 ], [ -75.926033561681152, 9.349767350142219 ], [ -75.925216449752412, 9.348207893704386 ], [ -75.923972005791228, 9.347783988625926 ], [ -75.924079459242137, 9.345739366579359 ], [ -75.922820324544702, 9.345929331367113 ], [ -75.920236326235482, 9.344140920049458 ], [ -75.919776312795562, 9.345491981255657 ], [ -75.919083579339869, 9.345970307829246 ], [ -75.916640484677316, 9.346187968581711 ], [ -75.916226342799163, 9.348002735675365 ], [ -75.915425590478137, 9.348600300154843 ], [ -75.915701641918034, 9.349451235830919 ], [ -75.91658190704247, 9.350086987483627 ], [ -75.915424820647246, 9.353263928639926 ], [ -75.914198926654905, 9.354083816426328 ], [ -75.908988624366074, 9.354628530860536 ], [ -75.90785064050398, 9.354309225182046 ], [ -75.905663578099322, 9.352254660176083 ], [ -75.901999811821796, 9.347701874710243 ], [ -75.896868236129592, 9.346044921392753 ], [ -75.891228497078231, 9.346666749046951 ], [ -75.888106196015471, 9.346223603309296 ], [ -75.886308607537146, 9.344970292171604 ], [ -75.88411222087413, 9.344809316648497 ], [ -75.88303057468768, 9.344202708145708 ], [ -75.881318219345403, 9.34453659169397 ], [ -75.880698058280032, 9.345890685645371 ], [ -75.879458122619212, 9.347038707866844 ], [ -75.877107621109928, 9.346405042728367 ], [ -75.875615881527708, 9.346573995971202 ], [ -75.874952344759592, 9.347456069996381 ], [ -75.874431433810841, 9.349909460304211 ], [ -75.873414075471842, 9.350178777633246 ], [ -75.870146461446609, 9.346752160667684 ], [ -75.870164784761201, 9.345628267501764 ], [ -75.871120265314005, 9.34416489416607 ], [ -75.870941470376181, 9.342157301970561 ], [ -75.872911695876596, 9.341406120724022 ], [ -75.872374000934528, 9.339830736117179 ], [ -75.872756925663381, 9.334688015471208 ], [ -75.87009766134608, 9.332501651417335 ], [ -75.869989520893029, 9.330182861429828 ], [ -75.869062920021534, 9.327868192352339 ], [ -75.865400364718951, 9.327193205470481 ] ] ] } },
{ "type": "Feature", "properties": { "FID_Cuenca": 0, "CODIGO": null, "AH": "1", "ZH": "13", "SZH": "1303", "COD_POMCA": "Arroyo Don Diego", "POMCA": "1003-00-41", "NOM_NSS": "Arroyo Don Diego", "COD_NSS": null, "NOMENCLAT": "Subcuenca Arroyo Don Diego", "IND_COMPAC": 1.72, "FORM_IND_C": 1003.0, "IND_SIN": 1.34, "TIPO_DRENA": 1012.0, "DEN_CORRIE": 0.0, "DEN_DREN": 2.24, "TIEM_CONC": 77.8893123024, "MET_T_CONC": "Metodologia Temez: Tc=0.3(L/(S^0.25))^0.75; Donde: L es la Longitud del cauce (km) y S es el porcentaje de pendiente del cauce.", "CAUD_MED": 2.47, "T_CORRIEN": "EFIMERO", "TIPO_FUEN": 2212.0, "Q_TOTAL": 2.92, "Q_MAX": 21.85, "Q_MIN": 0.2, "Q_AMBIENTA": 0.46, "Q_DISPONIB": 1.73, "REND_HID": 39.9, "ESCORR": 214.44, "AREA_ha_": 6190.3883937399996, "OBSERV_": null, "SHAPE_Leng": 48279.130886200001, "SHAPE_Area": 61903883.937399998 }, "geometry": { "type": "Polygon", "coordinates": [ [ [ -75.750249948594274, 9.350243988289089 ], [ -75.75209838848113, 9.350322496877771 ], [ -75.754873123434962, 9.34875774431681 ], [ -75.756077029586763, 9.349785053592251 ], [ -75.758414131986314, 9.349142718432143 ], [ -75.76207173887758, 9.349742309746727 ], [ -75.763747836924324, 9.348918384675985 ], [ -75.764403573446543, 9.34760011351265 ], [ -75.764091840016889, 9.345359850037475 ], [ -75.764449368005884, 9.344610904534463 ], [ -75.76759709874176, 9.342085190305923 ], [ -75.769824447942682, 9.342164256934668 ], [ -75.771596637639107, 9.341468344472549 ], [ -75.775305212641115, 9.342915241152328 ], [ -75.776978124505163, 9.340366613566475 ], [ -75.778963112075814, 9.340117996437217 ], [ -75.780219039322148, 9.338468047352404 ], [ -75.782680700890936, 9.33723076925825 ], [ -75.784034005402489, 9.337044936546677 ], [ -75.786025224822595, 9.338081507158824 ], [ -75.788130410493508, 9.337802375579633 ], [ -75.791186087752749, 9.338661425962265 ], [ -75.793061070158799, 9.338078501691685 ], [ -75.798892778365698, 9.334320104963348 ], [ -75.801344431716615, 9.333519146809694 ], [ -75.803730557079419, 9.33408144627807 ], [ -75.804883978913026, 9.333645438104483 ], [ -75.811291449074176, 9.329525404541384 ], [ -75.812889006561932, 9.32929146652757 ], [ -75.815132390777109, 9.33000656928186 ], [ -75.816244081268465, 9.329900709526939 ], [ -75.817971241514684, 9.32865843867587 ], [ -75.818901271115237, 9.326874886168655 ], [ -75.81909970396903, 9.324695435832711 ], [ -75.82179612168315, 9.317461024747155 ], [ -75.822454715321996, 9.314349332740445 ], [ -75.825469055123065, 9.312983571303779 ], [ -75.827621954633955, 9.312662158067781 ], [ -75.828748396774103, 9.311664308932061 ], [ -75.828998055266354, 9.311041390752102 ], [ -75.828370414165036, 9.308270773626719 ], [ -75.829373517937057, 9.304260718496447 ], [ -75.831068048918524, 9.303750256160088 ], [ -75.831390391286916, 9.303222625616595 ], [ -75.830168372176018, 9.299522395814243 ], [ -75.83036827512484, 9.298576920701462 ], [ -75.832834150708223, 9.298817590846133 ], [ -75.83539896049291, 9.29739794402694 ], [ -75.83793330759724, 9.297419247279155 ], [ -75.841074079287907, 9.298752326231268 ], [ -75.84143887986906, 9.299496548830266 ], [ -75.840446797474087, 9.300390943823841 ], [ -75.840436521811213, 9.301223099334601 ], [ -75.842443818255418, 9.302528575185194 ], [ -75.848198424313807, 9.302702103952415 ], [ -75.850130276889715, 9.30487318830326 ], [ -75.849029457135387, 9.307116724670365 ], [ -75.850775430841452, 9.309518693641488 ], [ -75.852662664164228, 9.309498354375817 ], [ -75.854303967896897, 9.310370097323027 ], [ -75.855922055889565, 9.310457671304697 ], [ -75.85737408978305, 9.31198071737523 ], [ -75.857575088089305, 9.313643909015964 ], [ -75.859062653501041, 9.31457377898394 ], [ -75.857887207215882, 9.317236150043454 ], [ -75.858554481392389, 9.320652062766923 ], [ -75.858845772547014, 9.321128822297672 ], [ -75.860917677787583, 9.321453200588266 ], [ -75.86223264206771, 9.324411548092625 ], [ -75.863415105929192, 9.324979474672029 ], [ -75.862871047054639, 9.326871155770815 ], [ -75.863234932571743, 9.327419277417581 ], [ -75.864174613573596, 9.327581934572981 ], [ -75.863592991339544, 9.328154702134444 ], [ -75.856376106626357, 9.329159249085233 ], [ -75.854731617023234, 9.332431302065922 ], [ -75.854665394107627, 9.33361522065343 ], [ -75.855327406563006, 9.334562367831468 ], [ -75.855055617587624, 9.337935156892206 ], [ -75.853133342241847, 9.34055583349798 ], [ -75.852208553291632, 9.340488721268862 ], [ -75.850135637935125, 9.339035721267315 ], [ -75.849446759393729, 9.337059331925568 ], [ -75.847510605328083, 9.336939859832993 ], [ -75.847035037813683, 9.337157426719799 ], [ -75.846514361535384, 9.33988586758 ], [ -75.847994487261062, 9.341705290798275 ], [ -75.847768886662905, 9.342796754269061 ], [ -75.845470140684114, 9.342115493976705 ], [ -75.845013335513258, 9.342474730953247 ], [ -75.845429192640353, 9.343017831456347 ], [ -75.845084555197673, 9.343421250899217 ], [ -75.843148926840939, 9.343259709266258 ], [ -75.841634486369543, 9.344663636963668 ], [ -75.839459444834375, 9.344923108449892 ], [ -75.835903009369375, 9.34624149684865 ], [ -75.835832021184856, 9.347446966989255 ], [ -75.836860649497027, 9.349010437253515 ], [ -75.83631057942803, 9.350696501752843 ], [ -75.8364723440299, 9.352226008536594 ], [ -75.835998155827127, 9.353682151551237 ], [ -75.833945039446917, 9.355222630549958 ], [ -75.832919785048901, 9.358173552428678 ], [ -75.829271005544072, 9.36031490268229 ], [ -75.827499832074992, 9.36047667903107 ], [ -75.826427285096671, 9.361687094258109 ], [ -75.824714741879149, 9.362020730069744 ], [ -75.823639696310394, 9.362733798010874 ], [ -75.82322083886794, 9.3637114381456 ], [ -75.82147185787646, 9.364466078027515 ], [ -75.820315565084769, 9.368201919106131 ], [ -75.818045560486652, 9.368767819595801 ], [ -75.817048284682045, 9.36963352372457 ], [ -75.817483646196564, 9.371965125331533 ], [ -75.816794918057212, 9.372905830591014 ], [ -75.811408281699812, 9.374233022049166 ], [ -75.810868589477124, 9.374159147938089 ], [ -75.809767491947468, 9.37259459645122 ], [ -75.809151895720404, 9.372750640064925 ], [ -75.808771888923644, 9.373804598419424 ], [ -75.807870025765268, 9.374497653966099 ], [ -75.80548097341881, 9.3743754170887 ], [ -75.805155235168925, 9.374721331178902 ], [ -75.805469095029579, 9.375867546842214 ], [ -75.804873697919462, 9.376214776995287 ], [ -75.795994623788388, 9.380255995615723 ], [ -75.795425438041391, 9.38201864812485 ], [ -75.796545163208123, 9.382529697989138 ], [ -75.79620495315541, 9.383851266426788 ], [ -75.798270636060025, 9.387064989695752 ], [ -75.796784727247086, 9.388471040214499 ], [ -75.797475833811376, 9.389460005788745 ], [ -75.797566239725057, 9.390702963222562 ], [ -75.796981642607818, 9.391781824171904 ], [ -75.795403895951594, 9.391657982846525 ], [ -75.794611800244155, 9.392163973575691 ], [ -75.793953554450766, 9.393691095935999 ], [ -75.791205812693605, 9.394463415814087 ], [ -75.790580873071889, 9.393838248397032 ], [ -75.784203382065158, 9.392998762244977 ], [ -75.782165644080251, 9.394237089083537 ], [ -75.781727716347092, 9.39567457923906 ], [ -75.780821139392046, 9.395177235074655 ], [ -75.778852028838671, 9.395406272222765 ], [ -75.778595082595587, 9.396014881169819 ], [ -75.777832425761147, 9.396218728073192 ], [ -75.777883758982938, 9.39759849602974 ], [ -75.77753436464684, 9.39875847725107 ], [ -75.776786587690893, 9.398793796302456 ], [ -75.776410211037572, 9.399477746320157 ], [ -75.77637523327256, 9.401143361257523 ], [ -75.779394318085238, 9.401501897373732 ], [ -75.779221897187142, 9.40204276427928 ], [ -75.779935067190848, 9.4027222607266 ], [ -75.779728249206414, 9.403347612350265 ], [ -75.776612165887073, 9.404176538016715 ], [ -75.776637499753065, 9.405062267319078 ], [ -75.776141682715561, 9.405500405012278 ], [ -75.775805611211013, 9.401962944588909 ], [ -75.773993321597359, 9.401218932878137 ], [ -75.771847977934669, 9.401292983904648 ], [ -75.765993898059591, 9.403263015856936 ], [ -75.759571783557789, 9.407198789983061 ], [ -75.759560531317391, 9.406683871906736 ], [ -75.75804722802944, 9.406307564122546 ], [ -75.754812569763288, 9.402408561279803 ], [ -75.752796770694914, 9.397083363769749 ], [ -75.752839935204264, 9.394041551406325 ], [ -75.75486237125719, 9.389995614233587 ], [ -75.754362133003283, 9.386114678554648 ], [ -75.754626931678871, 9.385099553785324 ], [ -75.755181675491599, 9.384293480661105 ], [ -75.757219422768998, 9.383442108035018 ], [ -75.758136360892721, 9.381849999557383 ], [ -75.759402555397685, 9.37478756544545 ], [ -75.756980099456499, 9.374237132479877 ], [ -75.756112490762675, 9.37156310204891 ], [ -75.755093967821111, 9.370049515299211 ], [ -75.755597726222632, 9.367153775989731 ], [ -75.753718721490046, 9.359415169244903 ], [ -75.752995921231388, 9.359310980401402 ], [ -75.752812544432828, 9.358726001823266 ], [ -75.753335576026075, 9.357336631458265 ], [ -75.752042302171546, 9.356254740689625 ], [ -75.750970121861442, 9.356092415258678 ], [ -75.749888258004404, 9.354814801725587 ], [ -75.74967833086896, 9.352798637635164 ], [ -75.750249948594274, 9.350243988289089 ] ] ] } },
{ "type": "Feature", "properties": { "FID_Cuenca": 0, "CODIGO": null, "AH": "1", "ZH": "13", "SZH": "1303", "COD_POMCA": "Caño Remedia Pobre", "POMCA": "1003-00-42", "NOM_NSS": "Caño Remedia Pobre", "COD_NSS": null, "NOMENCLAT": "Subcuenca Caño Remedia Pobre", "IND_COMPAC": 2.31, "FORM_IND_C": 1003.0, "IND_SIN": 1.64, "TIPO_DRENA": 1013.0, "DEN_CORRIE": 0.0, "DEN_DREN": 0.77, "TIEM_CONC": 236.80040280399999, "MET_T_CONC": "Metodologia Temez: Tc=0.3(L/(S^0.25))^0.75; Donde: L es la Longitud del cauce (km) y S es el porcentaje de pendiente del cauce.", "CAUD_MED": 9.13, "T_CORRIEN": "PERMANENTE", "TIPO_FUEN": 2213.0, "Q_TOTAL": 4.77, "Q_MAX": 28.51, "Q_MIN": 0.04, "Q_AMBIENTA": 0.57, "Q_DISPONIB": 3.01, "REND_HID": 41.83, "ESCORR": 237.5, "AREA_ha_": 10575.2831728, "OBSERV_": null, "SHAPE_Leng": 84915.201063400003, "SHAPE_Area": 105752831.728 }, "geometry": { "type": "Polygon", "coordinates": [ [ [ -75.793953554450766, 9.393691095935999 ], [ -75.794899498216964, 9.39191150486856 ], [ -75.797328942955374, 9.391409506377636 ], [ -75.797475833811376, 9.389460005788745 ], [ -75.796784727247086, 9.388471040214499 ], [ -75.798270636060025, 9.387064989695752 ], [ -75.79620495315541, 9.383851266426788 ], [ -75.796545163208123, 9.382529697989138 ], [ -75.795425438041391, 9.38201864812485 ], [ -75.795994623788388, 9.380255995615723 ], [ -75.804873697919462, 9.376214776995287 ], [ -75.805469095029579, 9.375867546842214 ], [ -75.805155235168925, 9.374721331178902 ], [ -75.80548097341881, 9.3743754170887 ], [ -75.807870025765268, 9.374497653966099 ], [ -75.808771888923644, 9.373804598419424 ], [ -75.809151895720404, 9.372750640064925 ], [ -75.809767491947468, 9.37259459645122 ], [ -75.810868589477124, 9.374159147938089 ], [ -75.811408281699812, 9.374233022049166 ], [ -75.816794918057212, 9.372905830591014 ], [ -75.817483646196564, 9.371965125331533 ], [ -75.817048284682045, 9.36963352372457 ], [ -75.818045560486652, 9.368767819595801 ], [ -75.820315565084769, 9.368201919106131 ], [ -75.82147185787646, 9.364466078027515 ], [ -75.82322083886794, 9.3637114381456 ], [ -75.823639696310394, 9.362733798010874 ], [ -75.824714741879149, 9.362020730069744 ], [ -75.826427285096671, 9.361687094258109 ], [ -75.827499832074992, 9.36047667903107 ], [ -75.829271005544072, 9.36031490268229 ], [ -75.832919785048901, 9.358173552428678 ], [ -75.833945039446917, 9.355222630549958 ], [ -75.835998155827127, 9.353682151551237 ], [ -75.8364723440299, 9.352226008536594 ], [ -75.83631057942803, 9.350696501752843 ], [ -75.836860649497027, 9.349010437253515 ], [ -75.835832021184856, 9.347446966989255 ], [ -75.835903009369375, 9.34624149684865 ], [ -75.839459444834375, 9.344923108449892 ], [ -75.841634486369543, 9.344663636963668 ], [ -75.843148926840939, 9.343259709266258 ], [ -75.845084555197673, 9.343421250899217 ], [ -75.845429192640353, 9.343017831456347 ], [ -75.845013335513258, 9.342474730953247 ], [ -75.845470140684114, 9.342115493976705 ], [ -75.847768886662905, 9.342796754269061 ], [ -75.847994487261062, 9.341705290798275 ], [ -75.846514361535384, 9.33988586758 ], [ -75.847035037813683, 9.337157426719799 ], [ -75.847510605328083, 9.336939859832993 ], [ -75.849446759393729, 9.337059331925568 ], [ -75.850135637935125, 9.339035721267315 ], [ -75.852208553291632, 9.340488721268862 ], [ -75.852830668747671, 9.34068646440857 ], [ -75.853665594663383, 9.34012277760487 ], [ -75.854656493339789, 9.338984449001916 ], [ -75.855382011036994, 9.336785804035634 ], [ -75.854731617023234, 9.332431302065922 ], [ -75.856376106626357, 9.329159249085233 ], [ -75.863592991339544, 9.328154702134444 ], [ -75.865400364718951, 9.327193205470481 ], [ -75.868604566650916, 9.32767921464621 ], [ -75.869353499263951, 9.328201479151947 ], [ -75.87009766134608, 9.332501651417335 ], [ -75.872416846148425, 9.334091966206913 ], [ -75.872783935616809, 9.335261734107872 ], [ -75.872374000934528, 9.339830736117179 ], [ -75.872911695876596, 9.341406120724022 ], [ -75.870941470376181, 9.342157301970561 ], [ -75.871120265314005, 9.34416489416607 ], [ -75.870164784761201, 9.345628267501764 ], [ -75.870146461446609, 9.346752160667684 ], [ -75.873414075471842, 9.350178777633246 ], [ -75.874431433810841, 9.349909460304211 ], [ -75.874952344759592, 9.347456069996381 ], [ -75.875615881527708, 9.346573995971202 ], [ -75.877107621109928, 9.346405042728367 ], [ -75.879458122619212, 9.347038707866844 ], [ -75.880698058280032, 9.345890685645371 ], [ -75.881318219345403, 9.34453659169397 ], [ -75.88303057468768, 9.344202708145708 ], [ -75.88411222087413, 9.344809316648497 ], [ -75.886308607537146, 9.344970292171604 ], [ -75.888106196015471, 9.346223603309296 ], [ -75.891228497078231, 9.346666749046951 ], [ -75.896868236129592, 9.346044921392753 ], [ -75.901999811821796, 9.347701874710243 ], [ -75.90785064050398, 9.354309225182046 ], [ -75.909929125858696, 9.354733535150638 ], [ -75.914198926654905, 9.354083816426328 ], [ -75.915424820647246, 9.353263928639926 ], [ -75.91658190704247, 9.350086987483627 ], [ -75.915701641918034, 9.349451235830919 ], [ -75.915425590478137, 9.348600300154843 ], [ -75.916226342799163, 9.348002735675365 ], [ -75.916640484677316, 9.346187968581711 ], [ -75.919083579339869, 9.345970307829246 ], [ -75.919776312795562, 9.345491981255657 ], [ -75.920236326235482, 9.344140920049458 ], [ -75.920649116627388, 9.344138778152166 ], [ -75.922820324544702, 9.345929331367113 ], [ -75.924079459242137, 9.345739366579359 ], [ -75.923972005791228, 9.347783988625926 ], [ -75.925216449752412, 9.348207893704386 ], [ -75.925772510168954, 9.349567866338175 ], [ -75.928022340943826, 9.349765991173047 ], [ -75.928937484437455, 9.350750994229275 ], [ -75.928443940009501, 9.352111651930164 ], [ -75.926827219918252, 9.352311359869967 ], [ -75.924752727075358, 9.353355074297607 ], [ -75.923186114065885, 9.355754224338153 ], [ -75.920885418045899, 9.357736371030509 ], [ -75.921071426980234, 9.360140750226559 ], [ -75.921774742590301, 9.361117401540682 ], [ -75.921153606455917, 9.362029211956029 ], [ -75.922071954794689, 9.36269391458814 ], [ -75.920729121448119, 9.367841672587716 ], [ -75.9212250375205, 9.370025421307561 ], [ -75.921073987132118, 9.370600046827564 ], [ -75.919249348272004, 9.371565939674893 ], [ -75.918445776368415, 9.372583901543129 ], [ -75.918439624605796, 9.375070574681112 ], [ -75.91769694944341, 9.376681189323872 ], [ -75.914116630996858, 9.380754929651976 ], [ -75.911630928574482, 9.380557414049955 ], [ -75.909448994278335, 9.383189266817803 ], [ -75.908429486074084, 9.383443210141296 ], [ -75.907932423148168, 9.384153522298547 ], [ -75.908083800058023, 9.384725683567625 ], [ -75.910510347056871, 9.385470087182352 ], [ -75.91105334209584, 9.388001742235115 ], [ -75.909978839579907, 9.389704929560926 ], [ -75.91037411653322, 9.391615688089866 ], [ -75.908361750639216, 9.393538927500709 ], [ -75.91007369616662, 9.394008255835244 ], [ -75.910491482730052, 9.394768670246892 ], [ -75.909340110082823, 9.395642728653241 ], [ -75.909414753582553, 9.396101415549152 ], [ -75.910169115020466, 9.396700037070648 ], [ -75.910830301240821, 9.396520527554125 ], [ -75.911141301686285, 9.39751271700182 ], [ -75.912199911919032, 9.397666620338697 ], [ -75.916313872311051, 9.397047477408213 ], [ -75.918298516289482, 9.398997759969475 ], [ -75.918960481859287, 9.400864268100015 ], [ -75.918438564918517, 9.402337453432731 ], [ -75.915626985934495, 9.403380233547614 ], [ -75.912690336415224, 9.403538972111182 ], [ -75.911491077782998, 9.404417921856426 ], [ -75.911099471311815, 9.405495909051778 ], [ -75.912319533895939, 9.407420305435929 ], [ -75.914640138443019, 9.4080059822934 ], [ -75.916190027724667, 9.409119288011077 ], [ -75.916272213623287, 9.412368228373319 ], [ -75.918683266444575, 9.414499655922556 ], [ -75.917962626490961, 9.417097649594297 ], [ -75.920273895781833, 9.419133820236754 ], [ -75.920062238249372, 9.420843291114981 ], [ -75.915580983591397, 9.421494331750635 ], [ -75.91498756094397, 9.423111351584286 ], [ -75.915748869310605, 9.424781079103022 ], [ -75.916325957196378, 9.425764354096623 ], [ -75.918887161330275, 9.426288946364069 ], [ -75.920725354891999, 9.429415117161788 ], [ -75.921955851770392, 9.428968730254596 ], [ -75.922881899466319, 9.429231668749351 ], [ -75.924240995565839, 9.431232972307571 ], [ -75.924302856108113, 9.431997763205855 ], [ -75.923117289060002, 9.4336489815047 ], [ -75.921176882197699, 9.434634676227338 ], [ -75.921635089536395, 9.43748233520258 ], [ -75.921411962170822, 9.438994610253079 ], [ -75.919579832271921, 9.442236831062933 ], [ -75.920010549153673, 9.443535273189003 ], [ -75.919731289300387, 9.446150328698936 ], [ -75.918028940037402, 9.44458804933805 ], [ -75.917677824445832, 9.441310955412465 ], [ -75.91673611021146, 9.440181976922283 ], [ -75.914388443275683, 9.435112645146583 ], [ -75.901959548154338, 9.429357217628045 ], [ -75.890250778599508, 9.425070599276665 ], [ -75.886372713887013, 9.42411365861798 ], [ -75.875857875307872, 9.423509437016493 ], [ -75.86074596464185, 9.424887637146117 ], [ -75.850101049586257, 9.427108696056498 ], [ -75.849783358229487, 9.426672940850944 ], [ -75.850787082184468, 9.424437377358659 ], [ -75.8537982523182, 9.424072384999613 ], [ -75.853387638047437, 9.423524901425401 ], [ -75.850923952717736, 9.423524901137618 ], [ -75.850969576866035, 9.422110562342205 ], [ -75.849463991982546, 9.420650600080155 ], [ -75.84887088317565, 9.421973690948597 ], [ -75.848551517023651, 9.421563075931688 ], [ -75.847137177644527, 9.421928068303052 ], [ -75.847639040288257, 9.422612426012019 ], [ -75.846270327105898, 9.423707396020747 ], [ -75.846817812108895, 9.424574247807877 ], [ -75.846954682826436, 9.425714842382876 ], [ -75.846544069406889, 9.425988584369419 ], [ -75.842985412924961, 9.426672940633553 ], [ -75.842985413226984, 9.423479277747465 ], [ -75.842437926783802, 9.424026760967282 ], [ -75.842118562079804, 9.425988583658855 ], [ -75.837282439268449, 9.427448546319987 ], [ -75.837738676946969, 9.427859161986126 ], [ -75.839791747729222, 9.427448546271577 ], [ -75.839746124207508, 9.428087279666986 ], [ -75.832263820881039, 9.4299122309368 ], [ -75.832081326380816, 9.428999755068856 ], [ -75.83071261172212, 9.429820984093496 ], [ -75.829435145209459, 9.428680391025912 ], [ -75.82729082779646, 9.428999754690892 ], [ -75.826788965980725, 9.424939237006228 ], [ -75.824827142895501, 9.423524901445465 ], [ -75.821222862742914, 9.42265804916117 ], [ -75.819854147971355, 9.423159908618691 ], [ -75.819032920752974, 9.42411800855383 ], [ -75.81866792956103, 9.42644482169581 ], [ -75.816432364195833, 9.428999754731596 ], [ -75.816432364299985, 9.430322848404856 ], [ -75.818546548276444, 9.430389390780142 ], [ -75.817987192704024, 9.430696322566028 ], [ -75.813397682354136, 9.431789078131281 ], [ -75.812699834581025, 9.431493299917701 ], [ -75.812338433745964, 9.432077166063907 ], [ -75.811604420191969, 9.431422693120389 ], [ -75.804308378859247, 9.432623110077236 ], [ -75.799721575884547, 9.432751340063062 ], [ -75.79658575415273, 9.431302271735895 ], [ -75.79391810876001, 9.429343173414958 ], [ -75.793357026892977, 9.428439535099253 ], [ -75.792968448027821, 9.427341588795551 ], [ -75.793346272364843, 9.424711300824503 ], [ -75.791226039912175, 9.418049541731104 ], [ -75.790957982416856, 9.411024145096629 ], [ -75.79150581222008, 9.409866329783148 ], [ -75.792316805553739, 9.411110586004215 ], [ -75.792515902723977, 9.41035592269748 ], [ -75.793076299725882, 9.410467562695738 ], [ -75.793220052088614, 9.412380975861772 ], [ -75.792650857210162, 9.414260367845305 ], [ -75.793235274091259, 9.415196475809063 ], [ -75.796680800826479, 9.412174251636534 ], [ -75.797777697889146, 9.410009354705414 ], [ -75.79788767414648, 9.410960262424759 ], [ -75.799720813837567, 9.412940665152425 ], [ -75.80290959967401, 9.414657921798192 ], [ -75.805161719798619, 9.41478789113512 ], [ -75.80594830061932, 9.414425214959087 ], [ -75.806879529926306, 9.414769718388024 ], [ -75.806600161590794, 9.417351659708546 ], [ -75.807312952150696, 9.41703745015028 ], [ -75.810948595730096, 9.418235058727289 ], [ -75.813798401707075, 9.418432043207778 ], [ -75.814222847666258, 9.417597007210402 ], [ -75.816581789326335, 9.416728220078882 ], [ -75.820998127013269, 9.416938926402301 ], [ -75.823977423254689, 9.416429687830348 ], [ -75.827190183291876, 9.414686625307505 ], [ -75.827557955384478, 9.413549790738029 ], [ -75.826998076067767, 9.413516297637875 ], [ -75.826673460276197, 9.412800366353462 ], [ -75.827068535054266, 9.412119470709055 ], [ -75.827755624372429, 9.412121906267943 ], [ -75.827976157657105, 9.413012962421325 ], [ -75.828800867817407, 9.412612963772618 ], [ -75.82887274363749, 9.411587807156543 ], [ -75.829425435394882, 9.411802916034189 ], [ -75.830936273090657, 9.409902181683343 ], [ -75.831560342407514, 9.409519901636243 ], [ -75.83208259459829, 9.409868307992108 ], [ -75.833878166004695, 9.407925224823437 ], [ -75.834356949137586, 9.408230155595643 ], [ -75.834269973574393, 9.40719930007406 ], [ -75.832412287297529, 9.406882064243916 ], [ -75.832084481795121, 9.40591228961874 ], [ -75.832454454693419, 9.405383598731124 ], [ -75.834351226431238, 9.405061317581982 ], [ -75.834846565371379, 9.405501679929619 ], [ -75.83655851464836, 9.405398048046004 ], [ -75.836682362563849, 9.404569534785574 ], [ -75.83558486979355, 9.404901177411036 ], [ -75.833878797890947, 9.403360006800536 ], [ -75.83380289926825, 9.403999391971647 ], [ -75.833250262718778, 9.404143650437572 ], [ -75.830871893601341, 9.403483284031017 ], [ -75.8324891315618, 9.402537187237268 ], [ -75.833592635993497, 9.402433679783982 ], [ -75.834877453569732, 9.400011021942182 ], [ -75.837191905832313, 9.399997676036651 ], [ -75.837951621212824, 9.399248564236824 ], [ -75.837370374020466, 9.398473259765115 ], [ -75.833026127665036, 9.397534365587616 ], [ -75.832991278991912, 9.396465557402751 ], [ -75.834113198784877, 9.395970191099066 ], [ -75.834160444714527, 9.39539623790132 ], [ -75.829392452216723, 9.397500067982177 ], [ -75.82814264185798, 9.396185404672366 ], [ -75.829746447231344, 9.395288935338712 ], [ -75.828872699618657, 9.39512596356685 ], [ -75.828259643127339, 9.393715685744139 ], [ -75.827932817932691, 9.394380393445909 ], [ -75.826589876916742, 9.394912626113278 ], [ -75.825232711921302, 9.393382782268443 ], [ -75.824562130202949, 9.393401885250981 ], [ -75.824297637728804, 9.394775627945769 ], [ -75.822784363961517, 9.394555464883243 ], [ -75.823558455566783, 9.395825495887093 ], [ -75.822710813895583, 9.396960895332688 ], [ -75.823207593079545, 9.397155973003366 ], [ -75.822333828453367, 9.399537081331481 ], [ -75.820602612994946, 9.39976719815852 ], [ -75.817778933078642, 9.397050745134599 ], [ -75.815573753251584, 9.396763640675429 ], [ -75.81381944324778, 9.397401751816096 ], [ -75.812955438622012, 9.397076469735984 ], [ -75.810204379048457, 9.398205013871758 ], [ -75.809963017369029, 9.399149238194747 ], [ -75.808233683107616, 9.398863796184958 ], [ -75.806924949778406, 9.401866186876907 ], [ -75.805126166659861, 9.402826276421129 ], [ -75.804610590297941, 9.401857855145979 ], [ -75.805174292236615, 9.401494737386228 ], [ -75.804808945993273, 9.400849043366327 ], [ -75.805373743387023, 9.400185222145476 ], [ -75.80429321421822, 9.399923576193389 ], [ -75.802534303417517, 9.395900617429012 ], [ -75.801214373661537, 9.396046209881055 ], [ -75.80038829498038, 9.397181622387613 ], [ -75.799914737135495, 9.396557013087708 ], [ -75.798141382931036, 9.396486158995319 ], [ -75.797538528937523, 9.395732204929921 ], [ -75.794875068977518, 9.39656023320269 ], [ -75.794206465315114, 9.396042303671624 ], [ -75.795199337435349, 9.393930817669803 ], [ -75.795016067765317, 9.393510702787788 ], [ -75.793953554450766, 9.393691095935999 ] ] ] } },
{ "type": "Feature", "properties": { "FID_Cuenca": 0, "CODIGO": null, "AH": "1", "ZH": "13", "SZH": "1302", "COD_POMCA": "Quebrada Quimari", "POMCA": "1003-00-21", "NOM_NSS": "Quebrada Quimari", "COD_NSS": null, "NOMENCLAT": "Subcuenca Quebrada Quimari", "IND_COMPAC": 1.52, "FORM_IND_C": 1003.0, "IND_SIN": 2.15, "TIPO_DRENA": 1015.0, "DEN_CORRIE": 0.0, "DEN_DREN": 3.87, "TIEM_CONC": 223.626624757, "MET_T_CONC": "Metodologia Temez: Tc=0.3(L/(S^0.25))^0.75; Donde: L es la Longitud del cauce (km) y S es el porcentaje de pendiente del cauce.", "CAUD_MED": 2.92, "T_CORRIEN": "PERMANENTE", "TIPO_FUEN": 2211.0, "Q_TOTAL": 1.9, "Q_MAX": 14.34, "Q_MIN": 0.0, "Q_AMBIENTA": 0.36, "Q_DISPONIB": 1.06, "REND_HID": 44.83, "ESCORR": 404.66, "AREA_ha_": 6513.1937969399996, "OBSERV_": null, "SHAPE_Leng": 43951.494292000003, "SHAPE_Area": 65131937.969400004 }, "geometry": { "type": "Polygon", "coordinates": [ [ [ -76.216491532029323, 8.079193342590312 ], [ -76.211870641830103, 8.07905970134199 ], [ -76.211474652091596, 8.077656015038807 ], [ -76.211798072316341, 8.076205541057121 ], [ -76.209250166618304, 8.074484110164205 ], [ -76.207377341461992, 8.071864047254214 ], [ -76.205454114047257, 8.071067174868846 ], [ -76.202171745015846, 8.070744578605071 ], [ -76.199907553756631, 8.068963259676762 ], [ -76.197964068571324, 8.06887770027385 ], [ -76.197073914234608, 8.068380250620699 ], [ -76.196781838628723, 8.067570896794862 ], [ -76.19790332778301, 8.066429480551804 ], [ -76.19812653432372, 8.065531789952376 ], [ -76.196872308289386, 8.062051756699891 ], [ -76.196841981864097, 8.060373600300476 ], [ -76.196148851618432, 8.059565759452672 ], [ -76.193402849408898, 8.059216549496815 ], [ -76.192493983855272, 8.057882410469221 ], [ -76.191378507544115, 8.057410010123983 ], [ -76.190015752092918, 8.057359656411116 ], [ -76.188024100829409, 8.058154088508138 ], [ -76.185304911418513, 8.056959780370279 ], [ -76.177742778435103, 8.059049887570184 ], [ -76.173672447058209, 8.058995098853956 ], [ -76.169507656111406, 8.056099599454322 ], [ -76.165293778248056, 8.051914113267003 ], [ -76.166778147790694, 8.046624337350282 ], [ -76.171374155212305, 8.044764784950134 ], [ -76.18035112249531, 8.044030359272474 ], [ -76.186521179747828, 8.040239602658351 ], [ -76.188248271939955, 8.03839493481102 ], [ -76.192798640753551, 8.03703270454716 ], [ -76.193442413518284, 8.036288252289081 ], [ -76.193788322683176, 8.033608810749849 ], [ -76.195719493224701, 8.03135154665156 ], [ -76.196351046487436, 8.027038043915811 ], [ -76.195935208201931, 8.024552593721328 ], [ -76.197359351484053, 8.021660405733281 ], [ -76.199099388260024, 8.020484751898278 ], [ -76.205240358031176, 8.019429824726011 ], [ -76.207953093628433, 8.018039951320443 ], [ -76.213521795488191, 8.020692299795375 ], [ -76.214714496252284, 8.020356189018463 ], [ -76.216841298935691, 8.018582197083967 ], [ -76.218673224158465, 8.019170360194639 ], [ -76.219731604178918, 8.020590684191905 ], [ -76.222145599447842, 8.020515401053281 ], [ -76.223213566809619, 8.021686875954691 ], [ -76.22612386131317, 8.02209007478449 ], [ -76.226248920209215, 8.023219334887663 ], [ -76.227861340929067, 8.024717579157269 ], [ -76.229684766892632, 8.025293845092985 ], [ -76.231733975514814, 8.024143674783762 ], [ -76.232326167619178, 8.02880757631819 ], [ -76.23206274659519, 8.030429748072338 ], [ -76.232404900659319, 8.031601633507336 ], [ -76.233709153378058, 8.032696720230923 ], [ -76.236644486440525, 8.032604813987192 ], [ -76.237634162134853, 8.03106956722667 ], [ -76.238918322958313, 8.030795061563717 ], [ -76.240301354713083, 8.031074673838191 ], [ -76.24143130093664, 8.030667093621579 ], [ -76.242513308271796, 8.032076689907555 ], [ -76.242856478169003, 8.031964255542304 ], [ -76.243439047278244, 8.030280285701002 ], [ -76.243396579044813, 8.028572063143679 ], [ -76.24215996672892, 8.026952899389082 ], [ -76.241877775167154, 8.024391557652285 ], [ -76.243387298529996, 8.022330209740252 ], [ -76.247026220092081, 8.020155917917348 ], [ -76.246417254770037, 8.017030833818394 ], [ -76.247312289233776, 8.01394213173154 ], [ -76.249525338065013, 8.011400729913905 ], [ -76.253151688213066, 8.00552443914351 ], [ -76.254757611666093, 8.004307895360789 ], [ -76.258432402011977, 8.003187508404011 ], [ -76.259794398841763, 8.003746643826259 ], [ -76.261492202697255, 8.00280530014707 ], [ -76.264693058582324, 8.002827453204565 ], [ -76.266166253848823, 8.002302403926963 ], [ -76.268580177799564, 8.002530254398057 ], [ -76.269655497374302, 8.004019961028199 ], [ -76.270671319120325, 8.004288229727855 ], [ -76.271543586270312, 8.006841590930073 ], [ -76.274454361414897, 8.007586322308672 ], [ -76.274893817518958, 8.011715019802963 ], [ -76.27675818011322, 8.011695016120781 ], [ -76.27987892016472, 8.013416510867735 ], [ -76.280432257636093, 8.014197573340542 ], [ -76.283539954152005, 8.015000215791291 ], [ -76.283420331244088, 8.015789336208623 ], [ -76.282086165446614, 8.017446015856734 ], [ -76.281891882552713, 8.019401838960466 ], [ -76.283873186428664, 8.021822404901064 ], [ -76.282787459420064, 8.022964625545024 ], [ -76.284219588670027, 8.026126927512141 ], [ -76.28291214785952, 8.027405754376584 ], [ -76.283091669965259, 8.029299142206968 ], [ -76.281803850074581, 8.033515381355963 ], [ -76.28306784953628, 8.035514341781701 ], [ -76.282755717577842, 8.037142957234698 ], [ -76.284363005139738, 8.038423397602594 ], [ -76.283876029831006, 8.039488013476559 ], [ -76.284023439783837, 8.040586962277683 ], [ -76.28562862694983, 8.041607910391896 ], [ -76.283315390914794, 8.045606842568676 ], [ -76.281053311294471, 8.04694395728543 ], [ -76.281008547729797, 8.04868224551557 ], [ -76.283441323883764, 8.051177473748407 ], [ -76.282360896530093, 8.053227389954436 ], [ -76.280705141712687, 8.054447933991723 ], [ -76.280085484964971, 8.055512771834969 ], [ -76.280755845229038, 8.056952323470995 ], [ -76.280316700952369, 8.057573419117812 ], [ -76.28043408809053, 8.06210195778797 ], [ -76.279837190599025, 8.064649633275142 ], [ -76.274554201552704, 8.066501564901735 ], [ -76.273553171842593, 8.067690302953704 ], [ -76.273491283080233, 8.069555336557224 ], [ -76.272886408316339, 8.070813669016758 ], [ -76.269579371971346, 8.071405151417046 ], [ -76.268762705427605, 8.071065772606412 ], [ -76.26770795980832, 8.068967644705864 ], [ -76.264721199039158, 8.068899940174033 ], [ -76.264284173055302, 8.067922106098838 ], [ -76.264957435056388, 8.065994031002612 ], [ -76.26301761245368, 8.06434287948866 ], [ -76.261445104042181, 8.064088293541417 ], [ -76.259206237289405, 8.064817424713317 ], [ -76.258099087417136, 8.064118074244469 ], [ -76.257453443771936, 8.064492064533903 ], [ -76.256543608940717, 8.067042969049885 ], [ -76.253541728865059, 8.0708744484962 ], [ -76.249006921176132, 8.073030267727241 ], [ -76.247789332473104, 8.074112534519372 ], [ -76.241244870047495, 8.074900268325916 ], [ -76.240423378738498, 8.075912326065851 ], [ -76.240360504246652, 8.077619613794614 ], [ -76.239686733796404, 8.078125222439441 ], [ -76.237684429961149, 8.077805888390825 ], [ -76.234364113516435, 8.078641034747111 ], [ -76.23095027300424, 8.078128291159679 ], [ -76.22883950997975, 8.079071778495617 ], [ -76.227050616956575, 8.078417727246432 ], [ -76.2234314613723, 8.081269738419509 ], [ -76.220659160191289, 8.080961535578247 ], [ -76.216491532029323, 8.079193342590312 ] ] ] } },
{ "type": "Feature", "properties": { "FID_Cuenca": 0, "CODIGO": null, "AH": "1", "ZH": "13", "SZH": "1302", "COD_POMCA": "Quebrada Pirú", "POMCA": "1003-00-20", "NOM_NSS": "Quebrada Pirú", "COD_NSS": null, "NOMENCLAT": "Subcuenca Quebrada Pirú", "IND_COMPAC": 1.6, "FORM_IND_C": 1003.0, "IND_SIN": 2.1, "TIPO_DRENA": 1015.0, "DEN_CORRIE": 0.0, "DEN_DREN": 3.59, "TIEM_CONC": 355.71015690500002, "MET_T_CONC": "Metodologia Temez: Tc=0.3(L/(S^0.25))^0.75; Donde: L es la Longitud del cauce (km) y S es el porcentaje de pendiente del cauce.", "CAUD_MED": 1.71, "T_CORRIEN": "PERMANENTE", "TIPO_FUEN": 2211.0, "Q_TOTAL": 11.51, "Q_MAX": 44.8, "Q_MIN": 9.1, "Q_AMBIENTA": 2.62, "Q_DISPONIB": 6.01, "REND_HID": 6.13, "ESCORR": 323.37, "AREA_ha_": 27886.534052700001, "OBSERV_": null, "SHAPE_Leng": 95228.264776399999, "SHAPE_Area": 278865340.52700001 }, "geometry": { "type": "Polygon", "coordinates": [ [ [ -76.295186885779827, 8.256582578644821 ], [ -76.293936274999808, 8.256456778320514 ], [ -76.292918482653008, 8.253442985000227 ], [ -76.29081508342226, 8.252797202029987 ], [ -76.288076071506964, 8.253544458030214 ], [ -76.286881962855475, 8.253249227048471 ], [ -76.284225428046966, 8.249836346064713 ], [ -76.282143989074285, 8.249211299266651 ], [ -76.280687022917618, 8.246123468242759 ], [ -76.279165965443553, 8.244458394708131 ], [ -76.278108855033508, 8.244237089908804 ], [ -76.276899862999713, 8.24475770761401 ], [ -76.274433332092741, 8.243528108221589 ], [ -76.274106011603564, 8.242920292201777 ], [ -76.274448287723388, 8.241890449006872 ], [ -76.272496820711467, 8.239667937224587 ], [ -76.272504206397798, 8.238831176678195 ], [ -76.273630812414069, 8.238385135696182 ], [ -76.272050331262378, 8.23550590520901 ], [ -76.271999082935693, 8.233172931119196 ], [ -76.272717659380746, 8.231189562435061 ], [ -76.272600556822894, 8.227936397629568 ], [ -76.273322339604405, 8.226536325711278 ], [ -76.273575286022663, 8.224536378614109 ], [ -76.2711517799505, 8.22150395211807 ], [ -76.268076329402291, 8.215976837150281 ], [ -76.264629726553977, 8.2122493701171 ], [ -76.262771331299319, 8.205900348250607 ], [ -76.259021902715233, 8.204773163837743 ], [ -76.25843627757537, 8.2038678869077 ], [ -76.258482265649988, 8.200617557420667 ], [ -76.256488075621931, 8.199008446939331 ], [ -76.253781157056125, 8.195427517720246 ], [ -76.254026848230055, 8.194718556271164 ], [ -76.255766332515051, 8.193370395929689 ], [ -76.256664791959793, 8.189566947310917 ], [ -76.25830779838067, 8.186368937929355 ], [ -76.258205580494391, 8.185221975292976 ], [ -76.256295144132039, 8.181598489452755 ], [ -76.255486112944141, 8.181076908353468 ], [ -76.252935568906025, 8.180942489284593 ], [ -76.251366123361848, 8.179128056044057 ], [ -76.249412305181508, 8.178331714038668 ], [ -76.248718133369991, 8.177528593241805 ], [ -76.248571477149056, 8.175636443596851 ], [ -76.24995159116294, 8.174268376810621 ], [ -76.250054861990137, 8.173400009402362 ], [ -76.246697350628352, 8.169889290211042 ], [ -76.243845147933868, 8.169336791008242 ], [ -76.238137651805062, 8.170005746273633 ], [ -76.235604168884947, 8.167073643023761 ], [ -76.234568253114233, 8.167715948243531 ], [ -76.234020658184789, 8.169401915678229 ], [ -76.23166370447484, 8.17015080976519 ], [ -76.230174642990747, 8.17166966020363 ], [ -76.229292721605077, 8.171865610187799 ], [ -76.225645447602076, 8.169135212975435 ], [ -76.222393408667202, 8.169417839596607 ], [ -76.217586321218121, 8.166954564412528 ], [ -76.210877288143521, 8.165526869994395 ], [ -76.209292231090217, 8.163892790835336 ], [ -76.207331894838433, 8.163429745803674 ], [ -76.205427947720281, 8.164099602746752 ], [ -76.20503401711791, 8.165830176838535 ], [ -76.203539971081682, 8.167788873675827 ], [ -76.20146641864477, 8.167699353434719 ], [ -76.200165404505796, 8.1666889200632 ], [ -76.197282865731609, 8.166070483782264 ], [ -76.194954206642905, 8.159382590299423 ], [ -76.194079731856164, 8.159171994256585 ], [ -76.1924082953105, 8.159802323327588 ], [ -76.189993943317162, 8.158662578144948 ], [ -76.187360757797663, 8.15891299096586 ], [ -76.184421229687075, 8.158397542793045 ], [ -76.183342151094664, 8.155769720837187 ], [ -76.181786574826759, 8.154117953333609 ], [ -76.17873154028868, 8.153531330627038 ], [ -76.174043702139144, 8.153809989398821 ], [ -76.167232582768264, 8.154399834251583 ], [ -76.162133642431655, 8.15573625835038 ], [ -76.161862539987354, 8.155278619062861 ], [ -76.162696443487363, 8.153218238977802 ], [ -76.166925931638872, 8.152641790256538 ], [ -76.167076953436847, 8.152153289462177 ], [ -76.16599428008746, 8.150657448702622 ], [ -76.163090442178699, 8.149610882723513 ], [ -76.159711308619194, 8.14944654932504 ], [ -76.157970606842639, 8.150612636720181 ], [ -76.151195314781432, 8.148849455351002 ], [ -76.148096503443426, 8.149075683074226 ], [ -76.14591389042026, 8.150167476652195 ], [ -76.142352478166941, 8.149281201728328 ], [ -76.140960875887046, 8.149288286202356 ], [ -76.139573192137419, 8.150060414047513 ], [ -76.137688131356285, 8.148930495461538 ], [ -76.138174940529908, 8.145740443375294 ], [ -76.139997589782126, 8.145428135272462 ], [ -76.140641602143234, 8.14468370149409 ], [ -76.141086812108, 8.142601410863861 ], [ -76.142825047968373, 8.140010469527049 ], [ -76.140504529637667, 8.137543456493304 ], [ -76.138488624112185, 8.137448497111821 ], [ -76.13787109446713, 8.133237896594324 ], [ -76.139263320253733, 8.133169746465434 ], [ -76.140617955361293, 8.132025673515173 ], [ -76.141899096655862, 8.129197980993846 ], [ -76.142107173633093, 8.126983338985086 ], [ -76.143189972296483, 8.125618322249489 ], [ -76.142032489687736, 8.124211771996723 ], [ -76.142333824897577, 8.123603087643179 ], [ -76.141619363960288, 8.123294285482732 ], [ -76.142004830879799, 8.121339367458187 ], [ -76.139684588547453, 8.120358937457446 ], [ -76.13936446517917, 8.118746743393997 ], [ -76.138209381230809, 8.118395176895554 ], [ -76.138075265448037, 8.117625766553395 ], [ -76.143143209321551, 8.114272036027305 ], [ -76.145656609580868, 8.11315351826573 ], [ -76.148057391503315, 8.107612529256702 ], [ -76.147386035093319, 8.105344652254804 ], [ -76.147682247779869, 8.10462589983316 ], [ -76.14965870038516, 8.104077921470223 ], [ -76.150637589952154, 8.10198097286821 ], [ -76.152042879327709, 8.101166923549373 ], [ -76.152600727791764, 8.098116254605054 ], [ -76.155019731631597, 8.097085300703565 ], [ -76.157142188527402, 8.094611947320454 ], [ -76.156614467181981, 8.092001716896725 ], [ -76.154935384671589, 8.092046127233207 ], [ -76.153356767009413, 8.090393432300591 ], [ -76.151735258884386, 8.091084846498541 ], [ -76.150171159560898, 8.09044786759484 ], [ -76.149345501889286, 8.088491579570904 ], [ -76.146309893566922, 8.089262470241732 ], [ -76.14561230865867, 8.088895424295258 ], [ -76.144695769610337, 8.085576803789738 ], [ -76.145916053838647, 8.08458144470325 ], [ -76.146045032294779, 8.08352882518491 ], [ -76.146751308738601, 8.082779309665483 ], [ -76.146420962910881, 8.081977662021869 ], [ -76.146993287964833, 8.081305332481991 ], [ -76.146381287772826, 8.079787692779789 ], [ -76.148120778109316, 8.07748368858757 ], [ -76.148678227267766, 8.073894620447918 ], [ -76.147998143579088, 8.07224838950091 ], [ -76.145669113067498, 8.072172012206934 ], [ -76.144791262327686, 8.069036973362856 ], [ -76.145313049233749, 8.067862828500312 ], [ -76.149293510640874, 8.067531898653021 ], [ -76.149986730848127, 8.06705022439856 ], [ -76.151739936118304, 8.067447788148062 ], [ -76.153872437781516, 8.066958814872002 ], [ -76.155408649843821, 8.067142287950899 ], [ -76.155814370423116, 8.066733788992671 ], [ -76.155588218977897, 8.064726647384447 ], [ -76.157671865963266, 8.064070550137531 ], [ -76.16161056017431, 8.064122253925767 ], [ -76.166140901249534, 8.063447851724566 ], [ -76.170687248659561, 8.05889408220615 ], [ -76.177244237886697, 8.05912894728649 ], [ -76.185304911418513, 8.056959780370279 ], [ -76.188024100829409, 8.058154088508138 ], [ -76.190015752092918, 8.057359656411116 ], [ -76.191378507544115, 8.057410010123983 ], [ -76.192493983855272, 8.057882410469221 ], [ -76.193402849408898, 8.059216549496815 ], [ -76.196533837700571, 8.059793282636262 ], [ -76.197437806675637, 8.064236376654067 ], [ -76.19812653432372, 8.065531789952376 ], [ -76.196758349840167, 8.067666649184105 ], [ -76.197387247013026, 8.068665519732305 ], [ -76.199907553756631, 8.068963259676762 ], [ -76.202171745015846, 8.070744578605071 ], [ -76.205454114047257, 8.071067174868846 ], [ -76.207377341461992, 8.071864047254214 ], [ -76.209250166618304, 8.074484110164205 ], [ -76.211798072316341, 8.076205541057121 ], [ -76.211474652091596, 8.077656015038807 ], [ -76.211870641830103, 8.07905970134199 ], [ -76.217283583556082, 8.079275264271155 ], [ -76.220659160191289, 8.080961535578247 ], [ -76.2234314613723, 8.081269738419509 ], [ -76.227050616956575, 8.078417727246432 ], [ -76.22883950997975, 8.079071778495617 ], [ -76.23095027300424, 8.078128291159679 ], [ -76.234364113516435, 8.078641034747111 ], [ -76.237684429961149, 8.077805888390825 ], [ -76.239686733796404, 8.078125222439441 ], [ -76.240360504246652, 8.077619613794614 ], [ -76.240423378738498, 8.075912326065851 ], [ -76.241244870047495, 8.074900268325916 ], [ -76.247789332473104, 8.074112534519372 ], [ -76.249006921176132, 8.073030267727241 ], [ -76.253541728865059, 8.0708744484962 ], [ -76.256543608940717, 8.067042969049885 ], [ -76.257453443771936, 8.064492064533903 ], [ -76.258099087417136, 8.064118074244469 ], [ -76.259206237289405, 8.064817424713317 ], [ -76.261445104042181, 8.064088293541417 ], [ -76.26301761245368, 8.06434287948866 ], [ -76.264957435056388, 8.065994031002612 ], [ -76.264284173055302, 8.067922106098838 ], [ -76.264950099379931, 8.069089970454419 ], [ -76.26770795980832, 8.068967644705864 ], [ -76.269013018004728, 8.071323583366528 ], [ -76.272420028715715, 8.071067189012563 ], [ -76.273314871387967, 8.070201757174235 ], [ -76.273874469109685, 8.067222404609714 ], [ -76.27704190478714, 8.065381845222998 ], [ -76.279837190599025, 8.064649633275142 ], [ -76.28043408809053, 8.06210195778797 ], [ -76.280680760576985, 8.062767929661788 ], [ -76.282952387090447, 8.063765384422814 ], [ -76.282008527671437, 8.065035484060031 ], [ -76.281931529530738, 8.066851118443191 ], [ -76.282574571622376, 8.06765465738291 ], [ -76.282613640136844, 8.06913693617504 ], [ -76.28493623623342, 8.073310102699816 ], [ -76.283959465894455, 8.074911415235796 ], [ -76.28407011854199, 8.078026620339537 ], [ -76.287880196950724, 8.078974199063326 ], [ -76.290256090360046, 8.078874514215945 ], [ -76.292273148309022, 8.077736042271741 ], [ -76.29332844115892, 8.076422639809911 ], [ -76.294899914102501, 8.076041187709233 ], [ -76.295253189305313, 8.076371146273894 ], [ -76.29594654091953, 8.078263943706894 ], [ -76.295467986207086, 8.080795417931434 ], [ -76.297689396316429, 8.081539070812902 ], [ -76.299253700114747, 8.082973035586804 ], [ -76.299753018331984, 8.086546659913759 ], [ -76.299667366835692, 8.08797989048773 ], [ -76.298921152164809, 8.08933906549391 ], [ -76.300493119618082, 8.090964366614028 ], [ -76.301006210026188, 8.094610500098533 ], [ -76.302087469770726, 8.096116568298054 ], [ -76.303102545147283, 8.100146919082233 ], [ -76.303124001284758, 8.102841724904206 ], [ -76.301957072628639, 8.103517459591176 ], [ -76.303653977855831, 8.108480629866618 ], [ -76.30428926439383, 8.108840527583604 ], [ -76.304688370541527, 8.108130731282396 ], [ -76.305215369960806, 8.108151630124548 ], [ -76.307662891084533, 8.111595153659906 ], [ -76.309509997128657, 8.11332537948527 ], [ -76.311974860238749, 8.114290780031409 ], [ -76.313365871215964, 8.114344124815434 ], [ -76.314229624922817, 8.116538709811175 ], [ -76.315574301821286, 8.11677037551655 ], [ -76.320407721022264, 8.121669527339238 ], [ -76.326451053118205, 8.121313435143255 ], [ -76.325758560240445, 8.123575573786111 ], [ -76.327275505001467, 8.125363179089335 ], [ -76.328362063100784, 8.127995645130175 ], [ -76.327903648948549, 8.129971393747713 ], [ -76.326829837170891, 8.13165215132231 ], [ -76.32553281835412, 8.132577264460485 ], [ -76.325443922868843, 8.133844751311639 ], [ -76.327463409977412, 8.137314864980093 ], [ -76.332909966890824, 8.142154675701748 ], [ -76.334327753444143, 8.146856157170175 ], [ -76.334331620570254, 8.148333547888027 ], [ -76.333649185169818, 8.149566101796065 ], [ -76.33188824014762, 8.15051203608453 ], [ -76.331147758581267, 8.15145939113742 ], [ -76.331169848617805, 8.153147026173365 ], [ -76.332520304236866, 8.155661366066488 ], [ -76.338039203077983, 8.160278204052801 ], [ -76.343400824702201, 8.167241234643242 ], [ -76.34958237494854, 8.172130406257496 ], [ -76.353000894561973, 8.181584660566628 ], [ -76.353690451328688, 8.191046445023106 ], [ -76.353356160866014, 8.194239020784096 ], [ -76.351808138872812, 8.199306508168606 ], [ -76.351411883352739, 8.203343248906268 ], [ -76.347575510783045, 8.209037770268933 ], [ -76.344216953146798, 8.210067331330768 ], [ -76.343059365555462, 8.210933619118977 ], [ -76.342536500125334, 8.213844074973263 ], [ -76.339504729758389, 8.220416952763729 ], [ -76.337418871791172, 8.222527064569144 ], [ -76.334970242835126, 8.22853824819785 ], [ -76.33321896026824, 8.230137244697875 ], [ -76.333961352003499, 8.231926599945947 ], [ -76.334075565736683, 8.237085272436278 ], [ -76.32804125255899, 8.242091657190356 ], [ -76.328802680241438, 8.245137370332255 ], [ -76.326366111768252, 8.251628536607289 ], [ -76.324919400231821, 8.25216153702263 ], [ -76.324396175419409, 8.253303057828186 ], [ -76.322979416192297, 8.253100297283003 ], [ -76.319092905462881, 8.254088110050231 ], [ -76.317574589191864, 8.252987133228906 ], [ -76.314857045282736, 8.252801517103382 ], [ -76.313585881769043, 8.252072323648241 ], [ -76.312277428863894, 8.253246221744911 ], [ -76.310432763513845, 8.252950519278688 ], [ -76.309265901507587, 8.251991233487759 ], [ -76.308509244445716, 8.252287098248576 ], [ -76.308160128406399, 8.253315450837835 ], [ -76.304238343937811, 8.253638489802928 ], [ -76.303179563623075, 8.251886447996769 ], [ -76.301102392467399, 8.251209497039619 ], [ -76.297380047890812, 8.253083596003108 ], [ -76.296184555552429, 8.256018692696601 ], [ -76.295186885779827, 8.256582578644821 ] ] ] } },
{ "type": "Feature", "properties": { "FID_Cuenca": 0, "CODIGO": null, "AH": "1", "ZH": "13", "SZH": "1302", "COD_POMCA": "Quebrada Las Parumas", "POMCA": "1003-00-48", "NOM_NSS": "Quebrada Las Parumas", "COD_NSS": null, "NOMENCLAT": "Subcuenca Quebrada Las Parumas", "IND_COMPAC": 1.8, "FORM_IND_C": 1003.0, "IND_SIN": 1.92, "TIPO_DRENA": 1014.0, "DEN_CORRIE": 0.0, "DEN_DREN": 2.38, "TIEM_CONC": 385.10656165099999, "MET_T_CONC": "Metodologia Temez: Tc=0.3(L/(S^0.25))^0.75; Donde: L es la Longitud del cauce (km) y S es el porcentaje de pendiente del cauce.", "CAUD_MED": 4.77, "T_CORRIEN": "PERMANENTE", "TIPO_FUEN": 2211.0, "Q_TOTAL": 3.94, "Q_MAX": 29.82, "Q_MIN": 0.0, "Q_AMBIENTA": 0.78, "Q_DISPONIB": 2.17, "REND_HID": 23.56, "ESCORR": 305.99, "AREA_ha_": 20248.324500899998, "OBSERV_": null, "SHAPE_Leng": 91315.242783399997, "SHAPE_Area": 202483245.009 }, "geometry": { "type": "Polygon", "coordinates": [ [ [ -76.136935552727792, 8.151228491721747 ], [ -76.140960875887046, 8.149288286202356 ], [ -76.142352478166941, 8.149281201728328 ], [ -76.14591389042026, 8.150167476652195 ], [ -76.148096503443426, 8.149075683074226 ], [ -76.151195314781432, 8.148849455351002 ], [ -76.157970606842639, 8.150612636720181 ], [ -76.159711308619194, 8.14944654932504 ], [ -76.163090442178699, 8.149610882723513 ], [ -76.16599428008746, 8.150657448702622 ], [ -76.167076953436847, 8.152153289462177 ], [ -76.166925931638872, 8.152641790256538 ], [ -76.162696443487363, 8.153218238977802 ], [ -76.161862539987354, 8.155278619062861 ], [ -76.162133642431655, 8.15573625835038 ], [ -76.167232582768264, 8.154399834251583 ], [ -76.174043702139144, 8.153809989398821 ], [ -76.17873154028868, 8.153531330627038 ], [ -76.181786574826759, 8.154117953333609 ], [ -76.183342151094664, 8.155769720837187 ], [ -76.184421229687075, 8.158397542793045 ], [ -76.187360757797663, 8.15891299096586 ], [ -76.189993943317162, 8.158662578144948 ], [ -76.1924082953105, 8.159802323327588 ], [ -76.194079731856164, 8.159171994256585 ], [ -76.194954206642905, 8.159382590299423 ], [ -76.197282865731609, 8.166070483782264 ], [ -76.200165404505796, 8.1666889200632 ], [ -76.20146641864477, 8.167699353434719 ], [ -76.203539971081682, 8.167788873675827 ], [ -76.20503401711791, 8.165830176838535 ], [ -76.205427947720281, 8.164099602746752 ], [ -76.207331894838433, 8.163429745803674 ], [ -76.209292231090217, 8.163892790835336 ], [ -76.210877288143521, 8.165526869994395 ], [ -76.217586321218121, 8.166954564412528 ], [ -76.222393408667202, 8.169417839596607 ], [ -76.225645447602076, 8.169135212975435 ], [ -76.229292721605077, 8.171865610187799 ], [ -76.230174642990747, 8.17166966020363 ], [ -76.23166370447484, 8.17015080976519 ], [ -76.234020658184789, 8.169401915678229 ], [ -76.234568253114233, 8.167715948243531 ], [ -76.235604168884947, 8.167073643023761 ], [ -76.238137651805062, 8.170005746273633 ], [ -76.243845147933868, 8.169336791008242 ], [ -76.246697350628352, 8.169889290211042 ], [ -76.250054861990137, 8.173400009402362 ], [ -76.24995159116294, 8.174268376810621 ], [ -76.248571477149056, 8.175636443596851 ], [ -76.248718133369991, 8.177528593241805 ], [ -76.249412305181508, 8.178331714038668 ], [ -76.251366123361848, 8.179128056044057 ], [ -76.252935568906025, 8.180942489284593 ], [ -76.255486112944141, 8.181076908353468 ], [ -76.256295144132039, 8.181598489452755 ], [ -76.258205580494391, 8.185221975292976 ], [ -76.25830779838067, 8.186368937929355 ], [ -76.256664791959793, 8.189566947310917 ], [ -76.255766332515051, 8.193370395929689 ], [ -76.254026848230055, 8.194718556271164 ], [ -76.253781157056125, 8.195427517720246 ], [ -76.256488075621931, 8.199008446939331 ], [ -76.258482265649988, 8.200617557420667 ], [ -76.25843627757537, 8.2038678869077 ], [ -76.259021902715233, 8.204773163837743 ], [ -76.262771331299319, 8.205900348250607 ], [ -76.264629726553977, 8.2122493701171 ], [ -76.268076329402291, 8.215976837150281 ], [ -76.2711517799505, 8.22150395211807 ], [ -76.273575286022663, 8.224536378614109 ], [ -76.273322339604405, 8.226536325711278 ], [ -76.272600556822894, 8.227936397629568 ], [ -76.272699622117443, 8.231400036513998 ], [ -76.271999082935693, 8.233172931119196 ], [ -76.272168621919548, 8.236069446743025 ], [ -76.273074993766826, 8.236810363736414 ], [ -76.273630812414069, 8.238385135696182 ], [ -76.272504206397798, 8.238831176678195 ], [ -76.272496820711467, 8.239667937224587 ], [ -76.273096169958535, 8.24039175993709 ], [ -76.270657932162536, 8.240850447555706 ], [ -76.270109408887834, 8.240381297184809 ], [ -76.26988573717064, 8.238983999973989 ], [ -76.267846592180078, 8.239096741186763 ], [ -76.266652604730439, 8.236891920493242 ], [ -76.266360694178516, 8.235082604891115 ], [ -76.264910687872131, 8.235413246775614 ], [ -76.263261885840024, 8.234501832899456 ], [ -76.260484307556737, 8.234516949676449 ], [ -76.258402087483972, 8.232239222478309 ], [ -76.256448055959225, 8.232554640530648 ], [ -76.253325881597902, 8.230987763654388 ], [ -76.25143235917011, 8.229199048029301 ], [ -76.250520927231946, 8.229281676421412 ], [ -76.249949187567054, 8.230049782410125 ], [ -76.248658702523812, 8.229931251306541 ], [ -76.246928542844273, 8.228392644720516 ], [ -76.245638262755946, 8.226104568517494 ], [ -76.242790776818353, 8.226056571994359 ], [ -76.241822160832953, 8.225330243905526 ], [ -76.240629176750701, 8.225709614158346 ], [ -76.238949830124071, 8.224018878352718 ], [ -76.236691859264894, 8.223156026265745 ], [ -76.233092094376275, 8.223110800654851 ], [ -76.231374390500278, 8.22097555894217 ], [ -76.231041696940565, 8.219356451047279 ], [ -76.229246028909458, 8.218777953616085 ], [ -76.226154472182245, 8.220860050580676 ], [ -76.224904988136359, 8.225456874539264 ], [ -76.223980689010844, 8.226272261510944 ], [ -76.221995593492565, 8.226619951771832 ], [ -76.221605436488304, 8.227697852771534 ], [ -76.219095386031015, 8.229497102993015 ], [ -76.217720148636545, 8.232143780496731 ], [ -76.217051289116469, 8.232269272082641 ], [ -76.215959339276097, 8.231364227148179 ], [ -76.213710344370512, 8.230838287934827 ], [ -76.207846616840598, 8.231529280427791 ], [ -76.20534220472608, 8.230359149031781 ], [ -76.201802345823253, 8.230772361718738 ], [ -76.200519623552367, 8.231890838759506 ], [ -76.197120453480863, 8.237101491774744 ], [ -76.196073672093121, 8.237917481984839 ], [ -76.196233482794341, 8.239537562515567 ], [ -76.19574877649481, 8.24045099539258 ], [ -76.19337277360799, 8.241776057463159 ], [ -76.191909327298632, 8.244121928926376 ], [ -76.189622697440484, 8.245140966749718 ], [ -76.188832224546772, 8.247229867827016 ], [ -76.187392559837122, 8.248638432972385 ], [ -76.186299919230862, 8.250771958205757 ], [ -76.184260422504693, 8.250854411676741 ], [ -76.183282275208086, 8.249688081353886 ], [ -76.182008202752556, 8.249288346363837 ], [ -76.176167330544487, 8.249844951843501 ], [ -76.169889804890317, 8.251802364148029 ], [ -76.167958461313773, 8.251920033726815 ], [ -76.166707503257399, 8.251352772077988 ], [ -76.166193227864753, 8.249395008532122 ], [ -76.165094500201278, 8.248318188098203 ], [ -76.163774257133156, 8.248265294013605 ], [ -76.1618043859431, 8.250188179471886 ], [ -76.160666005072116, 8.250492948869253 ], [ -76.157178968690687, 8.249136355894473 ], [ -76.155202807200865, 8.249863849110064 ], [ -76.154485024439012, 8.250285961639094 ], [ -76.154554077992969, 8.252018936302147 ], [ -76.153842847145427, 8.253696186893126 ], [ -76.153065369531092, 8.254178377612789 ], [ -76.152040409470303, 8.253227366335365 ], [ -76.149772014900051, 8.255450609868845 ], [ -76.148568365820523, 8.255897954953699 ], [ -76.144822211568936, 8.255486968727867 ], [ -76.142305249160472, 8.25607375340762 ], [ -76.140857455384051, 8.254574999260228 ], [ -76.139992357721937, 8.254364282238754 ], [ -76.137381456763023, 8.250719752808727 ], [ -76.133692873038328, 8.247511075724949 ], [ -76.13030861960236, 8.247456699785555 ], [ -76.128367643087188, 8.248040438910831 ], [ -76.125712589733055, 8.249775426879806 ], [ -76.123626004724585, 8.250035558583184 ], [ -76.123587604354086, 8.250968185603544 ], [ -76.124979063089825, 8.25272552113776 ], [ -76.124226524261061, 8.257592350908979 ], [ -76.12336592729244, 8.258256623954322 ], [ -76.120773709248041, 8.258226829949576 ], [ -76.118136565282043, 8.260664610575946 ], [ -76.113317441713008, 8.259775848452394 ], [ -76.111014670638028, 8.260031424960152 ], [ -76.110146990595169, 8.259318572665082 ], [ -76.10779756856121, 8.258900141522044 ], [ -76.106362976935628, 8.259968963325109 ], [ -76.105805933986034, 8.261482072397209 ], [ -76.103458473197804, 8.261450929869959 ], [ -76.102657399621762, 8.262502189269044 ], [ -76.099128663443153, 8.262390928987964 ], [ -76.096273163142712, 8.261573319472541 ], [ -76.093077555757517, 8.262981924557666 ], [ -76.092534869443554, 8.267481029335158 ], [ -76.09321854737486, 8.268826045300704 ], [ -76.093446878252223, 8.271249255722134 ], [ -76.092774783928348, 8.272185092544079 ], [ -76.090432849633743, 8.273258452684427 ], [ -76.090151968828167, 8.274271465391516 ], [ -76.090735227375816, 8.27569110799919 ], [ -76.090091558106735, 8.276555073439715 ], [ -76.089252534784777, 8.276762526154126 ], [ -76.087613515372567, 8.275407967030377 ], [ -76.085750671153747, 8.274879383831102 ], [ -76.083385552524234, 8.27469999425924 ], [ -76.082835210281885, 8.275037483382112 ], [ -76.082324195413534, 8.276032273742048 ], [ -76.082703841911268, 8.277536638258187 ], [ -76.082348087668578, 8.280754190785641 ], [ -76.080550587126524, 8.282472711504655 ], [ -76.079450011051478, 8.284361073382875 ], [ -76.079221775956171, 8.286693354066362 ], [ -76.075487552584406, 8.289909919769046 ], [ -76.075371463336992, 8.290687548519854 ], [ -76.076429219546128, 8.292194498928618 ], [ -76.076930762782197, 8.29406884841752 ], [ -76.076597042924234, 8.295247622514539 ], [ -76.075218990703476, 8.295672942528423 ], [ -76.074502827058538, 8.296453578372869 ], [ -76.072009961288146, 8.301905399578729 ], [ -76.071606196286538, 8.305135159344966 ], [ -76.070889709530647, 8.305856023534089 ], [ -76.070108084519674, 8.30556107213059 ], [ -76.069499251458055, 8.303830702573908 ], [ -76.066737943007027, 8.303665189299693 ], [ -76.064390380885811, 8.302242355339949 ], [ -76.062124072294068, 8.302222918831314 ], [ -76.063268346829972, 8.298714158800912 ], [ -76.062681605759309, 8.296593937842463 ], [ -76.064514378622349, 8.294461658794148 ], [ -76.064447834755313, 8.292683140050386 ], [ -76.065031746735528, 8.291374782923777 ], [ -76.063332166985276, 8.289912829285592 ], [ -76.063860708015355, 8.2876149049016 ], [ -76.063237666686291, 8.285430305928273 ], [ -76.06307243253903, 8.281199180720499 ], [ -76.064651181134721, 8.280115406357401 ], [ -76.070551727523195, 8.27929699004015 ], [ -76.071592024063321, 8.278538656460867 ], [ -76.07226726341807, 8.277221196065272 ], [ -76.070711276296535, 8.275769015035422 ], [ -76.070476147232981, 8.274832946788253 ], [ -76.072309085376176, 8.272758044915557 ], [ -76.073880025208069, 8.272042487334227 ], [ -76.075081450601303, 8.27081051530141 ], [ -76.075249720690493, 8.2684785314678 ], [ -76.074647157468803, 8.263209571043721 ], [ -76.074893574001024, 8.262096564502629 ], [ -76.07452796936937, 8.260986613018796 ], [ -76.072826898886532, 8.259201909246098 ], [ -76.07216969383073, 8.257376130317009 ], [ -76.07302507083358, 8.255650405674487 ], [ -76.072840384408025, 8.254718867246101 ], [ -76.073665338154356, 8.25410507120619 ], [ -76.072941364039991, 8.253319675353033 ], [ -76.07347344849245, 8.251739016548431 ], [ -76.070187159679023, 8.249711137387035 ], [ -76.069927430833218, 8.248170283219372 ], [ -76.070427839284122, 8.24745051728646 ], [ -76.070873558617279, 8.243001181746337 ], [ -76.067836668255595, 8.240434063744175 ], [ -76.0667742740184, 8.237235487821993 ], [ -76.067307633794698, 8.235905876691291 ], [ -76.0684792616603, 8.235096143614205 ], [ -76.06849991566483, 8.234426581016434 ], [ -76.069518299231092, 8.233224072512575 ], [ -76.068681333163539, 8.232869585222616 ], [ -76.067332576219201, 8.233837426254228 ], [ -76.065777671370583, 8.233895340706688 ], [ -76.064550556649053, 8.233270209663763 ], [ -76.063880722129952, 8.232259768565909 ], [ -76.063486903659722, 8.230289194539184 ], [ -76.061650849177539, 8.230274360160815 ], [ -76.060792470474624, 8.231402342618455 ], [ -76.060139733258978, 8.230449189356223 ], [ -76.060708517066743, 8.228999862556639 ], [ -76.060284013631815, 8.228093400625959 ], [ -76.060989730326796, 8.226189119205094 ], [ -76.060720391845237, 8.225114525947024 ], [ -76.059790669269432, 8.224240840531786 ], [ -76.06002946938915, 8.221585717329933 ], [ -76.060675769477655, 8.221247798194801 ], [ -76.062839512762793, 8.222014173861076 ], [ -76.063678096485205, 8.221735073170906 ], [ -76.063444933788858, 8.220696167337675 ], [ -76.061832099389889, 8.219350859703615 ], [ -76.061924955638659, 8.218719192945581 ], [ -76.062594248652076, 8.218180319343546 ], [ -76.064228712420544, 8.218688691360752 ], [ -76.067424889277277, 8.216664505320594 ], [ -76.06648068310318, 8.212116837795092 ], [ -76.064647129593425, 8.210174891431764 ], [ -76.064021372675441, 8.207882680061433 ], [ -76.061804743206068, 8.206114749723378 ], [ -76.062050142522594, 8.205271929686351 ], [ -76.064158514420086, 8.204572945592856 ], [ -76.065393172858009, 8.201908134021414 ], [ -76.064013305822883, 8.200011114744115 ], [ -76.06282256711475, 8.19948101095518 ], [ -76.062291111448815, 8.196741983443392 ], [ -76.061087847104886, 8.196060508519384 ], [ -76.061833757408778, 8.195249896068628 ], [ -76.062615838442639, 8.190405740602612 ], [ -76.063608906913728, 8.188747518120136 ], [ -76.065754247285057, 8.187370380148765 ], [ -76.068690554157271, 8.186698398833792 ], [ -76.07175694137014, 8.18805804645754 ], [ -76.07227147988705, 8.188981987930225 ], [ -76.074341328409304, 8.189001638130494 ], [ -76.076285825357772, 8.18794598379379 ], [ -76.080098981596009, 8.184431361411631 ], [ -76.079980711615192, 8.180799917834596 ], [ -76.080505517843491, 8.180175677471629 ], [ -76.084481892029785, 8.178769213135135 ], [ -76.088610353970623, 8.178987776044019 ], [ -76.090775966499407, 8.180172442914104 ], [ -76.092792568164541, 8.180353659895573 ], [ -76.09470621233578, 8.179148659552014 ], [ -76.095364380150002, 8.176419750976127 ], [ -76.097601914631497, 8.17580473566343 ], [ -76.095768068890692, 8.17378641699392 ], [ -76.09586824407782, 8.170802077867553 ], [ -76.09665028192444, 8.169803561617506 ], [ -76.099237025434078, 8.168853410540656 ], [ -76.100101999002888, 8.169078612594191 ], [ -76.101583557451619, 8.169759777390405 ], [ -76.101550564094794, 8.170831060803605 ], [ -76.10199419480827, 8.171249636929423 ], [ -76.106475467321033, 8.172929485978264 ], [ -76.105662081674751, 8.171518163973914 ], [ -76.105887022078321, 8.170445921163926 ], [ -76.107479994969424, 8.170380547924152 ], [ -76.109211982729747, 8.171232566252604 ], [ -76.109627614591432, 8.169910714707779 ], [ -76.111770948787765, 8.169070307332774 ], [ -76.115175216579331, 8.16503545436098 ], [ -76.114422012390435, 8.159646012271258 ], [ -76.115242542513201, 8.157903611192138 ], [ -76.116430900577427, 8.157139264690342 ], [ -76.121466712732101, 8.156540080062303 ], [ -76.123286840840862, 8.155861452064222 ], [ -76.125495548497284, 8.153744846416645 ], [ -76.127890951987737, 8.152955706305992 ], [ -76.128805774710685, 8.150022284491325 ], [ -76.133113640083707, 8.148943116132454 ], [ -76.134486980687797, 8.149117855881782 ], [ -76.135806419814855, 8.148135696030447 ], [ -76.136565874837871, 8.148380488637354 ], [ -76.136935552727792, 8.151228491721747 ] ] ] } },
{ "type": "Feature", "properties": { "FID_Cuenca": 0, "CODIGO": null, "AH": "1", "ZH": "13", "SZH": "1302", "COD_POMCA": "Quebrada Jaraguay", "POMCA": "1003-00-19", "NOM_NSS": "Quebrada Jaraguay", "COD_NSS": null, "NOMENCLAT": "Subcuenca Quebrada Jaraguay", "IND_COMPAC": 1.47, "FORM_IND_C": 1002.0, "IND_SIN": 2.49, "TIPO_DRENA": 1015.0, "DEN_CORRIE": 0.0, "DEN_DREN": 3.32, "TIEM_CONC": 420.14285763599997, "MET_T_CONC": "Metodologia Temez: Tc=0.3(L/(S^0.25))^0.75; Donde: L es la Longitud del cauce (km) y S es el porcentaje de pendiente del cauce.", "CAUD_MED": 15.25, "T_CORRIEN": "PERMANENTE", "TIPO_FUEN": 2211.0, "Q_TOTAL": 17.22, "Q_MAX": 88.02, "Q_MIN": 6.42, "Q_AMBIENTA": 3.18, "Q_DISPONIB": 9.73, "REND_HID": 46.95, "ESCORR": 215.36, "AREA_ha_": 32482.848536400001, "OBSERV_": null, "SHAPE_Leng": 94887.880695800006, "SHAPE_Area": 324828485.36400002 }, "geometry": { "type": "Polygon", "coordinates": [ [ [ -76.182908953606599, 8.388676201447542 ], [ -76.183199144666062, 8.385499739486507 ], [ -76.180541780457375, 8.38063678612288 ], [ -76.181518244287105, 8.37650036316554 ], [ -76.181240690789991, 8.374885694268137 ], [ -76.179639696994769, 8.375381935064217 ], [ -76.178617573883955, 8.374593645478516 ], [ -76.176268810292868, 8.375323364128214 ], [ -76.17449923432126, 8.374825925235797 ], [ -76.173534172718917, 8.373932122896722 ], [ -76.170328624381483, 8.374264706589305 ], [ -76.165935525858274, 8.37339859792039 ], [ -76.161715144973158, 8.374460884195463 ], [ -76.159568963870839, 8.373116631970852 ], [ -76.15724937426414, 8.373021268645827 ], [ -76.155162919016689, 8.372071153251399 ], [ -76.153029706402265, 8.37271592885423 ], [ -76.15040005431463, 8.372740697737992 ], [ -76.149582391975173, 8.374741304745969 ], [ -76.148023350463006, 8.375012471906317 ], [ -76.146364109765656, 8.374495192431738 ], [ -76.143175676218704, 8.371944656539018 ], [ -76.141326162815645, 8.371763060150309 ], [ -76.139816893671352, 8.372368645821494 ], [ -76.137057133697226, 8.37257431178225 ], [ -76.135776738339317, 8.371050863509126 ], [ -76.135766816581366, 8.369162168090229 ], [ -76.134941809319926, 8.367492891084046 ], [ -76.131790325428923, 8.366242149448267 ], [ -76.130267907099054, 8.364337397673875 ], [ -76.129587849194309, 8.362834705972864 ], [ -76.1296247278365, 8.36070667770721 ], [ -76.128421937145063, 8.355644356230778 ], [ -76.122566008797392, 8.355961563169442 ], [ -76.115374651818101, 8.358006976001551 ], [ -76.113460487157141, 8.359236166081805 ], [ -76.107884845736237, 8.358069394764071 ], [ -76.106255263585766, 8.358627652179042 ], [ -76.102195231508475, 8.358074644611754 ], [ -76.099475492659138, 8.356725757266386 ], [ -76.098737945168608, 8.353358394684083 ], [ -76.098923347258463, 8.352066376278939 ], [ -76.099877801098728, 8.350937792075122 ], [ -76.100294640976998, 8.347970981901948 ], [ -76.10004793750366, 8.346681170626077 ], [ -76.098330870892681, 8.344227332250062 ], [ -76.098227352038023, 8.34276942681714 ], [ -76.098747236307844, 8.341164889691136 ], [ -76.102214560219466, 8.338535169023974 ], [ -76.102657732921301, 8.337188041985932 ], [ -76.102347825921015, 8.335276928261203 ], [ -76.100921440035435, 8.332994229518119 ], [ -76.098379382403536, 8.333485359492327 ], [ -76.095954028758868, 8.333330344728623 ], [ -76.095307612459195, 8.333668355600025 ], [ -76.094883122434283, 8.335152860458045 ], [ -76.094094754255607, 8.335898042466328 ], [ -76.092281260984947, 8.335167723371443 ], [ -76.09109429297979, 8.335424793350938 ], [ -76.090082593037678, 8.334748524782002 ], [ -76.087778286364482, 8.334796071442847 ], [ -76.086299407400716, 8.334301475546845 ], [ -76.082211357279235, 8.330556488387895 ], [ -76.082606160028845, 8.330303449735158 ], [ -76.082529579849819, 8.329407249986645 ], [ -76.081043609130049, 8.327513986444556 ], [ -76.079570596763503, 8.328166961303397 ], [ -76.07904512428496, 8.329396442550438 ], [ -76.076816306793148, 8.330124947173047 ], [ -76.075063038922892, 8.332321456337707 ], [ -76.073674498218196, 8.333069626260789 ], [ -76.072674641123569, 8.334724384983675 ], [ -76.072517393583482, 8.336853087372001 ], [ -76.071440175895773, 8.337456233296763 ], [ -76.070071981426153, 8.337487018867076 ], [ -76.069191160885467, 8.338949903079341 ], [ -76.070124079562575, 8.340480636676814 ], [ -76.070068184432017, 8.341293828647759 ], [ -76.067731613493223, 8.342094570206303 ], [ -76.066742889357243, 8.343767942398594 ], [ -76.065877706222722, 8.343581010855196 ], [ -76.064984045462211, 8.342509578255525 ], [ -76.065147494090894, 8.341600208893817 ], [ -76.063038115290695, 8.342232421025445 ], [ -76.06183685179478, 8.342047161952019 ], [ -76.060951441265999, 8.341322895407146 ], [ -76.061741060540868, 8.339675244749731 ], [ -76.062764452707597, 8.33886677048377 ], [ -76.061898447624628, 8.336214387801977 ], [ -76.062853700187659, 8.335224545590778 ], [ -76.062941520099969, 8.333598276757034 ], [ -76.064155250401257, 8.332454121399637 ], [ -76.069484928634026, 8.33062943229497 ], [ -76.071308719245721, 8.329020453663453 ], [ -76.071964756290129, 8.325837242946454 ], [ -76.073978076285002, 8.320954448603359 ], [ -76.073788739766968, 8.316747394322586 ], [ -76.075222574397287, 8.315473008442757 ], [ -76.075551002483891, 8.313965084979447 ], [ -76.074890790567721, 8.311577489963248 ], [ -76.07783908355664, 8.308357557849394 ], [ -76.077041150083275, 8.307213932447326 ], [ -76.07717439593803, 8.305085353539308 ], [ -76.076212563259446, 8.304755456911336 ], [ -76.074582260467537, 8.30514618472877 ], [ -76.072319366849328, 8.301956891437587 ], [ -76.074502827058538, 8.296453578372869 ], [ -76.075218990703476, 8.295672942528423 ], [ -76.076597042924234, 8.295247622514539 ], [ -76.076930762782197, 8.29406884841752 ], [ -76.076429219546128, 8.292194498928618 ], [ -76.075371463336992, 8.290687548519854 ], [ -76.075487552584406, 8.289909919769046 ], [ -76.079221775956171, 8.286693354066362 ], [ -76.079450011051478, 8.284361073382875 ], [ -76.080550587126524, 8.282472711504655 ], [ -76.082348087668578, 8.280754190785641 ], [ -76.082703841911268, 8.277536638258187 ], [ -76.082324195413534, 8.276032273742048 ], [ -76.082835210281885, 8.275037483382112 ], [ -76.083793518496563, 8.274685991298636 ], [ -76.087108513799279, 8.275219236139748 ], [ -76.089252534784777, 8.276762526154126 ], [ -76.090653104765551, 8.276062110318179 ], [ -76.090218584833266, 8.273603820990948 ], [ -76.091207724745956, 8.272709424929243 ], [ -76.092774783928348, 8.272185092544079 ], [ -76.093446878252223, 8.271249255722134 ], [ -76.09321854737486, 8.268826045300704 ], [ -76.092534869443554, 8.267481029335158 ], [ -76.09315599217264, 8.264248701924238 ], [ -76.09297003888652, 8.263078102307114 ], [ -76.096273163142712, 8.261573319472541 ], [ -76.099128663443153, 8.262390928987964 ], [ -76.102657399621762, 8.262502189269044 ], [ -76.103458473197804, 8.261450929869959 ], [ -76.105805933986034, 8.261482072397209 ], [ -76.106362976935628, 8.259968963325109 ], [ -76.10779756856121, 8.258900141522044 ], [ -76.110146990595169, 8.259318572665082 ], [ -76.111014670638028, 8.260031424960152 ], [ -76.113317441713008, 8.259775848452394 ], [ -76.118136565282043, 8.260664610575946 ], [ -76.120773709248041, 8.258226829949576 ], [ -76.12336592729244, 8.258256623954322 ], [ -76.124226524261061, 8.257592350908979 ], [ -76.124979063089825, 8.25272552113776 ], [ -76.123587604354086, 8.250968185603544 ], [ -76.123626004724585, 8.250035558583184 ], [ -76.125712589733055, 8.249775426879806 ], [ -76.128367643087188, 8.248040438910831 ], [ -76.13030861960236, 8.247456699785555 ], [ -76.133692873038328, 8.247511075724949 ], [ -76.137381456763023, 8.250719752808727 ], [ -76.139992357721937, 8.254364282238754 ], [ -76.140857455384051, 8.254574999260228 ], [ -76.142305249160472, 8.25607375340762 ], [ -76.144822211568936, 8.255486968727867 ], [ -76.148568365820523, 8.255897954953699 ], [ -76.149772014900051, 8.255450609868845 ], [ -76.152040409470303, 8.253227366335365 ], [ -76.153065369531092, 8.254178377612789 ], [ -76.153842847145427, 8.253696186893126 ], [ -76.154554077992969, 8.252018936302147 ], [ -76.154485024439012, 8.250285961639094 ], [ -76.155202807200865, 8.249863849110064 ], [ -76.157178968690687, 8.249136355894473 ], [ -76.160666005072116, 8.250492948869253 ], [ -76.1618043859431, 8.250188179471886 ], [ -76.163774257133156, 8.248265294013605 ], [ -76.165094500201278, 8.248318188098203 ], [ -76.166193227864753, 8.249395008532122 ], [ -76.166707503257399, 8.251352772077988 ], [ -76.167958461313773, 8.251920033726815 ], [ -76.169889804890317, 8.251802364148029 ], [ -76.176167330544487, 8.249844951843501 ], [ -76.182008202752556, 8.249288346363837 ], [ -76.183282275208086, 8.249688081353886 ], [ -76.184260422504693, 8.250854411676741 ], [ -76.186299919230862, 8.250771958205757 ], [ -76.187392559837122, 8.248638432972385 ], [ -76.188832224546772, 8.247229867827016 ], [ -76.189622697440484, 8.245140966749718 ], [ -76.191909327298632, 8.244121928926376 ], [ -76.19337277360799, 8.241776057463159 ], [ -76.19574877649481, 8.24045099539258 ], [ -76.196233482794341, 8.239537562515567 ], [ -76.196073672093121, 8.237917481984839 ], [ -76.197120453480863, 8.237101491774744 ], [ -76.200519623552367, 8.231890838759506 ], [ -76.201802345823253, 8.230772361718738 ], [ -76.20534220472608, 8.230359149031781 ], [ -76.207846616840598, 8.231529280427791 ], [ -76.213710344370512, 8.230838287934827 ], [ -76.215959339276097, 8.231364227148179 ], [ -76.217051289116469, 8.232269272082641 ], [ -76.217720148636545, 8.232143780496731 ], [ -76.219095386031015, 8.229497102993015 ], [ -76.221605436488304, 8.227697852771534 ], [ -76.221995593492565, 8.226619951771832 ], [ -76.223980689010844, 8.226272261510944 ], [ -76.224904988136359, 8.225456874539264 ], [ -76.226154472182245, 8.220860050580676 ], [ -76.229246028909458, 8.218777953616085 ], [ -76.231041696940565, 8.219356451047279 ], [ -76.231374390500278, 8.22097555894217 ], [ -76.233092094376275, 8.223110800654851 ], [ -76.236691859264894, 8.223156026265745 ], [ -76.238949830124071, 8.224018878352718 ], [ -76.240629176750701, 8.225709614158346 ], [ -76.241822160832953, 8.225330243905526 ], [ -76.242790776818353, 8.226056571994359 ], [ -76.245638262755946, 8.226104568517494 ], [ -76.246928542844273, 8.228392644720516 ], [ -76.248658702523812, 8.229931251306541 ], [ -76.249949187567054, 8.230049782410125 ], [ -76.250520927231946, 8.229281676421412 ], [ -76.25143235917011, 8.229199048029301 ], [ -76.253325881597902, 8.230987763654388 ], [ -76.256448055959225, 8.232554640530648 ], [ -76.258402087483972, 8.232239222478309 ], [ -76.260484307556737, 8.234516949676449 ], [ -76.263261885840024, 8.234501832899456 ], [ -76.264910687872131, 8.235413246775614 ], [ -76.266360694178516, 8.235082604891115 ], [ -76.266652604730439, 8.236891920493242 ], [ -76.267846592180078, 8.239096741186763 ], [ -76.26988573717064, 8.238983999973989 ], [ -76.270109408887834, 8.240381297184809 ], [ -76.270657932162536, 8.240850447555706 ], [ -76.273360922831841, 8.240533747822784 ], [ -76.274448287723388, 8.241890449006872 ], [ -76.274106011603564, 8.242920292201777 ], [ -76.274638359821765, 8.24371823453823 ], [ -76.276899862999713, 8.24475770761401 ], [ -76.278108855033508, 8.244237089908804 ], [ -76.279165965443553, 8.244458394708131 ], [ -76.280687022917618, 8.246123468242759 ], [ -76.282143989074285, 8.249211299266651 ], [ -76.284225428046966, 8.249836346064713 ], [ -76.286881962855475, 8.253249227048471 ], [ -76.288076071506964, 8.253544458030214 ], [ -76.29081508342226, 8.252797202029987 ], [ -76.292918482653008, 8.253442985000227 ], [ -76.29422520169264, 8.256627300812827 ], [ -76.295863331397655, 8.256510543772711 ], [ -76.297380047890812, 8.253083596003108 ], [ -76.301102392467399, 8.251209497039619 ], [ -76.303179563623075, 8.251886447996769 ], [ -76.304298369517369, 8.253644132825558 ], [ -76.308160128406399, 8.253315450837835 ], [ -76.308509244445716, 8.252287098248576 ], [ -76.309265901507587, 8.251991233487759 ], [ -76.310144051857449, 8.252818257104837 ], [ -76.311586162964332, 8.253221392000968 ], [ -76.312277428863894, 8.253246221744911 ], [ -76.313585881769043, 8.252072323648241 ], [ -76.314857045282736, 8.252801517103382 ], [ -76.316737784326691, 8.252685821112461 ], [ -76.319092905462881, 8.254088110050231 ], [ -76.322979416192297, 8.253100297283003 ], [ -76.324396175419409, 8.253303057828186 ], [ -76.324253150557169, 8.254579069062954 ], [ -76.324919399586349, 8.255930604580032 ], [ -76.325109756861565, 8.258709812921603 ], [ -76.324710007095121, 8.259452204904351 ], [ -76.324881329005322, 8.262002987618358 ], [ -76.324119900976143, 8.264744126116454 ], [ -76.32069347703569, 8.268094410178881 ], [ -76.317496025663985, 8.26878866257883 ], [ -76.314126164793223, 8.271254332580467 ], [ -76.313440880152442, 8.272358402020586 ], [ -76.3135931660387, 8.275137612005404 ], [ -76.31102334777394, 8.278735358412977 ], [ -76.310699741425012, 8.281057712134915 ], [ -76.308910386382152, 8.282961280030792 ], [ -76.307121031688027, 8.283970172839743 ], [ -76.303275823233349, 8.284522206837218 ], [ -76.303656535651101, 8.288386451338923 ], [ -76.303085465680653, 8.293868728650928 ], [ -76.29975422038531, 8.298894152440749 ], [ -76.300393019121216, 8.301632397945736 ], [ -76.301895698590158, 8.30374972385291 ], [ -76.303639675266666, 8.307900388344914 ], [ -76.303430398181149, 8.311179062248096 ], [ -76.301372506400867, 8.312888159888914 ], [ -76.297954312879682, 8.31320207419361 ], [ -76.297814794587623, 8.313690387976697 ], [ -76.294745397126476, 8.315085570056251 ], [ -76.2905598538742, 8.321887074918459 ], [ -76.289199552860154, 8.326247018075351 ], [ -76.288024828564389, 8.328230272151535 ], [ -76.285968975233047, 8.328901281904697 ], [ -76.277345807852413, 8.340379800104492 ], [ -76.271064030639465, 8.345790695422769 ], [ -76.270227411899555, 8.347618119852465 ], [ -76.268685522172007, 8.349317057178927 ], [ -76.268214387850605, 8.351430016963239 ], [ -76.261518584610641, 8.356626760388496 ], [ -76.257292662140742, 8.357983051890729 ], [ -76.250168555591785, 8.362380298344421 ], [ -76.248388124224931, 8.365845981172894 ], [ -76.24386714797852, 8.368587122216338 ], [ -76.242877293444067, 8.369986245143323 ], [ -76.237242729300178, 8.37012901237004 ], [ -76.2348442317288, 8.3725941326241 ], [ -76.233492699037754, 8.374897450618183 ], [ -76.231275040822837, 8.376448859846093 ], [ -76.230684935437154, 8.37773376809645 ], [ -76.228267402199208, 8.378980608417555 ], [ -76.226002154787139, 8.381236334763196 ], [ -76.222347302959278, 8.3821024590174 ], [ -76.219853627649016, 8.382102459074309 ], [ -76.218654379817764, 8.383092314730254 ], [ -76.218009546154775, 8.384370085189392 ], [ -76.212464211567934, 8.386097098293012 ], [ -76.205716059886754, 8.387277310859552 ], [ -76.199879677734302, 8.38739496436374 ], [ -76.19523215403072, 8.391040228406306 ], [ -76.191488721212224, 8.392024089912482 ], [ -76.184763762565197, 8.392423228333801 ], [ -76.183054618856019, 8.393380609719772 ], [ -76.184536535868858, 8.39132282652487 ], [ -76.184356518588714, 8.389994534804824 ], [ -76.182908953606599, 8.388676201447542 ] ] ] } },
{ "type": "Feature", "properties": { "FID_Cuenca": 0, "CODIGO": null, "AH": "1", "ZH": "13", "SZH": "1302", "COD_POMCA": "Quebrada Matamoros", "POMCA": "1003-00-18", "NOM_NSS": "Quebrada Matamoros", "COD_NSS": null, "NOMENCLAT": "Subcuenca Quebrada Matamoros", "IND_COMPAC": 1.87, "FORM_IND_C": 1003.0, "IND_SIN": 1.69, "TIPO_DRENA": 1013.0, "DEN_CORRIE": 0.0, "DEN_DREN": 2.53, "TIEM_CONC": 184.53232544, "MET_T_CONC": "Metodologia Temez: Tc=0.3(L/(S^0.25))^0.75; Donde: L es la Longitud del cauce (km) y S es el porcentaje de pendiente del cauce.", "CAUD_MED": 8.82, "T_CORRIEN": "EFIMERO", "TIPO_FUEN": 2211.0, "Q_TOTAL": 2.63, "Q_MAX": 5.39, "Q_MIN": 2.2, "Q_AMBIENTA": 0.62, "Q_DISPONIB": 1.36, "REND_HID": 112.77, "ESCORR": 249.2, "AREA_ha_": 7821.5324019500003, "OBSERV_": null, "SHAPE_Leng": 58947.948515999997, "SHAPE_Area": 78215324.019500002 }, "geometry": { "type": "Polygon", "coordinates": [ [ [ -76.145406548847575, 8.453636254831268 ], [ -76.142466735073072, 8.453249648466404 ], [ -76.140954455587334, 8.451988110585461 ], [ -76.140374252620163, 8.448768365875674 ], [ -76.138814894054747, 8.446775475702195 ], [ -76.139609253100517, 8.444433085234024 ], [ -76.137601311172588, 8.444780754107647 ], [ -76.135770218870107, 8.447236177539134 ], [ -76.133445168031642, 8.447104955662416 ], [ -76.130726011339064, 8.44827876199026 ], [ -76.129631152114015, 8.447842200826534 ], [ -76.127598281957063, 8.444840413929724 ], [ -76.126030548129933, 8.443521709340637 ], [ -76.122407162222004, 8.441699701452604 ], [ -76.12255059911665, 8.441053196847747 ], [ -76.123884793702928, 8.439984733694684 ], [ -76.125840501110488, 8.439285932924312 ], [ -76.126811710495474, 8.434948678841931 ], [ -76.131042203843506, 8.431254251453378 ], [ -76.1316531879324, 8.429644422358658 ], [ -76.130241257726126, 8.426897586877223 ], [ -76.130240061542509, 8.424009709469315 ], [ -76.127492020049132, 8.419672766524821 ], [ -76.127606904850694, 8.418691923955182 ], [ -76.129732811034827, 8.416600812857086 ], [ -76.130216126771543, 8.414912759202194 ], [ -76.130006821744672, 8.413921661132237 ], [ -76.12866851477925, 8.412828867830697 ], [ -76.129109971782185, 8.410029300477106 ], [ -76.128563667507805, 8.408872600872607 ], [ -76.127722149453163, 8.408121258875013 ], [ -76.12480034505883, 8.407239916879309 ], [ -76.12162965025982, 8.406969505476827 ], [ -76.118360856008564, 8.408600293265822 ], [ -76.117496525817842, 8.408604778176434 ], [ -76.111674730849217, 8.404116225938987 ], [ -76.109641539819094, 8.400970805202745 ], [ -76.104631031578876, 8.400100066493245 ], [ -76.101466104320849, 8.400802143264052 ], [ -76.101115546133528, 8.397019818066704 ], [ -76.101583133614255, 8.39458829657319 ], [ -76.100904949615142, 8.393444165240286 ], [ -76.100132221797466, 8.392587420550969 ], [ -76.098172040303524, 8.39238708062754 ], [ -76.093489589045475, 8.389465504043574 ], [ -76.092630100786522, 8.386677352413267 ], [ -76.090316409632919, 8.384998916448652 ], [ -76.088907362586369, 8.379447299078404 ], [ -76.087675579288373, 8.379184600426086 ], [ -76.08600131807971, 8.380418455774452 ], [ -76.084529758337041, 8.380216739290921 ], [ -76.083043957010801, 8.377235677580384 ], [ -76.081931454570096, 8.376822921411303 ], [ -76.08153582101049, 8.375749027519509 ], [ -76.079642002932886, 8.375131024750445 ], [ -76.079717670225406, 8.372321336106863 ], [ -76.077929302514974, 8.370958020131317 ], [ -76.076243892792647, 8.368126158323513 ], [ -76.079713194205098, 8.364866536583291 ], [ -76.079935312120099, 8.363230042693388 ], [ -76.081503199638419, 8.36280610011009 ], [ -76.082736276689531, 8.36168088673765 ], [ -76.082020359015559, 8.359704854504901 ], [ -76.083669592308439, 8.355464609844505 ], [ -76.080909153683407, 8.353656729268936 ], [ -76.080789768547916, 8.351431406444318 ], [ -76.078050943461449, 8.351038824237339 ], [ -76.076866214837622, 8.354105168272564 ], [ -76.074591233814402, 8.355216449375749 ], [ -76.072502863263793, 8.355274819705048 ], [ -76.069931389056592, 8.358303967383595 ], [ -76.068105787344734, 8.358097974492484 ], [ -76.067908881060305, 8.357142599036305 ], [ -76.067065492636203, 8.356525202237604 ], [ -76.068665575738819, 8.354867421770216 ], [ -76.068468551295013, 8.353888137276892 ], [ -76.066666724756217, 8.353634195541785 ], [ -76.064544101672539, 8.351660391762433 ], [ -76.063079821840049, 8.351824290647588 ], [ -76.062901536195369, 8.350683975700861 ], [ -76.064089064589481, 8.348623021011207 ], [ -76.065022226183231, 8.348008654219194 ], [ -76.067218979207325, 8.348033489310986 ], [ -76.067503421379129, 8.347314784562721 ], [ -76.066815432016966, 8.346565100876852 ], [ -76.066336785886136, 8.344487404388238 ], [ -76.067731613493223, 8.342094570206303 ], [ -76.070068184432017, 8.341293828647759 ], [ -76.070124079562575, 8.340480636676814 ], [ -76.069191160885467, 8.338949903079341 ], [ -76.069881269151125, 8.337750978456324 ], [ -76.072159129612103, 8.337213526446291 ], [ -76.072674641123569, 8.334724384983675 ], [ -76.073674498218196, 8.333069626260789 ], [ -76.075063038922892, 8.332321456337707 ], [ -76.076816306793148, 8.330124947173047 ], [ -76.07904512428496, 8.329396442550438 ], [ -76.079570596763503, 8.328166961303397 ], [ -76.080360567041069, 8.32773261433238 ], [ -76.081043609130049, 8.327513986444556 ], [ -76.08162209678045, 8.327977292801217 ], [ -76.082529579849819, 8.329407249986645 ], [ -76.082606160028845, 8.330303449735158 ], [ -76.082211357279235, 8.330556488387895 ], [ -76.083732075094403, 8.332198523531984 ], [ -76.086299407400716, 8.334301475546845 ], [ -76.087778286364482, 8.334796071442847 ], [ -76.090082593037678, 8.334748524782002 ], [ -76.09109429297979, 8.335424793350938 ], [ -76.092281260984947, 8.335167723371443 ], [ -76.094094754255607, 8.335898042466328 ], [ -76.094883122434283, 8.335152860458045 ], [ -76.095307612459195, 8.333668355600025 ], [ -76.095954028758868, 8.333330344728623 ], [ -76.098379382403536, 8.333485359492327 ], [ -76.100368715537613, 8.332877504102459 ], [ -76.101528590624923, 8.333517841584838 ], [ -76.102657732921301, 8.337188041985932 ], [ -76.102214560219466, 8.338535169023974 ], [ -76.098747236307844, 8.341164889691136 ], [ -76.098231653530561, 8.343606210732574 ], [ -76.10004793750366, 8.346681170626077 ], [ -76.100294640976998, 8.347970981901948 ], [ -76.099877801098728, 8.350937792075122 ], [ -76.098923347258463, 8.352066376278939 ], [ -76.098737945168608, 8.353358394684083 ], [ -76.099304738760395, 8.356200638347199 ], [ -76.099475492659138, 8.356725757266386 ], [ -76.102195231508475, 8.358074644611754 ], [ -76.106255263585766, 8.358627652179042 ], [ -76.107884845736237, 8.358069394764071 ], [ -76.113460487157141, 8.359236166081805 ], [ -76.115374651818101, 8.358006976001551 ], [ -76.122566008797392, 8.355961563169442 ], [ -76.128421937145063, 8.355644356230778 ], [ -76.1296247278365, 8.36070667770721 ], [ -76.129587849194309, 8.362834705972864 ], [ -76.130267907099054, 8.364337397673875 ], [ -76.131790325428923, 8.366242149448267 ], [ -76.134941809319926, 8.367492891084046 ], [ -76.135766816581366, 8.369162168090229 ], [ -76.135776738339317, 8.371050863509126 ], [ -76.137057133697226, 8.37257431178225 ], [ -76.139816893671352, 8.372368645821494 ], [ -76.141326162815645, 8.371763060150309 ], [ -76.143175676218704, 8.371944656539018 ], [ -76.146364109765656, 8.374495192431738 ], [ -76.148023350463006, 8.375012471906317 ], [ -76.149582391975173, 8.374741304745969 ], [ -76.15040005431463, 8.372740697737992 ], [ -76.153029706402265, 8.37271592885423 ], [ -76.155162919016689, 8.372071153251399 ], [ -76.15724937426414, 8.373021268645827 ], [ -76.159568963870839, 8.373116631970852 ], [ -76.161715144973158, 8.374460884195463 ], [ -76.165935525858274, 8.37339859792039 ], [ -76.170328624381483, 8.374264706589305 ], [ -76.173534172718917, 8.373932122896722 ], [ -76.17449923432126, 8.374825925235797 ], [ -76.176268810292868, 8.375323364128214 ], [ -76.178617573883955, 8.374593645478516 ], [ -76.179639696994769, 8.375381935064217 ], [ -76.181471766919074, 8.374999218827599 ], [ -76.180541780457375, 8.38063678612288 ], [ -76.183199144666062, 8.385499739486507 ], [ -76.182908953606599, 8.388676201447542 ], [ -76.184356518588714, 8.389994534804824 ], [ -76.184536535868858, 8.39132282652487 ], [ -76.18042895075564, 8.396064368971745 ], [ -76.180710887035858, 8.399909169743283 ], [ -76.182499163972082, 8.400554176588527 ], [ -76.185010423198065, 8.402990403214236 ], [ -76.183613182963342, 8.404668542929134 ], [ -76.177767841118893, 8.407320650063062 ], [ -76.177789473312529, 8.41133699987078 ], [ -76.180798089443414, 8.41425538959167 ], [ -76.180229043066944, 8.415585299583711 ], [ -76.178612582103483, 8.416358986407774 ], [ -76.179095842105042, 8.419153579760003 ], [ -76.175837002966446, 8.420354424626185 ], [ -76.174814077992764, 8.422117093696087 ], [ -76.174824381583875, 8.424029643577162 ], [ -76.172334877487927, 8.42542957599308 ], [ -76.171538795281606, 8.426963909680826 ], [ -76.16782173715643, 8.430717674256163 ], [ -76.167914108846759, 8.431821716134214 ], [ -76.168941248673377, 8.432619536768236 ], [ -76.170756164305686, 8.432566821100304 ], [ -76.172005461683653, 8.431814235323845 ], [ -76.172814123163533, 8.432168529449804 ], [ -76.169072623961796, 8.435616853734025 ], [ -76.167534126677126, 8.438852590905114 ], [ -76.166126175485388, 8.439577326969211 ], [ -76.164949883025685, 8.443198436357166 ], [ -76.163665562200933, 8.445486072706215 ], [ -76.16375647240703, 8.446317576492639 ], [ -76.164725717580126, 8.447058330728566 ], [ -76.164902760806214, 8.447831996061776 ], [ -76.164080291782852, 8.45027496420828 ], [ -76.163005252140536, 8.450910444287135 ], [ -76.16081502547803, 8.45084560466624 ], [ -76.15813028735009, 8.451701439316134 ], [ -76.157183474277758, 8.454250260171671 ], [ -76.15571928045982, 8.456300411250712 ], [ -76.155769036609968, 8.457519445154484 ], [ -76.155117823500277, 8.458326206928604 ], [ -76.155335761320103, 8.459719591740907 ], [ -76.154835806493892, 8.460523160107746 ], [ -76.154087229301737, 8.460861846064352 ], [ -76.15251208304413, 8.460427914559716 ], [ -76.151810537802405, 8.457216030175374 ], [ -76.145406548847575, 8.453636254831268 ] ] ] } },
{ "type": "Feature", "properties": { "FID_Cuenca": 0, "CODIGO": null, "AH": "1", "ZH": "13", "SZH": "1302", "COD_POMCA": "Quebrada El Cucharo", "POMCA": "1003-00-47", "NOM_NSS": "Quebrada El Cucharo", "COD_NSS": null, "NOMENCLAT": "Subcuenca Quebrada El Cucharo", "IND_COMPAC": 1.62, "FORM_IND_C": 1003.0, "IND_SIN": 1.43, "TIPO_DRENA": 1012.0, "DEN_CORRIE": 0.0, "DEN_DREN": 2.04, "TIEM_CONC": 204.76029284500001, "MET_T_CONC": "Metodologia Temez: Tc=0.3(L/(S^0.25))^0.75; Donde: L es la Longitud del cauce (km) y S es el porcentaje de pendiente del cauce.", "CAUD_MED": 2.49, "T_CORRIEN": "PERMANENTE", "TIPO_FUEN": 2211.0, "Q_TOTAL": 7.63, "Q_MAX": 39.11, "Q_MIN": 1.43, "Q_AMBIENTA": 1.52, "Q_DISPONIB": 4.2, "REND_HID": 15.0, "ESCORR": 277.62, "AREA_ha_": 16601.5655477, "OBSERV_": null, "SHAPE_Leng": 74766.468906099995, "SHAPE_Area": 166015655.477 }, "geometry": { "type": "Polygon", "coordinates": [ [ [ -76.056506596729022, 8.5092835435631 ], [ -76.054842598041148, 8.507953095102 ], [ -76.050775270839651, 8.506127970977595 ], [ -76.048167096176385, 8.503319899976571 ], [ -76.045257364512793, 8.5025934381082 ], [ -76.044797521217447, 8.501902392052298 ], [ -76.045002202129226, 8.499653880572207 ], [ -76.044587226477731, 8.498340964691881 ], [ -76.042791569266598, 8.495749085138323 ], [ -76.034493215490031, 8.494677891301787 ], [ -76.03063329028754, 8.495706707748312 ], [ -76.025896726444728, 8.493658215633307 ], [ -76.023175226128842, 8.493952827610768 ], [ -76.018669990379365, 8.493527000213614 ], [ -76.01716569243321, 8.492876976584387 ], [ -76.014780027459508, 8.490079452854037 ], [ -76.011447240931446, 8.489976459110435 ], [ -76.010694055318567, 8.489442225482676 ], [ -76.010301406085091, 8.488965977483101 ], [ -76.011075783477068, 8.487736757925793 ], [ -76.01086385251449, 8.487379161883434 ], [ -76.008854633640837, 8.487807544998741 ], [ -76.006321190386288, 8.483553038200764 ], [ -76.004331119380097, 8.483705476281024 ], [ -76.002104923041088, 8.482760072276404 ], [ -76.000303761745229, 8.482768956849295 ], [ -75.998185603450551, 8.485439380789641 ], [ -75.996927303100975, 8.485953664590252 ], [ -75.996174881422419, 8.485568830544828 ], [ -75.994867874810197, 8.482317519096794 ], [ -75.993723431896157, 8.481575955225614 ], [ -75.992965213464387, 8.482387642933688 ], [ -75.992440456953247, 8.482000199037092 ], [ -75.990007024255775, 8.477995242172137 ], [ -75.987199292240788, 8.475997367480081 ], [ -75.989454802805071, 8.47559498207867 ], [ -75.991246895554028, 8.473757078049143 ], [ -75.993379685593467, 8.475252950623959 ], [ -75.994817748937436, 8.474672048665115 ], [ -75.995391977138411, 8.474238847130058 ], [ -75.994911601433373, 8.471802382127994 ], [ -75.995388285320601, 8.471070784816547 ], [ -75.996610552794451, 8.470562669776589 ], [ -75.998089862051714, 8.468618687656761 ], [ -76.000225383339256, 8.468249532229013 ], [ -76.002117663827079, 8.467259905752531 ], [ -76.004197053363754, 8.465265132951131 ], [ -76.005766410984549, 8.462125195072188 ], [ -76.004674598934812, 8.459883045779433 ], [ -76.002450318998712, 8.46171115920035 ], [ -76.000624766637955, 8.461624503641829 ], [ -75.999561739262688, 8.460338591830514 ], [ -76.000675457741622, 8.457320458608113 ], [ -76.001727560874215, 8.456406704979184 ], [ -76.005325116647967, 8.455480414268417 ], [ -76.005270077463379, 8.454070000829526 ], [ -76.006873282994675, 8.452914423040967 ], [ -76.005941042304983, 8.448949972144204 ], [ -76.005382441764766, 8.447685496644468 ], [ -76.004423873126484, 8.446999780176258 ], [ -76.007357940716531, 8.446203532948998 ], [ -76.010975173877398, 8.444188023109502 ], [ -76.012832822218002, 8.443987571006833 ], [ -76.014192820791962, 8.442334041613444 ], [ -76.015129319442053, 8.442329411334335 ], [ -76.015702882846455, 8.441776649029803 ], [ -76.01557792856714, 8.440796965312224 ], [ -76.014323547779611, 8.439655495603985 ], [ -76.014003359992159, 8.438047150204252 ], [ -76.016147292704474, 8.436996476878683 ], [ -76.014339925254404, 8.434405474428033 ], [ -76.01455869230044, 8.433836278780774 ], [ -76.01423206214406, 8.433904062731651 ], [ -76.013551946041559, 8.431785004527505 ], [ -76.014339456057058, 8.431120409283276 ], [ -76.014500913744385, 8.428824268275291 ], [ -76.015764242448583, 8.427914239522796 ], [ -76.017922878294129, 8.42741581296192 ], [ -76.018648265631214, 8.42553291810516 ], [ -76.020765464517538, 8.422509815979357 ], [ -76.018493176234443, 8.418868726306703 ], [ -76.018505560308895, 8.417318115210213 ], [ -76.017333385337238, 8.414689428089469 ], [ -76.019645052382927, 8.41180367392653 ], [ -76.020423898965873, 8.409088458812073 ], [ -76.020729895687964, 8.404506494143382 ], [ -76.021355699144635, 8.403122538721092 ], [ -76.023755652082713, 8.402895490089259 ], [ -76.025906307269906, 8.40082861552618 ], [ -76.027608751596418, 8.400365902514594 ], [ -76.028725751430287, 8.398065040620716 ], [ -76.029252654211163, 8.397799422663786 ], [ -76.032889748949387, 8.400100612588883 ], [ -76.034498772662261, 8.400164346573963 ], [ -76.037364381249233, 8.394653885842397 ], [ -76.036957073265498, 8.392432323225581 ], [ -76.034935986684161, 8.390386142870428 ], [ -76.036591969433999, 8.388809448178783 ], [ -76.038130336802865, 8.388199280067553 ], [ -76.038894977394818, 8.388425007803459 ], [ -76.039704995880854, 8.38908088034111 ], [ -76.039846457164003, 8.391432872641403 ], [ -76.040927523150117, 8.391556599304975 ], [ -76.04141659147885, 8.391410705737593 ], [ -76.042555045468148, 8.388621967391423 ], [ -76.041868403304193, 8.386717411984757 ], [ -76.042742950154064, 8.385881004154482 ], [ -76.045193444453503, 8.386184389723931 ], [ -76.046638023264848, 8.386980535017239 ], [ -76.048677704512329, 8.386804652123836 ], [ -76.04931979547456, 8.385582062508592 ], [ -76.047296192507019, 8.384229338178143 ], [ -76.046167152671103, 8.38172448348069 ], [ -76.046018230014383, 8.380756894665378 ], [ -76.046627018359302, 8.38007243818724 ], [ -76.046657979120809, 8.379068087579888 ], [ -76.045821392805763, 8.377422508464331 ], [ -76.045742335477726, 8.376024199368217 ], [ -76.046421701766377, 8.375052480033263 ], [ -76.049663708065069, 8.375215621088403 ], [ -76.051505392649531, 8.376210611416164 ], [ -76.054707947482328, 8.375692489716647 ], [ -76.055570246405665, 8.375293666205385 ], [ -76.056320157682364, 8.374034670190515 ], [ -76.059103342473151, 8.373261794065565 ], [ -76.061572526427199, 8.371585313839553 ], [ -76.063922471753429, 8.372912419142011 ], [ -76.064716235488518, 8.37415170391864 ], [ -76.065753277705255, 8.37412735621098 ], [ -76.066320109518998, 8.372870895467372 ], [ -76.065699288952743, 8.368809460183535 ], [ -76.067730821865908, 8.367006046197858 ], [ -76.070149524175122, 8.363443354041426 ], [ -76.069419231668348, 8.361462575551808 ], [ -76.069555381565706, 8.359907795915863 ], [ -76.070200289220281, 8.359259000444917 ], [ -76.069931357414319, 8.358303990134214 ], [ -76.072502863263793, 8.355274819705048 ], [ -76.074591233814402, 8.355216449375749 ], [ -76.076866214837622, 8.354105168272564 ], [ -76.07774129756956, 8.35151856952157 ], [ -76.078626037622016, 8.350820713877082 ], [ -76.080789768547916, 8.351431406444318 ], [ -76.080909153683407, 8.353656729268936 ], [ -76.083089773058873, 8.354750280659273 ], [ -76.083644010707928, 8.356095936217541 ], [ -76.082020359015559, 8.359704854504901 ], [ -76.082736276689531, 8.36168088673765 ], [ -76.081503199638419, 8.36280610011009 ], [ -76.079935312120099, 8.363230042693388 ], [ -76.079713194205098, 8.364866536583291 ], [ -76.076243892792647, 8.368126158323513 ], [ -76.077929302514974, 8.370958020131317 ], [ -76.079717670225406, 8.372321336106863 ], [ -76.079642002932886, 8.375131024750445 ], [ -76.08153582101049, 8.375749027519509 ], [ -76.081931454570096, 8.376822921411303 ], [ -76.083043957010801, 8.377235677580384 ], [ -76.084017597111981, 8.379830823819706 ], [ -76.08600131807971, 8.380418455774452 ], [ -76.087675579288373, 8.379184600426086 ], [ -76.088907362586369, 8.379447299078404 ], [ -76.090316409632919, 8.384998916448652 ], [ -76.092630100786522, 8.386677352413267 ], [ -76.093489589045475, 8.389465504043574 ], [ -76.098172040303524, 8.39238708062754 ], [ -76.100132221797466, 8.392587420550969 ], [ -76.100904949615142, 8.393444165240286 ], [ -76.101583133614255, 8.39458829657319 ], [ -76.101115546133528, 8.397019818066704 ], [ -76.101466104320849, 8.400802143264052 ], [ -76.104631031578876, 8.400100066493245 ], [ -76.109641539819094, 8.400970805202745 ], [ -76.111674730849217, 8.404116225938987 ], [ -76.117496525817842, 8.408604778176434 ], [ -76.118360856008564, 8.408600293265822 ], [ -76.12162965025982, 8.406969505476827 ], [ -76.123250823710521, 8.407068665778283 ], [ -76.127722149453163, 8.408121258875013 ], [ -76.128939203502497, 8.409516164425295 ], [ -76.12866851477925, 8.412828867830697 ], [ -76.130006821744672, 8.413921661132237 ], [ -76.130216126771543, 8.414912759202194 ], [ -76.129732811034827, 8.416600812857086 ], [ -76.127606904850694, 8.418691923955182 ], [ -76.127492020049132, 8.419672766524821 ], [ -76.130240061542509, 8.424009709469315 ], [ -76.130241257726126, 8.426897586877223 ], [ -76.1316531879324, 8.429644422358658 ], [ -76.131042203843506, 8.431254251453378 ], [ -76.126811710495474, 8.434948678841931 ], [ -76.125840501110488, 8.439285932924312 ], [ -76.1228230080591, 8.440807940702166 ], [ -76.122613207942024, 8.442069204678523 ], [ -76.126030548129933, 8.443521709340637 ], [ -76.127598281957063, 8.444840413929724 ], [ -76.129631152114015, 8.447842200826534 ], [ -76.130726011339064, 8.44827876199026 ], [ -76.133445168031642, 8.447104955662416 ], [ -76.135770218870107, 8.447236177539134 ], [ -76.137601311172588, 8.444780754107647 ], [ -76.139609253100517, 8.444433085234024 ], [ -76.138814894054747, 8.446775475702195 ], [ -76.140374252620163, 8.448768365875674 ], [ -76.141382875029237, 8.452627781994309 ], [ -76.143293003564906, 8.453521424942751 ], [ -76.145406548847575, 8.453636254831268 ], [ -76.151587310750969, 8.45700802101169 ], [ -76.152258719849399, 8.457954796420326 ], [ -76.152167354381035, 8.459951587622056 ], [ -76.153708248701577, 8.461747087507163 ], [ -76.153597042102817, 8.46396767986815 ], [ -76.152138387685156, 8.467800681749278 ], [ -76.151412508318714, 8.468569585413531 ], [ -76.149474825420612, 8.46905805112846 ], [ -76.147494049911131, 8.468666899057903 ], [ -76.14529164381463, 8.469940900609952 ], [ -76.143587778651238, 8.46994626957591 ], [ -76.141696092317432, 8.472072106396705 ], [ -76.141435213351571, 8.474485802934941 ], [ -76.138442537673939, 8.475912196969785 ], [ -76.136171151268144, 8.475529747379007 ], [ -76.135633390694522, 8.475998745352564 ], [ -76.13434602700876, 8.47776277678291 ], [ -76.133823656155954, 8.481136572373151 ], [ -76.132197983870071, 8.482507902398256 ], [ -76.131535642458857, 8.484400133085309 ], [ -76.130890321378018, 8.484977328098429 ], [ -76.12966377241726, 8.484912076354693 ], [ -76.127229253692249, 8.483203493495061 ], [ -76.125931527862051, 8.482923511438312 ], [ -76.119961560192451, 8.484227143020407 ], [ -76.117211111405354, 8.48180289148511 ], [ -76.115194479512184, 8.481634104728881 ], [ -76.114369406429347, 8.482283941130015 ], [ -76.113979035218748, 8.483397719456123 ], [ -76.114034334319328, 8.487055412119037 ], [ -76.11235229592684, 8.48914422682798 ], [ -76.110241293006538, 8.490800143898273 ], [ -76.110049834758499, 8.495487194228609 ], [ -76.107796036339892, 8.496180342576864 ], [ -76.108088931452798, 8.497075381636737 ], [ -76.107780638522186, 8.497818151465362 ], [ -76.104745331529799, 8.498973033619707 ], [ -76.102226251490109, 8.50210150681859 ], [ -76.096695551641929, 8.502184055505218 ], [ -76.095726744907282, 8.500623067392418 ], [ -76.094788087936124, 8.500233440960208 ], [ -76.093869323425821, 8.499054724069627 ], [ -76.093126446952695, 8.499082465408875 ], [ -76.090702381662155, 8.501677148263759 ], [ -76.091450209208503, 8.504614046447946 ], [ -76.091239939525963, 8.50573884275301 ], [ -76.087470630626697, 8.50828071062066 ], [ -76.085773612246783, 8.508663743375376 ], [ -76.083930906139216, 8.506234560515523 ], [ -76.085060735268598, 8.504593371312218 ], [ -76.084896705623933, 8.503532668753618 ], [ -76.083332765065052, 8.501937033152112 ], [ -76.079513631194231, 8.500671600696238 ], [ -76.078314287370546, 8.500677768474805 ], [ -76.076337539144646, 8.501554608538974 ], [ -76.074755094104006, 8.500920735547172 ], [ -76.07220026472514, 8.501196822518367 ], [ -76.070341230034586, 8.501911676675483 ], [ -76.06848875086655, 8.501287571038279 ], [ -76.067619880096942, 8.500407561901003 ], [ -76.066770261965047, 8.500746436257733 ], [ -76.066437741800257, 8.501465406175901 ], [ -76.067219572836819, 8.504626365833456 ], [ -76.066938476292592, 8.506002572843602 ], [ -76.066150820846516, 8.506951007283368 ], [ -76.060899172180157, 8.508508008688297 ], [ -76.058458794735628, 8.508126255004495 ], [ -76.056506596729022, 8.5092835435631 ] ] ] } },
{ "type": "Feature", "properties": { "FID_Cuenca": 0, "CODIGO": null, "AH": "1", "ZH": "13", "SZH": "1303", "COD_POMCA": "Arroyo La Vaina", "POMCA": "1003-00-44", "NOM_NSS": "Arroyo La Vaina", "COD_NSS": null, "NOMENCLAT": "Subcuenca Arroyo La Vaina", "IND_COMPAC": 1.73, "FORM_IND_C": 1003.0, "IND_SIN": 1.45, "TIPO_DRENA": 1012.0, "DEN_CORRIE": 0.0, "DEN_DREN": 1.12, "TIEM_CONC": 195.67084983399999, "MET_T_CONC": "Metodologia Temez: Tc=0.3(L/(S^0.25))^0.75; Donde: L es la Longitud del cauce (km) y S es el porcentaje de pendiente del cauce.", "CAUD_MED": 5.88, "T_CORRIEN": "EFIMERO", "TIPO_FUEN": 2212.0, "Q_TOTAL": 4.06, "Q_MAX": 23.63, "Q_MIN": 0.31, "Q_AMBIENTA": 0.38, "Q_DISPONIB": 1.38, "REND_HID": 81.97, "ESCORR": 184.48, "AREA_ha_": 4635.2901773499998, "OBSERV_": null, "SHAPE_Leng": 42099.372658799999, "SHAPE_Area": 46352901.773500003 }, "geometry": { "type": "Polygon", "coordinates": [ [ [ -75.898065220343994, 9.243802566583229 ], [ -75.895681101193603, 9.243513380488441 ], [ -75.895085755106081, 9.242870813745132 ], [ -75.895344508964641, 9.239828091906867 ], [ -75.893724248595362, 9.239248093902598 ], [ -75.892704214238691, 9.237445617994851 ], [ -75.888972633128631, 9.236259367387387 ], [ -75.886597126916584, 9.237648589501115 ], [ -75.885281360630373, 9.237310902423262 ], [ -75.884625908552977, 9.236202357914024 ], [ -75.883903488188409, 9.236119913801996 ], [ -75.882571692826446, 9.236886967546551 ], [ -75.881506524424324, 9.238972545726785 ], [ -75.879670008178195, 9.238521410474103 ], [ -75.880222171959915, 9.237071730752028 ], [ -75.878461215886389, 9.235320739256938 ], [ -75.880017875952532, 9.234758203585329 ], [ -75.879971495666311, 9.233209025415283 ], [ -75.879024419770104, 9.232486890596229 ], [ -75.87644572904567, 9.231951448634963 ], [ -75.876497011782718, 9.230674359585787 ], [ -75.878341621261143, 9.229947801070265 ], [ -75.87852365325584, 9.228827868130594 ], [ -75.878158519122152, 9.228011951383573 ], [ -75.876349309733982, 9.227174570284763 ], [ -75.876731705074945, 9.225699756227044 ], [ -75.876013262636974, 9.224498249412987 ], [ -75.874858221236678, 9.224523152902815 ], [ -75.874072071267307, 9.225158324658004 ], [ -75.873858857920808, 9.228679053120405 ], [ -75.87305809175065, 9.230232470739548 ], [ -75.87182689058514, 9.230429905675276 ], [ -75.870978908947123, 9.231215224529741 ], [ -75.870087770434353, 9.231080987808967 ], [ -75.869277645634057, 9.232691834271803 ], [ -75.867229616238419, 9.232969244298715 ], [ -75.865276915601484, 9.23204464936061 ], [ -75.862962664212077, 9.229844398685001 ], [ -75.862981365170199, 9.22474826669402 ], [ -75.861452361287562, 9.224588478274168 ], [ -75.860577114435984, 9.222823411290033 ], [ -75.859110932401776, 9.222392308798579 ], [ -75.857298593220804, 9.220918800839549 ], [ -75.857344327617099, 9.220440355921298 ], [ -75.859984162194621, 9.21877560742981 ], [ -75.859883199232797, 9.21783879947556 ], [ -75.860515158105997, 9.217166162758909 ], [ -75.862975767261148, 9.216427072617774 ], [ -75.863741038615359, 9.215466840295742 ], [ -75.863930000005297, 9.214758139512481 ], [ -75.862500268137538, 9.213751409571557 ], [ -75.862797921713053, 9.211684030900813 ], [ -75.864005591166816, 9.210904787906065 ], [ -75.864475711308984, 9.21172264628996 ], [ -75.864986074385683, 9.211758370353978 ], [ -75.866809689507377, 9.209311291021548 ], [ -75.865874360047087, 9.207077878226359 ], [ -75.863210455208872, 9.205656437116588 ], [ -75.861908810839054, 9.203310050145813 ], [ -75.862579247661728, 9.202637224299115 ], [ -75.865386563877067, 9.201953805457707 ], [ -75.865170188849817, 9.201036700367654 ], [ -75.862319808619304, 9.198928106502617 ], [ -75.862006251005951, 9.196863754112865 ], [ -75.862392486377331, 9.196144514562738 ], [ -75.864847806384162, 9.193420859631733 ], [ -75.867997821443169, 9.193907369163085 ], [ -75.869335146514231, 9.192824741838145 ], [ -75.871156932179474, 9.193332163956676 ], [ -75.873638311585367, 9.192932464640691 ], [ -75.873694734934944, 9.189804651406821 ], [ -75.874378058852045, 9.187878822754046 ], [ -75.876247363581115, 9.186363135376018 ], [ -75.877328667110234, 9.186056471064221 ], [ -75.879913881013636, 9.183360791790218 ], [ -75.881282687383987, 9.182808794270162 ], [ -75.882105109941392, 9.179849322836384 ], [ -75.884787164485573, 9.176335395055768 ], [ -75.88588075616326, 9.175612604973336 ], [ -75.88885278192096, 9.169724178049242 ], [ -75.89042108769641, 9.16866903513556 ], [ -75.891714981221014, 9.168474566492971 ], [ -75.892337060725197, 9.167543974880736 ], [ -75.893779960804991, 9.16738370579365 ], [ -75.894334971565513, 9.166749680413481 ], [ -75.895626015637347, 9.167010993283437 ], [ -75.896714441165869, 9.165283963136691 ], [ -75.898152063560573, 9.164090770941762 ], [ -75.900501683348651, 9.16432761197621 ], [ -75.901592975329223, 9.165356265483329 ], [ -75.903415580197176, 9.166050041050873 ], [ -75.905636911433007, 9.165665821934056 ], [ -75.906522170192389, 9.166565161918927 ], [ -75.908265774557634, 9.166940559728584 ], [ -75.911018677034889, 9.166051499975204 ], [ -75.911685853436239, 9.165244730669695 ], [ -75.916047193581022, 9.165516694313041 ], [ -75.917485035373431, 9.164755303245364 ], [ -75.922125550579295, 9.165042512365199 ], [ -75.923431958609356, 9.164552864033269 ], [ -75.924757125274425, 9.164899972694791 ], [ -75.928326606194602, 9.164355711392744 ], [ -75.932921334502296, 9.165097305570155 ], [ -75.933939317208313, 9.164671267071503 ], [ -75.935229239923686, 9.162866612517417 ], [ -75.938303576875484, 9.163663760366914 ], [ -75.940517087004835, 9.161796958169804 ], [ -75.943524397301175, 9.162661354424063 ], [ -75.945366678042049, 9.161590251113603 ], [ -75.947054648613701, 9.16147559275692 ], [ -75.947688334755838, 9.162087476410418 ], [ -75.948046693339393, 9.164764389715305 ], [ -75.946460190575152, 9.166895786261748 ], [ -75.947239455750008, 9.168905234294087 ], [ -75.946908290712187, 9.171142042375845 ], [ -75.943974971297465, 9.177509656781265 ], [ -75.942978922066033, 9.178452068303345 ], [ -75.942014313992317, 9.181727927271707 ], [ -75.939998334574796, 9.182732981872912 ], [ -75.937430992834933, 9.185060698128581 ], [ -75.934234876258813, 9.184943249909159 ], [ -75.930141283040868, 9.186226727749879 ], [ -75.924735182243367, 9.190558254605799 ], [ -75.924101223447664, 9.190810164389944 ], [ -75.921913921492873, 9.189917566399288 ], [ -75.919765903725619, 9.190253634526002 ], [ -75.918850010678867, 9.191826819243937 ], [ -75.916717301696352, 9.192621951943448 ], [ -75.916781372733837, 9.193845829803065 ], [ -75.917830568491624, 9.195715042185425 ], [ -75.917956747205892, 9.197780241806997 ], [ -75.916961953385751, 9.198990393853945 ], [ -75.914236378604173, 9.200553674129901 ], [ -75.913474149612924, 9.202068686485358 ], [ -75.914717649021128, 9.204281223068067 ], [ -75.914844909591537, 9.206556830709662 ], [ -75.91603048621559, 9.20873139709197 ], [ -75.918612991204824, 9.209272923873661 ], [ -75.919330233045869, 9.210225664483058 ], [ -75.919477948157223, 9.211100420748672 ], [ -75.918371991661857, 9.212225073169501 ], [ -75.918294276082051, 9.213947005549061 ], [ -75.919179717209417, 9.214848673603237 ], [ -75.920316833401941, 9.21509151992238 ], [ -75.921259953988567, 9.218759291663625 ], [ -75.91771794922937, 9.2225456718995 ], [ -75.916773839509631, 9.224196999321505 ], [ -75.913637846264805, 9.226239418835451 ], [ -75.911654956545533, 9.226727744320877 ], [ -75.910861003343499, 9.227769293239696 ], [ -75.913286516214242, 9.231429529880751 ], [ -75.910328735861128, 9.233558297457654 ], [ -75.909958020900945, 9.236333781063886 ], [ -75.908953931144836, 9.237630058611044 ], [ -75.90810450682477, 9.237933268472249 ], [ -75.908495904976007, 9.236829862644164 ], [ -75.907476118938206, 9.233688112117385 ], [ -75.906608426448045, 9.233434299636119 ], [ -75.903954581634054, 9.230290436425673 ], [ -75.899533329911094, 9.230462317987556 ], [ -75.8972254606783, 9.232117854456524 ], [ -75.896994310932328, 9.233972085242325 ], [ -75.897672616033745, 9.234838143396702 ], [ -75.90297473763664, 9.238168256317314 ], [ -75.901682634116767, 9.239623791586595 ], [ -75.901606630346691, 9.241690034632789 ], [ -75.899415849800675, 9.242490204136701 ], [ -75.898065220343994, 9.243802566583229 ] ] ] } },
{ "type": "Feature", "properties": { "FID_Cuenca": 0, "CODIGO": null, "AH": "1", "ZH": "13", "SZH": "1303", "COD_POMCA": "Arroyo Flamenco", "POMCA": "1003-00-05", "NOM_NSS": "Arroyo Flamenco", "COD_NSS": null, "NOMENCLAT": "Subcuenca Arroyo Flamenco", "IND_COMPAC": 1.85, "FORM_IND_C": 1003.0, "IND_SIN": 2.0, "TIPO_DRENA": 1014.0, "DEN_CORRIE": 0.0, "DEN_DREN": 2.72, "TIEM_CONC": 401.23274481700003, "MET_T_CONC": "Metodologia Temez: Tc=0.3(L/(S^0.25))^0.75; Donde: L es la Longitud del cauce (km) y S es el porcentaje de pendiente del cauce.", "CAUD_MED": 2.35, "T_CORRIEN": "PERMANENTE", "TIPO_FUEN": 2212.0, "Q_TOTAL": 19.94, "Q_MAX": 112.06, "Q_MIN": 0.52, "Q_AMBIENTA": 3.42, "Q_DISPONIB": 11.54, "REND_HID": 17.58, "ESCORR": 189.96, "AREA_ha_": 13365.683065900001, "OBSERV_": null, "SHAPE_Leng": 76346.165838899993, "SHAPE_Area": 133656830.65899999 }, "geometry": { "type": "Polygon", "coordinates": [ [ [ -75.92290987692887, 9.102504265446472 ], [ -75.926958662676654, 9.104167325475785 ], [ -75.927657197170262, 9.105273211426463 ], [ -75.929372294101483, 9.10570444179911 ], [ -75.932134334918373, 9.107622324745549 ], [ -75.934269682587896, 9.107439288071033 ], [ -75.936376883896855, 9.105534855612186 ], [ -75.940380185363708, 9.105571781905075 ], [ -75.942643677955928, 9.104125594373137 ], [ -75.945606327299103, 9.103900002062275 ], [ -75.948546301075879, 9.104497005377961 ], [ -75.950726492412571, 9.101846142925522 ], [ -75.955156786211177, 9.098896767172954 ], [ -75.958891801604324, 9.095491872959983 ], [ -75.960969000607022, 9.095251611993396 ], [ -75.962704000959548, 9.095816478837687 ], [ -75.963738991359605, 9.095007756685003 ], [ -75.964599575780184, 9.093970401245622 ], [ -75.964927934728877, 9.090525698989303 ], [ -75.965787003676979, 9.089201434900589 ], [ -75.970241433015573, 9.086431210662012 ], [ -75.979286874807045, 9.087352431120616 ], [ -75.981247921976689, 9.086997906257778 ], [ -75.988684586718335, 9.084950635567676 ], [ -75.993341477975932, 9.08212446326355 ], [ -75.993865334873277, 9.08111752013267 ], [ -75.995064226569198, 9.080393943993188 ], [ -76.001212361439883, 9.078544497798127 ], [ -76.006026188505132, 9.079092928812253 ], [ -76.007472997310288, 9.079754742523965 ], [ -76.0116451883369, 9.08004485300609 ], [ -76.014114001177575, 9.079631971605654 ], [ -76.014980331389424, 9.078581352469248 ], [ -76.01599267920102, 9.078289318353743 ], [ -76.017557492611743, 9.081418944817434 ], [ -76.01677508581848, 9.083319075220725 ], [ -76.018395785444724, 9.08918712557406 ], [ -76.018954647867531, 9.090807825178826 ], [ -76.02001648506554, 9.090751939260286 ], [ -76.021693070749976, 9.095725810875491 ], [ -76.019513509508315, 9.100084934220224 ], [ -76.019136875407781, 9.105844279128918 ], [ -76.015117381561353, 9.106928471137223 ], [ -76.01229238768822, 9.104992512470565 ], [ -76.010136645495706, 9.106725416906524 ], [ -76.009526668086849, 9.106025725273593 ], [ -76.009631271297138, 9.104002457917289 ], [ -76.007941773469611, 9.103412731742917 ], [ -76.005674736563137, 9.104247806168159 ], [ -76.004289271729704, 9.105700341446331 ], [ -76.003867565530541, 9.107811365220627 ], [ -76.0049610707634, 9.109856986456794 ], [ -76.002450411670551, 9.112710688778327 ], [ -75.999837834689743, 9.111733279623978 ], [ -75.99968121828951, 9.1131126582848 ], [ -76.00137587371097, 9.11420830784594 ], [ -76.001698049668263, 9.115072118455812 ], [ -75.9992880119635, 9.117858332847177 ], [ -75.997065067245643, 9.12189759219841 ], [ -75.996145374801202, 9.122667544717331 ], [ -75.995290567966933, 9.12477607466737 ], [ -75.993698798167202, 9.125836481800802 ], [ -75.993402201929683, 9.127961194239205 ], [ -75.992542369238777, 9.12913250329037 ], [ -75.991582626170867, 9.129615749207819 ], [ -75.986945577415085, 9.129869686053427 ], [ -75.98393984897703, 9.129254266296831 ], [ -75.982689773494954, 9.129432973096858 ], [ -75.977979745583667, 9.132037485883037 ], [ -75.978427217225786, 9.137026255084765 ], [ -75.980221505219276, 9.139077269635992 ], [ -75.980767824724424, 9.14047071824298 ], [ -75.980600294996094, 9.141542742047431 ], [ -75.977756452061882, 9.142437519934314 ], [ -75.976344359218814, 9.144740230057288 ], [ -75.973626329909905, 9.144762206467451 ], [ -75.970723278905297, 9.147437317237735 ], [ -75.969551039528156, 9.147562985171128 ], [ -75.967195201319498, 9.145662500602452 ], [ -75.962095724268195, 9.147355365830004 ], [ -75.960946828912526, 9.148489875819438 ], [ -75.960848692754695, 9.15122464544865 ], [ -75.960285462375893, 9.152781704804079 ], [ -75.958275201008846, 9.153688761650802 ], [ -75.957460523793529, 9.153184907059966 ], [ -75.95697195669608, 9.15178274251036 ], [ -75.95634008520436, 9.15172624474069 ], [ -75.955047835038556, 9.151912266177582 ], [ -75.95322004183474, 9.153206885009297 ], [ -75.949868913511111, 9.15651182515083 ], [ -75.948197391591378, 9.158941338693946 ], [ -75.947688334755838, 9.162087476410418 ], [ -75.946622161003035, 9.161312154515105 ], [ -75.943524397301175, 9.162661354424063 ], [ -75.940517087004835, 9.161796958169804 ], [ -75.938303576875484, 9.163663760366914 ], [ -75.935229239923686, 9.162866612517417 ], [ -75.933939317208313, 9.164671267071503 ], [ -75.932921334502296, 9.165097305570155 ], [ -75.927960885504618, 9.164357581609552 ], [ -75.924757125274425, 9.164899972694791 ], [ -75.923431958609356, 9.164552864033269 ], [ -75.922125550579295, 9.165042512365199 ], [ -75.917485035373431, 9.164755303245364 ], [ -75.916047193581022, 9.165516694313041 ], [ -75.911685853436239, 9.165244730669695 ], [ -75.910838661494481, 9.166138489246173 ], [ -75.907852623682658, 9.16695889951348 ], [ -75.906522170192389, 9.166565161918927 ], [ -75.905636911433007, 9.165665821934056 ], [ -75.902967458253215, 9.165937531259786 ], [ -75.901592975329223, 9.165356265483329 ], [ -75.901119010048205, 9.164592299253286 ], [ -75.898748191117534, 9.163973001266157 ], [ -75.896963312735977, 9.165014913816742 ], [ -75.895626015637347, 9.167010993283437 ], [ -75.894334971565513, 9.166749680413481 ], [ -75.893779960804991, 9.16738370579365 ], [ -75.892337060725197, 9.167543974880736 ], [ -75.891714981221014, 9.168474566492971 ], [ -75.89042108769641, 9.16866903513556 ], [ -75.88885278192096, 9.169724178049242 ], [ -75.88588075616326, 9.175612604973336 ], [ -75.884787164485573, 9.176335395055768 ], [ -75.882105109941392, 9.179849322836384 ], [ -75.881282687383987, 9.182808794270162 ], [ -75.879913881013636, 9.183360791790218 ], [ -75.877328667110234, 9.186056471064221 ], [ -75.876247363581115, 9.186363135376018 ], [ -75.874378058852045, 9.187878822754046 ], [ -75.873694734934944, 9.189804651406821 ], [ -75.873638311585367, 9.192932464640691 ], [ -75.871156932179474, 9.193332163956676 ], [ -75.869335146514231, 9.192824741838145 ], [ -75.867997821443169, 9.193907369163085 ], [ -75.864847806384162, 9.193420859631733 ], [ -75.862392486377331, 9.196144514562738 ], [ -75.862006251005951, 9.196863754112865 ], [ -75.862319808619304, 9.198928106502617 ], [ -75.865170188849817, 9.201036700367654 ], [ -75.865386563877067, 9.201953805457707 ], [ -75.862579247661728, 9.202637224299115 ], [ -75.861908810839054, 9.203310050145813 ], [ -75.863210455208872, 9.205656437116588 ], [ -75.865874360047087, 9.207077878226359 ], [ -75.866809689507377, 9.209311291021548 ], [ -75.864986074385683, 9.211758370353978 ], [ -75.864475711308984, 9.21172264628996 ], [ -75.864005591166816, 9.210904787906065 ], [ -75.862797921713053, 9.211684030900813 ], [ -75.862500268137538, 9.213751409571557 ], [ -75.863930000005297, 9.214758139512481 ], [ -75.863741038615359, 9.215466840295742 ], [ -75.862975767261148, 9.216427072617774 ], [ -75.860515158105997, 9.217166162758909 ], [ -75.859883199232797, 9.21783879947556 ], [ -75.859984162194621, 9.21877560742981 ], [ -75.858968403305738, 9.219698818849801 ], [ -75.856891654506526, 9.220206443071513 ], [ -75.855099087204835, 9.219794470208564 ], [ -75.853733994310105, 9.220164659684425 ], [ -75.851794394745369, 9.221893743361724 ], [ -75.851136961763061, 9.220681746969763 ], [ -75.846549691764778, 9.220142421842896 ], [ -75.844614165833605, 9.218083621480654 ], [ -75.84275917294697, 9.217698191916462 ], [ -75.841933312814604, 9.218586954496264 ], [ -75.839343551364067, 9.218049685935268 ], [ -75.839943652577233, 9.220162886923251 ], [ -75.839804005448372, 9.221120018734196 ], [ -75.839227854336372, 9.221409774305345 ], [ -75.836002264796861, 9.218673373860025 ], [ -75.834561261584199, 9.216839246416592 ], [ -75.8325755705375, 9.216789156574665 ], [ -75.83054894373673, 9.215758891581354 ], [ -75.829930383277627, 9.21476958422935 ], [ -75.828052157699247, 9.214549174054723 ], [ -75.827837928653366, 9.212096912013356 ], [ -75.825224944488724, 9.212210032047201 ], [ -75.824168083437058, 9.211603426870699 ], [ -75.821463517083444, 9.205801276911133 ], [ -75.819825516785329, 9.205484005263754 ], [ -75.819552899823435, 9.204854061446282 ], [ -75.819600540371269, 9.20278788161292 ], [ -75.82074065228413, 9.199721705861533 ], [ -75.820559428114848, 9.198096604123894 ], [ -75.821267374932475, 9.197203676189014 ], [ -75.822746655925656, 9.197060225667379 ], [ -75.822925274022921, 9.196679170083486 ], [ -75.822639193923635, 9.194031979689189 ], [ -75.820582310626776, 9.194654056585842 ], [ -75.819460310955478, 9.193549984333858 ], [ -75.819530861778631, 9.192229730905916 ], [ -75.820469769248007, 9.191326125799367 ], [ -75.82067058334674, 9.189087044835318 ], [ -75.821855810370465, 9.187378823912008 ], [ -75.823471568788435, 9.187103205645933 ], [ -75.825216265809686, 9.185640951827148 ], [ -75.825841597221967, 9.183610237559066 ], [ -75.825391989835438, 9.182215988436321 ], [ -75.826287386379136, 9.180298743090809 ], [ -75.825970567983319, 9.178502138809222 ], [ -75.828664307392685, 9.174299823223908 ], [ -75.829952434306634, 9.174054019562281 ], [ -75.831348123302973, 9.172683304737088 ], [ -75.832660522116456, 9.172390000458529 ], [ -75.833796141032423, 9.171380211547385 ], [ -75.836189850313389, 9.170780361234106 ], [ -75.837106654174022, 9.16882872655793 ], [ -75.836923126160812, 9.16820792602441 ], [ -75.838148641937138, 9.167867205374884 ], [ -75.836563394593284, 9.166009836704216 ], [ -75.837794162013878, 9.164294195894117 ], [ -75.841761300613371, 9.163656175079808 ], [ -75.843158415143932, 9.163960207745216 ], [ -75.843611097385207, 9.163049372986613 ], [ -75.843838703003541, 9.158862170088522 ], [ -75.845340014660778, 9.15779601873615 ], [ -75.846160958180519, 9.156424290653003 ], [ -75.846690845137829, 9.153278575017241 ], [ -75.84853785663563, 9.152121815731249 ], [ -75.850100389277358, 9.151827242630553 ], [ -75.851489891582759, 9.152305046137149 ], [ -75.852237849975708, 9.151749036744619 ], [ -75.852132455562824, 9.150874406093861 ], [ -75.854080591900626, 9.149010153270151 ], [ -75.853900897333958, 9.146739480501267 ], [ -75.85781750922223, 9.145668184212344 ], [ -75.85773641471755, 9.143875253465461 ], [ -75.858833670288519, 9.14195698265166 ], [ -75.859526891420415, 9.141044958365462 ], [ -75.861830572924006, 9.139814173900303 ], [ -75.861799370647958, 9.138379667037841 ], [ -75.861098544489408, 9.137761425793082 ], [ -75.861064609981156, 9.135776977992833 ], [ -75.863290240872473, 9.133374936724882 ], [ -75.863350870180554, 9.13105527137385 ], [ -75.866478209646004, 9.130968147075343 ], [ -75.86769902310202, 9.129718762394983 ], [ -75.867112779631213, 9.127952240325801 ], [ -75.864914003330497, 9.126074097763485 ], [ -75.865222451841518, 9.122916703909056 ], [ -75.864812742364478, 9.119749086470948 ], [ -75.863961032478656, 9.118777703183177 ], [ -75.864957673654118, 9.117931138935806 ], [ -75.866131719615225, 9.117925366713257 ], [ -75.867666876034136, 9.116999632520516 ], [ -75.870167594129782, 9.116719513218882 ], [ -75.870444552542978, 9.114365312975904 ], [ -75.869756334054685, 9.111442004484539 ], [ -75.871250479471826, 9.110019116912616 ], [ -75.872295748008142, 9.107355070319382 ], [ -75.873928029162897, 9.106620128972414 ], [ -75.87598773631575, 9.108612377262084 ], [ -75.877330650442389, 9.108706165652869 ], [ -75.87973711686935, 9.107876509630284 ], [ -75.881284412259205, 9.108428360199321 ], [ -75.882393455337223, 9.105065788155624 ], [ -75.885366711779511, 9.105008000935245 ], [ -75.88571702970934, 9.105780970199964 ], [ -75.885321160213337, 9.10743277791817 ], [ -75.887125899562221, 9.110379177466516 ], [ -75.890038525204375, 9.110098248384473 ], [ -75.892313217834527, 9.110813797888264 ], [ -75.89384418577275, 9.11289116891413 ], [ -75.894669446896884, 9.112427964484976 ], [ -75.894314510235162, 9.110746427705243 ], [ -75.894880963566223, 9.108582078974621 ], [ -75.896896890736812, 9.107250181931345 ], [ -75.897850853191457, 9.105600364737482 ], [ -75.89795964787676, 9.104279956910318 ], [ -75.899266893979529, 9.103986493054634 ], [ -75.900605359890463, 9.102258235025959 ], [ -75.902238215084793, 9.10165707797039 ], [ -75.903143330435483, 9.101767313593648 ], [ -75.904905055019626, 9.103805220294301 ], [ -75.905218813013391, 9.104951350472541 ], [ -75.906124033531469, 9.10508070502387 ], [ -75.906017506267546, 9.106841051806546 ], [ -75.907491634474368, 9.105303375350092 ], [ -75.908627412939552, 9.10535505103519 ], [ -75.910160135217851, 9.103989228094221 ], [ -75.911736115674174, 9.103560470841632 ], [ -75.915603653766041, 9.103387947837305 ], [ -75.918171224721178, 9.102623881874219 ], [ -75.919979937283443, 9.103487465060129 ], [ -75.92290987692887, 9.102504265446472 ] ] ] } },
{ "type": "Feature", "properties": { "FID_Cuenca": 0, "CODIGO": null, "AH": "1", "ZH": "13", "SZH": "1303", "COD_POMCA": "Arroyo Nocabe", "POMCA": "1003-00-06", "NOM_NSS": "Arroyo Nocabe", "COD_NSS": null, "NOMENCLAT": "Subcuenca Arroyo Nocabe", "IND_COMPAC": 1.87, "FORM_IND_C": 1003.0, "IND_SIN": 1.35, "TIPO_DRENA": 1012.0, "DEN_CORRIE": 0.0, "DEN_DREN": 2.85, "TIEM_CONC": 225.81915259, "MET_T_CONC": "Metodologia Temez: Tc=0.3(L/(S^0.25))^0.75; Donde: L es la Longitud del cauce (km) y S es el porcentaje de pendiente del cauce.", "CAUD_MED": 19.94, "T_CORRIEN": "EFIMERO", "TIPO_FUEN": 2212.0, "Q_TOTAL": 2.41, "Q_MAX": 15.03, "Q_MIN": 0.01, "Q_AMBIENTA": 0.42, "Q_DISPONIB": 1.39, "REND_HID": 361.96, "ESCORR": 209.51, "AREA_ha_": 5508.9229396199999, "OBSERV_": null, "SHAPE_Leng": 49473.722528300001, "SHAPE_Area": 55089229.396200001 }, "geometry": { "type": "Polygon", "coordinates": [ [ [ -75.924874672656173, 9.103106723577492 ], [ -75.925179055018404, 9.101503596821054 ], [ -75.924694122767292, 9.100764837975849 ], [ -75.923441137657917, 9.100720873563191 ], [ -75.922363599634011, 9.101701870958602 ], [ -75.920604574891982, 9.102083775641757 ], [ -75.918074602773387, 9.101307525806416 ], [ -75.916530833459973, 9.101444437587704 ], [ -75.915646480482778, 9.100688551465332 ], [ -75.915433565095853, 9.098566383791354 ], [ -75.911051772542805, 9.098603998547372 ], [ -75.908714352842438, 9.096894197887703 ], [ -75.904863392406938, 9.096530957018322 ], [ -75.903794726296951, 9.094527828817977 ], [ -75.900328590594768, 9.094143477549867 ], [ -75.8988336670743, 9.091568603758612 ], [ -75.894999007940442, 9.090612180118603 ], [ -75.894717618709905, 9.088241645309987 ], [ -75.892341266022214, 9.086417133752487 ], [ -75.892003612893021, 9.084333800814621 ], [ -75.891261851736715, 9.083095429886704 ], [ -75.890080480349098, 9.082575262683743 ], [ -75.886724873591774, 9.082783195104057 ], [ -75.88300569140894, 9.079884490666318 ], [ -75.881034569325962, 9.08018116114728 ], [ -75.878841688334859, 9.079426838538204 ], [ -75.877255809330975, 9.079793321551087 ], [ -75.876097801025452, 9.079129521893718 ], [ -75.875693392301301, 9.078551569969859 ], [ -75.876225171652436, 9.077855535289642 ], [ -75.876319600688447, 9.076288906559473 ], [ -75.877715877798636, 9.07528972648346 ], [ -75.877724506618677, 9.074608223759 ], [ -75.877072958409386, 9.07419897079893 ], [ -75.875804877179519, 9.074372590034258 ], [ -75.873121672965723, 9.07329026707103 ], [ -75.872263993914174, 9.071094673224279 ], [ -75.870925220627768, 9.070625288931494 ], [ -75.869377472989854, 9.071127964317037 ], [ -75.867914302832432, 9.071010798073003 ], [ -75.865370420843561, 9.072228366578793 ], [ -75.863279347140278, 9.071616902888914 ], [ -75.863476539635286, 9.070630803809417 ], [ -75.860464968593135, 9.07067419988894 ], [ -75.860128564852857, 9.068801209183391 ], [ -75.85889010330942, 9.069371548624359 ], [ -75.858241603115289, 9.070551136334139 ], [ -75.857184019926493, 9.070728447100047 ], [ -75.855789965637584, 9.069415987428142 ], [ -75.85400719724781, 9.068879480572885 ], [ -75.853886041393423, 9.067722767625023 ], [ -75.855606477496281, 9.065371110976718 ], [ -75.859292493382966, 9.06551576679813 ], [ -75.86207690836973, 9.06429707087643 ], [ -75.863201898378577, 9.062187405167693 ], [ -75.864179167127531, 9.061340964267579 ], [ -75.867704825577647, 9.062146269232839 ], [ -75.868947709062198, 9.063696140356592 ], [ -75.870062469104141, 9.063413311751187 ], [ -75.87323356704583, 9.064507226237804 ], [ -75.875803848568822, 9.062811269258781 ], [ -75.876136909425554, 9.060131608069247 ], [ -75.87741612287445, 9.060029674878479 ], [ -75.878054348776502, 9.058735346335538 ], [ -75.879052716585818, 9.058271344089031 ], [ -75.879632113348208, 9.058689322567551 ], [ -75.881323616417561, 9.058587259611871 ], [ -75.883662779395877, 9.059759308881169 ], [ -75.884606032784589, 9.060782816496229 ], [ -75.885108948316258, 9.062741018800258 ], [ -75.884603794985466, 9.065146551239369 ], [ -75.885645379622403, 9.066588005908086 ], [ -75.885782646648693, 9.067579624989577 ], [ -75.887313352931073, 9.06821764276186 ], [ -75.887132415961787, 9.070513972512968 ], [ -75.889345528062378, 9.071178987636724 ], [ -75.891740167519714, 9.070923219073871 ], [ -75.892709046567504, 9.071291415591618 ], [ -75.891782441495039, 9.073591444634186 ], [ -75.89208083786832, 9.075526729673745 ], [ -75.89284571834159, 9.075508583228968 ], [ -75.894180990238098, 9.074110344191537 ], [ -75.896997233405457, 9.074454990440199 ], [ -75.900534185873624, 9.074193172484922 ], [ -75.902406747902717, 9.073447378084873 ], [ -75.902937260073401, 9.073702962678651 ], [ -75.902864008172898, 9.074439773857064 ], [ -75.905554493318448, 9.075602720627478 ], [ -75.906089285174346, 9.074644419639016 ], [ -75.909995834001265, 9.074158592559712 ], [ -75.913982906371686, 9.072955007761379 ], [ -75.915627806159037, 9.071584800133431 ], [ -75.918691347605019, 9.072315382975013 ], [ -75.92003498677181, 9.071639120859876 ], [ -75.921984451879027, 9.072776982360111 ], [ -75.923349870362358, 9.072597933906568 ], [ -75.924855373908116, 9.073470225139195 ], [ -75.926185081448281, 9.072894435184855 ], [ -75.92685185211468, 9.073450561211301 ], [ -75.926934804999348, 9.06992098643329 ], [ -75.930154456359773, 9.070253771939152 ], [ -75.9318461081035, 9.06990088665575 ], [ -75.932964582297757, 9.070354286476942 ], [ -75.933782807278305, 9.068552086380041 ], [ -75.936602905305122, 9.06685448255568 ], [ -75.938302444756943, 9.064301800706859 ], [ -75.940333921000288, 9.062684700582606 ], [ -75.943927896014401, 9.061805619201195 ], [ -75.945773174755004, 9.061868727509768 ], [ -75.947773074861729, 9.060667791364072 ], [ -75.949351760310819, 9.058952545197627 ], [ -75.950464524219925, 9.056450650986694 ], [ -75.951860621266377, 9.055711859957114 ], [ -75.952528046066121, 9.05430731852814 ], [ -75.953817788980587, 9.053702963577125 ], [ -75.954229258270274, 9.051877722636819 ], [ -75.95671588086617, 9.050161391331876 ], [ -75.963442178736614, 9.04851290939979 ], [ -75.96682051896974, 9.050884164904963 ], [ -75.967485457377137, 9.05067855896171 ], [ -75.96866074320431, 9.049123140683081 ], [ -75.968771472522221, 9.048218780724756 ], [ -75.969276270250688, 9.048158791276599 ], [ -75.97056957243521, 9.048936349789658 ], [ -75.974626962877636, 9.048544823422276 ], [ -75.978063501098262, 9.050260459240343 ], [ -75.983868464152152, 9.050678596469126 ], [ -75.988714176668537, 9.051639610076659 ], [ -75.993937035811314, 9.05099889956022 ], [ -75.996686834986974, 9.052466882014185 ], [ -75.999067362469731, 9.052334851701765 ], [ -76.000565074006246, 9.053546364318859 ], [ -76.002636995038955, 9.05418102802903 ], [ -76.003501219213774, 9.053865662349898 ], [ -76.004791248181547, 9.052209135066946 ], [ -76.009220378402134, 9.051871056369338 ], [ -76.012229728209959, 9.053289720015789 ], [ -76.013924889734881, 9.054962420455277 ], [ -76.013477800259579, 9.055688941742339 ], [ -76.014371979446608, 9.057477299597878 ], [ -76.015098500280217, 9.061724650712224 ], [ -76.017669264782924, 9.062786487703645 ], [ -76.018842875082271, 9.064317769569199 ], [ -76.019681168475813, 9.069291640631967 ], [ -76.019010533801577, 9.070800568368103 ], [ -76.019289964597448, 9.071024112783062 ], [ -76.017892809822357, 9.074768487903061 ], [ -76.015992679285645, 9.077451025372918 ], [ -76.01599267920102, 9.078289318353743 ], [ -76.014980331389424, 9.078581352469248 ], [ -76.014114001177575, 9.079631971605654 ], [ -76.0116451883369, 9.08004485300609 ], [ -76.008483770356079, 9.079845035701679 ], [ -76.006026188505132, 9.079092928812253 ], [ -76.001212361439883, 9.078544497798127 ], [ -75.995064226569198, 9.080393943993188 ], [ -75.993865334873277, 9.08111752013267 ], [ -75.993341477975932, 9.08212446326355 ], [ -75.988684586718335, 9.084950635567676 ], [ -75.981247921976689, 9.086997906257778 ], [ -75.979286874807045, 9.087352431120616 ], [ -75.970241433015573, 9.086431210662012 ], [ -75.965787003676979, 9.089201434900589 ], [ -75.964927934728877, 9.090525698989303 ], [ -75.964599575780184, 9.093970401245622 ], [ -75.963738991359605, 9.095007756685003 ], [ -75.962704000959548, 9.095816478837687 ], [ -75.960969000607022, 9.095251611993396 ], [ -75.958891801604324, 9.095491872959983 ], [ -75.955156786211177, 9.098896767172954 ], [ -75.950726492412571, 9.101846142925522 ], [ -75.948546301075879, 9.104497005377961 ], [ -75.945606327299103, 9.103900002062275 ], [ -75.942643677955928, 9.104125594373137 ], [ -75.940380185363708, 9.105571781905075 ], [ -75.936376883896855, 9.105534855612186 ], [ -75.934269682587896, 9.107439288071033 ], [ -75.932134334918373, 9.107622324745549 ], [ -75.929372294101483, 9.10570444179911 ], [ -75.927657197170262, 9.105273211426463 ], [ -75.926958662676654, 9.104167325475785 ], [ -75.924874672656173, 9.103106723577492 ] ] ] } },
{ "type": "Feature", "properties": { "FID_Cuenca": 0, "CODIGO": null, "AH": "1", "ZH": "13", "SZH": "1303", "COD_POMCA": "Arroyo La Selva (Arroyo Grande)", "POMCA": "1003-00-07", "NOM_NSS": "Arroyo La Selva (Arroyo Grande)", "COD_NSS": null, "NOMENCLAT": "Subcuenca Arroyo La Selva (Arroyo Grande)", "IND_COMPAC": 2.43, "FORM_IND_C": 1003.0, "IND_SIN": 1.42, "TIPO_DRENA": 1012.0, "DEN_CORRIE": 0.0, "DEN_DREN": 4.07, "TIEM_CONC": 241.77273412900001, "MET_T_CONC": "Metodologia Temez: Tc=0.3(L/(S^0.25))^0.75; Donde: L es la Longitud del cauce (km) y S es el porcentaje de pendiente del cauce.", "CAUD_MED": 2.41, "T_CORRIEN": "EFIMERO", "TIPO_FUEN": 2212.0, "Q_TOTAL": 1.98, "Q_MAX": 12.36, "Q_MIN": 0.01, "Q_AMBIENTA": 0.34, "Q_DISPONIB": 1.14, "REND_HID": 53.95, "ESCORR": 219.93, "AREA_ha_": 4467.3998640399996, "OBSERV_": null, "SHAPE_Leng": 57979.515079700002, "SHAPE_Area": 44673998.6404 }, "geometry": { "type": "Polygon", "coordinates": [ [ [ -75.866203441296548, 9.062077097500749 ], [ -75.862966893461817, 9.060679905653634 ], [ -75.861417140503264, 9.059582771944479 ], [ -75.859399532589052, 9.060195162110935 ], [ -75.858455115856728, 9.058922904660085 ], [ -75.858769524934374, 9.058290120734606 ], [ -75.861146809074668, 9.057446436098749 ], [ -75.861903597183868, 9.055792881011442 ], [ -75.860961096969959, 9.054907980153311 ], [ -75.860242452990391, 9.052587318583127 ], [ -75.857580196595492, 9.049406215668952 ], [ -75.858707350533393, 9.047736520473938 ], [ -75.858288733515494, 9.046743851788113 ], [ -75.857072292414301, 9.045908087098125 ], [ -75.856274783788137, 9.044171224857582 ], [ -75.856709476215215, 9.042562283164214 ], [ -75.856285849841299, 9.040546234109632 ], [ -75.857469497095764, 9.038627596888894 ], [ -75.855956636709479, 9.036926209329442 ], [ -75.857549001687929, 9.035459903322824 ], [ -75.857841093178962, 9.033712970071772 ], [ -75.858831768156222, 9.032177847210725 ], [ -75.859982890072871, 9.031478835015182 ], [ -75.861764724572851, 9.031864711821944 ], [ -75.863205097930745, 9.033734729081548 ], [ -75.863318575740266, 9.034798221185318 ], [ -75.862745782231414, 9.035709631399939 ], [ -75.862926988485881, 9.038315060946521 ], [ -75.864269713260526, 9.039886654055117 ], [ -75.864735683836642, 9.043368754709123 ], [ -75.866363890405182, 9.044293344228572 ], [ -75.86810622463463, 9.043973993284014 ], [ -75.869880299255712, 9.045208696445851 ], [ -75.873021223132099, 9.045587853176148 ], [ -75.874019156799548, 9.047950147928152 ], [ -75.873005834819168, 9.049760393484418 ], [ -75.873213019086336, 9.050309330359585 ], [ -75.875721569992692, 9.049853476377082 ], [ -75.876874163294957, 9.051868290015397 ], [ -75.87778921666542, 9.052067035641063 ], [ -75.878902122838156, 9.05093775123208 ], [ -75.880482042733277, 9.046984682063165 ], [ -75.880961622202889, 9.046683435929332 ], [ -75.883633061301651, 9.047778148434297 ], [ -75.887508524117777, 9.048332883104809 ], [ -75.889837632527872, 9.047508403458435 ], [ -75.891918043893696, 9.047618617336671 ], [ -75.893553605719106, 9.048557378803412 ], [ -75.894922890090442, 9.051075558861557 ], [ -75.895701861464445, 9.050999959989985 ], [ -75.896547369518771, 9.049805010780938 ], [ -75.897599824384358, 9.049584586623194 ], [ -75.897921008379271, 9.05031465719731 ], [ -75.897481839633372, 9.051952329204061 ], [ -75.900073710208687, 9.053632311767814 ], [ -75.900546816522152, 9.055867990712965 ], [ -75.902585089115277, 9.056517767544571 ], [ -75.90469118056167, 9.056306411707606 ], [ -75.906258563336394, 9.058020144247701 ], [ -75.906698062643613, 9.059309117106858 ], [ -75.909076370748636, 9.06036243428162 ], [ -75.909342695629235, 9.061652268241408 ], [ -75.91030984913931, 9.062632536025271 ], [ -75.912044263259176, 9.063121180364242 ], [ -75.913533038502422, 9.062606809236881 ], [ -75.913295756793161, 9.061355092937038 ], [ -75.914150686118091, 9.06020907865739 ], [ -75.915521631859619, 9.060178283811926 ], [ -75.916788591536616, 9.06098487121821 ], [ -75.918483290244623, 9.060761154998774 ], [ -75.920457619591531, 9.059240081067262 ], [ -75.922090634616325, 9.058715390171415 ], [ -75.923503769917318, 9.056585027860415 ], [ -75.926428178758897, 9.056474627699366 ], [ -75.928500979662488, 9.057286664716447 ], [ -75.930271377164814, 9.061045960636966 ], [ -75.93155927893126, 9.060771642057411 ], [ -75.932095332699262, 9.060233336506688 ], [ -75.931855768412433, 9.057750518308728 ], [ -75.933137570691258, 9.057227561676825 ], [ -75.933680612646256, 9.056177542053957 ], [ -75.93617374487313, 9.055815923184856 ], [ -75.936786145122909, 9.054035331957476 ], [ -75.937764757561908, 9.053494773966589 ], [ -75.939824336509957, 9.049869094837065 ], [ -75.940200027451411, 9.048088271846416 ], [ -75.939571786279842, 9.045662196347562 ], [ -75.940028282273872, 9.044626959499938 ], [ -75.942104017542405, 9.043037906437201 ], [ -75.944267737628664, 9.042835613801385 ], [ -75.948920777778383, 9.040277428242543 ], [ -75.949108871677268, 9.039439617382056 ], [ -75.94780290838878, 9.038059498852492 ], [ -75.947678947864475, 9.037342829580551 ], [ -75.948540618106506, 9.036525494588142 ], [ -75.952261592193011, 9.035143628232342 ], [ -75.954009688737216, 9.03365227422908 ], [ -75.954938042871561, 9.031782550049146 ], [ -75.954779505517479, 9.029033716347564 ], [ -75.958604268933414, 9.024495167072525 ], [ -75.959239885322006, 9.021837913314846 ], [ -75.962112720610548, 9.019735060381421 ], [ -75.965552432446628, 9.019813043134009 ], [ -75.971253580485737, 9.022192219312 ], [ -75.971838517219609, 9.021825776215135 ], [ -75.97204589617742, 9.020638465157061 ], [ -75.975482433773209, 9.01922631418838 ], [ -75.97638002438083, 9.017940119240473 ], [ -75.977302749992489, 9.017782328954059 ], [ -75.979614573403992, 9.019381168096315 ], [ -75.981160991743735, 9.019713391251537 ], [ -75.983508526067865, 9.021695764356492 ], [ -75.987832789736913, 9.018818026600353 ], [ -75.990508866976356, 9.019129276931551 ], [ -75.991697748092832, 9.017603240379829 ], [ -75.993927678914886, 9.016496452581462 ], [ -75.995190663141571, 9.01866095767924 ], [ -75.996724951599418, 9.018862156292 ], [ -75.998282823349498, 9.01783786909022 ], [ -75.999911248387704, 9.018785729920999 ], [ -76.003580912076842, 9.019155043187284 ], [ -76.005392582728916, 9.020639874365351 ], [ -76.011758161220172, 9.019171868965723 ], [ -76.013391554347635, 9.021046116579649 ], [ -76.016064005997961, 9.026082832538203 ], [ -76.016012980491936, 9.027786627967705 ], [ -76.016857294385275, 9.028260352071202 ], [ -76.018162413311359, 9.028125989734459 ], [ -76.01833989934255, 9.028729441192025 ], [ -76.023369656883204, 9.030070710302599 ], [ -76.024599153119681, 9.032138499420984 ], [ -76.02582864900431, 9.036631749248551 ], [ -76.027505235035704, 9.036743522047564 ], [ -76.026834601239187, 9.038587766443454 ], [ -76.022699022638363, 9.040208465697292 ], [ -76.022140160383074, 9.040934986416024 ], [ -76.021804843393213, 9.042332141263842 ], [ -76.022363705216577, 9.043282206017135 ], [ -76.020854778295458, 9.046691263901883 ], [ -76.020966550133352, 9.047361898467909 ], [ -76.018731102431872, 9.048367849864178 ], [ -76.018172240672897, 9.049988549496641 ], [ -76.016719199460283, 9.050379752825721 ], [ -76.015042614290792, 9.054403558845767 ], [ -76.013924889734881, 9.054962420455277 ], [ -76.012229728209959, 9.053289720015789 ], [ -76.008222474695188, 9.051698194984393 ], [ -76.004791248181547, 9.052209135066946 ], [ -76.003501219213774, 9.053865662349898 ], [ -76.002636995038955, 9.05418102802903 ], [ -76.000565074006246, 9.053546364318859 ], [ -75.999067362469731, 9.052334851701765 ], [ -75.996686834986974, 9.052466882014185 ], [ -75.993937035811314, 9.05099889956022 ], [ -75.988714176668537, 9.051639610076659 ], [ -75.983868464152152, 9.050678596469126 ], [ -75.979026533694466, 9.05043478325884 ], [ -75.97716012817834, 9.049996161936965 ], [ -75.974626962877636, 9.048544823422276 ], [ -75.97056957243521, 9.048936349789658 ], [ -75.969825336438205, 9.048285068951133 ], [ -75.968771472522221, 9.048218780724756 ], [ -75.96866074320431, 9.049123140683081 ], [ -75.967485457377137, 9.05067855896171 ], [ -75.96682051896974, 9.050884164904963 ], [ -75.963502743580847, 9.048518931487816 ], [ -75.960377986439823, 9.049006866746714 ], [ -75.957435439357653, 9.049769163144317 ], [ -75.954229258270274, 9.051877722636819 ], [ -75.953817788980587, 9.053702963577125 ], [ -75.952528046066121, 9.05430731852814 ], [ -75.951860621266377, 9.055711859957114 ], [ -75.950464524219925, 9.056450650986694 ], [ -75.949351760310819, 9.058952545197627 ], [ -75.947773074861729, 9.060667791364072 ], [ -75.945773174755004, 9.061868727509768 ], [ -75.94152540234748, 9.06237258245279 ], [ -75.93922177344318, 9.063455486534952 ], [ -75.936602905305122, 9.06685448255568 ], [ -75.933782807278305, 9.068552086380041 ], [ -75.933386659382066, 9.070103477949067 ], [ -75.926934804999348, 9.06992098643329 ], [ -75.92685185211468, 9.073450561211301 ], [ -75.926185081448281, 9.072894435184855 ], [ -75.924855373908116, 9.073470225139195 ], [ -75.923349870362358, 9.072597933906568 ], [ -75.921984451879027, 9.072776982360111 ], [ -75.92003498677181, 9.071639120859876 ], [ -75.918691347605019, 9.072315382975013 ], [ -75.915627806159037, 9.071584800133431 ], [ -75.913982906371686, 9.072955007761379 ], [ -75.909995834001265, 9.074158592559712 ], [ -75.906089285174346, 9.074644419639016 ], [ -75.905554493318448, 9.075602720627478 ], [ -75.902864008172898, 9.074439773857064 ], [ -75.902937260073401, 9.073702962678651 ], [ -75.902406747902717, 9.073447378084873 ], [ -75.900534185873624, 9.074193172484922 ], [ -75.896997233405457, 9.074454990440199 ], [ -75.894180990238098, 9.074110344191537 ], [ -75.892557706675063, 9.075639132715395 ], [ -75.891877331856236, 9.075240812560676 ], [ -75.891754657004242, 9.073806778544956 ], [ -75.892709046567504, 9.071291415591618 ], [ -75.891740167519714, 9.070923219073871 ], [ -75.889345528062378, 9.071178987636724 ], [ -75.887132415961787, 9.070513972512968 ], [ -75.887313352931073, 9.06821764276186 ], [ -75.885782646648693, 9.067579624989577 ], [ -75.885645379622403, 9.066588005908086 ], [ -75.884603794985466, 9.065146551239369 ], [ -75.885108948316258, 9.062741018800258 ], [ -75.884678912549433, 9.060925922043417 ], [ -75.883023492508286, 9.059391845723269 ], [ -75.881323616417561, 9.058587259611871 ], [ -75.878802744016411, 9.058310831511005 ], [ -75.878054348776502, 9.058735346335538 ], [ -75.87741612287445, 9.060029674878479 ], [ -75.876136909425554, 9.060131608069247 ], [ -75.875392680247444, 9.0633297661924 ], [ -75.87323356704583, 9.064507226237804 ], [ -75.870062469104141, 9.063413311751187 ], [ -75.86855250123115, 9.063554609917031 ], [ -75.867704825577647, 9.062146269232839 ], [ -75.866203441296548, 9.062077097500749 ] ] ] } },
{ "type": "Feature", "properties": { "FID_Cuenca": 0, "CODIGO": null, "AH": "1", "ZH": "13", "SZH": "1303", "COD_POMCA": "Arroyo Las Lomas", "POMCA": "1003-00-08", "NOM_NSS": "Arroyo Las Lomas", "COD_NSS": null, "NOMENCLAT": "Subcuenca Arroyo Las Lomas", "IND_COMPAC": 1.8, "FORM_IND_C": 1003.0, "IND_SIN": 1.4, "TIPO_DRENA": 1012.0, "DEN_CORRIE": 0.0, "DEN_DREN": 2.64, "TIEM_CONC": 272.84328087699998, "MET_T_CONC": "Metodologia Temez: Tc=0.3(L/(S^0.25))^0.75; Donde: L es la Longitud del cauce (km) y S es el porcentaje de pendiente del cauce.", "CAUD_MED": 1.98, "T_CORRIEN": "PERMANENTE", "TIPO_FUEN": 2212.0, "Q_TOTAL": 2.35, "Q_MAX": 16.36, "Q_MIN": 0.31, "Q_AMBIENTA": 0.73, "Q_DISPONIB": 2.32, "REND_HID": 23.83, "ESCORR": 236.31, "AREA_ha_": 8308.8380875700004, "OBSERV_": null, "SHAPE_Leng": 58750.791826200002, "SHAPE_Area": 83088380.875699997 }, "geometry": { "type": "Polygon", "coordinates": [ [ [ -75.86810622463463, 9.043973993284014 ], [ -75.868099796587146, 9.043408000622529 ], [ -75.868858114514012, 9.043946677261125 ], [ -75.869326531786683, 9.043332265231491 ], [ -75.868323338532193, 9.040869548450219 ], [ -75.868708449114834, 9.038973913294367 ], [ -75.870651695768885, 9.038916595048637 ], [ -75.871666571360919, 9.037907369674533 ], [ -75.874778439717048, 9.037695267452726 ], [ -75.87616591134622, 9.036158165357627 ], [ -75.878232722978765, 9.035801318321797 ], [ -75.879497889761339, 9.033858321954966 ], [ -75.881045175216556, 9.033025794855398 ], [ -75.881387216137355, 9.031673148350611 ], [ -75.88244760225129, 9.03208637580031 ], [ -75.883933192945804, 9.030943301407884 ], [ -75.884203185681159, 9.029614919590575 ], [ -75.882954086751695, 9.027528863149747 ], [ -75.88554836913633, 9.024431599252082 ], [ -75.887231850630727, 9.023429017793401 ], [ -75.887037525458055, 9.022081404309954 ], [ -75.88608086392604, 9.021239670820911 ], [ -75.885926910591195, 9.019303649424563 ], [ -75.888823868680092, 9.018557712895142 ], [ -75.891398319913804, 9.016809093923493 ], [ -75.891274780942936, 9.015188552011736 ], [ -75.893783352739689, 9.014702735767207 ], [ -75.89530654219601, 9.013404028907052 ], [ -75.8986941244858, 9.012248372161697 ], [ -75.899455842257652, 9.010666494877418 ], [ -75.9003906438233, 9.010028231080065 ], [ -75.902497957615481, 9.010591638412041 ], [ -75.904079657334663, 9.009459988664133 ], [ -75.905017209540446, 9.009371644950775 ], [ -75.905855250084841, 9.01101731320872 ], [ -75.907238584154101, 9.011094122412199 ], [ -75.91038588327477, 9.010098917918116 ], [ -75.915424164915905, 9.007634911241714 ], [ -75.917545366568504, 9.004764619391098 ], [ -75.919838355064883, 9.003528935962155 ], [ -75.92011852868491, 9.001863367467633 ], [ -75.921787537792412, 9.000516028914836 ], [ -75.922240241876139, 8.998727653522977 ], [ -75.924276997419483, 8.997720383711238 ], [ -75.927094909678218, 8.997096532439599 ], [ -75.927532128674969, 8.994711422078227 ], [ -75.930886424282377, 8.992217458548382 ], [ -75.932335650547301, 8.993443939314931 ], [ -75.933402214061815, 8.993199466918067 ], [ -75.934934030022418, 8.993641261958334 ], [ -75.93614699102811, 8.991923173995909 ], [ -75.936992685588763, 8.99175631907065 ], [ -75.937316803038911, 8.990705822297157 ], [ -75.93853237074687, 8.990914879117851 ], [ -75.939151481663473, 8.992059442943892 ], [ -75.939897060589288, 8.992067631362181 ], [ -75.941939910142864, 8.989451095993971 ], [ -75.941907177927945, 8.987753639263357 ], [ -75.943880623270687, 8.984446448196669 ], [ -75.947743187377327, 8.983566121984287 ], [ -75.950134419661694, 8.983911596646189 ], [ -75.951292468857062, 8.982291788154336 ], [ -75.951797172764415, 8.982229449583857 ], [ -75.953761030935567, 8.982984589630121 ], [ -75.956102708537827, 8.982386878513116 ], [ -75.956869927814864, 8.983488409882662 ], [ -75.958556997862502, 8.984197109857559 ], [ -75.962744218941793, 8.984725662610922 ], [ -75.966706586150039, 8.983629447791229 ], [ -75.969438632935976, 8.981798300795802 ], [ -75.973319935948723, 8.981312139769178 ], [ -75.975369097117763, 8.982281905557656 ], [ -75.977322392646514, 8.981004638227697 ], [ -75.979524876441445, 8.981399757596567 ], [ -75.980574245815873, 8.980105217654389 ], [ -75.98452858812567, 8.978420696005683 ], [ -75.986470418498712, 8.978181126141301 ], [ -75.988384694175053, 8.976354094760461 ], [ -75.989639759979923, 8.973554961577388 ], [ -75.990767864308623, 8.972229312415145 ], [ -75.991751473996189, 8.969029902562674 ], [ -75.993867282645965, 8.968961552393955 ], [ -75.997091816293789, 8.96754850185966 ], [ -75.997790530470866, 8.96643188762037 ], [ -75.999800332498722, 8.965644383217176 ], [ -76.001174346077647, 8.963993463090461 ], [ -76.002154608352598, 8.961776741478335 ], [ -76.003644140004567, 8.960376264310558 ], [ -76.00748934688886, 8.959949760116226 ], [ -76.011204571879645, 8.957682881476051 ], [ -76.014891053306854, 8.958170469751495 ], [ -76.016935906943914, 8.959250014898188 ], [ -76.017644821487508, 8.960448530241132 ], [ -76.020656252452653, 8.960647504344808 ], [ -76.023649087715285, 8.959564687902702 ], [ -76.026443397092777, 8.963264354159774 ], [ -76.024263836243506, 8.965611574027902 ], [ -76.025884535602259, 8.966226322267275 ], [ -76.022531364087925, 8.970082469529956 ], [ -76.023984404903885, 8.972373803814387 ], [ -76.022363705412374, 8.974273934038871 ], [ -76.021190095373868, 8.97416216145924 ], [ -76.020743005730893, 8.975838747408657 ], [ -76.019178192720588, 8.976229950886459 ], [ -76.017669265441299, 8.977403561010632 ], [ -76.017278061264733, 8.978800715662063 ], [ -76.015825021017719, 8.979862553189013 ], [ -76.014539638535638, 8.984277562393997 ], [ -76.015042613721178, 8.984892311079978 ], [ -76.014371979564402, 8.985059969133996 ], [ -76.014148434815823, 8.986065921458735 ], [ -76.014874954982147, 8.987127758447777 ], [ -76.014204320631265, 8.991453350484605 ], [ -76.014986727567106, 8.994191773958383 ], [ -76.014427865377215, 8.995924245689372 ], [ -76.015433817736238, 8.997768489685042 ], [ -76.015098499882896, 8.998271465374692 ], [ -76.016048565746445, 9.000283368455399 ], [ -76.01588090722322, 9.001624637802275 ], [ -76.017445720106693, 9.00168052320037 ], [ -76.017948696473368, 9.005927874735754 ], [ -76.018842874718132, 9.006486736697154 ], [ -76.020631232909921, 9.013081307278579 ], [ -76.019625281392123, 9.014087258438659 ], [ -76.019122306444132, 9.016322706278165 ], [ -76.020575347558548, 9.018669926730441 ], [ -76.020072371258479, 9.020346512047059 ], [ -76.020854778228937, 9.022190757153814 ], [ -76.020687119267919, 9.023867342532775 ], [ -76.018162413311359, 9.028125989734459 ], [ -76.016857294385275, 9.028260352071202 ], [ -76.016012980491936, 9.027786627967705 ], [ -76.016064005997961, 9.026082832538203 ], [ -76.013391554347635, 9.021046116579649 ], [ -76.011758161220172, 9.019171868965723 ], [ -76.005392582728916, 9.020639874365351 ], [ -76.003580912076842, 9.019155043187284 ], [ -75.999911248387704, 9.018785729920999 ], [ -75.998282823349498, 9.01783786909022 ], [ -75.996724951599418, 9.018862156292 ], [ -75.995190663141571, 9.01866095767924 ], [ -75.993927678914886, 9.016496452581462 ], [ -75.991697748092832, 9.017603240379829 ], [ -75.990508866976356, 9.019129276931551 ], [ -75.987832789736913, 9.018818026600353 ], [ -75.983508526067865, 9.021695764356492 ], [ -75.981160991743735, 9.019713391251537 ], [ -75.979614573403992, 9.019381168096315 ], [ -75.977302749992489, 9.017782328954059 ], [ -75.97638002438083, 9.017940119240473 ], [ -75.975482433773209, 9.01922631418838 ], [ -75.97204589617742, 9.020638465157061 ], [ -75.971838517219609, 9.021825776215135 ], [ -75.971253580485737, 9.022192219312 ], [ -75.965552432446628, 9.019813043134009 ], [ -75.962112720610548, 9.019735060381421 ], [ -75.959239885322006, 9.021837913314846 ], [ -75.958604268933414, 9.024495167072525 ], [ -75.954779505517479, 9.029033716347564 ], [ -75.954938042871561, 9.031782550049146 ], [ -75.954009688737216, 9.03365227422908 ], [ -75.952261592193011, 9.035143628232342 ], [ -75.948540618106506, 9.036525494588142 ], [ -75.947678947864475, 9.037342829580551 ], [ -75.94780290838878, 9.038059498852492 ], [ -75.949108871677268, 9.039439617382056 ], [ -75.948920777778383, 9.040277428242543 ], [ -75.944267737628664, 9.042835613801385 ], [ -75.942104017542405, 9.043037906437201 ], [ -75.940028282273872, 9.044626959499938 ], [ -75.939571786279842, 9.045662196347562 ], [ -75.940200027451411, 9.048088271846416 ], [ -75.939824336509957, 9.049869094837065 ], [ -75.937764757561908, 9.053494773966589 ], [ -75.936786145122909, 9.054035331957476 ], [ -75.93617374487313, 9.055815923184856 ], [ -75.933680612646256, 9.056177542053957 ], [ -75.933137570691258, 9.057227561676825 ], [ -75.931855768412433, 9.057750518308728 ], [ -75.932095332699262, 9.060233336506688 ], [ -75.93155927893126, 9.060771642057411 ], [ -75.930271377164814, 9.061045960636966 ], [ -75.928500979662488, 9.057286664716447 ], [ -75.926428178758897, 9.056474627699366 ], [ -75.923503769917318, 9.056585027860415 ], [ -75.922090634616325, 9.058715390171415 ], [ -75.920457619591531, 9.059240081067262 ], [ -75.918483290244623, 9.060761154998774 ], [ -75.916788591536616, 9.06098487121821 ], [ -75.915521631859619, 9.060178283811926 ], [ -75.914150686118091, 9.06020907865739 ], [ -75.913295756793161, 9.061355092937038 ], [ -75.913533038502422, 9.062606809236881 ], [ -75.912544489794811, 9.063099542668166 ], [ -75.91030984913931, 9.062632536025271 ], [ -75.909342695629235, 9.061652268241408 ], [ -75.909076370748636, 9.06036243428162 ], [ -75.906698062643613, 9.059309117106858 ], [ -75.906258563336394, 9.058020144247701 ], [ -75.90469118056167, 9.056306411707606 ], [ -75.902585089115277, 9.056517767544571 ], [ -75.900546816522152, 9.055867990712965 ], [ -75.900073710208687, 9.053632311767814 ], [ -75.897481839633372, 9.051952329204061 ], [ -75.897921008379271, 9.05031465719731 ], [ -75.897599824384358, 9.049584586623194 ], [ -75.896547369518771, 9.049805010780938 ], [ -75.895701861464445, 9.050999959989985 ], [ -75.894922890090442, 9.051075558861557 ], [ -75.893553605719106, 9.048557378803412 ], [ -75.891918043893696, 9.047618617336671 ], [ -75.889837632527872, 9.047508403458435 ], [ -75.887508524117777, 9.048332883104809 ], [ -75.883633061301651, 9.047778148434297 ], [ -75.880961622202889, 9.046683435929332 ], [ -75.880482042733277, 9.046984682063165 ], [ -75.878902122838156, 9.05093775123208 ], [ -75.877260093588063, 9.052081591537757 ], [ -75.875721569992692, 9.049853476377082 ], [ -75.873704029100878, 9.050461149064702 ], [ -75.873055957828711, 9.050166634732861 ], [ -75.874019156799548, 9.047950147928152 ], [ -75.873021223132099, 9.045587853176148 ], [ -75.869880299255712, 9.045208696445851 ], [ -75.86810622463463, 9.043973993284014 ] ] ] } },
{ "type": "Feature", "properties": { "FID_Cuenca": 0, "CODIGO": null, "AH": "1", "ZH": "13", "SZH": "1303", "COD_POMCA": "Quebrada Las Monas", "POMCA": "1003-00-09", "NOM_NSS": "Quebrada Las Monas", "COD_NSS": null, "NOMENCLAT": "Subcuenca Quebrada Las Monas", "IND_COMPAC": 1.93, "FORM_IND_C": 1003.0, "IND_SIN": 1.36, "TIPO_DRENA": 1012.0, "DEN_CORRIE": 0.0, "DEN_DREN": 2.55, "TIEM_CONC": 200.79017734300001, "MET_T_CONC": "Metodologia Temez: Tc=0.3(L/(S^0.25))^0.75; Donde: L es la Longitud del cauce (km) y S es el porcentaje de pendiente del cauce.", "CAUD_MED": 4.06, "T_CORRIEN": "EFIMERO", "TIPO_FUEN": 2211.0, "Q_TOTAL": 3.04, "Q_MAX": 18.96, "Q_MIN": 0.01, "Q_AMBIENTA": 0.53, "Q_DISPONIB": 1.75, "REND_HID": 73.19, "ESCORR": 320.4, "AREA_ha_": 5546.8586926899998, "OBSERV_": null, "SHAPE_Leng": 51279.476652400001, "SHAPE_Area": 55468586.926899999 }, "geometry": { "type": "Polygon", "coordinates": [ [ [ -75.924715509522315, 8.994189967145399 ], [ -75.923131090202006, 8.994757409174101 ], [ -75.921859612337343, 8.994433811457892 ], [ -75.920829519497445, 8.993334304190858 ], [ -75.917049110468923, 8.993381885838385 ], [ -75.916029262913739, 8.991450225123604 ], [ -75.915949732545627, 8.989987298615137 ], [ -75.91288858290315, 8.989586507400739 ], [ -75.91162051141454, 8.987067863645251 ], [ -75.909488634592662, 8.987810123390753 ], [ -75.907789563643007, 8.986620639149614 ], [ -75.905653144510154, 8.986459079186783 ], [ -75.903773221316527, 8.985650648153408 ], [ -75.902463016391735, 8.986230989030581 ], [ -75.898943445702287, 8.986492277048772 ], [ -75.898267911250613, 8.987026430669777 ], [ -75.897024394672187, 8.986516095994338 ], [ -75.896061422335748, 8.986801398335041 ], [ -75.892780536603212, 8.984770797242543 ], [ -75.89334685706757, 8.982587345329845 ], [ -75.892474233638609, 8.98103145926134 ], [ -75.89106080050027, 8.981167526313582 ], [ -75.887174270465366, 8.983080347058316 ], [ -75.887141447587169, 8.985189447292194 ], [ -75.889250224478388, 8.985595144496141 ], [ -75.889449400807038, 8.985991085886836 ], [ -75.88495471386311, 8.987007832657074 ], [ -75.882747629791865, 8.984235411253042 ], [ -75.883022671023681, 8.983440222012476 ], [ -75.882373183543706, 8.982439140910479 ], [ -75.88066885136152, 8.982112720794598 ], [ -75.879718240652124, 8.981137812190784 ], [ -75.876783641079598, 8.981027794559674 ], [ -75.874704588411177, 8.979425126386939 ], [ -75.873439633433605, 8.979543964204042 ], [ -75.873744180371347, 8.978387578695578 ], [ -75.873303121502985, 8.977262627447232 ], [ -75.874166896049246, 8.97693128173262 ], [ -75.875313090776217, 8.975271059077455 ], [ -75.879064579368347, 8.973671461523123 ], [ -75.881257144940847, 8.973526858332601 ], [ -75.881188223516958, 8.975153140789425 ], [ -75.882517787771306, 8.975567476146665 ], [ -75.884017097861545, 8.975292341588622 ], [ -75.885316816170132, 8.97356439620874 ], [ -75.886833740624894, 8.972963977899257 ], [ -75.887469661372052, 8.973171277228577 ], [ -75.887571071368484, 8.974222858939767 ], [ -75.886495783768595, 8.97464895975645 ], [ -75.885464750837926, 8.976241693100665 ], [ -75.886260845996262, 8.977710704424313 ], [ -75.887356302857867, 8.977308813660061 ], [ -75.888144073661465, 8.976128536706454 ], [ -75.888979113933971, 8.975751431277267 ], [ -75.89056574835665, 8.975628871238508 ], [ -75.891681140821035, 8.97649852901251 ], [ -75.893297275777357, 8.976504930798443 ], [ -75.89576865266271, 8.974398185036852 ], [ -75.898424594950185, 8.974585948456516 ], [ -75.900436919944681, 8.973026606367259 ], [ -75.901288514106255, 8.973079787887276 ], [ -75.902478571325361, 8.974451165311027 ], [ -75.907036091172671, 8.973063317495171 ], [ -75.906895561003083, 8.971414179420506 ], [ -75.908602851968112, 8.971381810399988 ], [ -75.908462436883241, 8.96975658464439 ], [ -75.909739344990001, 8.967825451210951 ], [ -75.911603406336127, 8.967887936158217 ], [ -75.913000274163352, 8.966543603065205 ], [ -75.91278437948236, 8.96569345946506 ], [ -75.911281457896749, 8.965232270442208 ], [ -75.910741233113725, 8.963006482997608 ], [ -75.911161206046557, 8.96235403248668 ], [ -75.913129057367271, 8.961540873626383 ], [ -75.913374106644923, 8.960535413625559 ], [ -75.911613991497049, 8.960572839127508 ], [ -75.910684349808804, 8.958056075075797 ], [ -75.908760180838527, 8.957025492383398 ], [ -75.909639794139508, 8.955478902661222 ], [ -75.91210107531748, 8.954283134395922 ], [ -75.911907762904335, 8.953041697988477 ], [ -75.913127035607872, 8.952576570271127 ], [ -75.912960208300973, 8.951917465907181 ], [ -75.914224614589969, 8.948946284225306 ], [ -75.913107353139722, 8.946732922159898 ], [ -75.913209034298021, 8.945909893661238 ], [ -75.914896585899157, 8.944843723601993 ], [ -75.91593604221471, 8.943533050601138 ], [ -75.917581814922897, 8.943847673075554 ], [ -75.919118237242401, 8.945728970286549 ], [ -75.920642282381422, 8.945147538858276 ], [ -75.920730585869862, 8.94358096176418 ], [ -75.919375243973207, 8.942801045858239 ], [ -75.919478438699542, 8.941803465325467 ], [ -75.920089011960059, 8.941283963348852 ], [ -75.919810994708698, 8.940510644812314 ], [ -75.918537145812508, 8.939675324112109 ], [ -75.918918034399582, 8.938908294968602 ], [ -75.921771808993711, 8.938644642586214 ], [ -75.92216899557701, 8.941117400818005 ], [ -75.923521705309483, 8.942330099178742 ], [ -75.92436325205783, 8.942313950964868 ], [ -75.92630475523498, 8.94107288297513 ], [ -75.928036232352923, 8.941100106723516 ], [ -75.927276926827403, 8.939216170826526 ], [ -75.92813090959956, 8.936902163709638 ], [ -75.929858342635967, 8.936133187527147 ], [ -75.930285070991545, 8.934925972325573 ], [ -75.931596494931284, 8.934632494617222 ], [ -75.932270509371975, 8.933825736413269 ], [ -75.933353850801112, 8.934078548648445 ], [ -75.934748633221133, 8.933153410721337 ], [ -75.936571039230756, 8.934050482085427 ], [ -75.938035005573781, 8.933493204839531 ], [ -75.938782224621562, 8.933848110299573 ], [ -75.942787700529195, 8.936577663861303 ], [ -75.943214145382441, 8.938099794013127 ], [ -75.94468908304728, 8.938752289301993 ], [ -75.945358437667679, 8.93986791407796 ], [ -75.946583584725431, 8.939632200328948 ], [ -75.947856330511698, 8.940242661882225 ], [ -75.952806373036225, 8.939006844471521 ], [ -75.954212674260191, 8.939401416716906 ], [ -75.955222170856274, 8.941194339386755 ], [ -75.958066166765207, 8.942630203006864 ], [ -75.961353516887115, 8.942211818514965 ], [ -75.9650693706553, 8.942824131176552 ], [ -75.967509516779032, 8.942256983297231 ], [ -75.97085679329993, 8.94297153746488 ], [ -75.971296159538554, 8.944236513714502 ], [ -75.971135821015025, 8.94661775550672 ], [ -75.971755443517097, 8.947398829254077 ], [ -75.973618605239238, 8.946853716539197 ], [ -75.974658659985352, 8.94709705223114 ], [ -75.978115353037666, 8.945950790135479 ], [ -75.980200583768635, 8.943721263883379 ], [ -75.982477882269521, 8.942697130334308 ], [ -75.984725054391106, 8.940175056593569 ], [ -75.985998937076062, 8.940072861398102 ], [ -75.987402385986101, 8.940849775703459 ], [ -75.989470934274621, 8.940970612854752 ], [ -75.990365338222688, 8.941874561099059 ], [ -75.992979425128283, 8.94055798823279 ], [ -75.994373336372519, 8.940419279393872 ], [ -75.995065693743129, 8.939471272202393 ], [ -75.996170311668806, 8.939190597273793 ], [ -75.996935169889397, 8.940609252537895 ], [ -75.999339834143598, 8.940632655018844 ], [ -76.001852037687229, 8.942819287514347 ], [ -76.006798409306498, 8.94377384913191 ], [ -76.008577805974085, 8.946059875826716 ], [ -76.012830645500571, 8.947723283379879 ], [ -76.01725913478441, 8.946225709935291 ], [ -76.018149870867092, 8.946424275735584 ], [ -76.019141477903389, 8.947506946464875 ], [ -76.021945818474549, 8.948078008106426 ], [ -76.022635671042707, 8.948935114372667 ], [ -76.023801597021929, 8.948881169513511 ], [ -76.024169263741499, 8.950194238013337 ], [ -76.025880340180265, 8.950914465009278 ], [ -76.027002259689922, 8.952970116660287 ], [ -76.025828648976599, 8.953193661782388 ], [ -76.025660990985983, 8.954143727148589 ], [ -76.024319721840143, 8.954087840690855 ], [ -76.024152063701251, 8.954814361393067 ], [ -76.024934470266672, 8.955317337476117 ], [ -76.023928518336177, 8.958111647274851 ], [ -76.023369656884341, 8.958111646924216 ], [ -76.023649087715285, 8.959564687902702 ], [ -76.021412549324026, 8.960428347047056 ], [ -76.017548486610792, 8.960420344626353 ], [ -76.016192966757117, 8.958813979531596 ], [ -76.011915970897874, 8.957612216772269 ], [ -76.0102160120679, 8.958089723635522 ], [ -76.009192941419883, 8.959247495795314 ], [ -76.00748934688886, 8.959949760116226 ], [ -76.003644140004567, 8.960376264310558 ], [ -76.002154608352598, 8.961776741478335 ], [ -76.001174346077647, 8.963993463090461 ], [ -75.999800332498722, 8.965644383217176 ], [ -75.997790530470866, 8.96643188762037 ], [ -75.997091816293789, 8.96754850185966 ], [ -75.993867282645965, 8.968961552393955 ], [ -75.991751473996189, 8.969029902562674 ], [ -75.990767864308623, 8.972229312415145 ], [ -75.989639759979923, 8.973554961577388 ], [ -75.988709933758386, 8.976008113354881 ], [ -75.986470418498712, 8.978181126141301 ], [ -75.98452858812567, 8.978420696005683 ], [ -75.980574245815873, 8.980105217654389 ], [ -75.979524876441445, 8.981399757596567 ], [ -75.977322392646514, 8.981004638227697 ], [ -75.975369097117763, 8.982281905557656 ], [ -75.973319935948723, 8.981312139769178 ], [ -75.969438632935976, 8.981798300795802 ], [ -75.966706586150039, 8.983629447791229 ], [ -75.962744218941793, 8.984725662610922 ], [ -75.958556997862502, 8.984197109857559 ], [ -75.956869927814864, 8.983488409882662 ], [ -75.956102708537827, 8.982386878513116 ], [ -75.953761030935567, 8.982984589630121 ], [ -75.951292468857062, 8.982291788154336 ], [ -75.950134419661694, 8.983911596646189 ], [ -75.947743187377327, 8.983566121984287 ], [ -75.943679204467401, 8.984562235688719 ], [ -75.941907177927945, 8.987753639263357 ], [ -75.941939910142864, 8.989451095993971 ], [ -75.939897060589288, 8.992067631362181 ], [ -75.939151481663473, 8.992059442943892 ], [ -75.93853237074687, 8.990914879117851 ], [ -75.937316803038911, 8.990705822297157 ], [ -75.936992685588763, 8.99175631907065 ], [ -75.93614699102811, 8.991923173995909 ], [ -75.934934030022418, 8.993641261958334 ], [ -75.933402214061815, 8.993199466918067 ], [ -75.932335650547301, 8.993443939314931 ], [ -75.930886424282377, 8.992217458548382 ], [ -75.926210276386684, 8.995860977967109 ], [ -75.925589218917295, 8.995749324175613 ], [ -75.924715509522315, 8.994189967145399 ] ] ] } },
{ "type": "Feature", "properties": { "FID_Cuenca": 0, "CODIGO": null, "AH": "1", "ZH": "13", "SZH": "1303", "COD_POMCA": "Arroyo El Coco ( Quebrada Tres Marías)", "POMCA": "1003-00-45", "NOM_NSS": "Arroyo El Coco ( Quebrada Tres Marías)", "COD_NSS": null, "NOMENCLAT": "Subcuenca Arroyo El Coco ( Quebrada Tres Marías)", "IND_COMPAC": 1.6, "FORM_IND_C": 1003.0, "IND_SIN": 1.59, "TIPO_DRENA": 1013.0, "DEN_CORRIE": 0.0, "DEN_DREN": 1.94, "TIEM_CONC": 213.909233962, "MET_T_CONC": "Metodologia Temez: Tc=0.3(L/(S^0.25))^0.75; Donde: L es la Longitud del cauce (km) y S es el porcentaje de pendiente del cauce.", "CAUD_MED": 3.04, "T_CORRIEN": "EFIMERO", "TIPO_FUEN": 2212.0, "Q_TOTAL": 3.72, "Q_MAX": 22.12, "Q_MIN": 0.7, "Q_AMBIENTA": 0.64, "Q_DISPONIB": 2.16, "REND_HID": 55.26, "ESCORR": 288.81, "AREA_ha_": 5501.44532764, "OBSERV_": null, "SHAPE_Leng": 42269.896492100001, "SHAPE_Area": 55014453.2764 }, "geometry": { "type": "Polygon", "coordinates": [ [ [ -75.930141596568262, 8.935084498163445 ], [ -75.929376638326843, 8.930575756739003 ], [ -75.927879863167718, 8.929397267537061 ], [ -75.927098510338979, 8.927514629856306 ], [ -75.927174414356514, 8.925876387726023 ], [ -75.927973405164408, 8.924581243113174 ], [ -75.927929445840931, 8.923015328983086 ], [ -75.925936650169476, 8.9212140379756 ], [ -75.926069929299032, 8.920463383034241 ], [ -75.925383266224571, 8.919711229195341 ], [ -75.925706179976558, 8.918896667406475 ], [ -75.925058376362557, 8.918220832511524 ], [ -75.923186619195675, 8.918966578264616 ], [ -75.921210347416377, 8.916855528482825 ], [ -75.920816512326908, 8.915996704376257 ], [ -75.921009128718495, 8.914130727548322 ], [ -75.919567969825849, 8.911555534478907 ], [ -75.919118453018925, 8.911098678734486 ], [ -75.917908721905192, 8.9115207123121 ], [ -75.917402074827848, 8.911178907353273 ], [ -75.918318467917373, 8.909797123404147 ], [ -75.918053697338522, 8.908779844086107 ], [ -75.915887819027105, 8.908403204455769 ], [ -75.914707946106603, 8.909025927759428 ], [ -75.913448559981617, 8.90817136427539 ], [ -75.912326744108313, 8.908865526768576 ], [ -75.911012660979736, 8.908613771874476 ], [ -75.909596379901515, 8.908118626996661 ], [ -75.909473324927902, 8.906584167974231 ], [ -75.906988797440505, 8.905950805048617 ], [ -75.906257693495192, 8.906886917525934 ], [ -75.90459824121298, 8.906808993226166 ], [ -75.903396259206332, 8.908794704956666 ], [ -75.902559955333786, 8.908884889194303 ], [ -75.900087536975221, 8.906694828528675 ], [ -75.899870374129677, 8.904113526428894 ], [ -75.898225803776654, 8.904611747913169 ], [ -75.897189201093468, 8.904066870311006 ], [ -75.897374752477049, 8.902691089098569 ], [ -75.896852377301798, 8.901593744946474 ], [ -75.897473255144064, 8.90072991940109 ], [ -75.897218729751273, 8.900312723774139 ], [ -75.89354524965816, 8.898943831182272 ], [ -75.892215118481076, 8.897111368040575 ], [ -75.891981228702221, 8.896000650258435 ], [ -75.892439706836555, 8.893894256378804 ], [ -75.890799417338798, 8.892814297344575 ], [ -75.891093718509381, 8.891545585164812 ], [ -75.890189583549287, 8.890915149231752 ], [ -75.892029480827517, 8.889564792662595 ], [ -75.892839521420285, 8.88805446007949 ], [ -75.893669585526965, 8.888169971360167 ], [ -75.894455688757731, 8.889122576563974 ], [ -75.89578605548904, 8.888303118383595 ], [ -75.896303623050002, 8.888432103899966 ], [ -75.897272002379253, 8.889778339999175 ], [ -75.89852411885532, 8.890154798253239 ], [ -75.898782003718139, 8.891253435677591 ], [ -75.900163109918623, 8.890971708862114 ], [ -75.901138620709304, 8.891325598436616 ], [ -75.902445756512634, 8.893100551820954 ], [ -75.902294913083637, 8.89468418536981 ], [ -75.903356363542514, 8.895396306525569 ], [ -75.90507360672062, 8.895017267895346 ], [ -75.90730147532976, 8.893368446277776 ], [ -75.909774208178703, 8.892615061579788 ], [ -75.911818027248103, 8.892640870271748 ], [ -75.913922284312051, 8.89442141179323 ], [ -75.914684808312543, 8.894550953089119 ], [ -75.917018696484789, 8.893922541843803 ], [ -75.918539934326546, 8.892336928295189 ], [ -75.921730435357446, 8.892808924506566 ], [ -75.923270454891679, 8.89209832943131 ], [ -75.923928927343084, 8.891076478509097 ], [ -75.928363684035986, 8.892273911124962 ], [ -75.929041140063063, 8.893310649611992 ], [ -75.929770593898468, 8.892541890012232 ], [ -75.929858651994721, 8.890927497150754 ], [ -75.930542178902527, 8.890589353212228 ], [ -75.931876412432146, 8.890558806254557 ], [ -75.933363328242947, 8.892201220447307 ], [ -75.934855046956685, 8.89240898103067 ], [ -75.938060249902108, 8.891174997146665 ], [ -75.938646786293418, 8.891152939570997 ], [ -75.939825272430994, 8.892179976513235 ], [ -75.941423081698531, 8.890546087696045 ], [ -75.94283976801762, 8.891131973737913 ], [ -75.944405580084094, 8.890779824493467 ], [ -75.94559982053454, 8.891118147124049 ], [ -75.946517998824731, 8.890118877755267 ], [ -75.948363806849798, 8.889985282779556 ], [ -75.94985200174348, 8.888492190726778 ], [ -75.954522967943575, 8.888155475470878 ], [ -75.955014772506274, 8.885585052419881 ], [ -75.956701699684828, 8.885418747800616 ], [ -75.959308312047341, 8.884088157463506 ], [ -75.960879083635987, 8.885562051780786 ], [ -75.962899244356038, 8.885680956709979 ], [ -75.964085028958522, 8.886248798231133 ], [ -75.966400472998913, 8.884874206550251 ], [ -75.968965902812101, 8.884430823332135 ], [ -75.969443543343971, 8.884744011550193 ], [ -75.969637912114408, 8.886077197998175 ], [ -75.972616013143977, 8.887338859889358 ], [ -75.975632481399884, 8.884841671885829 ], [ -75.976410905836914, 8.884737287470948 ], [ -75.977888449202638, 8.885934814082884 ], [ -75.979720342073762, 8.8887085710136 ], [ -75.981210911360336, 8.88974151372922 ], [ -75.985803854676078, 8.88990930164292 ], [ -75.987418482303482, 8.890642230422303 ], [ -75.989341515943849, 8.892428781378412 ], [ -75.992593708056773, 8.893674506102551 ], [ -75.994818661821185, 8.897106040185539 ], [ -75.99745189530006, 8.89859877336821 ], [ -75.998656672221188, 8.900027129659485 ], [ -75.998929581166493, 8.902564911657313 ], [ -76.000179225885176, 8.903891897243646 ], [ -76.000828990715675, 8.906767241221008 ], [ -76.001944652685296, 8.908616844891297 ], [ -76.001679870363915, 8.911315202582601 ], [ -76.00274238535178, 8.914948720755454 ], [ -76.004812858700859, 8.917759300247946 ], [ -76.004910791418126, 8.919927376194675 ], [ -76.006613736107766, 8.921421241469558 ], [ -76.007111325623953, 8.92315208647268 ], [ -76.008738618179194, 8.925343286765523 ], [ -76.008556919209028, 8.928092014356261 ], [ -76.009513571948233, 8.92940204887919 ], [ -76.00878030071415, 8.931808994840114 ], [ -76.009659824778893, 8.933081173600989 ], [ -76.009762251341073, 8.934723210835951 ], [ -76.010308235949864, 8.935667174759885 ], [ -76.009805695898947, 8.937491684312761 ], [ -76.010415439051883, 8.940151644621018 ], [ -76.010822225655829, 8.940687482705162 ], [ -76.013306655712313, 8.941248336938122 ], [ -76.012747597175192, 8.943295500064091 ], [ -76.014341172560748, 8.945494954484067 ], [ -76.014485703972468, 8.94694953412321 ], [ -76.013696202745578, 8.947706804695947 ], [ -76.012830645500571, 8.947723283379879 ], [ -76.009047943316773, 8.946296517002622 ], [ -76.007309019112114, 8.9448471112229 ], [ -76.006798409306498, 8.94377384913191 ], [ -76.001852037687229, 8.942819287514347 ], [ -75.999701132509259, 8.940750328728553 ], [ -75.996935169889397, 8.940609252537895 ], [ -75.996363420176849, 8.939333054427685 ], [ -75.995809453329585, 8.939156600250646 ], [ -75.994373336372519, 8.940419279393872 ], [ -75.992979425128283, 8.94055798823279 ], [ -75.990365338222688, 8.941874561099059 ], [ -75.989470934274621, 8.940970612854752 ], [ -75.987402385986101, 8.940849775703459 ], [ -75.985998937076062, 8.940072861398102 ], [ -75.984725054391106, 8.940175056593569 ], [ -75.982477882269521, 8.942697130334308 ], [ -75.980200583768635, 8.943721263883379 ], [ -75.978115353037666, 8.945950790135479 ], [ -75.974658659985352, 8.94709705223114 ], [ -75.973618605239238, 8.946853716539197 ], [ -75.971755443517097, 8.947398829254077 ], [ -75.971135821015025, 8.94661775550672 ], [ -75.971195404484931, 8.943352364269364 ], [ -75.968875980890729, 8.942383906675449 ], [ -75.963992138448958, 8.942829617059795 ], [ -75.960737954767239, 8.942214947308493 ], [ -75.958066166765207, 8.942630203006864 ], [ -75.955222170856274, 8.941194339386755 ], [ -75.954212674260191, 8.939401416716906 ], [ -75.952806373036225, 8.939006844471521 ], [ -75.947856330511698, 8.940242661882225 ], [ -75.946583584725431, 8.939632200328948 ], [ -75.945358437667679, 8.93986791407796 ], [ -75.94468908304728, 8.938752289301993 ], [ -75.943214145382441, 8.938099794013127 ], [ -75.942787700529195, 8.936577663861303 ], [ -75.938035005573781, 8.933493204839531 ], [ -75.936571039230756, 8.934050482085427 ], [ -75.934748633221133, 8.933153410721337 ], [ -75.933353850801112, 8.934078548648445 ], [ -75.932270509371975, 8.933825736413269 ], [ -75.931596494931284, 8.934632494617222 ], [ -75.930141596568262, 8.935084498163445 ] ] ] } },
{ "type": "Feature", "properties": { "FID_Cuenca": 0, "CODIGO": null, "AH": "1", "ZH": "13", "SZH": "1303", "COD_POMCA": "Quebrada Aguas Blancas (Quebrada El Común)", "POMCA": "1003-00-10", "NOM_NSS": "Quebrada Aguas Blancas (Quebrada El Común)", "COD_NSS": null, "NOMENCLAT": "Subcuenca Quebrada Aguas Blancas (Quebrada El Común)", "IND_COMPAC": 2.02, "FORM_IND_C": 1003.0, "IND_SIN": 1.5, "TIPO_DRENA": 1013.0, "DEN_CORRIE": 0.0, "DEN_DREN": 3.29, "TIEM_CONC": 258.76601335300001, "MET_T_CONC": "Metodologia Temez: Tc=0.3(L/(S^0.25))^0.75; Donde: L es la Longitud del cauce (km) y S es el porcentaje de pendiente del cauce.", "CAUD_MED": 3.72, "T_CORRIEN": "EFIMERO", "TIPO_FUEN": 2211.0, "Q_TOTAL": 5.9, "Q_MAX": 25.25, "Q_MIN": 1.35, "Q_AMBIENTA": 1.16, "Q_DISPONIB": 3.26, "REND_HID": 41.35, "ESCORR": 247.4, "AREA_ha_": 8996.5857766099998, "OBSERV_": null, "SHAPE_Leng": 68622.594048900006, "SHAPE_Area": 89965857.766100004 }, "geometry": { "type": "Polygon", "coordinates": [ [ [ -76.026443448653851, 8.951684727809349 ], [ -76.024169314599874, 8.95019423142038 ], [ -76.023801647880163, 8.948881162920639 ], [ -76.022635671042707, 8.948935114372667 ], [ -76.021584255978553, 8.947912542017869 ], [ -76.019141477903389, 8.947506946464875 ], [ -76.018005221915644, 8.946353299792269 ], [ -76.017102844625342, 8.946226534704744 ], [ -76.01544746748489, 8.946928558945043 ], [ -76.014272987214838, 8.946696751101364 ], [ -76.014341172560748, 8.945494954484067 ], [ -76.012747597175192, 8.943295500064091 ], [ -76.013306655712313, 8.941248336938122 ], [ -76.010822225655829, 8.940687482705162 ], [ -76.010415439051883, 8.940151644621018 ], [ -76.009805695898947, 8.937491684312761 ], [ -76.010308235949864, 8.935667174759885 ], [ -76.009762251341073, 8.934723210835951 ], [ -76.009659824778893, 8.933081173600989 ], [ -76.00878030071415, 8.931808994840114 ], [ -76.009513571948233, 8.92940204887919 ], [ -76.008556919209028, 8.928092014356261 ], [ -76.008738618179194, 8.925343286765523 ], [ -76.007111325623953, 8.92315208647268 ], [ -76.006613736107766, 8.921421241469558 ], [ -76.004910791418126, 8.919927376194675 ], [ -76.004812858700859, 8.917759300247946 ], [ -76.00274238535178, 8.914948720755454 ], [ -76.001679870363915, 8.911315202582601 ], [ -76.001944652685296, 8.908616844891297 ], [ -76.000828990715675, 8.906767241221008 ], [ -76.000179225885176, 8.903891897243646 ], [ -75.998929581166493, 8.902564911657313 ], [ -75.998845923069396, 8.900356104478275 ], [ -75.99745189530006, 8.89859877336821 ], [ -75.994818661821185, 8.897106040185539 ], [ -75.993057100041298, 8.894016422010045 ], [ -75.989341515943849, 8.892428781378412 ], [ -75.987418482303482, 8.890642230422303 ], [ -75.985563314590905, 8.889886623908049 ], [ -75.98523813413405, 8.888404698331911 ], [ -75.98619261511466, 8.887013049789083 ], [ -75.985996138018066, 8.886213080637935 ], [ -75.985151164144469, 8.885535978273964 ], [ -75.985484488723202, 8.882581423099804 ], [ -75.98392870652269, 8.881597124683447 ], [ -75.983695992231702, 8.880761473611662 ], [ -75.985592605253387, 8.877918476021337 ], [ -75.985834869564783, 8.873625443439995 ], [ -75.983375698073161, 8.872275149690513 ], [ -75.982792695005088, 8.871108937764095 ], [ -75.979716242826441, 8.870332010738915 ], [ -75.978168921056138, 8.868642291345225 ], [ -75.978211959348215, 8.867661769334083 ], [ -75.97923634042165, 8.865839409613903 ], [ -75.982038070621613, 8.863697169577238 ], [ -75.982222014328343, 8.8620703674616 ], [ -75.976901952414323, 8.860686756288839 ], [ -75.974188206643674, 8.861707139656167 ], [ -75.971543713166056, 8.86170141956725 ], [ -75.970281031062072, 8.861124413063989 ], [ -75.969765640540686, 8.862353602108843 ], [ -75.96933273607489, 8.862319928025016 ], [ -75.968301747251346, 8.861096770616669 ], [ -75.968874121966124, 8.860197251408641 ], [ -75.968614367970204, 8.858763967701361 ], [ -75.966662560953168, 8.857877209071704 ], [ -75.96665853187406, 8.857088199485267 ], [ -75.96794623356034, 8.855037390138135 ], [ -75.967069821347934, 8.852889918629275 ], [ -75.964573689944856, 8.851324454111655 ], [ -75.963564583011191, 8.851437135454328 ], [ -75.962379926813668, 8.85248319134238 ], [ -75.96092144462996, 8.852318877985416 ], [ -75.959617597609707, 8.85120166303242 ], [ -75.95953794325942, 8.849719638692104 ], [ -75.958065349077742, 8.848507623811859 ], [ -75.95779351234431, 8.847050471582932 ], [ -75.955771548791375, 8.846534597239261 ], [ -75.954751724378227, 8.8445312573377 ], [ -75.95400409026557, 8.844056801149149 ], [ -75.952682908664329, 8.844254699416478 ], [ -75.950463831202171, 8.847541502728738 ], [ -75.949309216395747, 8.847403814881448 ], [ -75.948076206052065, 8.846023183064714 ], [ -75.947073704287959, 8.842680752686899 ], [ -75.947403495525634, 8.841340131644357 ], [ -75.946520164638073, 8.840172935702682 ], [ -75.946661625100049, 8.839622293681785 ], [ -75.948403042394915, 8.839216693482086 ], [ -75.949036510847591, 8.838508178568771 ], [ -75.948995746575164, 8.837575882619904 ], [ -75.948174689678865, 8.83683876335015 ], [ -75.94798957561288, 8.835883276202983 ], [ -75.946255842385099, 8.835306121104377 ], [ -75.944601630155162, 8.836199043993153 ], [ -75.94337133609028, 8.83773543033843 ], [ -75.941005514619263, 8.838743663932933 ], [ -75.940793350487567, 8.836707557241697 ], [ -75.938269233636518, 8.833836502050316 ], [ -75.935704731760723, 8.833813652557536 ], [ -75.935189420850691, 8.832919565155498 ], [ -75.935333825765738, 8.831753216627151 ], [ -75.932207019506052, 8.831410034871638 ], [ -75.93058695347591, 8.831926139819688 ], [ -75.92790997312666, 8.831401370717007 ], [ -75.926237059770187, 8.830273644445692 ], [ -75.925930458074532, 8.829529146664008 ], [ -75.926267687863444, 8.827218284203658 ], [ -75.928653463667004, 8.826029565738375 ], [ -75.930890452639161, 8.826305451285448 ], [ -75.933216716276505, 8.824242437102033 ], [ -75.933214654573362, 8.820942802916937 ], [ -75.936164496014754, 8.822448916457949 ], [ -75.93730489843, 8.822644117007535 ], [ -75.938386231993718, 8.822024560141681 ], [ -75.94043439615767, 8.823000705764544 ], [ -75.940867506224691, 8.825479257264458 ], [ -75.939372497109872, 8.827244089618896 ], [ -75.94060696497661, 8.828935598937663 ], [ -75.94013363869405, 8.830420392198421 ], [ -75.941004423584829, 8.83149203301709 ], [ -75.9455466001411, 8.831254244767301 ], [ -75.946717374267266, 8.829837705941353 ], [ -75.94589297221701, 8.828431105203954 ], [ -75.946417478033169, 8.827567722345853 ], [ -75.950809329767125, 8.826135117897502 ], [ -75.95316758512277, 8.826625453009466 ], [ -75.955656921266822, 8.829267031390007 ], [ -75.953627703403768, 8.832050767410516 ], [ -75.953521295462039, 8.834777061481756 ], [ -75.955807613948409, 8.835291637631011 ], [ -75.960608142516264, 8.833856861071904 ], [ -75.961602093648025, 8.835501663262152 ], [ -75.962977509838026, 8.836522881532506 ], [ -75.963469467380932, 8.83872013229109 ], [ -75.961383939290982, 8.839878305073416 ], [ -75.961454266091351, 8.841417760518512 ], [ -75.962473802412944, 8.841470016452696 ], [ -75.965178265210866, 8.840060053955266 ], [ -75.966372239535318, 8.840379214247614 ], [ -75.967223373674074, 8.841350450639249 ], [ -75.968858494547177, 8.841437839190535 ], [ -75.970447450066729, 8.843782554028829 ], [ -75.972215142127737, 8.843467569440053 ], [ -75.973410303811235, 8.844016232459875 ], [ -75.97376380516819, 8.845449037464544 ], [ -75.974711419695637, 8.846477145254902 ], [ -75.973928817143801, 8.847628785593514 ], [ -75.97412681166216, 8.848737202039201 ], [ -75.97514511598267, 8.848540776959831 ], [ -75.97585245726286, 8.847714691341171 ], [ -75.978028497989243, 8.848277477801863 ], [ -75.978574042910992, 8.849651910312646 ], [ -75.980116377089701, 8.850390060698524 ], [ -75.980967795081526, 8.851399521545796 ], [ -75.982904579863501, 8.851239656598441 ], [ -75.986316676403476, 8.852809861418367 ], [ -75.986728922624224, 8.854433618669063 ], [ -75.988099813446979, 8.85547865912447 ], [ -75.989448684107927, 8.855988220134249 ], [ -75.991814027913492, 8.855956980904169 ], [ -75.992554157947836, 8.857751205465267 ], [ -75.996322615118942, 8.857559736113121 ], [ -75.998643136320027, 8.859996172610925 ], [ -76.002025475279751, 8.859519704468299 ], [ -76.002822877785889, 8.860968336848293 ], [ -76.002985418955106, 8.864482196601799 ], [ -76.003837427539921, 8.866510126720428 ], [ -76.007096732282008, 8.864556643549005 ], [ -76.008753845706025, 8.864237257391355 ], [ -76.012723113958671, 8.866122289699074 ], [ -76.014108729585388, 8.866287272798557 ], [ -76.017412168639595, 8.865428528534895 ], [ -76.018885671852701, 8.864024573435932 ], [ -76.021291527607374, 8.864375488174961 ], [ -76.025290247739179, 8.864086876819881 ], [ -76.026696994513799, 8.864615119830855 ], [ -76.028038077709894, 8.867285929806757 ], [ -76.030663615329104, 8.869165829936957 ], [ -76.032423974047703, 8.867719814037336 ], [ -76.035312665557967, 8.868450649014076 ], [ -76.037842711201492, 8.866830694987861 ], [ -76.042476316197835, 8.86869396421158 ], [ -76.043349398583146, 8.866740790644684 ], [ -76.044574482080264, 8.866566973402053 ], [ -76.04523851811841, 8.867113389224043 ], [ -76.04583631679094, 8.86651251695273 ], [ -76.049633118187799, 8.866005946115354 ], [ -76.05168218304398, 8.867655751811055 ], [ -76.05399327024567, 8.868265164700812 ], [ -76.053619384867957, 8.870275480108958 ], [ -76.054064065885754, 8.8710128031653 ], [ -76.056517648792564, 8.871286729244543 ], [ -76.059302826983696, 8.872885782505634 ], [ -76.059743045223215, 8.874282106584362 ], [ -76.059503529809007, 8.876686203505445 ], [ -76.061063538019837, 8.87843520109258 ], [ -76.061294736939843, 8.881195428224833 ], [ -76.062092328315856, 8.881980183773109 ], [ -76.064475762993141, 8.882613030800124 ], [ -76.06523186447744, 8.882393824616079 ], [ -76.066520161697568, 8.880557947252685 ], [ -76.067599630313595, 8.880121838910792 ], [ -76.069187034061756, 8.88025681595251 ], [ -76.070223275331884, 8.878494002295916 ], [ -76.071373304080012, 8.877770602770289 ], [ -76.074905955502103, 8.877536533160583 ], [ -76.076059894209166, 8.875539973182963 ], [ -76.079582516845193, 8.87226136334921 ], [ -76.081692490023443, 8.873571611338951 ], [ -76.082640833585629, 8.87588858308302 ], [ -76.086110503238487, 8.877342680841478 ], [ -76.086656530903838, 8.879643455273444 ], [ -76.087242429812434, 8.880064715332344 ], [ -76.092351769068173, 8.880952652393084 ], [ -76.096003842202322, 8.880549679541073 ], [ -76.097019873428209, 8.881740286981412 ], [ -76.097272887214913, 8.884043665057586 ], [ -76.099483596570138, 8.888833458056842 ], [ -76.103153746780862, 8.891222226620579 ], [ -76.103264650498588, 8.892287239291672 ], [ -76.102224289551799, 8.894383366072958 ], [ -76.101391262378996, 8.895038194687208 ], [ -76.101569379434395, 8.896909033721608 ], [ -76.100786285211655, 8.89694456709112 ], [ -76.098758967704612, 8.895745818029276 ], [ -76.098333572819129, 8.898602766386199 ], [ -76.09724251624867, 8.899555450019315 ], [ -76.097835300839733, 8.900680698314872 ], [ -76.097550853119444, 8.901418613025237 ], [ -76.096834161569092, 8.901666661308026 ], [ -76.097074590900021, 8.904003279116038 ], [ -76.095578213040909, 8.904699953049306 ], [ -76.095647258366682, 8.90501516675187 ], [ -76.096828501580234, 8.904721859942956 ], [ -76.097210722653983, 8.90558000363378 ], [ -76.09493197896677, 8.905902757739435 ], [ -76.094959921924101, 8.907635230337089 ], [ -76.094065743347386, 8.91070897103322 ], [ -76.090489026765056, 8.914900434876644 ], [ -76.088365351591975, 8.919315444813037 ], [ -76.0876388307165, 8.919762533785125 ], [ -76.086074016994885, 8.918253606563452 ], [ -76.084062113818078, 8.918030062182156 ], [ -76.081770780485868, 8.919427217092794 ], [ -76.081267804975198, 8.920209623868839 ], [ -76.079423560505404, 8.92037728204876 ], [ -76.078697039669905, 8.920936144329975 ], [ -76.077970519252702, 8.921606778389775 ], [ -76.077355770970186, 8.923339250161295 ], [ -76.074505575240465, 8.923059819642289 ], [ -76.07176715152859, 8.927977804781523 ], [ -76.069531704091602, 8.92812310893607 ], [ -76.066793279997697, 8.931140962872718 ], [ -76.06561967008868, 8.931308621273047 ], [ -76.063607766911815, 8.930526215282979 ], [ -76.063495995114792, 8.931588052277696 ], [ -76.061428205676748, 8.932202800544843 ], [ -76.060757571116255, 8.934047045223586 ], [ -76.058913326904175, 8.934773565312817 ], [ -76.057292627411471, 8.934326476144529 ], [ -76.056733765718946, 8.933711727859315 ], [ -76.055336610282993, 8.933991158599014 ], [ -76.050083308486833, 8.936617809819351 ], [ -76.048574381018057, 8.937735534026128 ], [ -76.047121339929234, 8.942318202285549 ], [ -76.045500640389349, 8.944665422208914 ], [ -76.043376964733113, 8.945727259804778 ], [ -76.043488737239613, 8.94634200748381 ], [ -76.038011890416882, 8.94595080447059 ], [ -76.035049921759523, 8.947884466657086 ], [ -76.034267515291361, 8.947605036054371 ], [ -76.034099856505875, 8.948443328582236 ], [ -76.033205677637142, 8.948890418013345 ], [ -76.031920295144317, 8.950958207412013 ], [ -76.030634912557403, 8.951628842193262 ], [ -76.02834357853358, 8.951069980032209 ], [ -76.026443448653851, 8.951684727809349 ] ] ] } },
{ "type": "Feature", "properties": { "FID_Cuenca": 0, "CODIGO": null, "AH": "1", "ZH": "13", "SZH": "1303", "COD_POMCA": "Quebrada San Diego", "POMCA": "1003-00-17", "NOM_NSS": "Quebrada San Diego", "COD_NSS": null, "NOMENCLAT": "Subcuenca Quebrada San Diego", "IND_COMPAC": 1.84, "FORM_IND_C": 1003.0, "IND_SIN": 1.71, "TIPO_DRENA": 1014.0, "DEN_CORRIE": 0.0, "DEN_DREN": 3.5, "TIEM_CONC": 306.305032579, "MET_T_CONC": "Metodologia Temez: Tc=0.3(L/(S^0.25))^0.75; Donde: L es la Longitud del cauce (km) y S es el porcentaje de pendiente del cauce.", "CAUD_MED": 5.9, "T_CORRIEN": "EFIMERO", "TIPO_FUEN": 2211.0, "Q_TOTAL": 10.49, "Q_MAX": 49.52, "Q_MIN": 2.45, "Q_AMBIENTA": 1.91, "Q_DISPONIB": 5.96, "REND_HID": 35.34, "ESCORR": 254.35, "AREA_ha_": 16693.1420005, "OBSERV_": null, "SHAPE_Leng": 84931.285815199997, "SHAPE_Area": 166931420.005 }, "geometry": { "type": "Polygon", "coordinates": [ [ [ -76.109580877258807, 8.612482668207914 ], [ -76.103672402713045, 8.612693180295917 ], [ -76.102596940688585, 8.613738865137746 ], [ -76.102271114688477, 8.613453681116257 ], [ -76.10242476996325, 8.610990604601442 ], [ -76.100244337998774, 8.608886189550132 ], [ -76.098700362021262, 8.608923478402005 ], [ -76.098617400956016, 8.60777630884323 ], [ -76.097614944902418, 8.607188646916757 ], [ -76.097355989552568, 8.605468596384533 ], [ -76.095933899973687, 8.605476062703012 ], [ -76.094791766563546, 8.603913656527803 ], [ -76.092844540221122, 8.602737999716638 ], [ -76.091143510306367, 8.600872474416601 ], [ -76.090405175342838, 8.599346188601702 ], [ -76.090490758482758, 8.597356546152147 ], [ -76.091811988295092, 8.596450672592947 ], [ -76.088424771774427, 8.593922111849526 ], [ -76.09045004096005, 8.592144685980438 ], [ -76.090032036801432, 8.590317861834878 ], [ -76.090239147694675, 8.588595360312821 ], [ -76.089302335977592, 8.588600252725543 ], [ -76.087999812393235, 8.589862255165542 ], [ -76.088043022924708, 8.591224821649545 ], [ -76.084589665150702, 8.590489459101446 ], [ -76.084764203611769, 8.588049863895492 ], [ -76.085453513608883, 8.587572880965549 ], [ -76.08495412299564, 8.586327051005545 ], [ -76.085812757315523, 8.585160617044592 ], [ -76.085214232387941, 8.583714869258408 ], [ -76.086362391350718, 8.582790795647094 ], [ -76.088547990489261, 8.579078344779431 ], [ -76.090224614911961, 8.577247763476517 ], [ -76.09214376199354, 8.577682446468316 ], [ -76.093533599499366, 8.57886583304054 ], [ -76.094137619901772, 8.578618807984773 ], [ -76.095976467597666, 8.575673223144658 ], [ -76.095936399877331, 8.574453498877697 ], [ -76.097042857454269, 8.573830870911948 ], [ -76.095804902127753, 8.571384330642868 ], [ -76.097175860680863, 8.568995871262942 ], [ -76.096531291689274, 8.567382068702896 ], [ -76.097428161656552, 8.566191516485141 ], [ -76.097517979801495, 8.565005183948134 ], [ -76.099712371012416, 8.565720522464927 ], [ -76.100570694419574, 8.564511040674251 ], [ -76.103316052206637, 8.564037613622082 ], [ -76.103156056365862, 8.562852593434672 ], [ -76.102116209594897, 8.562437254399518 ], [ -76.100771599368301, 8.560030910408095 ], [ -76.101993308248097, 8.55668210947251 ], [ -76.103348640990006, 8.556804117914655 ], [ -76.105564787613361, 8.558915568581092 ], [ -76.107571387275698, 8.557967828960461 ], [ -76.107693164673393, 8.556018655337764 ], [ -76.111087718441539, 8.555235753824823 ], [ -76.113000146469645, 8.5539752884326 ], [ -76.113446661763703, 8.553026169526612 ], [ -76.118404423766805, 8.553076553157149 ], [ -76.118199826292923, 8.549835674518222 ], [ -76.119808330939577, 8.547711789638459 ], [ -76.118808823246681, 8.54584265507634 ], [ -76.119512722836902, 8.544519208731616 ], [ -76.118434268076186, 8.54323340219252 ], [ -76.118947959830024, 8.542274365471606 ], [ -76.12165794343413, 8.542413084984318 ], [ -76.122974838237312, 8.540742122584149 ], [ -76.124869443073763, 8.540484426739379 ], [ -76.126517492017399, 8.539662836279216 ], [ -76.12728494504799, 8.537878617737604 ], [ -76.128879231920592, 8.5368875581502 ], [ -76.130822808977129, 8.537888578111373 ], [ -76.1312972400098, 8.539026479028443 ], [ -76.132327856124036, 8.539634854214404 ], [ -76.135315660806071, 8.54052989266928 ], [ -76.13671971677627, 8.540346409463201 ], [ -76.13845336151654, 8.541159624433341 ], [ -76.140297666489047, 8.537534927311617 ], [ -76.1423371651548, 8.536271291846063 ], [ -76.143288937598001, 8.534611793816543 ], [ -76.146188134866577, 8.534223371127316 ], [ -76.147611923737344, 8.534588733654372 ], [ -76.148741006553138, 8.533748319492265 ], [ -76.151413083661197, 8.534001802536068 ], [ -76.15459864026046, 8.533277079942874 ], [ -76.157504366087622, 8.53445688727102 ], [ -76.158400920425336, 8.532372107033488 ], [ -76.16015269918293, 8.530330551937565 ], [ -76.157800717655817, 8.522259432508216 ], [ -76.154884653814477, 8.51950174876271 ], [ -76.148800449535116, 8.517105211913155 ], [ -76.148925619370303, 8.51583622122835 ], [ -76.147289803179035, 8.513095535562941 ], [ -76.147619206589766, 8.511826663779607 ], [ -76.148853028995831, 8.51127020979931 ], [ -76.148592002494453, 8.50962195954499 ], [ -76.146892331947967, 8.50839975461704 ], [ -76.146803273392322, 8.507467821324306 ], [ -76.147399280034037, 8.506651781771547 ], [ -76.146610135502669, 8.505042198922538 ], [ -76.146828523570321, 8.503224037426142 ], [ -76.144336140250232, 8.498460005435442 ], [ -76.144570187194034, 8.497320744806897 ], [ -76.143860569283902, 8.493064117976292 ], [ -76.141843229468236, 8.491248245749439 ], [ -76.14182018054484, 8.488733249498267 ], [ -76.140228834889982, 8.487536712568588 ], [ -76.13954991746283, 8.486316215410923 ], [ -76.139006700656452, 8.482577643205646 ], [ -76.138098613958931, 8.481159914469162 ], [ -76.138927418711162, 8.478967951107487 ], [ -76.13860981551943, 8.476823882631441 ], [ -76.139697995092291, 8.475299787092453 ], [ -76.141435213351571, 8.474485802934941 ], [ -76.141696092317432, 8.472072106396705 ], [ -76.143587778651238, 8.46994626957591 ], [ -76.14529164381463, 8.469940900609952 ], [ -76.147494049911131, 8.468666899057903 ], [ -76.149474825420612, 8.46905805112846 ], [ -76.15177605718506, 8.468299883366177 ], [ -76.153689503420111, 8.463297769347955 ], [ -76.153708248701577, 8.461747087507163 ], [ -76.152805745967413, 8.460520185862897 ], [ -76.154087229301737, 8.460861846064352 ], [ -76.155181478452363, 8.460055121465688 ], [ -76.155117823500277, 8.458326206928604 ], [ -76.155769036609968, 8.457519445154484 ], [ -76.15571928045982, 8.456300411250712 ], [ -76.157183474277758, 8.454250260171671 ], [ -76.15813028735009, 8.451701439316134 ], [ -76.16081502547803, 8.45084560466624 ], [ -76.163005252140536, 8.450910444287135 ], [ -76.164080291782852, 8.45027496420828 ], [ -76.164902760806214, 8.447831996061776 ], [ -76.164725717580126, 8.447058330728566 ], [ -76.16375647240703, 8.446317576492639 ], [ -76.163665562200933, 8.445486072706215 ], [ -76.164949883025685, 8.443198436357166 ], [ -76.166126175485388, 8.439577326969211 ], [ -76.167534126677126, 8.438852590905114 ], [ -76.169072623961796, 8.435616853734025 ], [ -76.172814123163533, 8.432168529449804 ], [ -76.172005461683653, 8.431814235323845 ], [ -76.170756164305686, 8.432566821100304 ], [ -76.168941248673377, 8.432619536768236 ], [ -76.167914108846759, 8.431821716134214 ], [ -76.16782173715643, 8.430717674256163 ], [ -76.171538795281606, 8.426963909680826 ], [ -76.172334877487927, 8.42542957599308 ], [ -76.174824381583875, 8.424029643577162 ], [ -76.174814077992764, 8.422117093696087 ], [ -76.175837002966446, 8.420354424626185 ], [ -76.177093674430083, 8.419642437137307 ], [ -76.178905189734039, 8.419417582026098 ], [ -76.178612582103483, 8.416358986407774 ], [ -76.180229043066944, 8.415585299583711 ], [ -76.180799895824691, 8.414590084294389 ], [ -76.180663978123675, 8.413873587666274 ], [ -76.177789473312529, 8.41133699987078 ], [ -76.177767841118893, 8.407320650063062 ], [ -76.183613182963342, 8.404668542929134 ], [ -76.185010423198065, 8.402990403214236 ], [ -76.188704600172997, 8.407264107262558 ], [ -76.189746637009222, 8.410246396412148 ], [ -76.193743816202414, 8.416785151840346 ], [ -76.196940317996194, 8.423434106010319 ], [ -76.19976634555907, 8.424795216050743 ], [ -76.201357513982714, 8.423775798133661 ], [ -76.203260020155327, 8.423551190861964 ], [ -76.204583302435424, 8.425031767164354 ], [ -76.205308925246484, 8.426819748911589 ], [ -76.20822601492273, 8.427480548340865 ], [ -76.211870085079269, 8.430029113165787 ], [ -76.213209804881316, 8.432747658228973 ], [ -76.212329834426342, 8.43445680172265 ], [ -76.21276793305276, 8.437247093973454 ], [ -76.216220859231427, 8.440497055301758 ], [ -76.218668463106667, 8.443560472330137 ], [ -76.217743898790843, 8.449464244968301 ], [ -76.216767663655972, 8.451474253560484 ], [ -76.216806112412243, 8.454369621719923 ], [ -76.213493492837074, 8.461702892935891 ], [ -76.212832657331759, 8.46480721024443 ], [ -76.212519127001642, 8.471402012091445 ], [ -76.210056556737229, 8.47477973161101 ], [ -76.209681976627465, 8.47678185142798 ], [ -76.209245297032794, 8.496719482629926 ], [ -76.208696804238684, 8.500721090971529 ], [ -76.208719441681339, 8.502418395253683 ], [ -76.209648020752752, 8.504353374646181 ], [ -76.209158565289016, 8.505258582916603 ], [ -76.209198530596879, 8.508253824195707 ], [ -76.209725311721343, 8.510144176442338 ], [ -76.209996369726241, 8.522922530685349 ], [ -76.215170217366307, 8.527247686902324 ], [ -76.21602207984759, 8.530931129682385 ], [ -76.219354604587636, 8.532584443816727 ], [ -76.220380338344143, 8.534268381331618 ], [ -76.223322706021392, 8.536745638640664 ], [ -76.224760396797151, 8.539222920328147 ], [ -76.228105094100115, 8.541774632278807 ], [ -76.228930304769264, 8.543461190711543 ], [ -76.229070908725333, 8.546454997964725 ], [ -76.232505249242493, 8.548206576070935 ], [ -76.235764588889182, 8.551857691392327 ], [ -76.237229381767676, 8.556331577355429 ], [ -76.237169518444617, 8.559328016376629 ], [ -76.235479238736389, 8.560449031890663 ], [ -76.23195792443984, 8.559697270696082 ], [ -76.224655671452481, 8.561262693152377 ], [ -76.222668170367939, 8.56361580868923 ], [ -76.213380986746841, 8.568320013691254 ], [ -76.203496975676174, 8.568964260165895 ], [ -76.198316831475765, 8.567859948664635 ], [ -76.197789904349165, 8.566447725524684 ], [ -76.196741545227738, 8.566185537766486 ], [ -76.192786729737847, 8.566445018014679 ], [ -76.191876915281313, 8.566983600578059 ], [ -76.19112366135856, 8.569760953840833 ], [ -76.189577886412621, 8.571949747866308 ], [ -76.18578183204211, 8.570887500682137 ], [ -76.185726517992279, 8.567387782783474 ], [ -76.184923596484794, 8.566825562490781 ], [ -76.183826519896968, 8.569112300632346 ], [ -76.182562377225793, 8.569423613187904 ], [ -76.182186809983463, 8.571000354606488 ], [ -76.179375670627635, 8.57355533465922 ], [ -76.176424192873327, 8.574036786017688 ], [ -76.175582799456251, 8.572600356898134 ], [ -76.174069824502737, 8.572627140033676 ], [ -76.171998602004805, 8.571127484623025 ], [ -76.170067193481003, 8.573712792757076 ], [ -76.167372672140871, 8.573518020226986 ], [ -76.166011885432482, 8.574000133171864 ], [ -76.16570697597183, 8.574748451127393 ], [ -76.162681537544486, 8.576413679978288 ], [ -76.165882444549808, 8.580642344221896 ], [ -76.168460952120199, 8.581463094495259 ], [ -76.169866243252329, 8.581144324205296 ], [ -76.17161651224356, 8.581440838375697 ], [ -76.170359199884388, 8.583436764952239 ], [ -76.170774046055982, 8.585500116641336 ], [ -76.16962861847469, 8.586398558622088 ], [ -76.170486940508923, 8.589212111470106 ], [ -76.167106872538497, 8.596593966644594 ], [ -76.166709375476984, 8.599452272499281 ], [ -76.164728031157068, 8.60084009705645 ], [ -76.164802883185217, 8.602226327570582 ], [ -76.162181302595798, 8.602508307089595 ], [ -76.161578248391834, 8.604682380819776 ], [ -76.161797479534911, 8.606115646084703 ], [ -76.160705842166479, 8.606800536326459 ], [ -76.158476545349671, 8.606783918630773 ], [ -76.157295154982108, 8.608118748949719 ], [ -76.155539326088999, 8.608553526407876 ], [ -76.154937326890035, 8.609188969066013 ], [ -76.153691553901737, 8.608569390505561 ], [ -76.152444748554444, 8.608996896778386 ], [ -76.151979419170928, 8.61031975098437 ], [ -76.150555387009987, 8.609300864899016 ], [ -76.147849684008193, 8.608705798965707 ], [ -76.146281486354482, 8.607459083033245 ], [ -76.144095754613019, 8.60750669953307 ], [ -76.142611839558455, 8.606295372825745 ], [ -76.138243978771811, 8.604836515266193 ], [ -76.135349757504898, 8.602688343096716 ], [ -76.134725025954367, 8.600432383231565 ], [ -76.133689934747068, 8.600031479865855 ], [ -76.130367365445679, 8.605756839884027 ], [ -76.128347413141441, 8.605365962244132 ], [ -76.125025946408186, 8.60595745414704 ], [ -76.120059550842953, 8.611587937423854 ], [ -76.116187661048968, 8.613482899506014 ], [ -76.114908068633952, 8.614981560612582 ], [ -76.112580477782686, 8.614573112128307 ], [ -76.109580877258807, 8.612482668207914 ] ] ] } },
{ "type": "Feature", "properties": { "FID_Cuenca": 0, "CODIGO": null, "AH": "1", "ZH": "13", "SZH": "1303", "COD_POMCA": "Quebrada San Felipe", "POMCA": "1003-00-46", "NOM_NSS": "Quebrada San Felipe", "COD_NSS": null, "NOMENCLAT": "Subcuenca Quebrada San Felipe", "IND_COMPAC": 1.5, "FORM_IND_C": 1002.0, "IND_SIN": 1.52, "TIPO_DRENA": 1013.0, "DEN_CORRIE": 0.0, "DEN_DREN": 2.02, "TIEM_CONC": 149.981741933, "MET_T_CONC": "Metodologia Temez: Tc=0.3(L/(S^0.25))^0.75; Donde: L es la Longitud del cauce (km) y S es el porcentaje de pendiente del cauce.", "CAUD_MED": 2.6, "T_CORRIEN": "EFIMERO", "TIPO_FUEN": 2211.0, "Q_TOTAL": 2.26, "Q_MAX": 13.45, "Q_MIN": 0.6, "Q_AMBIENTA": 0.46, "Q_DISPONIB": 1.24, "REND_HID": 63.55, "ESCORR": 210.18, "AREA_ha_": 4091.44167324, "OBSERV_": null, "SHAPE_Leng": 34274.373291800002, "SHAPE_Area": 40914416.7324 }, "geometry": { "type": "Polygon", "coordinates": [ [ [ -75.982467825409898, 8.775123568444901 ], [ -75.981031242640512, 8.774499025182811 ], [ -75.981081760168507, 8.773092868691682 ], [ -75.980157220768476, 8.771250774433478 ], [ -75.979274472538961, 8.770645518799013 ], [ -75.979401517804476, 8.77010690538604 ], [ -75.979829498766861, 8.769801530503461 ], [ -75.981451460560734, 8.770161131745228 ], [ -75.983832111718939, 8.769460515949305 ], [ -75.986049070703658, 8.766828800107586 ], [ -75.992748963582613, 8.764786470619207 ], [ -75.994464270705976, 8.761832092361114 ], [ -75.99515475944483, 8.761503417381338 ], [ -75.997191986069637, 8.761340054170347 ], [ -75.998391298068185, 8.762749413363011 ], [ -76.001602821132295, 8.762866969593805 ], [ -76.002279096005481, 8.763513867343647 ], [ -76.004485813448056, 8.762661003037373 ], [ -76.005979167634067, 8.761429215518675 ], [ -76.006661497508475, 8.761688260387707 ], [ -76.007346703932342, 8.763133681142243 ], [ -76.010923493997524, 8.763244508947327 ], [ -76.011973025191708, 8.762636618720267 ], [ -76.014394957069172, 8.762509448202211 ], [ -76.015443140900075, 8.761643334427054 ], [ -76.016228420310071, 8.760133011964991 ], [ -76.01801541714606, 8.759923004043904 ], [ -76.019679010745037, 8.75816429297741 ], [ -76.02106559834337, 8.758601882252711 ], [ -76.023005503423661, 8.76006950223776 ], [ -76.024663312526769, 8.759772333688247 ], [ -76.025773422895568, 8.758344010131989 ], [ -76.02686578238071, 8.758123195515887 ], [ -76.029025107711618, 8.759725931729085 ], [ -76.032000588070559, 8.760103567572212 ], [ -76.033348670152336, 8.759379318429854 ], [ -76.033880494189304, 8.757673036189239 ], [ -76.034899213094249, 8.757159694338252 ], [ -76.03727709844263, 8.758043970651979 ], [ -76.037816260997914, 8.757742311170249 ], [ -76.038737334276732, 8.755794917456415 ], [ -76.042364040528113, 8.754222002039084 ], [ -76.04364210959065, 8.751615249866257 ], [ -76.044212080494887, 8.751462855899456 ], [ -76.046619976360589, 8.752346920642374 ], [ -76.051091019321447, 8.751397151590197 ], [ -76.05145527607921, 8.752112520775562 ], [ -76.051130824925465, 8.753249889100495 ], [ -76.05206536891977, 8.753872622658385 ], [ -76.054409895053325, 8.754129351581785 ], [ -76.056388571786215, 8.753371852718134 ], [ -76.05834304972268, 8.753720256715409 ], [ -76.058856571894395, 8.754255516026213 ], [ -76.05862147299726, 8.755242988533748 ], [ -76.059893750149769, 8.757238687786048 ], [ -76.061858232841288, 8.759469834200482 ], [ -76.065240494722829, 8.761741728194229 ], [ -76.06618715671938, 8.76350599498384 ], [ -76.068187180261091, 8.764499630559577 ], [ -76.068578572103704, 8.765788637882656 ], [ -76.069610436373168, 8.76549629410632 ], [ -76.07082372414304, 8.763170751606278 ], [ -76.071833203182607, 8.763189334433171 ], [ -76.073327995203897, 8.764080407242234 ], [ -76.076270044917663, 8.767756343938702 ], [ -76.079038063565775, 8.767646050357937 ], [ -76.080836116989815, 8.76951094724974 ], [ -76.084052497520602, 8.770545843362644 ], [ -76.084540133434842, 8.77184387281941 ], [ -76.086168690183712, 8.770783238908807 ], [ -76.088761369005553, 8.769970950382509 ], [ -76.084756303655169, 8.775270803694013 ], [ -76.084615653132715, 8.776825602658322 ], [ -76.083552678575572, 8.777591546015856 ], [ -76.079707290582263, 8.778487025921963 ], [ -76.078673947669259, 8.782093137408463 ], [ -76.075818967712408, 8.784833857101205 ], [ -76.075671872732542, 8.786986410182367 ], [ -76.073171125375495, 8.788563283910173 ], [ -76.071593519982727, 8.790633756396829 ], [ -76.07108501556695, 8.792167158915852 ], [ -76.069603620806959, 8.792906602073908 ], [ -76.069077959358168, 8.794386937808662 ], [ -76.067135169062382, 8.795143159186136 ], [ -76.065466791117899, 8.798680897417592 ], [ -76.065585405456289, 8.801746166036716 ], [ -76.064543615254919, 8.803574708565087 ], [ -76.060672124921879, 8.804372173146177 ], [ -76.055767522791811, 8.802993353861529 ], [ -76.054055029829655, 8.803002354598016 ], [ -76.052289899181602, 8.804416271277567 ], [ -76.04999536764366, 8.807984762594026 ], [ -76.046477658601844, 8.807525019405267 ], [ -76.045427848458431, 8.807859263571467 ], [ -76.04486222153345, 8.808848469812956 ], [ -76.040763865738768, 8.807959853586357 ], [ -76.038083324158507, 8.805582931328678 ], [ -76.036084358528967, 8.804828253601181 ], [ -76.035234695339753, 8.803230764952513 ], [ -76.034101769336047, 8.802615020907165 ], [ -76.033007095396599, 8.801135953723721 ], [ -76.033402383460299, 8.798599528421814 ], [ -76.031596118645197, 8.797915542683812 ], [ -76.032085299375467, 8.794948264464571 ], [ -76.030056228366163, 8.793022145226969 ], [ -76.026762970104244, 8.792943566927415 ], [ -76.024991768872539, 8.794363376167688 ], [ -76.023072099248608, 8.794971031660566 ], [ -76.021482468476648, 8.798948189258672 ], [ -76.020781198702679, 8.799788189292812 ], [ -76.019781330825808, 8.799793350596829 ], [ -76.017460293226947, 8.797184852911892 ], [ -76.015054389012434, 8.796738182166196 ], [ -76.012488700972469, 8.795144662960725 ], [ -76.010277272864812, 8.795117764503486 ], [ -76.008265756381221, 8.792851898957583 ], [ -76.006280420740651, 8.791924816748281 ], [ -76.005582277964407, 8.790780733067409 ], [ -76.005899160831532, 8.788847219668815 ], [ -76.002398826448953, 8.787227019838593 ], [ -76.002664499343652, 8.784681682536698 ], [ -76.002093256072769, 8.782971874202088 ], [ -75.999225827075065, 8.781563875383984 ], [ -75.997570494164393, 8.782630609081689 ], [ -75.995880581031514, 8.781180718929376 ], [ -75.993450524303299, 8.780690967944633 ], [ -75.991554990577669, 8.781322245763889 ], [ -75.990592630213371, 8.781135850780236 ], [ -75.989337079667237, 8.780018458237814 ], [ -75.988257491483395, 8.777589911547505 ], [ -75.984510468176651, 8.775241794962982 ], [ -75.982467825409898, 8.775123568444901 ] ] ] } },
{ "type": "Feature", "properties": { "FID_Cuenca": 0, "CODIGO": null, "AH": "1", "ZH": "13", "SZH": "1303", "COD_POMCA": "Quebrada La Chupa", "POMCA": "1003-00-12", "NOM_NSS": "Quebrada La Chupa", "COD_NSS": null, "NOMENCLAT": "Subcuenca Quebrada La Chupa", "IND_COMPAC": 2.13, "FORM_IND_C": 1003.0, "IND_SIN": 1.67, "TIPO_DRENA": 1013.0, "DEN_CORRIE": 0.0, "DEN_DREN": 3.16, "TIEM_CONC": 207.892580057, "MET_T_CONC": "Metodologia Temez: Tc=0.3(L/(S^0.25))^0.75; Donde: L es la Longitud del cauce (km) y S es el porcentaje de pendiente del cauce.", "CAUD_MED": 3.24, "T_CORRIEN": "PERMANENTE", "TIPO_FUEN": 2211.0, "Q_TOTAL": 3.24, "Q_MAX": 18.2, "Q_MIN": 1.0, "Q_AMBIENTA": 0.66, "Q_DISPONIB": 1.77, "REND_HID": 59.51, "ESCORR": 202.06, "AREA_ha_": 5444.8679721899998, "OBSERV_": null, "SHAPE_Leng": 56257.144491699997, "SHAPE_Area": 54448679.721900001 }, "geometry": { "type": "Polygon", "coordinates": [ [ [ -76.089064291866208, 8.859998032393911 ], [ -76.086990769163521, 8.860630799823921 ], [ -76.085075766350784, 8.860354188323408 ], [ -76.08497415603243, 8.8570313975536 ], [ -76.083587654876212, 8.85402637817803 ], [ -76.078812949301906, 8.851981875336278 ], [ -76.07699300457972, 8.848823727231988 ], [ -76.073352315672309, 8.84791670004399 ], [ -76.072534285878334, 8.846665856234681 ], [ -76.071029041993498, 8.846135934556706 ], [ -76.069334844112603, 8.84399317513301 ], [ -76.066326872292819, 8.843381566403174 ], [ -76.06332851827284, 8.844592901426017 ], [ -76.060379276806756, 8.843741835819246 ], [ -76.056432749906079, 8.841820119503163 ], [ -76.055945459335931, 8.840597366467142 ], [ -76.05587164979579, 8.83802756000747 ], [ -76.055024130583504, 8.836866477294821 ], [ -76.052280986997246, 8.835207319403398 ], [ -76.052268736165573, 8.83290615659007 ], [ -76.050244993894609, 8.830914438616229 ], [ -76.050262013437376, 8.828463687048195 ], [ -76.049719122979894, 8.828078022323309 ], [ -76.048065330819426, 8.827847622562405 ], [ -76.04715999891107, 8.827105228773011 ], [ -76.044210349358622, 8.826134459869577 ], [ -76.041309753460055, 8.827220731017368 ], [ -76.039399299915701, 8.825968325103272 ], [ -76.037473981896895, 8.825528894497607 ], [ -76.034493057550307, 8.826386044732411 ], [ -76.031379198346301, 8.82226598397922 ], [ -76.027801874057999, 8.822155476847417 ], [ -76.02627981540796, 8.820685790131932 ], [ -76.023813062156194, 8.820583818925432 ], [ -76.023343896839648, 8.819123003052184 ], [ -76.02244530933838, 8.818281268774266 ], [ -76.022585849626168, 8.817577608471705 ], [ -76.021901343423508, 8.816304395758563 ], [ -76.020611429123818, 8.815091694342176 ], [ -76.019918963353732, 8.815037901596826 ], [ -76.019057778040064, 8.815831359214538 ], [ -76.016946759325577, 8.814809382844231 ], [ -76.015591602155354, 8.814916782692642 ], [ -76.013468011748728, 8.814239138796557 ], [ -76.012734080412145, 8.811775467008708 ], [ -76.013206487146562, 8.811098788299415 ], [ -76.014303579962743, 8.811293976658231 ], [ -76.015161107712629, 8.809797610262208 ], [ -76.01382909294054, 8.808800278830091 ], [ -76.012409528165577, 8.808700002246772 ], [ -76.010330509707572, 8.81104186815006 ], [ -76.008543969259463, 8.810477213656611 ], [ -76.007361974529928, 8.808742671289082 ], [ -76.007466831478169, 8.80671460737727 ], [ -76.004863025797391, 8.805197749813537 ], [ -76.00406435380134, 8.803212567273325 ], [ -76.001886380793664, 8.802229075117429 ], [ -75.999317644997362, 8.79851813657627 ], [ -75.997159710879757, 8.798034517638406 ], [ -75.996847872568679, 8.79582446142755 ], [ -75.994507959843318, 8.796523787501638 ], [ -75.990833497327998, 8.794779135227021 ], [ -75.989799417962473, 8.792333638379786 ], [ -75.98801885333846, 8.790788537941379 ], [ -75.988646444812943, 8.78927975585856 ], [ -75.988132246979873, 8.788373791446885 ], [ -75.985613278771865, 8.788367427298493 ], [ -75.984689842986555, 8.787659538284577 ], [ -75.983031732790678, 8.787727701211395 ], [ -75.982512963718463, 8.787335810606871 ], [ -75.982493924698446, 8.785961090004818 ], [ -75.981133449284457, 8.785477810507041 ], [ -75.980136064284736, 8.783963771015161 ], [ -75.980064639796765, 8.781740510868865 ], [ -75.978931781078074, 8.781112611927655 ], [ -75.97729955321077, 8.781539260727092 ], [ -75.975997421187586, 8.780708970130327 ], [ -75.974346356854269, 8.781331763294533 ], [ -75.974000392356004, 8.78086829649137 ], [ -75.974352207351487, 8.780118302668448 ], [ -75.979719272954782, 8.777444447387664 ], [ -75.981400372386005, 8.775293641586719 ], [ -75.984510468176651, 8.775241794962982 ], [ -75.988677499764123, 8.777941648978967 ], [ -75.988997903241739, 8.779494161589083 ], [ -75.990592630213371, 8.781135850780236 ], [ -75.991554990577669, 8.781322245763889 ], [ -75.993450524303299, 8.780690967944633 ], [ -75.995880581031514, 8.781180718929376 ], [ -75.997570494164393, 8.782630609081689 ], [ -75.999225827075065, 8.781563875383984 ], [ -76.002093256072769, 8.782971874202088 ], [ -76.002664499343652, 8.784681682536698 ], [ -76.002398826448953, 8.787227019838593 ], [ -76.005899160831532, 8.788847219668815 ], [ -76.005582277964407, 8.790780733067409 ], [ -76.006280420740651, 8.791924816748281 ], [ -76.008265756381221, 8.792851898957583 ], [ -76.010277272864812, 8.795117764503486 ], [ -76.012488700972469, 8.795144662960725 ], [ -76.015054389012434, 8.796738182166196 ], [ -76.017460293226947, 8.797184852911892 ], [ -76.019781330825808, 8.799793350596829 ], [ -76.020781198702679, 8.799788189292812 ], [ -76.021482468476648, 8.798948189258672 ], [ -76.023072099248608, 8.794971031660566 ], [ -76.024991768872539, 8.794363376167688 ], [ -76.026762970104244, 8.792943566927415 ], [ -76.030056228366163, 8.793022145226969 ], [ -76.032085299375467, 8.794948264464571 ], [ -76.031596118645197, 8.797915542683812 ], [ -76.033402383460299, 8.798599528421814 ], [ -76.033007095396599, 8.801135953723721 ], [ -76.034101769336047, 8.802615020907165 ], [ -76.035234695339753, 8.803230764952513 ], [ -76.036084358528967, 8.804828253601181 ], [ -76.038083324158507, 8.805582931328678 ], [ -76.040763865738768, 8.807959853586357 ], [ -76.04486222153345, 8.808848469812956 ], [ -76.045427848458431, 8.807859263571467 ], [ -76.046477658601844, 8.807525019405267 ], [ -76.04999536764366, 8.807984762594026 ], [ -76.052289899181602, 8.804416271277567 ], [ -76.054055029829655, 8.803002354598016 ], [ -76.055767522791811, 8.802993353861529 ], [ -76.060672124921879, 8.804372173146177 ], [ -76.064543615254919, 8.803574708565087 ], [ -76.065438698767238, 8.802404430253228 ], [ -76.065353722381985, 8.799111851574681 ], [ -76.066891933503811, 8.795503074154809 ], [ -76.067522225595994, 8.794710757289984 ], [ -76.069077959358168, 8.794386937808662 ], [ -76.069603620806959, 8.792906602073908 ], [ -76.07108501556695, 8.792167158915852 ], [ -76.071593519982727, 8.790633756396829 ], [ -76.073171125375495, 8.788563283910173 ], [ -76.075671872732542, 8.786986410182367 ], [ -76.075818967712408, 8.784833857101205 ], [ -76.078673947669259, 8.782093137408463 ], [ -76.079707290582263, 8.778487025921963 ], [ -76.084113661149715, 8.777330350741362 ], [ -76.084615653132715, 8.776825602658322 ], [ -76.084756303655169, 8.775270803694013 ], [ -76.088761369005553, 8.769970950382509 ], [ -76.092254379718867, 8.769545933627525 ], [ -76.093639352310646, 8.767888864498719 ], [ -76.095677050408739, 8.766945556427764 ], [ -76.099711846049701, 8.766445810838182 ], [ -76.1024564100194, 8.767339621075212 ], [ -76.102340523883839, 8.768129214361553 ], [ -76.103114731740092, 8.76908139122571 ], [ -76.106277600990722, 8.771766036422653 ], [ -76.106004403796064, 8.77456476111343 ], [ -76.110087435258592, 8.774088537954976 ], [ -76.112870428574382, 8.775259380533152 ], [ -76.114745211066307, 8.775297080345853 ], [ -76.119187686675986, 8.777419297024917 ], [ -76.11835940989522, 8.778896511404398 ], [ -76.118002219298447, 8.780380739792715 ], [ -76.118472588143533, 8.782013500727277 ], [ -76.117401524782622, 8.784802187880588 ], [ -76.11866428300597, 8.788936215587727 ], [ -76.116823795222572, 8.793421759677576 ], [ -76.11407844145522, 8.794182545809974 ], [ -76.113552152761855, 8.795078614971896 ], [ -76.110398271611089, 8.794527580478615 ], [ -76.107871814551871, 8.798414327788104 ], [ -76.104211318882747, 8.797085633916794 ], [ -76.103096718564316, 8.797196828936757 ], [ -76.101107882623864, 8.801876441326337 ], [ -76.099556612554906, 8.80387191434974 ], [ -76.096527585954277, 8.805533073280762 ], [ -76.095417819778504, 8.806703816931778 ], [ -76.093123440566657, 8.81248565453089 ], [ -76.091279944119321, 8.812944103276331 ], [ -76.090056730855977, 8.817866214642889 ], [ -76.08889631402073, 8.818407977261819 ], [ -76.085976029605632, 8.822430654764952 ], [ -76.08663880449096, 8.824091132962797 ], [ -76.086316158543866, 8.824877055267377 ], [ -76.085088155150885, 8.825371357515806 ], [ -76.085217491354683, 8.827952773438755 ], [ -76.089511526804941, 8.830808336078745 ], [ -76.091307384018847, 8.830817747432963 ], [ -76.092440581352406, 8.832277650696534 ], [ -76.09652435395401, 8.833247545985238 ], [ -76.098347699305577, 8.834375754844935 ], [ -76.098784992379592, 8.835224530313587 ], [ -76.097901056848627, 8.839278281012431 ], [ -76.099232836437665, 8.841533880562956 ], [ -76.099316628447298, 8.84455542416832 ], [ -76.098532231019263, 8.845296030410012 ], [ -76.097155913013509, 8.848574100215105 ], [ -76.093613358979297, 8.852053088945043 ], [ -76.092969600814968, 8.85672547646697 ], [ -76.091746811967965, 8.860477963251354 ], [ -76.090859652129879, 8.860845063297695 ], [ -76.089064291866208, 8.859998032393911 ] ] ] } },
{ "type": "Feature", "properties": { "FID_Cuenca": 0, "CODIGO": null, "AH": "1", "ZH": "13", "SZH": "1303", "COD_POMCA": "Quebrada Las Pavas", "POMCA": "1003-00-13", "NOM_NSS": "Quebrada Las Pavas", "COD_NSS": null, "NOMENCLAT": "Subcuenca Quebrada Las Pavas", "IND_COMPAC": 2.3, "FORM_IND_C": 1003.0, "IND_SIN": 1.37, "TIPO_DRENA": 1012.0, "DEN_CORRIE": 0.0, "DEN_DREN": 2.84, "TIEM_CONC": 183.82811486899999, "MET_T_CONC": "Metodologia Temez: Tc=0.3(L/(S^0.25))^0.75; Donde: L es la Longitud del cauce (km) y S es el porcentaje de pendiente del cauce.", "CAUD_MED": 2.26, "T_CORRIEN": "EFIMERO", "TIPO_FUEN": 2211.0, "Q_TOTAL": 1.27, "Q_MAX": 7.52, "Q_MIN": 0.0, "Q_AMBIENTA": 0.23, "Q_DISPONIB": 0.72, "REND_HID": 73.87, "ESCORR": 201.13, "AREA_ha_": 3059.57132877, "OBSERV_": null, "SHAPE_Leng": 45386.4774951, "SHAPE_Area": 30595713.287700001 }, "geometry": { "type": "Polygon", "coordinates": [ [ [ -76.092254379718867, 8.769545933627525 ], [ -76.086168690183712, 8.770783238908807 ], [ -76.084540133434842, 8.77184387281941 ], [ -76.084052497520602, 8.770545843362644 ], [ -76.080836116989815, 8.76951094724974 ], [ -76.079038063565775, 8.767646050357937 ], [ -76.076270044917663, 8.767756343938702 ], [ -76.073327995203897, 8.764080407242234 ], [ -76.071833203182607, 8.763189334433171 ], [ -76.07082372414304, 8.763170751606278 ], [ -76.069610436373168, 8.76549629410632 ], [ -76.068578572103704, 8.765788637882656 ], [ -76.068187180261091, 8.764499630559577 ], [ -76.06618715671938, 8.76350599498384 ], [ -76.065240494722829, 8.761741728194229 ], [ -76.061858232841288, 8.759469834200482 ], [ -76.059893750149769, 8.757238687786048 ], [ -76.05862147299726, 8.755242988533748 ], [ -76.058856571894395, 8.754255516026213 ], [ -76.05834304972268, 8.753720256715409 ], [ -76.056388571786215, 8.753371852718134 ], [ -76.054409895053325, 8.754129351581785 ], [ -76.05206536891977, 8.753872622658385 ], [ -76.051130824925465, 8.753249889100495 ], [ -76.05145527607921, 8.752112520775562 ], [ -76.051091019321447, 8.751397151590197 ], [ -76.047009708159734, 8.752195460512588 ], [ -76.045572095786952, 8.75098293195129 ], [ -76.045388288926105, 8.748932490961689 ], [ -76.04647900541984, 8.747951329649339 ], [ -76.046190328993546, 8.747324621186612 ], [ -76.043993532823606, 8.746360549610349 ], [ -76.041829781327507, 8.744363417358956 ], [ -76.040254121619867, 8.744524606452565 ], [ -76.03905204646108, 8.746271421381511 ], [ -76.03745524971589, 8.746069290524996 ], [ -76.036179084052037, 8.744679598461557 ], [ -76.0377687737424, 8.743523731959321 ], [ -76.037437046388774, 8.742588210219077 ], [ -76.034093075299097, 8.742835027919389 ], [ -76.033461440418918, 8.743373857204306 ], [ -76.032384431140812, 8.743302908473497 ], [ -76.031553959912387, 8.742580353162841 ], [ -76.030402143750464, 8.742911459892198 ], [ -76.02976621879013, 8.742627827755996 ], [ -76.02956659752887, 8.741213427020257 ], [ -76.026599962330835, 8.740081056409407 ], [ -76.024267411464038, 8.74257962182331 ], [ -76.022788952931293, 8.742950640212472 ], [ -76.021604723320422, 8.744448667076718 ], [ -76.02043257084263, 8.744569448030845 ], [ -76.019516888466967, 8.742240586276317 ], [ -76.017613090441685, 8.742154705527811 ], [ -76.016041065742272, 8.743023495122895 ], [ -76.015405244996316, 8.742758962951712 ], [ -76.015244917101668, 8.741497363010589 ], [ -76.013664986154083, 8.740835975973187 ], [ -76.012666653735579, 8.741108863701566 ], [ -76.012115239741405, 8.742297592146549 ], [ -76.0108472529203, 8.742476215763435 ], [ -76.007011356543842, 8.740544754086597 ], [ -76.006331484677389, 8.739190151611648 ], [ -76.002710356009771, 8.737888756007186 ], [ -76.001443843946831, 8.738354253797841 ], [ -76.000173209852804, 8.738016403511773 ], [ -75.998828812074336, 8.738291010993986 ], [ -75.996949357122517, 8.736083400955604 ], [ -75.998787237662583, 8.732863082391422 ], [ -75.999887655978569, 8.73187720730842 ], [ -75.99922779725523, 8.729728678735112 ], [ -76.001289324559423, 8.72871402202321 ], [ -76.002481926420174, 8.726962566902543 ], [ -76.004503583812962, 8.727550045441518 ], [ -76.007001564427952, 8.72729825304625 ], [ -76.008895644472162, 8.731114146156971 ], [ -76.011470288539599, 8.731746582884369 ], [ -76.012172980481608, 8.732866745920369 ], [ -76.013706776760188, 8.732045993549407 ], [ -76.017350163578442, 8.734872597210433 ], [ -76.017781858882884, 8.73470302143855 ], [ -76.018396033895414, 8.732643665891908 ], [ -76.02052625188125, 8.730983005945427 ], [ -76.022897251916461, 8.729416740981511 ], [ -76.025228602125054, 8.729476504437498 ], [ -76.026670871791836, 8.727699805552898 ], [ -76.027727471110026, 8.727550918871435 ], [ -76.029077653951148, 8.728404710567766 ], [ -76.029273750998598, 8.729144889838199 ], [ -76.031488920592196, 8.729970309711554 ], [ -76.032544151734328, 8.729558414173733 ], [ -76.033135328682917, 8.72771435552893 ], [ -76.034095799290625, 8.727565947136545 ], [ -76.037810963345223, 8.730320233194586 ], [ -76.037941480037688, 8.732304019914734 ], [ -76.039028358552315, 8.733350401824278 ], [ -76.039640378993894, 8.735499058330268 ], [ -76.041561471001216, 8.73522610869083 ], [ -76.042430461323889, 8.735962787373323 ], [ -76.044185089969588, 8.736025414050591 ], [ -76.044670470053163, 8.736931439413237 ], [ -76.047092190734233, 8.735890773029592 ], [ -76.048562841962905, 8.736791670188984 ], [ -76.05142326251881, 8.736920237194719 ], [ -76.053884731147377, 8.738867941642388 ], [ -76.056617562954017, 8.737586505239303 ], [ -76.058155531052165, 8.737578469906824 ], [ -76.059123076429913, 8.738768855042998 ], [ -76.059695247379992, 8.742447827613631 ], [ -76.06283913092463, 8.741642369642214 ], [ -76.064071295929637, 8.742879166927571 ], [ -76.064634402127297, 8.744836733970535 ], [ -76.063826467707528, 8.746562406938979 ], [ -76.067288230865785, 8.746783314437462 ], [ -76.070130775648721, 8.748059433437898 ], [ -76.073398892059075, 8.748018306327593 ], [ -76.07836682739692, 8.746772739050076 ], [ -76.08024713555011, 8.743367778804414 ], [ -76.083245607593739, 8.742347751644603 ], [ -76.08399377481247, 8.741597843491588 ], [ -76.085435099573388, 8.741494571241482 ], [ -76.086505203000229, 8.739384950040007 ], [ -76.089279394647889, 8.736883750519533 ], [ -76.093491618117412, 8.738152420096778 ], [ -76.095244025709704, 8.737808374954177 ], [ -76.095942316530866, 8.738067648707569 ], [ -76.096767324147663, 8.739545569811657 ], [ -76.098067793613907, 8.740064619971749 ], [ -76.099383530303911, 8.738957817733784 ], [ -76.099857044633211, 8.737640334132363 ], [ -76.102180222229237, 8.736193432423542 ], [ -76.103875376332113, 8.734152171530567 ], [ -76.105675933612304, 8.73383173566318 ], [ -76.107677778333596, 8.735183787791069 ], [ -76.110102537820708, 8.73475479084342 ], [ -76.112943756400597, 8.735791502368185 ], [ -76.11544181565084, 8.735586814195035 ], [ -76.116266049427722, 8.736638975904402 ], [ -76.116510621659671, 8.740467116566705 ], [ -76.119696553621125, 8.740325751167433 ], [ -76.119962215708483, 8.742195123089591 ], [ -76.121038262546293, 8.744470195832442 ], [ -76.122029699038706, 8.750437589046866 ], [ -76.124391364081873, 8.749471869248843 ], [ -76.126747267204522, 8.75000889031808 ], [ -76.125486023575803, 8.752727321353973 ], [ -76.125345634224885, 8.752374508008677 ], [ -76.125118354742625, 8.75310645819142 ], [ -76.124397764373271, 8.752835538134287 ], [ -76.124636269941675, 8.753583621772615 ], [ -76.122111598634461, 8.752317775943473 ], [ -76.119922779602575, 8.753003107401346 ], [ -76.117882295635383, 8.754318576281042 ], [ -76.116089014073694, 8.754671976143328 ], [ -76.11729594518205, 8.758051916278275 ], [ -76.117206194750949, 8.760272078735857 ], [ -76.119019169841053, 8.76089386619303 ], [ -76.121231117050741, 8.760732244257374 ], [ -76.122988279348661, 8.762106732237115 ], [ -76.120590039701995, 8.766803669869153 ], [ -76.12707041703095, 8.768453657079345 ], [ -76.123521942072514, 8.775425803703728 ], [ -76.120334596698086, 8.776198563766675 ], [ -76.119187686675986, 8.777419297024917 ], [ -76.114745211066307, 8.775297080345853 ], [ -76.112870428574382, 8.775259380533152 ], [ -76.110087435258592, 8.774088537954976 ], [ -76.106004403796064, 8.77456476111343 ], [ -76.106131850204406, 8.771479921205801 ], [ -76.103114731740092, 8.76908139122571 ], [ -76.102340523883839, 8.768129214361553 ], [ -76.1024564100194, 8.767339621075212 ], [ -76.099711846049701, 8.766445810838182 ], [ -76.095677050408739, 8.766945556427764 ], [ -76.093639352310646, 8.767888864498719 ], [ -76.092254379718867, 8.769545933627525 ] ] ] } },
{ "type": "Feature", "properties": { "FID_Cuenca": 0, "CODIGO": null, "AH": "1", "ZH": "13", "SZH": "1303", "COD_POMCA": "Quebrada San Rafael", "POMCA": "1003-00-14", "NOM_NSS": "Quebrada San Rafael", "COD_NSS": null, "NOMENCLAT": "Subcuenca Quebrada San Rafael", "IND_COMPAC": 1.94, "FORM_IND_C": 1003.0, "IND_SIN": 1.48, "TIPO_DRENA": 1012.0, "DEN_CORRIE": 0.0, "DEN_DREN": 2.98, "TIEM_CONC": 183.47884824100001, "MET_T_CONC": "Metodologia Temez: Tc=0.3(L/(S^0.25))^0.75; Donde: L es la Longitud del cauce (km) y S es el porcentaje de pendiente del cauce.", "CAUD_MED": 1.27, "T_CORRIEN": "EFIMERO", "TIPO_FUEN": 2211.0, "Q_TOTAL": 2.53, "Q_MAX": 15.22, "Q_MIN": 0.6, "Q_AMBIENTA": 0.45, "Q_DISPONIB": 1.44, "REND_HID": 27.63, "ESCORR": 199.7, "AREA_ha_": 4595.8269994800003, "OBSERV_": null, "SHAPE_Leng": 47000.913997700001, "SHAPE_Area": 45958269.994800001 }, "geometry": { "type": "Polygon", "coordinates": [ [ [ -76.022897251916461, 8.729416740981511 ], [ -76.021944608654508, 8.728831430775289 ], [ -76.020271378962448, 8.728706111396077 ], [ -76.017399378597347, 8.726699762555782 ], [ -76.017538302186381, 8.725680509565214 ], [ -76.019162901502554, 8.724768423372689 ], [ -76.019499820043649, 8.723002183120943 ], [ -76.01735859073699, 8.721592910200599 ], [ -76.016225832688832, 8.720020670505992 ], [ -76.01649474470976, 8.719043790741576 ], [ -76.017949268899372, 8.718706411070288 ], [ -76.018319620329294, 8.71782943233428 ], [ -76.018263041543349, 8.716062812274879 ], [ -76.016419141246161, 8.714984346534605 ], [ -76.016521852575067, 8.713931804996083 ], [ -76.018999867951052, 8.712161806445444 ], [ -76.020192586277133, 8.710458141455733 ], [ -76.021094781478808, 8.708337544147824 ], [ -76.021062666520365, 8.706771640896035 ], [ -76.022029801389834, 8.705595134861378 ], [ -76.021922758796038, 8.703479698467827 ], [ -76.019294402520828, 8.699380697499837 ], [ -76.019169332216009, 8.698459404135841 ], [ -76.02154088829441, 8.69860931581521 ], [ -76.022329765906932, 8.697816274352428 ], [ -76.02573460109484, 8.698257924192866 ], [ -76.027196230939353, 8.699312014955495 ], [ -76.028711674393534, 8.702402894358318 ], [ -76.031758199477153, 8.703247992476523 ], [ -76.032643092975192, 8.704290671491872 ], [ -76.033683231823417, 8.704687000093392 ], [ -76.036104529200827, 8.704516739443465 ], [ -76.039019756690223, 8.707829875695094 ], [ -76.04066651846675, 8.711192564863872 ], [ -76.042195379445985, 8.711299430157569 ], [ -76.043369574139959, 8.712512723862721 ], [ -76.044980594910427, 8.711787112991352 ], [ -76.046452986772323, 8.712123779363946 ], [ -76.046972584988438, 8.713662964459665 ], [ -76.048034631233818, 8.714566005961942 ], [ -76.048189088220994, 8.716525743603118 ], [ -76.048622865886998, 8.716762585185533 ], [ -76.049147758104226, 8.71604259035154 ], [ -76.05010793458942, 8.715846333276755 ], [ -76.051298365266149, 8.713736156936328 ], [ -76.052973890848591, 8.712484181095265 ], [ -76.053891265173121, 8.713292317846765 ], [ -76.053804449410521, 8.715062032049286 ], [ -76.055008177742664, 8.715486129408307 ], [ -76.056304254574911, 8.715192471876904 ], [ -76.057171823881063, 8.715666134256681 ], [ -76.057708026915847, 8.717097871706338 ], [ -76.058526286085069, 8.717332694810276 ], [ -76.059679699001975, 8.717326676953444 ], [ -76.062699576309384, 8.715828555722346 ], [ -76.067763612645635, 8.710256548685917 ], [ -76.068951711566626, 8.709999283763548 ], [ -76.069804029259444, 8.707591987089254 ], [ -76.070844907475987, 8.706761680095671 ], [ -76.072357756825127, 8.706574430881693 ], [ -76.076151770263309, 8.708347657667721 ], [ -76.077197394523779, 8.708413885995803 ], [ -76.079246879018811, 8.707470664002971 ], [ -76.08180495752201, 8.707277873246312 ], [ -76.08526160597367, 8.70391004905691 ], [ -76.088492522901817, 8.704179883344626 ], [ -76.094010474553016, 8.700765236563866 ], [ -76.096376657767934, 8.70109696944926 ], [ -76.098989430746016, 8.702528756925625 ], [ -76.103774707491738, 8.703196638123737 ], [ -76.107666315061365, 8.703008530627926 ], [ -76.114804804366472, 8.701165302544476 ], [ -76.120724302966366, 8.698312409932498 ], [ -76.122837795529819, 8.69813370238373 ], [ -76.123936168256662, 8.696860673501282 ], [ -76.124165016045652, 8.694755538801667 ], [ -76.126221464564111, 8.692927473196493 ], [ -76.126378993967151, 8.690966171359584 ], [ -76.127323666864015, 8.689434253555916 ], [ -76.131300354556231, 8.69049311135938 ], [ -76.133340625409048, 8.691676163701731 ], [ -76.13530303742013, 8.694846645947427 ], [ -76.135234010874584, 8.69540646237837 ], [ -76.133841984058137, 8.696575906145585 ], [ -76.133555070405478, 8.697994005742803 ], [ -76.135254213127894, 8.698089756638417 ], [ -76.135303371646813, 8.698604472403998 ], [ -76.138346997363129, 8.7015691647777 ], [ -76.138928418360123, 8.702412069593118 ], [ -76.138447454014084, 8.703022451178059 ], [ -76.140065548983003, 8.704850335998913 ], [ -76.139236781658738, 8.705805052827481 ], [ -76.136648888373145, 8.707233777024477 ], [ -76.138372167415028, 8.70906192631597 ], [ -76.13722085473006, 8.712796469812051 ], [ -76.138247207860488, 8.714018130358943 ], [ -76.137725234238005, 8.715369064979589 ], [ -76.138240620040293, 8.716345192814032 ], [ -76.137014223841305, 8.717280846447418 ], [ -76.138655098243561, 8.726906377630693 ], [ -76.138412913213998, 8.728313470645944 ], [ -76.137622166371997, 8.728563282912837 ], [ -76.139498576416429, 8.730545796579277 ], [ -76.138298542172436, 8.735969447162425 ], [ -76.133712497656148, 8.73581652587699 ], [ -76.131911992252213, 8.73478047791739 ], [ -76.128064044033096, 8.73527906880331 ], [ -76.127484130312027, 8.732885672381688 ], [ -76.127599988622464, 8.728700081310761 ], [ -76.129821657236093, 8.723637763319827 ], [ -76.119847901746368, 8.722371720569923 ], [ -76.118226097201926, 8.727839130071793 ], [ -76.121906271779991, 8.72828202597656 ], [ -76.121269092035917, 8.730657393351569 ], [ -76.116644802913839, 8.735055724262326 ], [ -76.116266049427722, 8.736638975904402 ], [ -76.1149601823751, 8.735398138873274 ], [ -76.112943756400597, 8.735791502368185 ], [ -76.110102537820708, 8.73475479084342 ], [ -76.107677778333596, 8.735183787791069 ], [ -76.105195595777559, 8.73388212181451 ], [ -76.103396069948843, 8.734393816006614 ], [ -76.102180222229237, 8.736193432423542 ], [ -76.099857044633211, 8.737640334132363 ], [ -76.099383530303911, 8.738957817733784 ], [ -76.098067793613907, 8.740064619971749 ], [ -76.096767324147663, 8.739545569811657 ], [ -76.095942316530866, 8.738067648707569 ], [ -76.095244025709704, 8.737808374954177 ], [ -76.093491618117412, 8.738152420096778 ], [ -76.089279394647889, 8.736883750519533 ], [ -76.086505203000229, 8.739384950040007 ], [ -76.085435099573388, 8.741494571241482 ], [ -76.08399377481247, 8.741597843491588 ], [ -76.083245607593739, 8.742347751644603 ], [ -76.08024713555011, 8.743367778804414 ], [ -76.07836682739692, 8.746772739050076 ], [ -76.073398892059075, 8.748018306327593 ], [ -76.070130775648721, 8.748059433437898 ], [ -76.067288230865785, 8.746783314437462 ], [ -76.063826467707528, 8.746562406938979 ], [ -76.064634402127297, 8.744836733970535 ], [ -76.064071295929637, 8.742879166927571 ], [ -76.06283913092463, 8.741642369642214 ], [ -76.059695247379992, 8.742447827613631 ], [ -76.059123076429913, 8.738768855042998 ], [ -76.058155531052165, 8.737578469906824 ], [ -76.056617562954017, 8.737586505239303 ], [ -76.053884731147377, 8.738867941642388 ], [ -76.05142326251881, 8.736920237194719 ], [ -76.048562841962905, 8.736791670188984 ], [ -76.047092190734233, 8.735890773029592 ], [ -76.044670470053163, 8.736931439413237 ], [ -76.044185089969588, 8.736025414050591 ], [ -76.042430461323889, 8.735962787373323 ], [ -76.041561471001216, 8.73522610869083 ], [ -76.039640378993894, 8.735499058330268 ], [ -76.039028358552315, 8.733350401824278 ], [ -76.037941480037688, 8.732304019914734 ], [ -76.037810963345223, 8.730320233194586 ], [ -76.034095799290625, 8.727565947136545 ], [ -76.033135328682917, 8.72771435552893 ], [ -76.032544151734328, 8.729558414173733 ], [ -76.031488920592196, 8.729970309711554 ], [ -76.029273750998598, 8.729144889838199 ], [ -76.029077653951148, 8.728404710567766 ], [ -76.027342734399099, 8.727505078502885 ], [ -76.026192369431314, 8.72810872197801 ], [ -76.025228602125054, 8.729476504437498 ], [ -76.022897251916461, 8.729416740981511 ] ] ] } },
{ "type": "Feature", "properties": { "FID_Cuenca": 0, "CODIGO": null, "AH": "1", "ZH": "13", "SZH": "1303", "COD_POMCA": "Quebrada Palmito", "POMCA": "1003-00-15", "NOM_NSS": "Quebrada Palmito", "COD_NSS": null, "NOMENCLAT": "Subcuenca Quebrada Palmito", "IND_COMPAC": 1.69, "FORM_IND_C": 1003.0, "IND_SIN": 1.21, "TIPO_DRENA": 1012.0, "DEN_CORRIE": 0.0, "DEN_DREN": 2.31, "TIEM_CONC": 110.919205899, "MET_T_CONC": "Metodologia Temez: Tc=0.3(L/(S^0.25))^0.75; Donde: L es la Longitud del cauce (km) y S es el porcentaje de pendiente del cauce.", "CAUD_MED": 2.53, "T_CORRIEN": "EFIMERO", "TIPO_FUEN": 2211.0, "Q_TOTAL": 2.53, "Q_MAX": 19.27, "Q_MIN": 0.01, "Q_AMBIENTA": 0.4, "Q_DISPONIB": 1.5, "REND_HID": 41.49, "ESCORR": 202.44, "AREA_ha_": 6098.1229293099996, "OBSERV_": null, "SHAPE_Leng": 47111.5243777, "SHAPE_Area": 60981229.293099999 }, "geometry": { "type": "Polygon", "coordinates": [ [ [ -76.019169332216009, 8.698459404135841 ], [ -76.018566794138096, 8.697233803429246 ], [ -76.018208640712871, 8.697677954817225 ], [ -76.015807360888871, 8.698001013860525 ], [ -76.01520289140197, 8.697274851886121 ], [ -76.014921289356437, 8.695276850691663 ], [ -76.015240944502011, 8.694354707208031 ], [ -76.016295005582805, 8.693727694581739 ], [ -76.017320605790516, 8.692240082724364 ], [ -76.020612435921137, 8.692211348341322 ], [ -76.022971891087096, 8.690776693086736 ], [ -76.023659040359291, 8.691227461668641 ], [ -76.024450122086975, 8.690864777845711 ], [ -76.026479673877262, 8.688367824294124 ], [ -76.026227847457079, 8.686133585118194 ], [ -76.024278378702618, 8.685521903163238 ], [ -76.023956953222509, 8.683766202965309 ], [ -76.021667969243808, 8.682546546242362 ], [ -76.02101034440426, 8.683159590237636 ], [ -76.020769992788644, 8.685480032606133 ], [ -76.01965466138482, 8.685868268706658 ], [ -76.019040164680845, 8.685524712496429 ], [ -76.018789485811183, 8.683504142688061 ], [ -76.017921164509303, 8.682863007067549 ], [ -76.01645423814648, 8.682631374617712 ], [ -76.014780064267939, 8.683218495725127 ], [ -76.013459607445512, 8.682498352375017 ], [ -76.012988372320351, 8.681116381232476 ], [ -76.010863538875697, 8.680036881485817 ], [ -76.009828035124528, 8.680529885318753 ], [ -76.00742951366324, 8.679494788375321 ], [ -76.006095049733901, 8.677909154165695 ], [ -76.00394309064248, 8.678854497985929 ], [ -76.00335608115212, 8.678714004240641 ], [ -76.00207898430962, 8.677065897529863 ], [ -76.000332592123684, 8.677629408777936 ], [ -76.000101947834139, 8.675746482891455 ], [ -76.001990572386489, 8.674629503972207 ], [ -76.002704601765373, 8.673291740313621 ], [ -76.004127881649424, 8.672509884131028 ], [ -76.006063413499689, 8.673231746316796 ], [ -76.009568477966326, 8.671324680980968 ], [ -76.010551978880159, 8.671943743318803 ], [ -76.010665906756131, 8.674761312548014 ], [ -76.011965712363576, 8.675209007786458 ], [ -76.012623098575119, 8.674548161753721 ], [ -76.012421882182181, 8.672791826940765 ], [ -76.014272715743047, 8.672925898171638 ], [ -76.017164116301061, 8.672155076725975 ], [ -76.018380661567448, 8.670427408490987 ], [ -76.021161280273731, 8.669146061579946 ], [ -76.021799714179508, 8.669477543496225 ], [ -76.022233714660459, 8.672105373900044 ], [ -76.024160128272754, 8.67292042977858 ], [ -76.024864614001089, 8.674411174596798 ], [ -76.026752760078594, 8.674760654238955 ], [ -76.026926486749531, 8.673038290721204 ], [ -76.028088283570852, 8.672584055136227 ], [ -76.028622104059025, 8.671266310987436 ], [ -76.028462219393447, 8.669384265969926 ], [ -76.029025607165138, 8.667976711103105 ], [ -76.031028735948965, 8.66620315608489 ], [ -76.03372955941424, 8.665770921781144 ], [ -76.034385032209244, 8.664751418921577 ], [ -76.034892274022283, 8.661320228610652 ], [ -76.034320047718637, 8.659386504787898 ], [ -76.033827543008712, 8.658929966843898 ], [ -76.03228840205422, 8.659583392588582 ], [ -76.031125031395121, 8.65693062012069 ], [ -76.032676508274463, 8.655875461896608 ], [ -76.034219744157227, 8.653396131593855 ], [ -76.036519590436612, 8.651683326414716 ], [ -76.038307686391335, 8.651788930871358 ], [ -76.041410107396189, 8.653303208189381 ], [ -76.04397353885841, 8.650956502671091 ], [ -76.045416056843607, 8.651140359515685 ], [ -76.046593069840469, 8.652014160835515 ], [ -76.048761685250284, 8.651371792982225 ], [ -76.049857739676995, 8.651461780294236 ], [ -76.050322213683117, 8.652071458636234 ], [ -76.051397455460219, 8.651855512464808 ], [ -76.055465016056388, 8.648748647102078 ], [ -76.055937232512122, 8.647158647427615 ], [ -76.054894264066505, 8.646188548132926 ], [ -76.054870654722848, 8.64534707223592 ], [ -76.055233338807099, 8.644867018081788 ], [ -76.056826892544507, 8.644533621122861 ], [ -76.057317822497879, 8.642847889602347 ], [ -76.058628995949391, 8.642654419730968 ], [ -76.059977752275728, 8.643292982112982 ], [ -76.062565305626777, 8.642081143548273 ], [ -76.064378982891213, 8.643230125925465 ], [ -76.068293087841909, 8.642251710849532 ], [ -76.072706485856045, 8.643161187751549 ], [ -76.075403637226898, 8.642083186872826 ], [ -76.078244378112544, 8.64318011310144 ], [ -76.080676258125351, 8.641918171398993 ], [ -76.082865882862592, 8.642552247268165 ], [ -76.086109795957398, 8.642654790045533 ], [ -76.086394179869401, 8.644183448905348 ], [ -76.087392143962305, 8.644584658231118 ], [ -76.087696358408408, 8.647585978089831 ], [ -76.090497435551399, 8.648742775533929 ], [ -76.091685949944832, 8.65086437995058 ], [ -76.093540050303631, 8.651643595594841 ], [ -76.092082295300614, 8.653109693688604 ], [ -76.091991536555994, 8.654114328758501 ], [ -76.094349204647401, 8.654501374310538 ], [ -76.094640254225069, 8.655016263124567 ], [ -76.096185559646003, 8.655553221994554 ], [ -76.098634612134973, 8.660661467238672 ], [ -76.09770995591461, 8.662975908810131 ], [ -76.098403253934407, 8.665566782731256 ], [ -76.097537593967587, 8.666557584066501 ], [ -76.095440133747317, 8.667465237358124 ], [ -76.092987691024518, 8.669390865807218 ], [ -76.092423447052226, 8.670589267602937 ], [ -76.094460340579687, 8.675210775139764 ], [ -76.097022868945317, 8.677020238088209 ], [ -76.100872034795799, 8.677926291331012 ], [ -76.105012395651571, 8.677127288535303 ], [ -76.106251602139423, 8.67858508262403 ], [ -76.109641780536734, 8.678004445666101 ], [ -76.111247824310496, 8.679537965945002 ], [ -76.111501416332615, 8.682011112446293 ], [ -76.114091990568483, 8.683431773812984 ], [ -76.114375068718928, 8.684685439430108 ], [ -76.116680451009771, 8.684457940674656 ], [ -76.120093633757875, 8.686330994402466 ], [ -76.121226933910549, 8.687960229070862 ], [ -76.122657705408741, 8.688171609721019 ], [ -76.123435568736269, 8.689829041417907 ], [ -76.125547338682438, 8.691001886978711 ], [ -76.126378993967151, 8.690966171359584 ], [ -76.126221464564111, 8.692927473196493 ], [ -76.124165016045652, 8.694755538801667 ], [ -76.123936168256662, 8.696860673501282 ], [ -76.123317172661658, 8.697915953362537 ], [ -76.120724302966366, 8.698312409932498 ], [ -76.114804804366472, 8.701165302544476 ], [ -76.107666315061365, 8.703008530627926 ], [ -76.104916288684123, 8.70323837221315 ], [ -76.098989430746016, 8.702528756925625 ], [ -76.096376657767934, 8.70109696944926 ], [ -76.094010474553016, 8.700765236563866 ], [ -76.088492522901817, 8.704179883344626 ], [ -76.08526160597367, 8.70391004905691 ], [ -76.08180495752201, 8.707277873246312 ], [ -76.079246879018811, 8.707470664002971 ], [ -76.076512579502975, 8.708417487437384 ], [ -76.072357756825127, 8.706574430881693 ], [ -76.070844907475987, 8.706761680095671 ], [ -76.069804029259444, 8.707591987089254 ], [ -76.068951711566626, 8.709999283763548 ], [ -76.067763612645635, 8.710256548685917 ], [ -76.062699576309384, 8.715828555722346 ], [ -76.059679699001975, 8.717326676953444 ], [ -76.057708026915847, 8.717097871706338 ], [ -76.057171823881063, 8.715666134256681 ], [ -76.056304254574911, 8.715192471876904 ], [ -76.055008177742664, 8.715486129408307 ], [ -76.053804449410521, 8.715062032049286 ], [ -76.053891265173121, 8.713292317846765 ], [ -76.052973890848591, 8.712484181095265 ], [ -76.051298365266149, 8.713736156936328 ], [ -76.05010793458942, 8.715846333276755 ], [ -76.049147758104226, 8.71604259035154 ], [ -76.048622865886998, 8.716762585185533 ], [ -76.048189088220994, 8.716525743603118 ], [ -76.048034631233818, 8.714566005961942 ], [ -76.046972584988438, 8.713662964459665 ], [ -76.046452986772323, 8.712123779363946 ], [ -76.044980594910427, 8.711787112991352 ], [ -76.043369574139959, 8.712512723862721 ], [ -76.042195379445985, 8.711299430157569 ], [ -76.04066651846675, 8.711192564863872 ], [ -76.039019756690223, 8.707829875695094 ], [ -76.036104529200827, 8.704516739443465 ], [ -76.033683231823417, 8.704687000093392 ], [ -76.032643092975192, 8.704290671491872 ], [ -76.031758199477153, 8.703247992476523 ], [ -76.028711674393534, 8.702402894358318 ], [ -76.027196230939353, 8.699312014955495 ], [ -76.02573460109484, 8.698257924192866 ], [ -76.022329765906932, 8.697816274352428 ], [ -76.02154088829441, 8.69860931581521 ], [ -76.019169332216009, 8.698459404135841 ] ] ] } },
{ "type": "Feature", "properties": { "FID_Cuenca": 0, "CODIGO": null, "AH": "1", "ZH": "13", "SZH": "1303", "COD_POMCA": "Quebrada La Fe", "POMCA": "1003-00-11", "NOM_NSS": "Quebrada La Fe", "COD_NSS": null, "NOMENCLAT": "Subcuenca Quebrada La Fe", "IND_COMPAC": 1.69, "FORM_IND_C": 1003.0, "IND_SIN": 1.44, "TIPO_DRENA": 1012.0, "DEN_CORRIE": 0.0, "DEN_DREN": 2.01, "TIEM_CONC": 207.24001060500001, "MET_T_CONC": "Metodologia Temez: Tc=0.3(L/(S^0.25))^0.75; Donde: L es la Longitud del cauce (km) y S es el porcentaje de pendiente del cauce.", "CAUD_MED": 2.53, "T_CORRIEN": "EFIMERO", "TIPO_FUEN": 2211.0, "Q_TOTAL": 2.6, "Q_MAX": 20.03, "Q_MIN": 0.0, "Q_AMBIENTA": 0.48, "Q_DISPONIB": 1.47, "REND_HID": 39.7, "ESCORR": 216.56, "AREA_ha_": 6373.4599207700003, "OBSERV_": null, "SHAPE_Leng": 48268.9493993, "SHAPE_Area": 63734599.207699999 }, "geometry": { "type": "Polygon", "coordinates": [ [ [ -76.061586109855398, 8.881731824098468 ], [ -76.061063538019837, 8.87843520109258 ], [ -76.059503529809007, 8.876686203505445 ], [ -76.059743045223215, 8.874282106584362 ], [ -76.059302826983696, 8.872885782505634 ], [ -76.056517648792564, 8.871286729244543 ], [ -76.054064065885754, 8.8710128031653 ], [ -76.053619384867957, 8.870275480108958 ], [ -76.05399327024567, 8.868265164700812 ], [ -76.05168218304398, 8.867655751811055 ], [ -76.050174734858942, 8.866146531675524 ], [ -76.04583631679094, 8.86651251695273 ], [ -76.04523851811841, 8.867113389224043 ], [ -76.044574482080264, 8.866566973402053 ], [ -76.043349398583146, 8.866740790644684 ], [ -76.042476316197835, 8.86869396421158 ], [ -76.037842711201492, 8.866830694987861 ], [ -76.035312665557967, 8.868450649014076 ], [ -76.032423974047703, 8.867719814037336 ], [ -76.030663615329104, 8.869165829936957 ], [ -76.028038077709894, 8.867285929806757 ], [ -76.026696994513799, 8.864615119830855 ], [ -76.025290247739179, 8.864086876819881 ], [ -76.021291527607374, 8.864375488174961 ], [ -76.018885671852701, 8.864024573435932 ], [ -76.017412168639595, 8.865428528534895 ], [ -76.014108729585388, 8.866287272798557 ], [ -76.012723113958671, 8.866122289699074 ], [ -76.008753845706025, 8.864237257391355 ], [ -76.007096732282008, 8.864556643549005 ], [ -76.003837427539921, 8.866510126720428 ], [ -76.002985418955106, 8.864482196601799 ], [ -76.002822877785889, 8.860968336848293 ], [ -76.002025475279751, 8.859519704468299 ], [ -75.998643136320027, 8.859996172610925 ], [ -75.996322615118942, 8.857559736113121 ], [ -75.992554157947836, 8.857751205465267 ], [ -75.991814027913492, 8.855956980904169 ], [ -75.989448684107927, 8.855988220134249 ], [ -75.988099813446979, 8.85547865912447 ], [ -75.986728922624224, 8.854433618669063 ], [ -75.986316676403476, 8.852809861418367 ], [ -75.982904579863501, 8.851239656598441 ], [ -75.980967795081526, 8.851399521545796 ], [ -75.980116377089701, 8.850390060698524 ], [ -75.978574042910992, 8.849651910312646 ], [ -75.978028497989243, 8.848277477801863 ], [ -75.97585245726286, 8.847714691341171 ], [ -75.97514511598267, 8.848540776959831 ], [ -75.974126837143572, 8.848737210043218 ], [ -75.974023531881343, 8.847341401999296 ], [ -75.975750667856019, 8.844607809257301 ], [ -75.975712561510164, 8.842800414935299 ], [ -75.974522661574696, 8.841400540374176 ], [ -75.974574039861466, 8.840166528858342 ], [ -75.974975611057602, 8.839719771381446 ], [ -75.976349259087826, 8.8403870714303 ], [ -75.977154821731119, 8.839966957279369 ], [ -75.977726818476526, 8.83900287967505 ], [ -75.977160203349882, 8.838202381279032 ], [ -75.977227687901831, 8.837298245992708 ], [ -75.979428327886282, 8.835633719592453 ], [ -75.979635443298918, 8.835005035942096 ], [ -75.978574738015155, 8.833247063731534 ], [ -75.980062402783602, 8.830370337090148 ], [ -75.979243622359377, 8.828910010546071 ], [ -75.979329475433417, 8.828072730843475 ], [ -75.98070367542492, 8.826511622401949 ], [ -75.980925974580956, 8.822983794512819 ], [ -75.978813833334669, 8.821261032044818 ], [ -75.977026416663961, 8.818400890468686 ], [ -75.975760499745817, 8.81763021870667 ], [ -75.969452735675134, 8.818050578839427 ], [ -75.970593613557099, 8.815510671208186 ], [ -75.970157904297736, 8.814915117075497 ], [ -75.968594284558449, 8.814683889625693 ], [ -75.966423788542457, 8.813284114225773 ], [ -75.963562301792976, 8.813083294604978 ], [ -75.961622456976897, 8.814503721218077 ], [ -75.958538694296379, 8.813132382702493 ], [ -75.957625529000282, 8.813184772646668 ], [ -75.956909373437824, 8.814168670892434 ], [ -75.956331878983178, 8.8140520077728 ], [ -75.956178958160976, 8.812331240125125 ], [ -75.957396022426877, 8.810579711951403 ], [ -75.956398675921776, 8.8082415011122 ], [ -75.960487054461098, 8.803893316469468 ], [ -75.960650350492145, 8.802912183548642 ], [ -75.959875107161352, 8.801480202909071 ], [ -75.960444738132026, 8.798852673051041 ], [ -75.961878870837765, 8.797257864958793 ], [ -75.962288549796028, 8.794616136938624 ], [ -75.96395378960726, 8.793096680601044 ], [ -75.964348971042256, 8.791392302407163 ], [ -75.96802605813977, 8.792253756491702 ], [ -75.96825922542132, 8.792730787303666 ], [ -75.967593407736928, 8.794149603578157 ], [ -75.968017987398298, 8.794453521636548 ], [ -75.968938724192085, 8.794008953122157 ], [ -75.969661832867331, 8.792513335543315 ], [ -75.970775720732178, 8.792239946249216 ], [ -75.971788993792458, 8.791087172593175 ], [ -75.973592564473307, 8.790312979737944 ], [ -75.973935170035162, 8.789622648689074 ], [ -75.97453085569073, 8.789543138031817 ], [ -75.975072652975769, 8.79020988882642 ], [ -75.976859611999771, 8.789952221539554 ], [ -75.977959910271224, 8.790788302176235 ], [ -75.978779408412791, 8.789349573110634 ], [ -75.980606082097268, 8.789340351601803 ], [ -75.983284667458335, 8.78782206836844 ], [ -75.984689842986555, 8.787659538284577 ], [ -75.986074996167886, 8.788412908970326 ], [ -75.987900775576932, 8.788231507431151 ], [ -75.988646444812943, 8.78927975585856 ], [ -75.98801885333846, 8.790788537941379 ], [ -75.988231611997691, 8.791265653887518 ], [ -75.989799417962473, 8.792333638379786 ], [ -75.990833497327998, 8.794779135227021 ], [ -75.994507959843318, 8.796523787501638 ], [ -75.996847872568679, 8.79582446142755 ], [ -75.997159710879757, 8.798034517638406 ], [ -75.999317644997362, 8.79851813657627 ], [ -76.001886380793664, 8.802229075117429 ], [ -76.00406435380134, 8.803212567273325 ], [ -76.004863025797391, 8.805197749813537 ], [ -76.007466831478169, 8.80671460737727 ], [ -76.007361974529928, 8.808742671289082 ], [ -76.008543969259463, 8.810477213656611 ], [ -76.010330509707572, 8.81104186815006 ], [ -76.012409528165577, 8.808700002246772 ], [ -76.01382909294054, 8.808800278830091 ], [ -76.015161107712629, 8.809797610262208 ], [ -76.014303579962743, 8.811293976658231 ], [ -76.013206487146562, 8.811098788299415 ], [ -76.012734080412145, 8.811775467008708 ], [ -76.013468011748728, 8.814239138796557 ], [ -76.015591602155354, 8.814916782692642 ], [ -76.016946759325577, 8.814809382844231 ], [ -76.019057778040064, 8.815831359214538 ], [ -76.019918963353732, 8.815037901596826 ], [ -76.020611429123818, 8.815091694342176 ], [ -76.021901343423508, 8.816304395758563 ], [ -76.022585849626168, 8.817577608471705 ], [ -76.02244530933838, 8.818281268774266 ], [ -76.023343896839648, 8.819123003052184 ], [ -76.023813062156194, 8.820583818925432 ], [ -76.02627981540796, 8.820685790131932 ], [ -76.027801874057999, 8.822155476847417 ], [ -76.031379198346301, 8.82226598397922 ], [ -76.034493057550307, 8.826386044732411 ], [ -76.037473981896895, 8.825528894497607 ], [ -76.039399299915701, 8.825968325103272 ], [ -76.041309753460055, 8.827220731017368 ], [ -76.044210349358622, 8.826134459869577 ], [ -76.04715999891107, 8.827105228773011 ], [ -76.048065330819426, 8.827847622562405 ], [ -76.049719122979894, 8.828078022323309 ], [ -76.050262013437376, 8.828463687048195 ], [ -76.050244993894609, 8.830914438616229 ], [ -76.052268736165573, 8.83290615659007 ], [ -76.052280986997246, 8.835207319403398 ], [ -76.055024130583504, 8.836866477294821 ], [ -76.05587164979579, 8.83802756000747 ], [ -76.055945459335931, 8.840597366467142 ], [ -76.056432749906079, 8.841820119503163 ], [ -76.060379276806756, 8.843741835819246 ], [ -76.06332851827284, 8.844592901426017 ], [ -76.066326872292819, 8.843381566403174 ], [ -76.068943271862295, 8.843815942629478 ], [ -76.071029041993498, 8.846135934556706 ], [ -76.072534285878334, 8.846665856234681 ], [ -76.073352315672309, 8.84791670004399 ], [ -76.07699300457972, 8.848823727231988 ], [ -76.078812949301906, 8.851981875336278 ], [ -76.083587654876212, 8.85402637817803 ], [ -76.08497415603243, 8.8570313975536 ], [ -76.085075843629866, 8.860354197848276 ], [ -76.083081513157182, 8.861407306619588 ], [ -76.082492466245284, 8.862720646818175 ], [ -76.083118642590762, 8.864706466395459 ], [ -76.082232862000438, 8.869361810477432 ], [ -76.079333485983142, 8.870665621038539 ], [ -76.079582516845193, 8.87226136334921 ], [ -76.076059894209166, 8.875539973182963 ], [ -76.074905955502103, 8.877536533160583 ], [ -76.071373304080012, 8.877770602770289 ], [ -76.070223275331884, 8.878494002295916 ], [ -76.069187034061756, 8.88025681595251 ], [ -76.067095378195134, 8.880232113857275 ], [ -76.06523186447744, 8.882393824616079 ], [ -76.064475762993141, 8.882613030800124 ], [ -76.061586109855398, 8.881731824098468 ] ] ] } },
{ "type": "Feature", "properties": { "FID_Cuenca": 0, "CODIGO": null, "AH": "1", "ZH": "13", "SZH": "1302", "COD_POMCA": "Quebrada Lorenzo", "POMCA": "1003-00-49", "NOM_NSS": "Quebrada Lorenzo", "COD_NSS": null, "NOMENCLAT": "Subcuenca Quebrada Lorenzo", "IND_COMPAC": 1.64, "FORM_IND_C": 1003.0, "IND_SIN": 1.49, "TIPO_DRENA": 1012.0, "DEN_CORRIE": 0.0, "DEN_DREN": 3.33, "TIEM_CONC": 106.68572141200001, "MET_T_CONC": "Metodologia Temez: Tc=0.3(L/(S^0.25))^0.75; Donde: L es la Longitud del cauce (km) y S es el porcentaje de pendiente del cauce.", "CAUD_MED": 24.78, "T_CORRIEN": "EFIMERO", "TIPO_FUEN": 2211.0, "Q_TOTAL": 1.24, "Q_MAX": 9.37, "Q_MIN": 0.0, "Q_AMBIENTA": 0.26, "Q_DISPONIB": 0.67, "REND_HID": 1119.39, "ESCORR": 496.61, "AREA_ha_": 2213.7097644, "OBSERV_": null, "SHAPE_Leng": 27623.775390499999, "SHAPE_Area": 22137097.644000001 }, "geometry": { "type": "Polygon", "coordinates": [ [ [ -76.048524594338616, 8.107459958589221 ], [ -76.049078598988984, 8.102384165171634 ], [ -76.047860363269223, 8.099062724021422 ], [ -76.048400645350739, 8.091756494731319 ], [ -76.047924497345136, 8.088564453614007 ], [ -76.05024387817609, 8.084000851820772 ], [ -76.051177844840424, 8.080185830457959 ], [ -76.052957057290556, 8.078493691393307 ], [ -76.054304243607078, 8.07608968998883 ], [ -76.055100571959684, 8.077042225862277 ], [ -76.05793723419805, 8.078223980706625 ], [ -76.058086188243649, 8.07925137123109 ], [ -76.05718330098307, 8.081048963855384 ], [ -76.057574958787797, 8.08264901006515 ], [ -76.060127014213222, 8.083757200615826 ], [ -76.06242869363426, 8.083459113178174 ], [ -76.064425814381963, 8.086495876666625 ], [ -76.067880464544345, 8.087704420115765 ], [ -76.073580011299569, 8.088041225781835 ], [ -76.075026858734347, 8.089540441094268 ], [ -76.079093965855577, 8.089663983872112 ], [ -76.079626616001221, 8.093971102932931 ], [ -76.078525323766485, 8.095411060633015 ], [ -76.07892375283231, 8.097388794990282 ], [ -76.080480358792073, 8.099158809472184 ], [ -76.083932321798343, 8.098587151547131 ], [ -76.086883048349748, 8.101441727448865 ], [ -76.090839536291597, 8.101976904888577 ], [ -76.092072160968442, 8.102831544377963 ], [ -76.092675232294496, 8.104454381375621 ], [ -76.092229766879214, 8.105575527958564 ], [ -76.093004582908961, 8.106996678219488 ], [ -76.093346301569781, 8.110093603004064 ], [ -76.095514411837073, 8.111861700656334 ], [ -76.095960582009852, 8.112806287019607 ], [ -76.096072494360811, 8.114077692121848 ], [ -76.095028359272703, 8.116387698431103 ], [ -76.094968341422401, 8.117822537726575 ], [ -76.096596838754323, 8.119143802737742 ], [ -76.096899310270487, 8.120136916495467 ], [ -76.098532627089767, 8.11954064632876 ], [ -76.100011426367715, 8.120190794648902 ], [ -76.100073415529948, 8.122987835098062 ], [ -76.100780148620984, 8.125171988216533 ], [ -76.099457778731846, 8.126058415767927 ], [ -76.094357350908879, 8.127116617561645 ], [ -76.093424007407776, 8.128555789260954 ], [ -76.094433666753787, 8.130865174679304 ], [ -76.096143001838968, 8.131067086421323 ], [ -76.098810772972399, 8.134841004265914 ], [ -76.100024906983535, 8.135810445006717 ], [ -76.101559889492108, 8.139513462299016 ], [ -76.103251218175615, 8.139944949019466 ], [ -76.103411601019005, 8.141302173180385 ], [ -76.10263452319542, 8.143276144577026 ], [ -76.103833733385073, 8.145087232988715 ], [ -76.105134850689666, 8.149185403810765 ], [ -76.10287250005598, 8.147975365550197 ], [ -76.101880430067695, 8.148709540823832 ], [ -76.101390214448969, 8.149995895945482 ], [ -76.100319819356741, 8.15042442538674 ], [ -76.100190459206061, 8.149033571421297 ], [ -76.098511384988754, 8.14579271787189 ], [ -76.093354309568042, 8.143731121166926 ], [ -76.089605370355713, 8.144000775200555 ], [ -76.086987957722812, 8.143109982488044 ], [ -76.085752104669524, 8.143560810854868 ], [ -76.084012257363682, 8.145434332881205 ], [ -76.082637734825724, 8.145505683570669 ], [ -76.082280469648097, 8.146038233979706 ], [ -76.081523629024176, 8.145833963855686 ], [ -76.08081356278079, 8.144481864070992 ], [ -76.081821287392302, 8.14254502373179 ], [ -76.080196462429527, 8.140047359717848 ], [ -76.080494740948907, 8.138267042298256 ], [ -76.079052192244774, 8.137681207318794 ], [ -76.078299328049781, 8.136824184842176 ], [ -76.078525866984904, 8.136057973041805 ], [ -76.079885361876052, 8.135381813653511 ], [ -76.079901516932807, 8.134769658389647 ], [ -76.077308733181908, 8.13447639305142 ], [ -76.076153077479901, 8.133678729001245 ], [ -76.0756482404135, 8.132514439362597 ], [ -76.074340362614038, 8.131985300839609 ], [ -76.074291422549848, 8.130338189653958 ], [ -76.073137038689026, 8.129793946272374 ], [ -76.072990479341584, 8.129268660158598 ], [ -76.073362871445909, 8.12815504795976 ], [ -76.072820194565494, 8.12758388827954 ], [ -76.072510053036737, 8.125272181545862 ], [ -76.070675512310217, 8.123033697419505 ], [ -76.07058560601169, 8.119399912961862 ], [ -76.068466969035185, 8.117927901138868 ], [ -76.063591930011768, 8.117019250365997 ], [ -76.062334817577778, 8.115088713499663 ], [ -76.060553994295745, 8.11399755313127 ], [ -76.0585715213561, 8.110922870941991 ], [ -76.055224695924579, 8.108500355362802 ], [ -76.053448353821096, 8.108317696542777 ], [ -76.051772178572847, 8.108995290833725 ], [ -76.050664345383012, 8.108139910324978 ], [ -76.049273156310974, 8.108218373515051 ], [ -76.048524594338616, 8.107459958589221 ] ] ] } },
{ "type": "Feature", "properties": { "FID_Cuenca": 0, "CODIGO": null, "AH": "1", "ZH": "13", "SZH": "1303", "COD_POMCA": "Arroyo Porvenir", "POMCA": "1003-00-04", "NOM_NSS": "Arroyo Porvenir", "COD_NSS": null, "NOMENCLAT": "Subcuenca Arroyo Porvenir", "IND_COMPAC": 1.77, "FORM_IND_C": 1003.0, "IND_SIN": 1.41, "TIPO_DRENA": 1012.0, "DEN_CORRIE": 0.0, "DEN_DREN": 1.98, "TIEM_CONC": 294.90863461700002, "MET_T_CONC": "Metodologia Temez: Tc=0.3(L/(S^0.25))^0.75; Donde: L es la Longitud del cauce (km) y S es el porcentaje de pendiente del cauce.", "CAUD_MED": 10.49, "T_CORRIEN": "PERMANENTE", "TIPO_FUEN": 2212.0, "Q_TOTAL": 5.88, "Q_MAX": 30.11, "Q_MIN": 0.06, "Q_AMBIENTA": 1.02, "Q_DISPONIB": 3.39, "REND_HID": 130.0, "ESCORR": 214.4, "AREA_ha_": 12797.235204500001, "OBSERV_": null, "SHAPE_Leng": 71369.0087547, "SHAPE_Area": 127972352.045 }, "geometry": { "type": "Polygon", "coordinates": [ [ [ -75.913286516214242, 9.231429529880751 ], [ -75.910861003343499, 9.227769293239696 ], [ -75.911654956545533, 9.226727744320877 ], [ -75.913637846264805, 9.226239418835451 ], [ -75.916773839509631, 9.224196999321505 ], [ -75.91771794922937, 9.2225456718995 ], [ -75.921259953988567, 9.218759291663625 ], [ -75.920316833401941, 9.21509151992238 ], [ -75.919179717209417, 9.214848673603237 ], [ -75.918294276082051, 9.213947005549061 ], [ -75.918371991661857, 9.212225073169501 ], [ -75.919477948157223, 9.211100420748672 ], [ -75.919330233045869, 9.210225664483058 ], [ -75.918612991204824, 9.209272923873661 ], [ -75.91603048621559, 9.20873139709197 ], [ -75.914844909591537, 9.206556830709662 ], [ -75.914717649021128, 9.204281223068067 ], [ -75.913474149612924, 9.202068686485358 ], [ -75.914236378604173, 9.200553674129901 ], [ -75.916961953385751, 9.198990393853945 ], [ -75.917956747205892, 9.197780241806997 ], [ -75.917830568491624, 9.195715042185425 ], [ -75.916781372733837, 9.193845829803065 ], [ -75.916717301696352, 9.192621951943448 ], [ -75.918850010678867, 9.191826819243937 ], [ -75.919765903725619, 9.190253634526002 ], [ -75.921913921492873, 9.189917566399288 ], [ -75.924101223447664, 9.190810164389944 ], [ -75.924735182243367, 9.190558254605799 ], [ -75.930141283040868, 9.186226727749879 ], [ -75.934234876258813, 9.184943249909159 ], [ -75.937430992834933, 9.185060698128581 ], [ -75.939998334574796, 9.182732981872912 ], [ -75.942014313992317, 9.181727927271707 ], [ -75.942978922066033, 9.178452068303345 ], [ -75.943974971297465, 9.177509656781265 ], [ -75.946787284929272, 9.171606041041512 ], [ -75.947239455750008, 9.168905234294087 ], [ -75.946460190575152, 9.166895786261748 ], [ -75.948029547424014, 9.165166164423869 ], [ -75.947682944551886, 9.161925080612187 ], [ -75.947959294190611, 9.159420766694716 ], [ -75.949868913511111, 9.15651182515083 ], [ -75.952860715509345, 9.153507618113606 ], [ -75.955047835038556, 9.151912266177582 ], [ -75.95634008520436, 9.15172624474069 ], [ -75.95697195669608, 9.15178274251036 ], [ -75.957460523793529, 9.153184907059966 ], [ -75.958966595682838, 9.153625397371137 ], [ -75.960285462375893, 9.152781704804079 ], [ -75.960848692754695, 9.15122464544865 ], [ -75.960946828912526, 9.148489875819438 ], [ -75.962095724268195, 9.147355365830004 ], [ -75.967195201319498, 9.145662500602452 ], [ -75.969551039528156, 9.147562985171128 ], [ -75.970723278905297, 9.147437317237735 ], [ -75.973626329909905, 9.144762206467451 ], [ -75.976344359218814, 9.144740230057288 ], [ -75.977756452061882, 9.142437519934314 ], [ -75.980600294996094, 9.141542742047431 ], [ -75.980767824724424, 9.14047071824298 ], [ -75.980221505219276, 9.139077269635992 ], [ -75.978427217225786, 9.137026255084765 ], [ -75.977979745583667, 9.132037485883037 ], [ -75.982689773494954, 9.129432973096858 ], [ -75.98393984897703, 9.129254266296831 ], [ -75.986945577415085, 9.129869686053427 ], [ -75.991582626170867, 9.129615749207819 ], [ -75.992542369238777, 9.12913250329037 ], [ -75.993402201929683, 9.127961194239205 ], [ -75.993698798167202, 9.125836481800802 ], [ -75.995290567966933, 9.12477607466737 ], [ -75.996145374801202, 9.122667544717331 ], [ -75.997065067245643, 9.12189759219841 ], [ -75.9992880119635, 9.117858332847177 ], [ -76.001698049668263, 9.115072118455812 ], [ -76.00137587371097, 9.11420830784594 ], [ -75.99968121828951, 9.1131126582848 ], [ -75.999837834689743, 9.111733279623978 ], [ -76.002450411670551, 9.112710688778327 ], [ -76.0049610707634, 9.109856986456794 ], [ -76.003999464456726, 9.108183651034066 ], [ -76.003892282893318, 9.107036575816961 ], [ -76.004289271729704, 9.105700341446331 ], [ -76.005674736563137, 9.104247806168159 ], [ -76.007665135847446, 9.103414197871874 ], [ -76.009427895743869, 9.103759663177625 ], [ -76.009526668086849, 9.106025725273593 ], [ -76.010136645495706, 9.106725416906524 ], [ -76.01229238768822, 9.104992512470565 ], [ -76.015117381561353, 9.106928471137223 ], [ -76.019136875407781, 9.105844279128918 ], [ -76.019122306107079, 9.106791277108833 ], [ -76.020072371173455, 9.107182480299038 ], [ -76.021357753456456, 9.10723836692681 ], [ -76.026611056139728, 9.105673553601102 ], [ -76.02862295938877, 9.106288301490784 ], [ -76.029293593586601, 9.108188431607832 ], [ -76.030690748359177, 9.108188431850996 ], [ -76.030970179231872, 9.110759197134005 ], [ -76.033485057871502, 9.111653375771352 ], [ -76.034267464429632, 9.111150400328318 ], [ -76.034714554023836, 9.113050530421397 ], [ -76.037788295046738, 9.115285978647826 ], [ -76.036111709090861, 9.120069836297755 ], [ -76.034882212396383, 9.120516926419013 ], [ -76.032814423986053, 9.122305284245734 ], [ -76.033540943707294, 9.12521136624515 ], [ -76.035217530248033, 9.125882001257086 ], [ -76.035385188776345, 9.127279155278641 ], [ -76.036670570518652, 9.129212817673169 ], [ -76.033317399635038, 9.134745551611447 ], [ -76.030746634744645, 9.137036885348243 ], [ -76.029740682503657, 9.139048788111733 ], [ -76.03063486242749, 9.140948918583982 ], [ -76.031640813296093, 9.141731325084274 ], [ -76.034491009757375, 9.142457845716402 ], [ -76.036223481477705, 9.149030062612255 ], [ -76.040526718397246, 9.152886209586365 ], [ -76.039923732716403, 9.156175614472408 ], [ -76.036384284473058, 9.159774549814228 ], [ -76.034004823405212, 9.161350942394852 ], [ -76.031893052088392, 9.16489039111166 ], [ -76.03001922592918, 9.166764216472449 ], [ -76.029781280103137, 9.168429838997007 ], [ -76.03064383462835, 9.170511867338659 ], [ -76.029602820434107, 9.173040045091549 ], [ -76.026747467479439, 9.174259518605034 ], [ -76.025646966724324, 9.175835911770317 ], [ -76.0236244244376, 9.176073857922276 ], [ -76.021661369455813, 9.178602034704801 ], [ -76.019817286830374, 9.180029711247881 ], [ -76.018002948395917, 9.183182497023171 ], [ -76.016902447113651, 9.186602972588483 ], [ -76.013868634633297, 9.19142138084567 ], [ -76.011784226873374, 9.195898337186014 ], [ -76.010118603756439, 9.196522945288132 ], [ -76.008839644014202, 9.195452188446946 ], [ -76.007709399223998, 9.195452188555555 ], [ -76.006460182901421, 9.196612175685759 ], [ -76.005924803691599, 9.198991636479299 ], [ -76.007471453479482, 9.203304409515507 ], [ -76.005805830772644, 9.206754628304875 ], [ -76.006608899297191, 9.209372035510725 ], [ -76.00595454732759, 9.210621252401573 ], [ -76.003961748957053, 9.211632522952067 ], [ -76.001671517620494, 9.211662266567943 ], [ -75.999678718843171, 9.212881739742695 ], [ -75.997894122778575, 9.212078672094668 ], [ -75.995931067409074, 9.213327888790614 ], [ -75.993783604375821, 9.212905534455583 ], [ -75.993117355176494, 9.213381427088136 ], [ -75.993402890495148, 9.215546736892289 ], [ -75.986580975887946, 9.221069465937768 ], [ -75.986257368738023, 9.222325820740476 ], [ -75.986828439773078, 9.226684993043625 ], [ -75.984353799753876, 9.23134873723532 ], [ -75.983268467981773, 9.231753245728491 ], [ -75.978985438627291, 9.230533771319354 ], [ -75.976427517978948, 9.231069150827805 ], [ -75.974880867894328, 9.229611730638069 ], [ -75.97154962327744, 9.230266082414436 ], [ -75.96911305474687, 9.232214860875544 ], [ -75.966524201434979, 9.23318568100351 ], [ -75.965172667000218, 9.235755498577781 ], [ -75.962778929505774, 9.237700707862691 ], [ -75.961184690679815, 9.238271779353314 ], [ -75.960328085006509, 9.239556688079931 ], [ -75.958424516278669, 9.240675034885752 ], [ -75.956735098866062, 9.242721371109649 ], [ -75.956497152542852, 9.244244226220205 ], [ -75.956973044829553, 9.245196010476629 ], [ -75.959209738368884, 9.245457751428804 ], [ -75.959495273525164, 9.248836585524469 ], [ -75.958445137771506, 9.249539320196444 ], [ -75.957374380484751, 9.251585656245899 ], [ -75.955565990365756, 9.253132306156528 ], [ -75.952877198692605, 9.253227484878254 ], [ -75.951306754946103, 9.254512393515155 ], [ -75.951473317187691, 9.255416588389902 ], [ -75.952282333899277, 9.255678329602183 ], [ -75.951449522394071, 9.256749087255002 ], [ -75.951544700924799, 9.258914396002533 ], [ -75.951021219580184, 9.260080332286943 ], [ -75.951306754405806, 9.261626982353665 ], [ -75.953462546519731, 9.261166793984147 ], [ -75.954947329808803, 9.262894282544568 ], [ -75.956546327958094, 9.263179817986316 ], [ -75.956403559915827, 9.264164914979789 ], [ -75.957031737975768, 9.26529277923146 ], [ -75.954964420339422, 9.268209631446005 ], [ -75.95456467137322, 9.269708691920201 ], [ -75.95240887910326, 9.271393350110618 ], [ -75.952637307435168, 9.273177945720342 ], [ -75.95169504087427, 9.27449140798652 ], [ -75.951794978035878, 9.275362290716478 ], [ -75.952508816488049, 9.275776317052015 ], [ -75.952180450911214, 9.276704307050235 ], [ -75.949410758418296, 9.275961915260948 ], [ -75.948397107932763, 9.276561539400632 ], [ -75.949253714043053, 9.278246197848345 ], [ -75.948511321740455, 9.279145634027353 ], [ -75.948282894286251, 9.282586334796569 ], [ -75.950381578455563, 9.285313196593574 ], [ -75.948326913505696, 9.286720647793757 ], [ -75.94773680737795, 9.287881825337521 ], [ -75.947089593876385, 9.287729539867538 ], [ -75.946194916617557, 9.28654932693707 ], [ -75.943872562788286, 9.286701612954078 ], [ -75.94051752275432, 9.2854833284097 ], [ -75.93904225735649, 9.286149577397364 ], [ -75.93816185615529, 9.287505870282802 ], [ -75.93868533774824, 9.28969497411989 ], [ -75.937662169379735, 9.291455775773052 ], [ -75.936995920982767, 9.291884078333204 ], [ -75.93640105540203, 9.291669927465822 ], [ -75.935925163132339, 9.289980509481138 ], [ -75.935377886948814, 9.289932920503368 ], [ -75.933402934404995, 9.291788899755021 ], [ -75.930255163795977, 9.292631723555784 ], [ -75.930105001929505, 9.291728620299669 ], [ -75.931085339404902, 9.290976710998557 ], [ -75.930409572720905, 9.289825051345584 ], [ -75.93098064353353, 9.288958927981851 ], [ -75.930390536815693, 9.287540769077754 ], [ -75.929600555603855, 9.286784100463981 ], [ -75.927696986836679, 9.286498565279487 ], [ -75.926364488477304, 9.284452228904106 ], [ -75.926507256363308, 9.279312592854065 ], [ -75.924844806263053, 9.272466090214673 ], [ -75.925206484499938, 9.271342984578997 ], [ -75.924844806637722, 9.270752878302794 ], [ -75.92513034171435, 9.269782058276258 ], [ -75.924635414063602, 9.269058702168845 ], [ -75.924959020391228, 9.267535846824556 ], [ -75.924045307386891, 9.266355634374513 ], [ -75.925011844682601, 9.264348320933637 ], [ -75.928783290645541, 9.264146067459397 ], [ -75.930091993641085, 9.260636362200007 ], [ -75.92990163660231, 9.258827971868808 ], [ -75.929282976713054, 9.257923776224413 ], [ -75.926165882758795, 9.256139181079378 ], [ -75.925523428809271, 9.254985142067147 ], [ -75.922200214079325, 9.253086034928819 ], [ -75.921643419918382, 9.251872509384913 ], [ -75.921686249903289, 9.251144394895551 ], [ -75.923385185119301, 9.24864596046814 ], [ -75.925241164787607, 9.247161177170549 ], [ -75.923884872567839, 9.246375954566183 ], [ -75.921400714960498, 9.247046962417009 ], [ -75.920885165370834, 9.245059636718421 ], [ -75.919276649450183, 9.244383870230626 ], [ -75.920418790598944, 9.243070407259378 ], [ -75.919933380833925, 9.241852123109123 ], [ -75.920268289660768, 9.238274009136708 ], [ -75.922671545738254, 9.234895174467558 ], [ -75.922195653197718, 9.234419281963502 ], [ -75.921434225258281, 9.234550152058116 ], [ -75.920244495129268, 9.235478142650116 ], [ -75.919352197463368, 9.237203251720354 ], [ -75.91832902872342, 9.235882650642067 ], [ -75.918693681714842, 9.23343815122645 ], [ -75.916880532229698, 9.233138339110116 ], [ -75.913286516214242, 9.231429529880751 ] ] ] } },
{ "type": "Feature", "properties": { "FID_Cuenca": 0, "CODIGO": null, "AH": "1", "ZH": "13", "SZH": "1303", "COD_POMCA": "Arroyo Moncholo", "POMCA": "1003-00-03", "NOM_NSS": "Arroyo Moncholo", "COD_NSS": null, "NOMENCLAT": "Subcuenca Arroyo Moncholo", "IND_COMPAC": 1.76, "FORM_IND_C": 1003.0, "IND_SIN": 1.38, "TIPO_DRENA": 1012.0, "DEN_CORRIE": 0.0, "DEN_DREN": 2.11, "TIEM_CONC": 196.78737276300001, "MET_T_CONC": "Metodologia Temez: Tc=0.3(L/(S^0.25))^0.75; Donde: L es la Longitud del cauce (km) y S es el porcentaje de pendiente del cauce.", "CAUD_MED": 7.63, "T_CORRIEN": "PERMANENTE", "TIPO_FUEN": 2212.0, "Q_TOTAL": 2.49, "Q_MAX": 15.6, "Q_MIN": 0.01, "Q_AMBIENTA": 0.37, "Q_DISPONIB": 1.5, "REND_HID": 126.85, "ESCORR": 240.67, "AREA_ha_": 5869.1970133900004, "OBSERV_": null, "SHAPE_Leng": 48056.227285100002, "SHAPE_Area": 58691970.133900002 }, "geometry": { "type": "Polygon", "coordinates": [ [ [ -75.98657420077808, 9.282486767840554 ], [ -75.986160174495836, 9.280802108911196 ], [ -75.987185245747412, 9.277364660250644 ], [ -75.98622870272763, 9.275879876866647 ], [ -75.988486811499257, 9.270464223371974 ], [ -75.991627699774313, 9.270645062630127 ], [ -75.991998895800478, 9.268884260994048 ], [ -75.993931018307293, 9.266507972934587 ], [ -75.993493197408952, 9.264604403869203 ], [ -75.994692445448081, 9.263595512943331 ], [ -75.994977980549294, 9.262491442525077 ], [ -75.995758443803339, 9.262415299567905 ], [ -75.996424693421389, 9.26148255158823 ], [ -75.997681048639578, 9.26091148016822 ], [ -75.997700084539133, 9.258037091587115 ], [ -75.996329515110205, 9.256666522424768 ], [ -75.996291443515162, 9.255809916408397 ], [ -75.998171217675832, 9.254458858605165 ], [ -75.99998436684966, 9.2542518450245 ], [ -76.000284178974027, 9.253745019776712 ], [ -75.999441850244082, 9.252560048636923 ], [ -75.998064142094705, 9.251767688095146 ], [ -75.998064142148849, 9.250939635742331 ], [ -75.99983446126538, 9.24961189632673 ], [ -76.000876665202313, 9.247984344625749 ], [ -76.002461385660737, 9.24709918481746 ], [ -76.002946796220996, 9.244957670329219 ], [ -76.003617803684577, 9.244315215815682 ], [ -76.003860509362866, 9.242459236576197 ], [ -76.007029951162153, 9.240603257042579 ], [ -76.006987120610987, 9.237962055223814 ], [ -76.007472530672786, 9.236962681179211 ], [ -76.007843726927788, 9.232651097837545 ], [ -76.010064715560176, 9.231548455888582 ], [ -76.010302662100941, 9.229692476251307 ], [ -76.011825516739222, 9.228359978010994 ], [ -76.012063463103317, 9.223862796972462 ], [ -76.013348371869441, 9.222577887860103 ], [ -76.012753506190322, 9.218294857891969 ], [ -76.011278240687687, 9.217914144119524 ], [ -76.010374045408824, 9.216938565029073 ], [ -76.007304541144194, 9.21698615457119 ], [ -76.00673347048604, 9.216605440149825 ], [ -76.0053295883244, 9.214225979841579 ], [ -76.005020257774788, 9.212155848622945 ], [ -76.003961748957053, 9.211632522952067 ], [ -76.00595454732759, 9.210621252401573 ], [ -76.006608899297191, 9.209372035510725 ], [ -76.005805830772644, 9.206754628304875 ], [ -76.007471453479482, 9.203304409515507 ], [ -76.005924803691599, 9.198991636479299 ], [ -76.006103263803993, 9.197385500066297 ], [ -76.007709399223998, 9.195452188555555 ], [ -76.008839644014202, 9.195452188446946 ], [ -76.010118603756439, 9.196522945288132 ], [ -76.011784226873374, 9.195898337186014 ], [ -76.013868634633297, 9.19142138084567 ], [ -76.016902447113651, 9.186602972588483 ], [ -76.018002948395917, 9.183182497023171 ], [ -76.019817286830374, 9.180029711247881 ], [ -76.021661369455813, 9.178602034704801 ], [ -76.0236244244376, 9.176073857922276 ], [ -76.025646966724324, 9.175835911770317 ], [ -76.026747467479439, 9.174259518605034 ], [ -76.029602820434107, 9.173040045091549 ], [ -76.03064383462835, 9.170511867338659 ], [ -76.029781280103137, 9.168429838997007 ], [ -76.03001922592918, 9.166764216472449 ], [ -76.031893052088392, 9.16489039111166 ], [ -76.034004823405212, 9.161350942394852 ], [ -76.039507326826836, 9.156859710257926 ], [ -76.040526718397246, 9.152886209586365 ], [ -76.043432800771811, 9.153165640994185 ], [ -76.049524395141475, 9.156965901866691 ], [ -76.049894448891564, 9.158363489996308 ], [ -76.048899615754777, 9.159292439703098 ], [ -76.048016782748405, 9.16161152084473 ], [ -76.048557024403451, 9.164101898734348 ], [ -76.04804313601602, 9.166500041099692 ], [ -76.047094420815242, 9.168206409813205 ], [ -76.044788515983427, 9.170650669599338 ], [ -76.044505219433347, 9.172936811436262 ], [ -76.044841221894416, 9.175038480712455 ], [ -76.043734388254705, 9.176046487694716 ], [ -76.046231353976282, 9.180295946153997 ], [ -76.04836596337995, 9.181330305618424 ], [ -76.048326432673974, 9.182852206080364 ], [ -76.05024362861451, 9.184953872437307 ], [ -76.050757516706625, 9.186594361433304 ], [ -76.053570721433587, 9.188485200676284 ], [ -76.056298278087937, 9.18797790224257 ], [ -76.05758958477918, 9.188544496632614 ], [ -76.058123236988337, 9.189638156362577 ], [ -76.060765146125888, 9.189664510125981 ], [ -76.063914353805856, 9.188221670879198 ], [ -76.06535719243773, 9.188399554339975 ], [ -76.067693015011415, 9.185048998551538 ], [ -76.06848654865243, 9.184582061720992 ], [ -76.074705409094747, 9.187933134097591 ], [ -76.0697649237284, 9.195284141357787 ], [ -76.071046842359522, 9.199761404753644 ], [ -76.07037949490983, 9.206126439637844 ], [ -76.068473558407717, 9.21278171480369 ], [ -76.064634707016296, 9.21849268460192 ], [ -76.063943577324721, 9.217982511338009 ], [ -76.062650629159506, 9.21945673388104 ], [ -76.060603088769724, 9.218246482317664 ], [ -76.05451757028159, 9.218849863199875 ], [ -76.047252177220216, 9.223077504030583 ], [ -76.045011275127862, 9.225304245650953 ], [ -76.038925948701092, 9.228802154712389 ], [ -76.040036094897928, 9.233272396616259 ], [ -76.041835481024719, 9.234896482776405 ], [ -76.041797845577221, 9.236465473988533 ], [ -76.043438459179185, 9.240438186306447 ], [ -76.046263773142542, 9.241474803839168 ], [ -76.047168077738448, 9.239328054058834 ], [ -76.051229850298753, 9.241154016742785 ], [ -76.048170713359667, 9.242423627920342 ], [ -76.047385490428439, 9.243280233837082 ], [ -76.043495072111227, 9.254951489762941 ], [ -76.039676036951604, 9.253987808090837 ], [ -76.038426820563544, 9.254380418913478 ], [ -76.036927759847913, 9.25698592913152 ], [ -76.033822563503819, 9.259948358111808 ], [ -76.03239488606367, 9.26226833287005 ], [ -76.030895825905347, 9.263303397604872 ], [ -76.030146296058945, 9.265016609995024 ], [ -76.02641887008302, 9.266583341927397 ], [ -76.024458193911244, 9.26669755624081 ], [ -76.019337594109814, 9.269019910659763 ], [ -76.017986060261848, 9.270828301181872 ], [ -76.017453060925803, 9.273245833031524 ], [ -76.015911170690643, 9.274197617262587 ], [ -76.015435277974362, 9.275739508380095 ], [ -76.013398459754654, 9.276691292446573 ], [ -76.011837532601149, 9.278575825706135 ], [ -76.008506287870688, 9.277376577670085 ], [ -76.006640789744353, 9.277433684766637 ], [ -76.006088755393492, 9.277890541210519 ], [ -76.006678861647018, 9.279660859633895 ], [ -76.006298147415961, 9.281507321489434 ], [ -76.005689005804584, 9.282687534368895 ], [ -76.003608761648493, 9.284104503139847 ], [ -76.003465993912513, 9.286345955939614 ], [ -76.001195988475402, 9.285874822539865 ], [ -76.000339382179774, 9.28611752717106 ], [ -75.999111580829904, 9.285103877053897 ], [ -75.997969438930099, 9.286388786249482 ], [ -75.994312207547537, 9.286698412989088 ], [ -75.992913084478587, 9.285956021781589 ], [ -75.991885157602951, 9.284342747425995 ], [ -75.990771569378438, 9.283800230346744 ], [ -75.989515214296247, 9.283914444360699 ], [ -75.98657420077808, 9.282486767840554 ] ] ] } },
{ "type": "Feature", "properties": { "FID_Cuenca": 0, "CODIGO": null, "AH": "1", "ZH": "13", "SZH": "1303", "COD_POMCA": "Arroyo Chiquisera", "POMCA": "1003-00-43", "NOM_NSS": "Arroyo Chiquisera", "COD_NSS": null, "NOMENCLAT": "Subcuenca Arroyo Chiquisera", "IND_COMPAC": 1.65, "FORM_IND_C": 1003.0, "IND_SIN": 1.72, "TIPO_DRENA": 1014.0, "DEN_CORRIE": 0.0, "DEN_DREN": 1.73, "TIEM_CONC": 130.90957615400001, "MET_T_CONC": "Metodologia Temez: Tc=0.3(L/(S^0.25))^0.75; Donde: L es la Longitud del cauce (km) y S es el porcentaje de pendiente del cauce.", "CAUD_MED": 2.63, "T_CORRIEN": "EFIMERO", "TIPO_FUEN": 2212.0, "Q_TOTAL": 8.82, "Q_MAX": 45.33, "Q_MIN": 0.49, "Q_AMBIENTA": 1.49, "Q_DISPONIB": 5.12, "REND_HID": 180.84, "ESCORR": 219.33, "AREA_ha_": 4295.9252348199998, "OBSERV_": null, "SHAPE_Leng": 39978.619688600003, "SHAPE_Area": 42959252.348200001 }, "geometry": { "type": "Polygon", "coordinates": [ [ [ -75.937102824909076, 9.304453647527737 ], [ -75.932577089967708, 9.305053271896846 ], [ -75.930735387270246, 9.303839746217752 ], [ -75.930863877979831, 9.302940310067042 ], [ -75.931834697778598, 9.302326409663452 ], [ -75.931634823188091, 9.301484079702126 ], [ -75.930506958520624, 9.300941562643157 ], [ -75.928208399504413, 9.301212821683244 ], [ -75.926737892698142, 9.298671557551822 ], [ -75.923682664979708, 9.296387274657123 ], [ -75.92329719230689, 9.294945321638933 ], [ -75.92361128067553, 9.293874563370576 ], [ -75.925067510803302, 9.293746072415919 ], [ -75.928065631848241, 9.294431357370684 ], [ -75.930255163795977, 9.292631723555784 ], [ -75.933640880264093, 9.291646132288415 ], [ -75.935377886948814, 9.289932920503368 ], [ -75.935925163132339, 9.289980509481138 ], [ -75.93640105540203, 9.291669927465822 ], [ -75.936995920982767, 9.291884078333204 ], [ -75.938494981044116, 9.290432607036797 ], [ -75.938732927185001, 9.288981136156762 ], [ -75.93816185615529, 9.287505870282802 ], [ -75.939827479478126, 9.285673685657223 ], [ -75.941207566136683, 9.285602301192844 ], [ -75.943872562788286, 9.286701612954078 ], [ -75.946194916617557, 9.28654932693707 ], [ -75.947089593876385, 9.287729539867538 ], [ -75.94773680737795, 9.287881825337521 ], [ -75.948326913505696, 9.286720647793757 ], [ -75.950310194342435, 9.285513071717538 ], [ -75.950081766621153, 9.28444231468835 ], [ -75.948282894286251, 9.282586334796569 ], [ -75.948511321740455, 9.279145634027353 ], [ -75.949253714043053, 9.278246197848345 ], [ -75.948397107932763, 9.276561539400632 ], [ -75.949410758418296, 9.275961915260948 ], [ -75.952180450911214, 9.276704307050235 ], [ -75.952508816488049, 9.275776317052015 ], [ -75.951794978035878, 9.275362290716478 ], [ -75.95169504087427, 9.27449140798652 ], [ -75.952637307435168, 9.273177945720342 ], [ -75.95240887910326, 9.271393350110618 ], [ -75.95456467137322, 9.269708691920201 ], [ -75.954964420339422, 9.268209631446005 ], [ -75.957031737975768, 9.26529277923146 ], [ -75.956403559915827, 9.264164914979789 ], [ -75.956546327958094, 9.263179817986316 ], [ -75.954947329808803, 9.262894282544568 ], [ -75.954033617561691, 9.261380945345325 ], [ -75.95309135037445, 9.261138240489165 ], [ -75.951306754405806, 9.261626982353665 ], [ -75.951021219580184, 9.260080332286943 ], [ -75.951544700924799, 9.258914396002533 ], [ -75.951449522394071, 9.256749087255002 ], [ -75.952282333899277, 9.255678329602183 ], [ -75.951473317187691, 9.255416588389902 ], [ -75.951306754946103, 9.254512393515155 ], [ -75.952877198692605, 9.253227484878254 ], [ -75.955565990365756, 9.253132306156528 ], [ -75.957374380484751, 9.251585656245899 ], [ -75.958445137771506, 9.249539320196444 ], [ -75.959495273525164, 9.248836585524469 ], [ -75.959209738368884, 9.245457751428804 ], [ -75.956973044829553, 9.245196010476629 ], [ -75.956497152542852, 9.244244226220205 ], [ -75.956735098866062, 9.242721371109649 ], [ -75.958424516278669, 9.240675034885752 ], [ -75.960328085006509, 9.239556688079931 ], [ -75.961184690679815, 9.238271779353314 ], [ -75.962778929505774, 9.237700707862691 ], [ -75.965172667000218, 9.235755498577781 ], [ -75.966524201434979, 9.23318568100351 ], [ -75.96911305474687, 9.232214860875544 ], [ -75.97154962327744, 9.230266082414436 ], [ -75.974880867894328, 9.229611730638069 ], [ -75.976427517978948, 9.231069150827805 ], [ -75.978985438627291, 9.230533771319354 ], [ -75.983268467981773, 9.231753245728491 ], [ -75.984353799753876, 9.23134873723532 ], [ -75.986828439773078, 9.226684993043625 ], [ -75.986257368738023, 9.222325820740476 ], [ -75.986580975887946, 9.221069465937768 ], [ -75.993402890495148, 9.215546736892289 ], [ -75.993117355176494, 9.213381427088136 ], [ -75.993783604375821, 9.212905534455583 ], [ -75.995931067409074, 9.213327888790614 ], [ -75.997894122778575, 9.212078672094668 ], [ -75.999678718843171, 9.212881739742695 ], [ -76.001671517620494, 9.211662266567943 ], [ -76.003961748957053, 9.211632522952067 ], [ -76.005020257774788, 9.212155848622945 ], [ -76.0053295883244, 9.214225979841579 ], [ -76.00673347048604, 9.216605440149825 ], [ -76.007304541144194, 9.21698615457119 ], [ -76.010374045408824, 9.216938565029073 ], [ -76.011278240687687, 9.217914144119524 ], [ -76.012753506190322, 9.218294857891969 ], [ -76.013348371869441, 9.222577887860103 ], [ -76.012063463103317, 9.223862796972462 ], [ -76.011825516739222, 9.228359978010994 ], [ -76.010302662100941, 9.229692476251307 ], [ -76.010064715560176, 9.231548455888582 ], [ -76.007843726927788, 9.232651097837545 ], [ -76.007472530672786, 9.236962681179211 ], [ -76.006987120610987, 9.237962055223814 ], [ -76.007029951162153, 9.240603257042579 ], [ -76.003860509362866, 9.242459236576197 ], [ -76.003617803684577, 9.244315215815682 ], [ -76.002946796220996, 9.244957670329219 ], [ -76.002461385660737, 9.24709918481746 ], [ -76.000876665202313, 9.247984344625749 ], [ -75.99983446126538, 9.24961189632673 ], [ -75.998064142148849, 9.250939635742331 ], [ -75.998064142094705, 9.251767688095146 ], [ -75.999441850244082, 9.252560048636923 ], [ -76.000284178974027, 9.253745019776712 ], [ -75.99998436684966, 9.2542518450245 ], [ -75.998171217675832, 9.254458858605165 ], [ -75.996291443515162, 9.255809916408397 ], [ -75.996329515110205, 9.256666522424768 ], [ -75.997566834128605, 9.25758023524449 ], [ -75.997833334427028, 9.260606909300817 ], [ -75.995758443803339, 9.262415299567905 ], [ -75.994977980549294, 9.262491442525077 ], [ -75.994692445448081, 9.263595512943331 ], [ -75.993493197408952, 9.264604403869203 ], [ -75.993931018307293, 9.266507972934587 ], [ -75.991998895800478, 9.268884260994048 ], [ -75.991627699774313, 9.270645062630127 ], [ -75.988486811499257, 9.270464223371974 ], [ -75.98622870272763, 9.275879876866647 ], [ -75.987185245747412, 9.277364660250644 ], [ -75.986160174495836, 9.280802108911196 ], [ -75.98657420077808, 9.282486767840554 ], [ -75.983930617781837, 9.28305356846311 ], [ -75.984120973966625, 9.284624012625059 ], [ -75.983383341696836, 9.286265840556784 ], [ -75.978981338518054, 9.288645302004461 ], [ -75.977489416398939, 9.290370410416315 ], [ -75.974062992369596, 9.291322195266497 ], [ -75.973111208246465, 9.29313058565303 ], [ -75.970255855227691, 9.295414868491809 ], [ -75.967019788195998, 9.296557009517874 ], [ -75.967257733752817, 9.299650308339119 ], [ -75.965604008663462, 9.302170554822744 ], [ -75.965514778800369, 9.303806433703249 ], [ -75.962094304083365, 9.306423841172027 ], [ -75.961202005702489, 9.309160221440541 ], [ -75.960636883943152, 9.309665857145482 ], [ -75.957989733604308, 9.30954688344446 ], [ -75.95596719133421, 9.311004303795064 ], [ -75.954747717803841, 9.311212505951991 ], [ -75.9501375119047, 9.308922275262498 ], [ -75.945668884658872, 9.308965105339116 ], [ -75.944041332818685, 9.30966466734399 ], [ -75.943170450373145, 9.308394035246092 ], [ -75.942071139063572, 9.30869384720444 ], [ -75.940714846673515, 9.307994285069849 ], [ -75.940343650689883, 9.306566608426397 ], [ -75.938516224283418, 9.305981261571967 ], [ -75.937102824909076, 9.304453647527737 ] ] ] } },
{ "type": "Feature", "properties": { "FID_Cuenca": 0, "CODIGO": null, "AH": "1", "ZH": "13", "SZH": "1303", "COD_POMCA": "Arroyo San Jacinto", "POMCA": "1003-00-02", "NOM_NSS": "Arroyo San Jacinto", "COD_NSS": null, "NOMENCLAT": "Subcuenca Arroyo San Jacinto", "IND_COMPAC": 1.56, "FORM_IND_C": 1003.0, "IND_SIN": 1.37, "TIPO_DRENA": 1012.0, "DEN_CORRIE": 0.0, "DEN_DREN": 1.26, "TIEM_CONC": 225.05013903400001, "MET_T_CONC": "Metodologia Temez: Tc=0.3(L/(S^0.25))^0.75; Donde: L es la Longitud del cauce (km) y S es el porcentaje de pendiente del cauce.", "CAUD_MED": 17.22, "T_CORRIEN": "PERMANENTE", "TIPO_FUEN": 2212.0, "Q_TOTAL": 15.25, "Q_MAX": 83.4, "Q_MIN": 0.58, "Q_AMBIENTA": 2.37, "Q_DISPONIB": 9.07, "REND_HID": 61.22, "ESCORR": 251.12, "AREA_ha_": 9522.0983885099995, "OBSERV_": null, "SHAPE_Leng": 54481.861320999997, "SHAPE_Area": 95220983.885100007 }, "geometry": { "type": "Polygon", "coordinates": [ [ [ -75.933833445391073, 9.305181762860167 ], [ -75.937102824909076, 9.304453647527737 ], [ -75.938516224283418, 9.305981261571967 ], [ -75.940343650689883, 9.306566608426397 ], [ -75.940714846673515, 9.307994285069849 ], [ -75.942071139063572, 9.30869384720444 ], [ -75.943170450373145, 9.308394035246092 ], [ -75.944041332818685, 9.30966466734399 ], [ -75.945668884658872, 9.308965105339116 ], [ -75.9501375119047, 9.308922275262498 ], [ -75.954747717803841, 9.311212505951991 ], [ -75.95596719133421, 9.311004303795064 ], [ -75.957989733604308, 9.30954688344446 ], [ -75.960636883943152, 9.309665857145482 ], [ -75.961202005702489, 9.309160221440541 ], [ -75.962094304083365, 9.306423841172027 ], [ -75.965514778800369, 9.303806433703249 ], [ -75.965604008663462, 9.302170554822744 ], [ -75.967257733752817, 9.299650308339119 ], [ -75.967019788195998, 9.296557009517874 ], [ -75.971064871478291, 9.294891386394594 ], [ -75.973111208246465, 9.29313058565303 ], [ -75.974062992369596, 9.291322195266497 ], [ -75.977489416398939, 9.290370410416315 ], [ -75.978981338518054, 9.288645302004461 ], [ -75.982907449353661, 9.286741732666471 ], [ -75.983954411808369, 9.285385440290167 ], [ -75.983930617781837, 9.28305356846311 ], [ -75.98657420077808, 9.282486767840554 ], [ -75.989515214296247, 9.283914444360699 ], [ -75.990771569378438, 9.283800230346744 ], [ -75.992399120831493, 9.284813880297872 ], [ -75.993198620138557, 9.286227279694403 ], [ -75.994312207547537, 9.286698412989088 ], [ -75.997969438930099, 9.286388786249482 ], [ -75.999111580829904, 9.285103877053897 ], [ -76.000339382179774, 9.28611752717106 ], [ -76.001195988475402, 9.285874822539865 ], [ -76.003465993912513, 9.286345955939614 ], [ -76.003608761648493, 9.284104503139847 ], [ -76.005689005804584, 9.282687534368895 ], [ -76.006298147415961, 9.281507321489434 ], [ -76.006678861647018, 9.279660859633895 ], [ -76.006088755393492, 9.277890541210519 ], [ -76.006640789744353, 9.277433684766637 ], [ -76.008506287870688, 9.277376577670085 ], [ -76.011837532601149, 9.278575825706135 ], [ -76.013398459754654, 9.276691292446573 ], [ -76.015435277974362, 9.275739508380095 ], [ -76.015911170690643, 9.274197617262587 ], [ -76.017453060925803, 9.273245833031524 ], [ -76.017986060261848, 9.270828301181872 ], [ -76.019337594109814, 9.269019910659763 ], [ -76.024458193911244, 9.26669755624081 ], [ -76.02641887008302, 9.266583341927397 ], [ -76.030146296058945, 9.265016609995024 ], [ -76.030895825905347, 9.263303397604872 ], [ -76.03239488606367, 9.26226833287005 ], [ -76.033822563503819, 9.259948358111808 ], [ -76.036927759847913, 9.25698592913152 ], [ -76.038426820563544, 9.254380418913478 ], [ -76.039676036951604, 9.253987808090837 ], [ -76.043495072111227, 9.254951489762941 ], [ -76.047385490428439, 9.243280233837082 ], [ -76.048170713359667, 9.242423627920342 ], [ -76.051229850298753, 9.241154016742785 ], [ -76.052048754155294, 9.241586191634541 ], [ -76.052374591175806, 9.243801869689381 ], [ -76.05203927453789, 9.250396441155821 ], [ -76.052374591842906, 9.252184799376847 ], [ -76.053995291212175, 9.253917271025569 ], [ -76.052821680923159, 9.253973156854919 ], [ -76.052933453621819, 9.25542619801268 ], [ -76.054665925072896, 9.256096832728618 ], [ -76.053715860165283, 9.257605759482328 ], [ -76.054554152745993, 9.258276394161012 ], [ -76.053939404712054, 9.259785321827199 ], [ -76.054554152572848, 9.260400069746069 ], [ -76.053604087923986, 9.261573679943337 ], [ -76.053436429134692, 9.263753241455465 ], [ -76.052877567554575, 9.264133267387333 ], [ -76.052933453447494, 9.267486439094537 ], [ -76.054218836147214, 9.274025123915278 ], [ -76.054274722442997, 9.275757596029953 ], [ -76.05365997409244, 9.27765772633845 ], [ -76.054442380573846, 9.280899125509027 ], [ -76.05399529111979, 9.281960962795734 ], [ -76.054554153132173, 9.28257571121835 ], [ -76.054274722416906, 9.284475842095091 ], [ -76.05488947019623, 9.285202362069642 ], [ -76.054889470191569, 9.288019026304243 ], [ -76.053324656601703, 9.288410229570214 ], [ -76.05287756724654, 9.289024978113888 ], [ -76.053939404544039, 9.290645677251566 ], [ -76.052654022308062, 9.292210491491396 ], [ -76.052933453800463, 9.293719418728289 ], [ -76.054274721723061, 9.293551759512058 ], [ -76.054665925046905, 9.294110621384448 ], [ -76.054498266513747, 9.297128476264739 ], [ -76.053939404783506, 9.298134427259614 ], [ -76.051648070672229, 9.299922786037042 ], [ -76.051424526242428, 9.300928737616823 ], [ -76.049803826340309, 9.302214119700064 ], [ -76.049189078093534, 9.30338772977154 ], [ -76.049580281330421, 9.304114250645311 ], [ -76.050306802616888, 9.304002478340955 ], [ -76.05136864024017, 9.304673112713663 ], [ -76.05053034712634, 9.307221522428726 ], [ -76.049915598551806, 9.307780384315192 ], [ -76.049189078028917, 9.307500953556294 ], [ -76.048518444232826, 9.307892157464508 ], [ -76.048239012956117, 9.309959946226996 ], [ -76.04667420011171, 9.310910011614267 ], [ -76.045668248068637, 9.314095524903218 ], [ -76.043544572486084, 9.315269134870379 ], [ -76.042706280263516, 9.316498631355424 ], [ -76.042195939173254, 9.319721453592091 ], [ -76.042706279928581, 9.321751933075658 ], [ -76.039923895158609, 9.323320185266457 ], [ -76.038235384257348, 9.326111056529589 ], [ -76.0387499446867, 9.336511187532109 ], [ -76.04119735249688, 9.337064750329596 ], [ -76.042315076444254, 9.33935608446483 ], [ -76.0400237428628, 9.340585580442102 ], [ -76.038843427449123, 9.34025043125812 ], [ -76.039142206710196, 9.347651953940877 ], [ -76.024011082354022, 9.352396219574587 ], [ -76.013818384819913, 9.356622152924148 ], [ -75.994285000641156, 9.366516262274137 ], [ -75.980875948107041, 9.374692194447984 ], [ -75.976765214600263, 9.374354593456809 ], [ -75.976051375843127, 9.372926916918152 ], [ -75.970024862085069, 9.372456541352328 ], [ -75.970500754951786, 9.369030116815756 ], [ -75.968311650566804, 9.365556104388311 ], [ -75.965955984245099, 9.36412842762047 ], [ -75.965194556222642, 9.36227244781699 ], [ -75.963076835757676, 9.360440262939216 ], [ -75.959888358148746, 9.360725797893064 ], [ -75.959507645061024, 9.359512272997094 ], [ -75.960102509694636, 9.358132186230373 ], [ -75.959650412056476, 9.357085222769964 ], [ -75.95565133177135, 9.354853288734692 ], [ -75.95484231491902, 9.351950346002557 ], [ -75.950440312069006, 9.351450659248096 ], [ -75.950702052605038, 9.350237134186818 ], [ -75.951963166933567, 9.349428117458524 ], [ -75.955080260474801, 9.349570885392726 ], [ -75.958054586731421, 9.343360492120874 ], [ -75.95686485638889, 9.342313528823517 ], [ -75.956507937097285, 9.340957235856814 ], [ -75.954937492981244, 9.339957862991913 ], [ -75.954937493656104, 9.339553354331571 ], [ -75.956127223600191, 9.339101256790242 ], [ -75.955841688097948, 9.338339829026642 ], [ -75.953938119636021, 9.336460054921607 ], [ -75.95253423794567, 9.336698000913131 ], [ -75.95205834499221, 9.335532065165268 ], [ -75.950440311740735, 9.33543688676578 ], [ -75.949750268019699, 9.334175772842681 ], [ -75.950130981791744, 9.329892742489653 ], [ -75.952412409357791, 9.328877188648057 ], [ -75.950223304763952, 9.327592280057198 ], [ -75.951127500048642, 9.326711878707185 ], [ -75.951175089400905, 9.32542697005486 ], [ -75.948771833967143, 9.318931041684069 ], [ -75.947439335274524, 9.320239744825624 ], [ -75.94425085823346, 9.320406307024653 ], [ -75.942394878649338, 9.319311755561678 ], [ -75.941414540215689, 9.317715930524557 ], [ -75.938273652324582, 9.316954502535054 ], [ -75.932848480914259, 9.314575041960522 ], [ -75.933847854204686, 9.312052812591013 ], [ -75.931658750128932, 9.306484874258601 ], [ -75.933833445391073, 9.305181762860167 ] ] ] } },
{ "type": "Feature", "properties": { "FID_Cuenca": 0, "CODIGO": null, "AH": "1", "ZH": "13", "SZH": "1303", "COD_POMCA": "Quebrada Florisanto", "POMCA": "1003-00-16", "NOM_NSS": "Quebrada Florisanto", "COD_NSS": null, "NOMENCLAT": "Subcuenca Quebrada Florisanto", "IND_COMPAC": 2.03, "FORM_IND_C": 1003.0, "IND_SIN": 1.62, "TIPO_DRENA": 1013.0, "DEN_CORRIE": 0.0, "DEN_DREN": 2.18, "TIEM_CONC": 270.096207779, "MET_T_CONC": "Metodologia Temez: Tc=0.3(L/(S^0.25))^0.75; Donde: L es la Longitud del cauce (km) y S es el porcentaje de pendiente del cauce.", "CAUD_MED": 3.94, "T_CORRIEN": "PERMANENTE", "TIPO_FUEN": 2211.0, "Q_TOTAL": 24.78, "Q_MAX": 110.43, "Q_MIN": 3.55, "Q_AMBIENTA": 4.68, "Q_DISPONIB": 13.91, "REND_HID": 13.7, "ESCORR": 278.53, "AREA_ha_": 28749.7381986, "OBSERV_": null, "SHAPE_Leng": 122909.48786, "SHAPE_Area": 287497381.986 }, "geometry": { "type": "Polygon", "coordinates": [ [ [ -76.122971607008807, 8.68845682141427 ], [ -76.121226933910549, 8.687960229070862 ], [ -76.120093633757875, 8.686330994402466 ], [ -76.116680451009771, 8.684457940674656 ], [ -76.114375068718928, 8.684685439430108 ], [ -76.114091990568483, 8.683431773812984 ], [ -76.111501416332615, 8.682011112446293 ], [ -76.111247824310496, 8.679537965945002 ], [ -76.109376785479171, 8.677874362086468 ], [ -76.106251602139423, 8.67858508262403 ], [ -76.104742100887719, 8.677128724937583 ], [ -76.100872034795799, 8.677926291331012 ], [ -76.097022868945317, 8.677020238088209 ], [ -76.094460340579687, 8.675210775139764 ], [ -76.092423447052226, 8.670589267602937 ], [ -76.092987691024518, 8.669390865807218 ], [ -76.095440133747317, 8.667465237358124 ], [ -76.097537593967587, 8.666557584066501 ], [ -76.098403253934407, 8.665566782731256 ], [ -76.09770995591461, 8.662975908810131 ], [ -76.098634612134973, 8.660661467238672 ], [ -76.096185559646003, 8.655553221994554 ], [ -76.094640254225069, 8.655016263124567 ], [ -76.094349204647401, 8.654501374310538 ], [ -76.091991536555994, 8.654114328758501 ], [ -76.092082295300614, 8.653109693688604 ], [ -76.093540050303631, 8.651643595594841 ], [ -76.091685949944832, 8.65086437995058 ], [ -76.090497435551399, 8.648742775533929 ], [ -76.087889772157666, 8.647814485011219 ], [ -76.087286255792293, 8.646364012631016 ], [ -76.087392143962305, 8.644584658231118 ], [ -76.086394179869401, 8.644183448905348 ], [ -76.086315584928329, 8.642952568331239 ], [ -76.085399686739791, 8.642395519188705 ], [ -76.082865882862592, 8.642552247268165 ], [ -76.080676258125351, 8.641918171398993 ], [ -76.078244378112544, 8.64318011310144 ], [ -76.075403637226898, 8.642083186872826 ], [ -76.072706485856045, 8.643161187751549 ], [ -76.069350354600104, 8.642282077453688 ], [ -76.064646052440139, 8.643235553668188 ], [ -76.062565305626777, 8.642081143548273 ], [ -76.059977752275728, 8.643292982112982 ], [ -76.057643672294944, 8.64259974290063 ], [ -76.056826892544507, 8.644533621122861 ], [ -76.055233338807099, 8.644867018081788 ], [ -76.054870654722848, 8.64534707223592 ], [ -76.054894264066505, 8.646188548132926 ], [ -76.055937232512122, 8.647158647427615 ], [ -76.055465016056388, 8.648748647102078 ], [ -76.051397455460219, 8.651855512464808 ], [ -76.050322213683117, 8.652071458636234 ], [ -76.049857739676995, 8.651461780294236 ], [ -76.048761685250284, 8.651371792982225 ], [ -76.046593069840469, 8.652014160835515 ], [ -76.045416056843607, 8.651140359515685 ], [ -76.04397353885841, 8.650956502671091 ], [ -76.0417746028468, 8.653167445097672 ], [ -76.041044918519148, 8.653305082899546 ], [ -76.038307686391335, 8.651788930871358 ], [ -76.036173918503522, 8.65174247836995 ], [ -76.034219744157227, 8.653396131593855 ], [ -76.032676508274463, 8.655875461896608 ], [ -76.031125031395121, 8.65693062012069 ], [ -76.03228840205422, 8.659583392588582 ], [ -76.033827543008712, 8.658929966843898 ], [ -76.034320047718637, 8.659386504787898 ], [ -76.034892274022283, 8.661320228610652 ], [ -76.034385032209244, 8.664751418921577 ], [ -76.03372955941424, 8.665770921781144 ], [ -76.031028735948965, 8.66620315608489 ], [ -76.029025607165138, 8.667976711103105 ], [ -76.028462219393447, 8.669384265969926 ], [ -76.028325931659097, 8.672074766253308 ], [ -76.026926486749531, 8.673038290721204 ], [ -76.027086771830014, 8.674299887813859 ], [ -76.026503074870533, 8.67480018508091 ], [ -76.024864614001089, 8.674411174596798 ], [ -76.024160128272754, 8.67292042977858 ], [ -76.022233714660459, 8.672105373900044 ], [ -76.021799714179508, 8.669477543496225 ], [ -76.021161280273731, 8.669146061579946 ], [ -76.018380661567448, 8.670427408490987 ], [ -76.017164116301061, 8.672155076725975 ], [ -76.014272715743047, 8.672925898171638 ], [ -76.012421882182181, 8.672791826940765 ], [ -76.012623098575119, 8.674548161753721 ], [ -76.011965712363576, 8.675209007786458 ], [ -76.010665906756131, 8.674761312548014 ], [ -76.010551978880159, 8.671943743318803 ], [ -76.009568477966326, 8.671324680980968 ], [ -76.006063413499689, 8.673231746316796 ], [ -76.004127881649424, 8.672509884131028 ], [ -76.002704601765373, 8.673291740313621 ], [ -76.001990572386489, 8.674629503972207 ], [ -76.000527727519625, 8.675332133870166 ], [ -76.000336209956259, 8.674648568870037 ], [ -75.998032891316669, 8.672922071591863 ], [ -75.996997825560157, 8.671458702496576 ], [ -75.99517753856307, 8.670530712808768 ], [ -75.994820619400855, 8.669709799005016 ], [ -75.995677224822572, 8.663285254582911 ], [ -75.99471354292595, 8.661286507040119 ], [ -75.991322811597499, 8.660858204236282 ], [ -75.988431766028427, 8.661536350249017 ], [ -75.987004090106524, 8.660929588366708 ], [ -75.985897640035986, 8.659180684437281 ], [ -75.983720433161707, 8.659466219562368 ], [ -75.982899519290953, 8.658502537994295 ], [ -75.982471216431321, 8.657503164277896 ], [ -75.982578292647148, 8.655147497976403 ], [ -75.981471842640119, 8.652898906913958 ], [ -75.980044165864371, 8.651863841490959 ], [ -75.979972782834466, 8.650864467838984 ], [ -75.981614610758925, 8.647973422984354 ], [ -75.983756125230371, 8.646367286646402 ], [ -75.984255812445767, 8.644047312029114 ], [ -75.985290878200615, 8.642441176295771 ], [ -75.984577039575356, 8.639978433845322 ], [ -75.98703978161825, 8.635873863673615 ], [ -75.988503150573536, 8.634017884094419 ], [ -75.990608973074629, 8.633482505579897 ], [ -75.9918224978979, 8.631126839163102 ], [ -75.993464326033731, 8.630805611805075 ], [ -75.993673718573532, 8.630295216951202 ], [ -75.992341220605553, 8.628510621798636 ], [ -75.992300769450367, 8.627382756707322 ], [ -75.990801709174349, 8.626611811515749 ], [ -75.989288371825126, 8.624199037912039 ], [ -75.984991066023795, 8.621200916844968 ], [ -75.982285618398251, 8.62177198802121 ], [ -75.980686620384802, 8.618988018859723 ], [ -75.977831267370661, 8.617032101847071 ], [ -75.97467610211676, 8.616718012500433 ], [ -75.973876603501338, 8.615461657006438 ], [ -75.976674849628765, 8.611735421161569 ], [ -75.976831893663842, 8.60965101379908 ], [ -75.977545732047318, 8.60829472045525 ], [ -75.97742497473881, 8.605661727868803 ], [ -75.97807218785789, 8.602311447132706 ], [ -75.980432613725242, 8.601492912851629 ], [ -75.983371247847671, 8.597896381604027 ], [ -75.983180890998582, 8.596087990910926 ], [ -75.98089660814513, 8.595397947537029 ], [ -75.980158975173865, 8.594565136744709 ], [ -75.981229732900914, 8.5921856751312 ], [ -75.98369842316643, 8.589691206720756 ], [ -75.982800653288635, 8.58821570318999 ], [ -75.98295293805198, 8.587225847671355 ], [ -75.985941541494356, 8.585531671204784 ], [ -75.986512611672708, 8.583951708900386 ], [ -75.988892072875373, 8.583018960367523 ], [ -75.98910146565683, 8.582048140055042 ], [ -75.988016431222803, 8.580011321980889 ], [ -75.988796894406676, 8.578716894938763 ], [ -75.990281678250014, 8.577593789102037 ], [ -75.990148428783044, 8.575252399894447 ], [ -75.992583473989612, 8.575216802664892 ], [ -75.994820166596142, 8.572789752428324 ], [ -75.994415658537818, 8.569268150045987 ], [ -75.993202133599496, 8.568363955691385 ], [ -75.993225928050151, 8.566650743505164 ], [ -75.991703072753694, 8.566603153752407 ], [ -75.991941018985401, 8.565746547838177 ], [ -75.993987355347855, 8.563724006143543 ], [ -75.994843961741481, 8.561059010336816 ], [ -75.994606015511025, 8.56010722514665 ], [ -75.991822046198877, 8.559131646945282 ], [ -75.989057112100369, 8.557164625162839 ], [ -75.986939392498854, 8.55678391213144 ], [ -75.985940018146053, 8.554499628936567 ], [ -75.9843743335596, 8.553145715698362 ], [ -75.983479655581235, 8.551013718970871 ], [ -75.985173832137448, 8.548044151666142 ], [ -75.987172579153381, 8.547111403049346 ], [ -75.989609147200952, 8.543380407436445 ], [ -75.990440471525574, 8.539727340120479 ], [ -75.992967459060395, 8.537957021702184 ], [ -75.990283427543602, 8.532089270695733 ], [ -75.991097203194769, 8.529091149992169 ], [ -75.993395762195732, 8.528491525225597 ], [ -75.993866895361549, 8.525407743722944 ], [ -75.992524879141641, 8.522166918400343 ], [ -75.99018348991396, 8.520610750856882 ], [ -75.990860743706691, 8.517683121445753 ], [ -75.990717976330259, 8.516897898749056 ], [ -75.989325991619651, 8.515398838716958 ], [ -75.989468758889032, 8.513293015338272 ], [ -75.990539516672172, 8.51154411218698 ], [ -75.992252728167841, 8.511544111885627 ], [ -75.99314502676971, 8.510616122303203 ], [ -75.9926453393213, 8.506868470772694 ], [ -75.993145026044076, 8.503906042310073 ], [ -75.993787480669241, 8.503477739310037 ], [ -75.994394243914797, 8.500979305065803 ], [ -75.996000379493381, 8.500015623001211 ], [ -75.996571450401959, 8.499123325352732 ], [ -75.996357298510347, 8.497802724762474 ], [ -75.995465000790347, 8.497017502843653 ], [ -75.995572076557423, 8.495232907107045 ], [ -75.998106202320002, 8.495090139205336 ], [ -75.999176960010814, 8.494376301026781 ], [ -76.00104146575913, 8.489352366535556 ], [ -76.00092249269764, 8.486824189204306 ], [ -76.002379912757505, 8.485009850234253 ], [ -76.006321190386288, 8.483553038200764 ], [ -76.008854633640837, 8.487807544998741 ], [ -76.01086385251449, 8.487379161883434 ], [ -76.011075783477068, 8.487736757925793 ], [ -76.010301406085091, 8.488965977483101 ], [ -76.010694055318567, 8.489442225482676 ], [ -76.011447240931446, 8.489976459110435 ], [ -76.014780027459508, 8.490079452854037 ], [ -76.01716569243321, 8.492876976584387 ], [ -76.018669990379365, 8.493527000213614 ], [ -76.023175226128842, 8.493952827610768 ], [ -76.025896726444728, 8.493658215633307 ], [ -76.03063329028754, 8.495706707748312 ], [ -76.034493215490031, 8.494677891301787 ], [ -76.038993171496756, 8.495557913210023 ], [ -76.042490199991647, 8.495607229595905 ], [ -76.044587226477731, 8.498340964691881 ], [ -76.045002202129226, 8.499653880572207 ], [ -76.044797521217447, 8.501902392052298 ], [ -76.045257364512793, 8.5025934381082 ], [ -76.048167096176385, 8.503319899976571 ], [ -76.050775270839651, 8.506127970977595 ], [ -76.054842598041148, 8.507953095102 ], [ -76.056049610428872, 8.50915436904949 ], [ -76.057024047749564, 8.509209166714127 ], [ -76.058458794735628, 8.508126255004495 ], [ -76.060899172180157, 8.508508008688297 ], [ -76.066150820846516, 8.506951007283368 ], [ -76.066938476292592, 8.506002572843602 ], [ -76.067219572836819, 8.504626365833456 ], [ -76.066437741800257, 8.501465406175901 ], [ -76.066770261965047, 8.500746436257733 ], [ -76.067619880096942, 8.500407561901003 ], [ -76.06848875086655, 8.501287571038279 ], [ -76.070341230034586, 8.501911676675483 ], [ -76.07220026472514, 8.501196822518367 ], [ -76.074755094104006, 8.500920735547172 ], [ -76.076337539144646, 8.501554608538974 ], [ -76.078314287370546, 8.500677768474805 ], [ -76.079513631194231, 8.500671600696238 ], [ -76.083332765065052, 8.501937033152112 ], [ -76.084896705623933, 8.503532668753618 ], [ -76.085060735268598, 8.504593371312218 ], [ -76.083930906139216, 8.506234560515523 ], [ -76.085775079892727, 8.508663720433201 ], [ -76.087470630626697, 8.50828071062066 ], [ -76.091239939525963, 8.50573884275301 ], [ -76.091450209208503, 8.504614046447946 ], [ -76.090702381662155, 8.501677148263759 ], [ -76.092886857210019, 8.49919129429856 ], [ -76.093869323425821, 8.499054724069627 ], [ -76.094788087936124, 8.500233440960208 ], [ -76.095726744907282, 8.500623067392418 ], [ -76.096695551641929, 8.502184055505218 ], [ -76.10149221439876, 8.502263121660661 ], [ -76.102226251490109, 8.50210150681859 ], [ -76.104745331529799, 8.498973033619707 ], [ -76.107780638522186, 8.497818151465362 ], [ -76.108088931452798, 8.497075381636737 ], [ -76.107796036339892, 8.496180342576864 ], [ -76.110049834758499, 8.495487194228609 ], [ -76.110241293006538, 8.490800143898273 ], [ -76.11235229592684, 8.48914422682798 ], [ -76.114034334319328, 8.487055412119037 ], [ -76.113979035218748, 8.483397719456123 ], [ -76.114369406429347, 8.482283941130015 ], [ -76.115194479512184, 8.481634104728881 ], [ -76.117211111405354, 8.48180289148511 ], [ -76.119961560192451, 8.484227143020407 ], [ -76.125931527862051, 8.482923511438312 ], [ -76.127229253692249, 8.483203493495061 ], [ -76.12966377241726, 8.484912076354693 ], [ -76.130890321378018, 8.484977328098429 ], [ -76.131535642458857, 8.484400133085309 ], [ -76.132197983870071, 8.482507902398256 ], [ -76.133823656155954, 8.481136572373151 ], [ -76.13434602700876, 8.47776277678291 ], [ -76.135143856278304, 8.476515350153628 ], [ -76.136171151268144, 8.475529747379007 ], [ -76.138442537673939, 8.475912196969785 ], [ -76.13969778328989, 8.475300916818318 ], [ -76.13860981551943, 8.476823882631441 ], [ -76.138927418711162, 8.478967951107487 ], [ -76.138098613958931, 8.481159914469162 ], [ -76.139006700656452, 8.482577643205646 ], [ -76.139735228119392, 8.486841210760344 ], [ -76.14182018054484, 8.488733249498267 ], [ -76.141736545585502, 8.491057547337212 ], [ -76.143860569283902, 8.493064117976292 ], [ -76.144570187194034, 8.497320744806897 ], [ -76.144336140250232, 8.498460005435442 ], [ -76.146828523570321, 8.503224037426142 ], [ -76.146610135502669, 8.505042198922538 ], [ -76.147399280034037, 8.506651781771547 ], [ -76.146782147184595, 8.508005861335977 ], [ -76.147158615600347, 8.508792816914337 ], [ -76.14837342574215, 8.509168874042146 ], [ -76.148887829847482, 8.511042900410979 ], [ -76.147416426225817, 8.51207877630512 ], [ -76.147411935247632, 8.513477410752467 ], [ -76.148925619370303, 8.51583622122835 ], [ -76.148955280818043, 8.517314775433679 ], [ -76.154884653814477, 8.51950174876271 ], [ -76.157800717655817, 8.522259432508216 ], [ -76.16015269918293, 8.530330551937565 ], [ -76.158400920425336, 8.532372107033488 ], [ -76.157504366087622, 8.53445688727102 ], [ -76.15459864026046, 8.533277079942874 ], [ -76.151413083661197, 8.534001802536068 ], [ -76.148741006553138, 8.533748319492265 ], [ -76.147611923737344, 8.534588733654372 ], [ -76.146188134866577, 8.534223371127316 ], [ -76.143288937598001, 8.534611793816543 ], [ -76.1423371651548, 8.536271291846063 ], [ -76.140297666489047, 8.537534927311617 ], [ -76.13845336151654, 8.541159624433341 ], [ -76.13671971677627, 8.540346409463201 ], [ -76.135315660806071, 8.54052989266928 ], [ -76.132327856124036, 8.539634854214404 ], [ -76.1312972400098, 8.539026479028443 ], [ -76.130822808977129, 8.537888578111373 ], [ -76.128879231920592, 8.5368875581502 ], [ -76.12728494504799, 8.537878617737604 ], [ -76.126517492017399, 8.539662836279216 ], [ -76.124869443073763, 8.540484426739379 ], [ -76.122974838237312, 8.540742122584149 ], [ -76.12165794343413, 8.542413084984318 ], [ -76.118947959830024, 8.542274365471606 ], [ -76.118434268076186, 8.54323340219252 ], [ -76.119512722836902, 8.544519208731616 ], [ -76.118808823246681, 8.54584265507634 ], [ -76.119808330939577, 8.547711789638459 ], [ -76.118199826292923, 8.549835674518222 ], [ -76.118404423766805, 8.553076553157149 ], [ -76.113446661763703, 8.553026169526612 ], [ -76.113000146469645, 8.5539752884326 ], [ -76.111087718441539, 8.555235753824823 ], [ -76.107693164673393, 8.556018655337764 ], [ -76.107571387275698, 8.557967828960461 ], [ -76.105564787613361, 8.558915568581092 ], [ -76.103348640990006, 8.556804117914655 ], [ -76.101993308248097, 8.55668210947251 ], [ -76.100771599368301, 8.560030910408095 ], [ -76.102116209594897, 8.562437254399518 ], [ -76.103156056365862, 8.562852593434672 ], [ -76.103316052206637, 8.564037613622082 ], [ -76.100570694419574, 8.564511040674251 ], [ -76.099712371012416, 8.565720522464927 ], [ -76.098905526513121, 8.565762999325246 ], [ -76.09797924966044, 8.565021898970775 ], [ -76.097288808733495, 8.56527415770201 ], [ -76.097428161656552, 8.566191516485141 ], [ -76.096531291689274, 8.567382068702896 ], [ -76.097175860680863, 8.568995871262942 ], [ -76.095804902127753, 8.571384330642868 ], [ -76.096885918173228, 8.574132939785249 ], [ -76.095936399877331, 8.574453498877697 ], [ -76.095976467597666, 8.575673223144658 ], [ -76.0938072772298, 8.578835712367088 ], [ -76.090541076001529, 8.57713135130078 ], [ -76.088547990489261, 8.579078344779431 ], [ -76.086734470332232, 8.582286774250495 ], [ -76.085214232387941, 8.583714869258408 ], [ -76.085771330871225, 8.585505117929674 ], [ -76.08495412299564, 8.586327051005545 ], [ -76.085453513608883, 8.587572880965549 ], [ -76.084764203611769, 8.588049863895492 ], [ -76.084440710562589, 8.589572140841176 ], [ -76.084840642450033, 8.590684848868277 ], [ -76.088043022924708, 8.591224821649545 ], [ -76.087999812393235, 8.589862255165542 ], [ -76.089302335977592, 8.588600252725543 ], [ -76.090239147694675, 8.588595360312821 ], [ -76.090032036801432, 8.590317861834878 ], [ -76.09045004096005, 8.592144685980438 ], [ -76.088424771774427, 8.593922111849526 ], [ -76.091811988295092, 8.596450672592947 ], [ -76.090547399888166, 8.597164981314759 ], [ -76.090658937843415, 8.600090808494604 ], [ -76.092381099490268, 8.602319636310707 ], [ -76.094791766563546, 8.603913656527803 ], [ -76.095933899973687, 8.605476062703012 ], [ -76.097355989552568, 8.605468596384533 ], [ -76.097614944902418, 8.607188646916757 ], [ -76.098617400956016, 8.60777630884323 ], [ -76.098700362021262, 8.608923478402005 ], [ -76.100244337998774, 8.608886189550132 ], [ -76.10242476996325, 8.610990604601442 ], [ -76.102271114688477, 8.613453681116257 ], [ -76.102596940688585, 8.613738865137746 ], [ -76.103672402713045, 8.612693180295917 ], [ -76.109580877258807, 8.612482668207914 ], [ -76.112580477782686, 8.614573112128307 ], [ -76.114908068633952, 8.614981560612582 ], [ -76.116187661048968, 8.613482899506014 ], [ -76.120059550842953, 8.611587937423854 ], [ -76.125025946408186, 8.60595745414704 ], [ -76.128347413141441, 8.605365962244132 ], [ -76.130367365445679, 8.605756839884027 ], [ -76.133689934747068, 8.600031479865855 ], [ -76.134725025954367, 8.600432383231565 ], [ -76.135349757504898, 8.602688343096716 ], [ -76.138243978771811, 8.604836515266193 ], [ -76.142611839558455, 8.606295372825745 ], [ -76.144095754613019, 8.60750669953307 ], [ -76.146281486354482, 8.607459083033245 ], [ -76.147849684008193, 8.608705798965707 ], [ -76.150555387009987, 8.609300864899016 ], [ -76.151979419170928, 8.61031975098437 ], [ -76.151629560908333, 8.61201914498651 ], [ -76.150443138314415, 8.6137414237829 ], [ -76.151970027551229, 8.618858991237778 ], [ -76.151487011610783, 8.621912221714544 ], [ -76.150726671814724, 8.623148163945602 ], [ -76.150112976489439, 8.623349315528078 ], [ -76.151161658483332, 8.623922225294351 ], [ -76.151166474176591, 8.62475397926597 ], [ -76.150564476127968, 8.62550647768251 ], [ -76.148624702273679, 8.626376030855791 ], [ -76.146116374545088, 8.625857643490438 ], [ -76.144911728666401, 8.628488860027266 ], [ -76.146509349779052, 8.630708448858766 ], [ -76.147711510963759, 8.631184286893943 ], [ -76.148247737440087, 8.63230566449471 ], [ -76.148605235165505, 8.636186347070391 ], [ -76.148134867722305, 8.640210167737944 ], [ -76.147132805362304, 8.64148269228901 ], [ -76.145275625953204, 8.642341448677172 ], [ -76.144466351186992, 8.644751936573915 ], [ -76.141501051695897, 8.649158335804286 ], [ -76.139594858751991, 8.649967419845163 ], [ -76.137855615387025, 8.652352272782286 ], [ -76.134375994882163, 8.654760531176196 ], [ -76.135551207542122, 8.657440533692371 ], [ -76.134983694119342, 8.660483201586116 ], [ -76.135676783562488, 8.66202152802177 ], [ -76.13537154780181, 8.663326151222858 ], [ -76.137395848289813, 8.666662341724926 ], [ -76.137570184056258, 8.668470197832651 ], [ -76.135390233354329, 8.668968308896178 ], [ -76.133344579319939, 8.668333815195775 ], [ -76.132436169533023, 8.669175482071877 ], [ -76.131939570062855, 8.672848019643515 ], [ -76.13063412974347, 8.675550568805082 ], [ -76.130829672114729, 8.678615803254363 ], [ -76.129502676457008, 8.680580514589495 ], [ -76.128611633484056, 8.686063110714807 ], [ -76.127047196558465, 8.690125789115257 ], [ -76.126378993967151, 8.690966171359584 ], [ -76.125547338682438, 8.691001886978711 ], [ -76.123435568736269, 8.689829041417907 ], [ -76.122971607008807, 8.68845682141427 ] ] ] } },
{ "type": "Feature", "properties": { "FID_Cuenca": 0, "CODIGO": null, "AH": "1", "ZH": "13", "SZH": "1303", "COD_POMCA": "San Carlos 1", "POMCA": "1003-00-56", "NOM_NSS": "San Carlos 1", "COD_NSS": null, "NOMENCLAT": "Subcuenca San Carlos 1", "IND_COMPAC": 1.43, "FORM_IND_C": 1002.0, "IND_SIN": 1.42, "TIPO_DRENA": 1012.0, "DEN_CORRIE": 0.0, "DEN_DREN": 2.14, "TIEM_CONC": 110.002917143, "MET_T_CONC": "Metodologia Temez: Tc=0.3(L/(S^0.25))^0.75; Donde: L es la Longitud del cauce (km) y S es el porcentaje de pendiente del cauce.", "CAUD_MED": 11.51, "T_CORRIEN": "PERMANENTE", "TIPO_FUEN": 2211.0, "Q_TOTAL": 2.25, "Q_MAX": 13.19, "Q_MIN": 0.02, "Q_AMBIENTA": 0.17, "Q_DISPONIB": 1.52, "REND_HID": 185.08, "ESCORR": 276.79, "AREA_ha_": 6218.9663992899996, "OBSERV_": null, "SHAPE_Leng": 40383.868444799999, "SHAPE_Area": 62189663.992899999 }, "geometry": { "type": "Polygon", "coordinates": [ [ [ -75.872404190436527, 8.744778165584533 ], [ -75.872092750273623, 8.74247817505745 ], [ -75.870763752402297, 8.740990009694707 ], [ -75.869321308956671, 8.740907167208018 ], [ -75.868004171973354, 8.741899740093928 ], [ -75.867010358768084, 8.741396318739836 ], [ -75.866673336162748, 8.740023004793573 ], [ -75.867809222215669, 8.738822069538704 ], [ -75.867920829984769, 8.7370281874013 ], [ -75.866858538036169, 8.734761619724514 ], [ -75.868594383279529, 8.733378517588996 ], [ -75.868739740437732, 8.732361596196709 ], [ -75.866571637514042, 8.731295817966894 ], [ -75.866352946457511, 8.729533381945672 ], [ -75.865539559640581, 8.729058987995499 ], [ -75.865293396804987, 8.72783468715031 ], [ -75.863995093394649, 8.72646589422966 ], [ -75.863655975144837, 8.724644241482965 ], [ -75.863591346795474, 8.723688086465035 ], [ -75.864970089543803, 8.723024031784417 ], [ -75.86607575891496, 8.721793361847659 ], [ -75.867066810762637, 8.721728912929427 ], [ -75.868558863831822, 8.719629629274239 ], [ -75.867289807125346, 8.716111032303166 ], [ -75.865711496375155, 8.714726818759631 ], [ -75.864865163672178, 8.712621809781746 ], [ -75.863734615938597, 8.711393292737416 ], [ -75.860240239809428, 8.710362374322786 ], [ -75.858774114943557, 8.711344838164777 ], [ -75.857514902627258, 8.710346452144405 ], [ -75.857433512012861, 8.708381302398957 ], [ -75.855594167475701, 8.706668275276078 ], [ -75.856452120943985, 8.703617927274038 ], [ -75.854882324584096, 8.701981342538934 ], [ -75.855258024416131, 8.69884119029081 ], [ -75.852902039665992, 8.696102350067656 ], [ -75.853583212946432, 8.694036795276432 ], [ -75.852677836242407, 8.693144329853787 ], [ -75.850798167418944, 8.68947666797739 ], [ -75.846830040941072, 8.688837543972202 ], [ -75.843434520227035, 8.686997946277703 ], [ -75.843284072232748, 8.685659584336671 ], [ -75.844856865918374, 8.682830709815537 ], [ -75.844410448160374, 8.679867721172011 ], [ -75.841552351007905, 8.675050768042261 ], [ -75.837563187910689, 8.67502136289087 ], [ -75.837202946319408, 8.673839711177543 ], [ -75.838367665188187, 8.672131815913108 ], [ -75.841948622683418, 8.67326304825381 ], [ -75.846244127276762, 8.672088370101331 ], [ -75.847125311050206, 8.670312288273601 ], [ -75.849611401504589, 8.669175951248988 ], [ -75.850290263404318, 8.666360785090699 ], [ -75.855175738939835, 8.662837417018252 ], [ -75.857193472736611, 8.660230075973418 ], [ -75.859493192337951, 8.658727279206929 ], [ -75.860357165670735, 8.655437800020811 ], [ -75.859271682960056, 8.653934514767668 ], [ -75.858730921764078, 8.651354579215287 ], [ -75.859969582038488, 8.649053297997902 ], [ -75.861169623317025, 8.648760768032206 ], [ -75.866181881322703, 8.649578266541139 ], [ -75.867680794387638, 8.64897347037286 ], [ -75.872875652518658, 8.648710022913217 ], [ -75.874731276191696, 8.647326408158973 ], [ -75.878036905271344, 8.647699434511328 ], [ -75.881457552372126, 8.646995878566637 ], [ -75.88404633850817, 8.648209124486298 ], [ -75.884936008099814, 8.652120397162589 ], [ -75.886083458815563, 8.653400205062239 ], [ -75.886985071650756, 8.653515497746753 ], [ -75.888692191135434, 8.652491192071158 ], [ -75.891691641472136, 8.65164008849192 ], [ -75.895744428118405, 8.651232295534648 ], [ -75.897097266439928, 8.651494864075053 ], [ -75.899363210784941, 8.654263747019895 ], [ -75.9018342486265, 8.65595563279064 ], [ -75.90535790077908, 8.655547995110185 ], [ -75.907758337670302, 8.661268417514117 ], [ -75.907946353978502, 8.662881508807676 ], [ -75.909246399612798, 8.664638712469108 ], [ -75.909920784474849, 8.667445014414074 ], [ -75.911367991928145, 8.668573837151692 ], [ -75.912036603577121, 8.670184612569587 ], [ -75.912114226985366, 8.673800764949824 ], [ -75.913443292568871, 8.675102669725652 ], [ -75.913907117476754, 8.678066213545547 ], [ -75.913227760555642, 8.680430682856812 ], [ -75.913584035898523, 8.685749138595501 ], [ -75.914385238164698, 8.686695735369289 ], [ -75.915361560392668, 8.689799439001469 ], [ -75.917951750257672, 8.691221585048428 ], [ -75.921412983513775, 8.691274823669119 ], [ -75.922372182628379, 8.692216409040736 ], [ -75.923013496355281, 8.694365269633243 ], [ -75.924709940481563, 8.697286107249473 ], [ -75.924748475367821, 8.699019447359809 ], [ -75.926801453181525, 8.701131551567052 ], [ -75.927392618714649, 8.704435574814198 ], [ -75.924771457851179, 8.707991880846079 ], [ -75.923328206872611, 8.707711961014459 ], [ -75.922191046475717, 8.705601487577974 ], [ -75.920411283069697, 8.70530405750384 ], [ -75.91958645413537, 8.705681061612344 ], [ -75.919416709061295, 8.706351385713846 ], [ -75.920627303683986, 8.709719219951102 ], [ -75.919685852587648, 8.713580889799019 ], [ -75.916568466669375, 8.712993438276683 ], [ -75.915655112031473, 8.711979255798516 ], [ -75.912655118483272, 8.711807249379524 ], [ -75.912065701581639, 8.712168758166166 ], [ -75.911533178058733, 8.7159538377964 ], [ -75.908084712093356, 8.720781536474957 ], [ -75.905727775394539, 8.727826652526543 ], [ -75.905814192275514, 8.73076727966 ], [ -75.906504629885916, 8.733375022757693 ], [ -75.90621896471599, 8.733935915927187 ], [ -75.904175954716692, 8.734591180990062 ], [ -75.903602590955785, 8.735296925584535 ], [ -75.903322924494631, 8.737091594091199 ], [ -75.901436821616244, 8.740658628548099 ], [ -75.899330402587651, 8.740439217937805 ], [ -75.896697059652666, 8.74158525522056 ], [ -75.8940762671795, 8.739879025350659 ], [ -75.892420492857767, 8.735439497923347 ], [ -75.891408104075623, 8.734822655088882 ], [ -75.890206228369053, 8.734780581558166 ], [ -75.888145397438151, 8.736033809654428 ], [ -75.883764778324391, 8.744662740275784 ], [ -75.881121307392391, 8.744723162776053 ], [ -75.880021968244463, 8.746019604168648 ], [ -75.874739829536679, 8.749470703905692 ], [ -75.873018638529558, 8.747614722009079 ], [ -75.873131933609599, 8.746179505493863 ], [ -75.872404190436527, 8.744778165584533 ] ] ] } },
{ "type": "Feature", "properties": { "FID_Cuenca": 0, "CODIGO": null, "AH": "1", "ZH": "13", "SZH": "1302", "COD_POMCA": "Quebrada El Chispero", "POMCA": "1003-00-55", "NOM_NSS": "Quebrada El Chispero", "COD_NSS": null, "NOMENCLAT": "Subcuenca Quebrada El Chispero", "IND_COMPAC": 2.63, "FORM_IND_C": 1003.0, "IND_SIN": 2.21, "TIPO_DRENA": 1015.0, "DEN_CORRIE": 0.0, "DEN_DREN": 2.11, "TIEM_CONC": 226.87150163300001, "MET_T_CONC": "Metodologia Temez: Tc=0.3(L/(S^0.25))^0.75; Donde: L es la Longitud del cauce (km) y S es el porcentaje de pendiente del cauce.", "CAUD_MED": 1.9, "T_CORRIEN": "PERMANENTE", "TIPO_FUEN": 2211.0, "Q_TOTAL": 4.99, "Q_MAX": 28.76, "Q_MIN": 0.03, "Q_AMBIENTA": 0.97, "Q_DISPONIB": 2.77, "REND_HID": 16.26, "ESCORR": 310.08, "AREA_ha_": 11686.1077463, "OBSERV_": null, "SHAPE_Leng": 56651.259016099997, "SHAPE_Area": 116861077.463 }, "geometry": { "type": "Polygon", "coordinates": [ [ [ -75.820056440390246, 8.573199856788488 ], [ -75.82580472797649, 8.565000886093804 ], [ -75.827061836291847, 8.564098492628673 ], [ -75.82801346020976, 8.562061655189503 ], [ -75.828879881509877, 8.554525423534514 ], [ -75.829853288126642, 8.551956576916877 ], [ -75.83186129859115, 8.549795393092374 ], [ -75.835668620123755, 8.547123883748814 ], [ -75.836982575777029, 8.547634414581552 ], [ -75.8415357754985, 8.547326750919206 ], [ -75.84536125627227, 8.548098481983741 ], [ -75.846916609662927, 8.549382617269311 ], [ -75.84940356453366, 8.554007834304153 ], [ -75.851245033108796, 8.555028354005403 ], [ -75.853515745073324, 8.55824757706041 ], [ -75.860714916345017, 8.564347791386364 ], [ -75.864032026613586, 8.564762878748246 ], [ -75.867772987673177, 8.563346735964805 ], [ -75.869142763911356, 8.563447989336099 ], [ -75.871611530772512, 8.567381940861369 ], [ -75.87435144551047, 8.567656143575968 ], [ -75.879696769691407, 8.570249542922417 ], [ -75.881746304208491, 8.569307427031275 ], [ -75.885601237647961, 8.569145929876841 ], [ -75.888043041952372, 8.567341139932411 ], [ -75.892845956371275, 8.566764416144922 ], [ -75.894747783195768, 8.567233699366028 ], [ -75.898338027322268, 8.569584110499868 ], [ -75.902117433398018, 8.568705470184279 ], [ -75.903833339324194, 8.565828023996339 ], [ -75.908737083748974, 8.566486276906931 ], [ -75.91000235903185, 8.567341075036508 ], [ -75.913344666415256, 8.567005777648413 ], [ -75.914205834276814, 8.566073324687949 ], [ -75.913753186975001, 8.563856535031366 ], [ -75.914248802261454, 8.563012511497343 ], [ -75.916410441532605, 8.560936323677101 ], [ -75.918366092550471, 8.559989705551564 ], [ -75.918955939253365, 8.55876265616099 ], [ -75.921906160220743, 8.556835720946633 ], [ -75.921008974490462, 8.560713712311475 ], [ -75.921075071130403, 8.561968720064005 ], [ -75.922158775293994, 8.562531433654572 ], [ -75.922223437163396, 8.563487561592002 ], [ -75.92302776017749, 8.564230935988771 ], [ -75.925372466068879, 8.564757724791432 ], [ -75.926938204930039, 8.565646889441169 ], [ -75.928439560634473, 8.565639699444008 ], [ -75.929584349417979, 8.566411314635891 ], [ -75.929965221950113, 8.570653654114535 ], [ -75.929304405051013, 8.57392064833617 ], [ -75.929701732959742, 8.576596750290387 ], [ -75.929253729994784, 8.583293923074013 ], [ -75.929942603916757, 8.586638122846981 ], [ -75.931205265500736, 8.589405699309813 ], [ -75.933961348009632, 8.592979037724161 ], [ -75.933058463507152, 8.595039711914609 ], [ -75.934235105431156, 8.599864002998403 ], [ -75.933958000588845, 8.602160767672824 ], [ -75.932616276574493, 8.604174368666294 ], [ -75.932505183767219, 8.607509831990619 ], [ -75.931501053931726, 8.608518925369067 ], [ -75.930651538853482, 8.611679238695976 ], [ -75.921240453609613, 8.618036966952671 ], [ -75.914372933301166, 8.620288606440166 ], [ -75.91317789185068, 8.621931982916946 ], [ -75.913622821199027, 8.624512237570936 ], [ -75.917210114955978, 8.627034395058994 ], [ -75.916925209242734, 8.62773874188764 ], [ -75.915385185474562, 8.628248251744516 ], [ -75.914226007301252, 8.629631946956424 ], [ -75.912970835831857, 8.636942316518683 ], [ -75.914209025643899, 8.639590496982402 ], [ -75.918405030924092, 8.64243368515945 ], [ -75.91897842090421, 8.642998811013978 ], [ -75.918919621283862, 8.643962971432748 ], [ -75.914683936898911, 8.643079212840732 ], [ -75.912675212766302, 8.643270185382494 ], [ -75.911466760856655, 8.643792450600031 ], [ -75.909974972700823, 8.64534902222098 ], [ -75.906062074391102, 8.647089322399443 ], [ -75.904044901692529, 8.647328498775762 ], [ -75.90301245583187, 8.648481153786737 ], [ -75.90279008574322, 8.650203810472327 ], [ -75.905231816635947, 8.65431642463496 ], [ -75.90535790077908, 8.655547995110185 ], [ -75.903215987114962, 8.655978927820227 ], [ -75.90093105059438, 8.655511607402829 ], [ -75.897097266439928, 8.651494864075053 ], [ -75.895744428118405, 8.651232295534648 ], [ -75.891691641472136, 8.65164008849192 ], [ -75.888692191135434, 8.652491192071158 ], [ -75.886985071650756, 8.653515497746753 ], [ -75.886083458815563, 8.653400205062239 ], [ -75.884936008099814, 8.652120397162589 ], [ -75.88404633850817, 8.648209124486298 ], [ -75.881457552372126, 8.646995878566637 ], [ -75.878036905271344, 8.647699434511328 ], [ -75.874731276191696, 8.647326408158973 ], [ -75.872875652518658, 8.648710022913217 ], [ -75.867680794387638, 8.64897347037286 ], [ -75.866181881322703, 8.649578266541139 ], [ -75.860592956024746, 8.648763454943614 ], [ -75.859443442117566, 8.649581802769506 ], [ -75.858730921764078, 8.651354579215287 ], [ -75.859271682960056, 8.653934514767668 ], [ -75.860357165670735, 8.655437800020811 ], [ -75.859493192337951, 8.658727279206929 ], [ -75.857193472736611, 8.660230075973418 ], [ -75.855175738939835, 8.662837417018252 ], [ -75.850290263404318, 8.666360785090699 ], [ -75.849611401504589, 8.669175951248988 ], [ -75.847125311050206, 8.670312288273601 ], [ -75.846244127276762, 8.672088370101331 ], [ -75.841948622683418, 8.67326304825381 ], [ -75.838367665188187, 8.672131815913108 ], [ -75.837526366209858, 8.673111299722553 ], [ -75.837164271959807, 8.674628076148007 ], [ -75.832625257869537, 8.668358334165628 ], [ -75.830888486900363, 8.666931595676038 ], [ -75.829039576758916, 8.666194024775841 ], [ -75.827647787385729, 8.66453613061779 ], [ -75.826941418681187, 8.661440371546194 ], [ -75.826186408965199, 8.660296050105936 ], [ -75.820519192664321, 8.65693598411821 ], [ -75.819135393975216, 8.656999677916094 ], [ -75.816948176745043, 8.657927858517747 ], [ -75.815445343872668, 8.657188633272307 ], [ -75.814281427954825, 8.654898354832003 ], [ -75.814432335487965, 8.650076979879119 ], [ -75.813284449142429, 8.648130954113858 ], [ -75.811140999776072, 8.647064619204427 ], [ -75.811016812770234, 8.646180430335752 ], [ -75.813721826968816, 8.643944341265851 ], [ -75.815457820937596, 8.640257183325756 ], [ -75.815451512687616, 8.638879871770699 ], [ -75.81244313772676, 8.636770101502872 ], [ -75.81243736751621, 8.635507563432855 ], [ -75.817207883419059, 8.632042594571038 ], [ -75.819318354278934, 8.626982774481309 ], [ -75.822069138883904, 8.623239990085406 ], [ -75.82690103501065, 8.620635500021146 ], [ -75.827930099544844, 8.618440467704463 ], [ -75.829132956630147, 8.618769752285749 ], [ -75.829851543724715, 8.618288233809121 ], [ -75.830135452180812, 8.617330458683657 ], [ -75.828776777447189, 8.614467212706355 ], [ -75.828841203393353, 8.607580256061782 ], [ -75.828060955726741, 8.605096956911062 ], [ -75.829007027337951, 8.60184061328561 ], [ -75.829963860544567, 8.600927600380921 ], [ -75.832075875205859, 8.600439736280366 ], [ -75.832504805120493, 8.59967259701534 ], [ -75.83238159790676, 8.599003622797758 ], [ -75.831296181693943, 8.598076001715484 ], [ -75.828032387256584, 8.597759746023774 ], [ -75.828297162177236, 8.596367986002182 ], [ -75.829337084657169, 8.59523939017182 ], [ -75.829225176156626, 8.591796565175137 ], [ -75.827163275103189, 8.582241107358286 ], [ -75.825325633131001, 8.579666933360153 ], [ -75.821857454703277, 8.57776966044373 ], [ -75.820598183751599, 8.575575433011393 ], [ -75.820056440390246, 8.573199856788488 ] ] ] } },
{ "type": "Feature", "properties": { "FID_Cuenca": 0, "CODIGO": null, "AH": "1", "ZH": "13", "SZH": "1302", "COD_POMCA": "Rio Sinú Medio", "POMCA": "1003-00-22", "NOM_NSS": "Rio Sinú Medio", "COD_NSS": null, "NOMENCLAT": "Subcuenca Rio Sinú Medio", "IND_COMPAC": 3.82, "FORM_IND_C": 1003.0, "IND_SIN": 1.9, "TIPO_DRENA": 1014.0, "DEN_CORRIE": 0.0, "DEN_DREN": 1.44, "TIEM_CONC": 1303.91614112, "MET_T_CONC": "Metodologia Temez: Tc=0.3(L/(S^0.25))^0.75; Donde: L es la Longitud del cauce (km) y S es el porcentaje de pendiente del cauce.", "CAUD_MED": 383.94, "T_CORRIEN": "PERMANENTE", "TIPO_FUEN": 2211.0, "Q_TOTAL": 383.94, "Q_MAX": 918.72, "Q_MIN": 223.47, "Q_AMBIENTA": 87.58, "Q_DISPONIB": 200.37, "REND_HID": 903.47, "ESCORR": 330.47, "AREA_ha_": 42495.9215262, "OBSERV_": null, "SHAPE_Leng": 281451.298672, "SHAPE_Area": 424959215.26200002 }, "geometry": { "type": "Polygon", "coordinates": [ [ [ -75.941677895814351, 8.694066482047939 ], [ -75.921412983513775, 8.691274823669119 ], [ -75.919545181032888, 8.69151276728782 ], [ -75.915574004913111, 8.690246742731217 ], [ -75.914385238164698, 8.686695735369289 ], [ -75.913584035898523, 8.685749138595501 ], [ -75.913227760555642, 8.680430682856812 ], [ -75.913907117476754, 8.678066213545547 ], [ -75.913443292568871, 8.675102669725652 ], [ -75.912114226985366, 8.673800764949824 ], [ -75.911853344722502, 8.66955783203325 ], [ -75.911367991928145, 8.668573837151692 ], [ -75.909920784474849, 8.667445014414074 ], [ -75.909246399612798, 8.664638712469108 ], [ -75.907946353978502, 8.662881508807676 ], [ -75.907758337670302, 8.661268417514117 ], [ -75.905542980043734, 8.656556595468389 ], [ -75.905231816635947, 8.65431642463496 ], [ -75.90279008574322, 8.650203810472327 ], [ -75.90301245583187, 8.648481153786737 ], [ -75.904044901692529, 8.647328498775762 ], [ -75.906062074391102, 8.647089322399443 ], [ -75.909974972700823, 8.64534902222098 ], [ -75.911869301355381, 8.643560978016621 ], [ -75.914683936898911, 8.643079212840732 ], [ -75.918919621283862, 8.643962971432748 ], [ -75.91897842090421, 8.642998811013978 ], [ -75.918405030924092, 8.64243368515945 ], [ -75.914209025643899, 8.639590496982402 ], [ -75.912970835831857, 8.636942316518683 ], [ -75.914226007301252, 8.629631946956424 ], [ -75.915385185474562, 8.628248251744516 ], [ -75.916925209242734, 8.62773874188764 ], [ -75.917210114955978, 8.627034395058994 ], [ -75.913622821199027, 8.624512237570936 ], [ -75.91317789185068, 8.621931982916946 ], [ -75.914372933301166, 8.620288606440166 ], [ -75.921240453609613, 8.618036966952671 ], [ -75.930651538853482, 8.611679238695976 ], [ -75.931501053931726, 8.608518925369067 ], [ -75.932505183767219, 8.607509831990619 ], [ -75.932616276574493, 8.604174368666294 ], [ -75.933958000588845, 8.602160767672824 ], [ -75.934133421794073, 8.598716779200796 ], [ -75.933058463507152, 8.595039711914609 ], [ -75.933961348009632, 8.592979037724161 ], [ -75.931205265500736, 8.589405699309813 ], [ -75.929942603916757, 8.586638122846981 ], [ -75.929253729994784, 8.583293923074013 ], [ -75.929701732959742, 8.576596750290387 ], [ -75.929304405051013, 8.57392064833617 ], [ -75.929965221950113, 8.570653654114535 ], [ -75.929584349417979, 8.566411314635891 ], [ -75.928439560634473, 8.565639699444008 ], [ -75.926938204930039, 8.565646889441169 ], [ -75.925372466068879, 8.564757724791432 ], [ -75.92302776017749, 8.564230935988771 ], [ -75.922223437163396, 8.563487561592002 ], [ -75.922158775293994, 8.562531433654572 ], [ -75.921075071130403, 8.561968720064005 ], [ -75.921004083404696, 8.559697521879681 ], [ -75.922532675394393, 8.555245048151313 ], [ -75.922781280275998, 8.549669861080346 ], [ -75.924000121679754, 8.548372859722791 ], [ -75.925763045603404, 8.547826452372586 ], [ -75.927160466968957, 8.546205795360935 ], [ -75.930076311556306, 8.545517653598074 ], [ -75.930503482401221, 8.544439623357704 ], [ -75.930271197450949, 8.541105175229708 ], [ -75.933402351302078, 8.540372864433238 ], [ -75.934479088134822, 8.53950691755974 ], [ -75.934963627440027, 8.53664553562005 ], [ -75.937754826156137, 8.534669875646893 ], [ -75.939519315100398, 8.531233536253795 ], [ -75.94242322315651, 8.528242705033691 ], [ -75.945236367793441, 8.527106836824126 ], [ -75.945326019421415, 8.526195758247988 ], [ -75.943654437678376, 8.525737542659442 ], [ -75.943586327801228, 8.524076078733898 ], [ -75.94466549295062, 8.521249431611146 ], [ -75.946681217599078, 8.519179115913126 ], [ -75.949474496422823, 8.518986332984648 ], [ -75.952418921230688, 8.51664573319905 ], [ -75.952751450993674, 8.515878989877395 ], [ -75.952478518254026, 8.51408701506363 ], [ -75.954312361185046, 8.512239402433762 ], [ -75.958127129792672, 8.511384096220045 ], [ -75.959066201850987, 8.509406937319044 ], [ -75.963285957681677, 8.508989621739174 ], [ -75.966048900897292, 8.50697453549755 ], [ -75.966369351752292, 8.505227378462356 ], [ -75.965747761796919, 8.50385315745023 ], [ -75.965736710107635, 8.501596069147187 ], [ -75.963956325114921, 8.499003249848418 ], [ -75.964414640200445, 8.496461542605186 ], [ -75.964249654321094, 8.493172267266983 ], [ -75.963801113384974, 8.491816326239237 ], [ -75.962663888889452, 8.491075825198379 ], [ -75.962097651813934, 8.489223112517344 ], [ -75.962005963433867, 8.486182144582752 ], [ -75.964244351902138, 8.478707434538114 ], [ -75.964791523478169, 8.472717614737071 ], [ -75.967963554914235, 8.468696698815075 ], [ -75.967953487819273, 8.466634475623611 ], [ -75.967027740027291, 8.463937075638384 ], [ -75.967502904289717, 8.462882719739845 ], [ -75.969559763784261, 8.461151220607219 ], [ -75.971497655898801, 8.454733858422772 ], [ -75.973404298033685, 8.451759740349013 ], [ -75.976085201396955, 8.44997738069589 ], [ -75.980532304908564, 8.445986683820292 ], [ -75.981388584387062, 8.444308804444734 ], [ -75.979648144461819, 8.441974052324845 ], [ -75.977577623526486, 8.440884224058657 ], [ -75.975512718991183, 8.440942051637101 ], [ -75.973307464871596, 8.441765678818975 ], [ -75.970473656328551, 8.441731558389741 ], [ -75.966240368050293, 8.436858332013811 ], [ -75.965222759986759, 8.434998215873119 ], [ -75.962618995455358, 8.43373231310292 ], [ -75.968504184188134, 8.433388904714375 ], [ -75.969353016637697, 8.430171249840505 ], [ -75.972235374310131, 8.430329496576489 ], [ -75.975164162665649, 8.428192102278137 ], [ -75.976077562220027, 8.426408754888596 ], [ -75.974722438073428, 8.420332510463174 ], [ -75.976091543799626, 8.417456652472447 ], [ -75.980439789667514, 8.413935150467536 ], [ -75.983391800549697, 8.413633926221483 ], [ -75.988351265806969, 8.411386201635427 ], [ -75.989856235113947, 8.409800812934519 ], [ -75.995968829943806, 8.407690864289391 ], [ -75.997171103552944, 8.404054109037419 ], [ -75.997886481565203, 8.403046395757729 ], [ -75.999611005353131, 8.402177215548456 ], [ -76.00140012813722, 8.399801381991287 ], [ -76.003893970586702, 8.3942659779433 ], [ -76.00604460071655, 8.392175288039097 ], [ -76.005317583916849, 8.390815975915645 ], [ -76.005237771577342, 8.389238306377168 ], [ -76.005874004255844, 8.386796376465226 ], [ -76.005579170878931, 8.38543494871054 ], [ -76.00398218511836, 8.382932200927032 ], [ -76.003892854625263, 8.379417865004626 ], [ -76.00475011755448, 8.377979079163223 ], [ -76.005237707367797, 8.374605386800331 ], [ -76.006311035612612, 8.373165546003479 ], [ -76.006445197629944, 8.371156450727447 ], [ -76.005499335506741, 8.369224357696998 ], [ -76.004058124562917, 8.369087927518633 ], [ -76.002537137347716, 8.367373816644802 ], [ -76.001730426546104, 8.364436807711259 ], [ -76.002136879914048, 8.359198524847368 ], [ -76.001472843052142, 8.355973894704142 ], [ -76.001825924647335, 8.354537573593708 ], [ -76.001314033183419, 8.352961996032263 ], [ -76.001804131398913, 8.350090404801282 ], [ -75.99978119899373, 8.348809083651391 ], [ -75.998617276243877, 8.346447628678304 ], [ -75.998375679383386, 8.344918513502183 ], [ -75.999018609877666, 8.343839440070816 ], [ -75.999152834130967, 8.341830339178186 ], [ -76.000439030761484, 8.339743921832055 ], [ -76.003377802839296, 8.336860449548391 ], [ -76.005016330007635, 8.333194251725176 ], [ -76.004649915205661, 8.331904888114357 ], [ -76.005077460229003, 8.330970319497435 ], [ -76.007972397045123, 8.326508985096273 ], [ -76.009978325298292, 8.324347328296312 ], [ -76.0102509147044, 8.321189882536006 ], [ -76.012682565504193, 8.31773501243506 ], [ -76.013108321653462, 8.316441801341487 ], [ -76.013093539322625, 8.313429217391558 ], [ -76.018260953741006, 8.309817549322682 ], [ -76.019989991168302, 8.309952570429264 ], [ -76.025208086786122, 8.307530266226761 ], [ -76.02665544707672, 8.301665281847706 ], [ -76.025308198612692, 8.29862337240996 ], [ -76.028122339749672, 8.294275790995478 ], [ -76.028194374752331, 8.292858565559737 ], [ -76.025425235482217, 8.286765919950259 ], [ -76.025375207895777, 8.284403872746942 ], [ -76.026432127277502, 8.283717257192546 ], [ -76.032499145492366, 8.276465507093283 ], [ -76.034637403271077, 8.272007829553973 ], [ -76.035256614672832, 8.268496787918032 ], [ -76.037665405285637, 8.267219586194546 ], [ -76.038202827911931, 8.265248604319186 ], [ -76.042656610391575, 8.262787185199846 ], [ -76.044805363497417, 8.260481304259574 ], [ -76.044377282457077, 8.256454052546642 ], [ -76.045624118100648, 8.254378109303069 ], [ -76.046424696207978, 8.250285636830673 ], [ -76.04494230195786, 8.247552879168836 ], [ -76.044800922622343, 8.24517217700431 ], [ -76.043716654725628, 8.244316749983607 ], [ -76.042871863102093, 8.245296404831022 ], [ -76.042395196021445, 8.244650436265431 ], [ -76.042983654623157, 8.241553834562062 ], [ -76.04469110701271, 8.237385191079889 ], [ -76.043675322929943, 8.235812134665641 ], [ -76.040644278953536, 8.234392391481689 ], [ -76.040488265912458, 8.231954367866997 ], [ -76.039905211310895, 8.230522636931411 ], [ -76.040493265619773, 8.227197079730361 ], [ -76.042365563977654, 8.227259655830927 ], [ -76.043857529183128, 8.226119038852911 ], [ -76.043981960802341, 8.225071188118374 ], [ -76.043315767393324, 8.224299774885846 ], [ -76.043384512292903, 8.223639532808608 ], [ -76.046269027228064, 8.220719517640006 ], [ -76.044345215963489, 8.219890584026748 ], [ -76.044053130253431, 8.219059957014752 ], [ -76.044565777815748, 8.217895441021636 ], [ -76.0457313269157, 8.217596989763988 ], [ -76.045621394699708, 8.212955330296611 ], [ -76.044656988749495, 8.208989048243547 ], [ -76.046233007680755, 8.203306435002363 ], [ -76.047124446103012, 8.201580585334595 ], [ -76.046573378219961, 8.199323818376257 ], [ -76.048666890691777, 8.197738475145771 ], [ -76.050255882444247, 8.198069515595035 ], [ -76.050859562081072, 8.194969247737472 ], [ -76.053375137691987, 8.194120096208179 ], [ -76.055598490988046, 8.192062814853854 ], [ -76.059505457323269, 8.191937703237476 ], [ -76.061196819377329, 8.18982370267584 ], [ -76.062203060044766, 8.187069171752198 ], [ -76.061848251704717, 8.182049935894664 ], [ -76.056453855762797, 8.1694858377057 ], [ -76.051767985714363, 8.162036988216943 ], [ -76.049051666361507, 8.158613215197075 ], [ -76.046042039945107, 8.15653575698127 ], [ -76.04213920086768, 8.155807523681164 ], [ -76.038840614061769, 8.155972941314669 ], [ -76.034929054039168, 8.153451437765375 ], [ -76.034317554203739, 8.151063405850897 ], [ -76.033515464665825, 8.140307838883881 ], [ -76.033480670550901, 8.133135044463291 ], [ -76.035763363132361, 8.129008904904229 ], [ -76.036262928507881, 8.126884498935286 ], [ -76.034721327224474, 8.124411274910479 ], [ -76.03552359112949, 8.121469148685126 ], [ -76.046513751791849, 8.109288243191571 ], [ -76.048034746127769, 8.108529205379979 ], [ -76.048524594338616, 8.107459958589221 ], [ -76.049273156310974, 8.108218373515051 ], [ -76.050664345383012, 8.108139910324978 ], [ -76.051772178572847, 8.108995290833725 ], [ -76.053448353821096, 8.108317696542777 ], [ -76.055224695924579, 8.108500355362802 ], [ -76.0585715213561, 8.110922870941991 ], [ -76.060553994295745, 8.11399755313127 ], [ -76.062334817577778, 8.115088713499663 ], [ -76.063591930011768, 8.117019250365997 ], [ -76.068466969035185, 8.117927901138868 ], [ -76.07058560601169, 8.119399912961862 ], [ -76.070675512310217, 8.123033697419505 ], [ -76.072510053036737, 8.125272181545862 ], [ -76.072820194565494, 8.12758388827954 ], [ -76.073362871445909, 8.12815504795976 ], [ -76.072990479341584, 8.129268660158598 ], [ -76.073137038689026, 8.129793946272374 ], [ -76.074291422549848, 8.130338189653958 ], [ -76.074340362614038, 8.131985300839609 ], [ -76.0756482404135, 8.132514439362597 ], [ -76.076153077479901, 8.133678729001245 ], [ -76.077308733181908, 8.13447639305142 ], [ -76.079901516932807, 8.134769658389647 ], [ -76.079885361876052, 8.135381813653511 ], [ -76.078525866984904, 8.136057973041805 ], [ -76.078299328049781, 8.136824184842176 ], [ -76.079052192244774, 8.137681207318794 ], [ -76.080494740948907, 8.138267042298256 ], [ -76.080196462429527, 8.140047359717848 ], [ -76.081821287392302, 8.14254502373179 ], [ -76.08081356278079, 8.144481864070992 ], [ -76.081523629024176, 8.145833963855686 ], [ -76.082280469648097, 8.146038233979706 ], [ -76.082637734825724, 8.145505683570669 ], [ -76.084012257363682, 8.145434332881205 ], [ -76.085752104669524, 8.143560810854868 ], [ -76.086987957722812, 8.143109982488044 ], [ -76.089605370355713, 8.144000775200555 ], [ -76.093354309568042, 8.143731121166926 ], [ -76.098511384988754, 8.14579271787189 ], [ -76.100190459206061, 8.149033571421297 ], [ -76.100319819356741, 8.15042442538674 ], [ -76.101390214448969, 8.149995895945482 ], [ -76.101880430067695, 8.148709540823832 ], [ -76.10287250005598, 8.147975365550197 ], [ -76.105134850689666, 8.149185403810765 ], [ -76.103833733385073, 8.145087232988715 ], [ -76.10263452319542, 8.143276144577026 ], [ -76.103411601019005, 8.141302173180385 ], [ -76.103251218175615, 8.139944949019466 ], [ -76.101559889492108, 8.139513462299016 ], [ -76.100024906983535, 8.135810445006717 ], [ -76.098810772972399, 8.134841004265914 ], [ -76.096143001838968, 8.131067086421323 ], [ -76.094433666753787, 8.130865174679304 ], [ -76.093424007407776, 8.128555789260954 ], [ -76.094357350908879, 8.127116617561645 ], [ -76.099457778731846, 8.126058415767927 ], [ -76.100780148620984, 8.125171988216533 ], [ -76.100073415529948, 8.122987835098062 ], [ -76.100011426367715, 8.120190794648902 ], [ -76.098532627089767, 8.11954064632876 ], [ -76.096899310270487, 8.120136916495467 ], [ -76.096596838754323, 8.119143802737742 ], [ -76.094968341422401, 8.117822537726575 ], [ -76.095028359272703, 8.116387698431103 ], [ -76.096072494360811, 8.114077692121848 ], [ -76.095960582009852, 8.112806287019607 ], [ -76.095514411837073, 8.111861700656334 ], [ -76.093346301569781, 8.110093603004064 ], [ -76.093004582908961, 8.106996678219488 ], [ -76.092229766879214, 8.105575527958564 ], [ -76.092675232294496, 8.104454381375621 ], [ -76.092072160968442, 8.102831544377963 ], [ -76.090839536291597, 8.101976904888577 ], [ -76.086883048349748, 8.101441727448865 ], [ -76.083932321798343, 8.098587151547131 ], [ -76.080480358792073, 8.099158809472184 ], [ -76.07892375283231, 8.097388794990282 ], [ -76.078525323766485, 8.095411060633015 ], [ -76.079626616001221, 8.093971102932931 ], [ -76.079093965855577, 8.089663983872112 ], [ -76.083313409763861, 8.089545252901253 ], [ -76.085409762159685, 8.088967108295243 ], [ -76.08959784879697, 8.08688433318844 ], [ -76.089592661921131, 8.085838333271917 ], [ -76.09407833479527, 8.083305764930344 ], [ -76.09780034024638, 8.084004652950936 ], [ -76.101799382961303, 8.077714735499807 ], [ -76.101887680604094, 8.073769316973401 ], [ -76.107115903083283, 8.075859353726365 ], [ -76.108093205632017, 8.077002130473236 ], [ -76.110252065747915, 8.07695554279168 ], [ -76.111688012198314, 8.076267001709912 ], [ -76.114093882108932, 8.076783489973977 ], [ -76.115867838385142, 8.074613299625108 ], [ -76.115027271284191, 8.071557160950286 ], [ -76.115713741607763, 8.070673900085113 ], [ -76.117982417103846, 8.071485057185944 ], [ -76.120359901570495, 8.071033276768224 ], [ -76.121460715104064, 8.072404921986532 ], [ -76.125902626407324, 8.074123259814687 ], [ -76.125834056986932, 8.075749390910477 ], [ -76.122880651236017, 8.078374686862485 ], [ -76.12456873983713, 8.082024262804822 ], [ -76.125618068496422, 8.08316662090041 ], [ -76.129515777456874, 8.085406428870309 ], [ -76.132685297875355, 8.085964302609197 ], [ -76.134842170872702, 8.085523094040724 ], [ -76.138000400127638, 8.083857496455449 ], [ -76.141031776889321, 8.083465332844467 ], [ -76.141136797759771, 8.082622341335272 ], [ -76.139776216343563, 8.079465964482482 ], [ -76.139844298272337, 8.078700551736288 ], [ -76.136077421989228, 8.07386610983407 ], [ -76.132728355068565, 8.070990014242984 ], [ -76.129915146989546, 8.064955259358676 ], [ -76.131166414262282, 8.06221088271576 ], [ -76.131962247936244, 8.062318491120864 ], [ -76.132767916591334, 8.060909514401489 ], [ -76.13349710427525, 8.060585367723045 ], [ -76.138268948569703, 8.061398195396077 ], [ -76.139946591859612, 8.061090899997735 ], [ -76.140782534336523, 8.060369438433989 ], [ -76.141868641024701, 8.055761598423247 ], [ -76.141379150292963, 8.053841824084939 ], [ -76.140252759519456, 8.053101547773299 ], [ -76.139984716685419, 8.052276857971192 ], [ -76.141885364253923, 8.04876381709755 ], [ -76.143557651104615, 8.047410553084841 ], [ -76.144747914280799, 8.045611430880097 ], [ -76.1505268574779, 8.044028251193298 ], [ -76.153216548146816, 8.042281313986926 ], [ -76.155945292806322, 8.043026600349998 ], [ -76.155787126260677, 8.040230137782681 ], [ -76.154483096983526, 8.038515338351603 ], [ -76.155094810580792, 8.036167419403514 ], [ -76.154803944027591, 8.035573001934203 ], [ -76.155136102448182, 8.034854075322812 ], [ -76.155950901527177, 8.034706507282133 ], [ -76.155618520935818, 8.031609679180136 ], [ -76.163259513280437, 8.017283490964472 ], [ -76.163621818209393, 8.014718703458685 ], [ -76.162641213090438, 8.010793165480921 ], [ -76.162935848663693, 8.009775577931164 ], [ -76.165513167247155, 8.006738156847236 ], [ -76.165811981241305, 8.005130018874272 ], [ -76.167312285044616, 8.00208131112722 ], [ -76.167382648803795, 8.000074586627424 ], [ -76.16790114020958, 8.000158030402474 ], [ -76.169055634374473, 7.998558311004722 ], [ -76.169409297186249, 7.9973611157983 ], [ -76.169044047665423, 7.996044730619595 ], [ -76.171628369515531, 7.993276678473832 ], [ -76.173336913244398, 7.98923052015643 ], [ -76.173009871076999, 7.987180869493215 ], [ -76.173598538497217, 7.986919678531153 ], [ -76.175016798344402, 7.988490414979383 ], [ -76.177897779491886, 7.989063922768243 ], [ -76.185449785344744, 7.99408423914263 ], [ -76.186164860406862, 7.997245401576486 ], [ -76.187686169448597, 7.998032028907168 ], [ -76.188448010393103, 7.997889537071753 ], [ -76.18844647955612, 7.998850638088684 ], [ -76.189304905595719, 7.999034459818845 ], [ -76.189573525010871, 7.999741415318992 ], [ -76.191986179386703, 8.001572351877583 ], [ -76.193278261616939, 8.000977599864013 ], [ -76.195358443920753, 8.001722275647831 ], [ -76.196713755679625, 8.001626999613736 ], [ -76.197639878745321, 8.002619192682959 ], [ -76.200434348239796, 8.002669111923598 ], [ -76.204581472115379, 8.004577361145882 ], [ -76.205726288095292, 8.006117664955294 ], [ -76.20696708874766, 8.00672868476798 ], [ -76.210772546286933, 8.007486013430801 ], [ -76.211157444231603, 8.008618854936651 ], [ -76.210176164102123, 8.012712876700135 ], [ -76.211035855468566, 8.01298370068241 ], [ -76.214987995183051, 8.017496937322154 ], [ -76.216841298935691, 8.018582197083967 ], [ -76.214714496252284, 8.020356189018463 ], [ -76.213521795488191, 8.020692299795375 ], [ -76.207953093628433, 8.018039951320443 ], [ -76.205240358031176, 8.019429824726011 ], [ -76.199099388260024, 8.020484751898278 ], [ -76.197827419655979, 8.021265910867443 ], [ -76.195935208201931, 8.024552593721328 ], [ -76.196165174362562, 8.029412731697025 ], [ -76.195719493224701, 8.03135154665156 ], [ -76.193788322683176, 8.033608810749849 ], [ -76.193300358157686, 8.036647598139172 ], [ -76.188248271939955, 8.03839493481102 ], [ -76.186521179747828, 8.040239602658351 ], [ -76.18035112249531, 8.044030359272474 ], [ -76.171374155212305, 8.044764784950134 ], [ -76.166778147790694, 8.046624337350282 ], [ -76.165293778248056, 8.051914113267003 ], [ -76.169507656111406, 8.056099599454322 ], [ -76.173672447058209, 8.058995098853956 ], [ -76.17161020758077, 8.05878178162463 ], [ -76.169921742799929, 8.059304427306307 ], [ -76.166140901249534, 8.063447851724566 ], [ -76.16161056017431, 8.064122253925767 ], [ -76.157671865963266, 8.064070550137531 ], [ -76.155588218977897, 8.064726647384447 ], [ -76.155814370423116, 8.066733788992671 ], [ -76.155408649843821, 8.067142287950899 ], [ -76.153872437781516, 8.066958814872002 ], [ -76.151739936118304, 8.067447788148062 ], [ -76.149986730848127, 8.06705022439856 ], [ -76.149293510640874, 8.067531898653021 ], [ -76.146247009818183, 8.067547302160648 ], [ -76.144908165381366, 8.068438673601548 ], [ -76.145669113067498, 8.072172012206934 ], [ -76.147998143579088, 8.07224838950091 ], [ -76.148678227267766, 8.073894620447918 ], [ -76.148120778109316, 8.07748368858757 ], [ -76.146381287772826, 8.079787692779789 ], [ -76.146993287964833, 8.081305332481991 ], [ -76.146420962910881, 8.081977662021869 ], [ -76.146751308738601, 8.082779309665483 ], [ -76.146045032294779, 8.08352882518491 ], [ -76.145916053838647, 8.08458144470325 ], [ -76.144695769610337, 8.085576803789738 ], [ -76.14561230865867, 8.088895424295258 ], [ -76.146309893566922, 8.089262470241732 ], [ -76.149345501889286, 8.088491579570904 ], [ -76.150171159560898, 8.09044786759484 ], [ -76.151735258884386, 8.091084846498541 ], [ -76.153356767009413, 8.090393432300591 ], [ -76.154935384671589, 8.092046127233207 ], [ -76.156614467181981, 8.092001716896725 ], [ -76.157142188527402, 8.094611947320454 ], [ -76.155019731631597, 8.097085300703565 ], [ -76.152600727791764, 8.098116254605054 ], [ -76.152042879327709, 8.101166923549373 ], [ -76.150637589952154, 8.10198097286821 ], [ -76.14965870038516, 8.104077921470223 ], [ -76.147682247779869, 8.10462589983316 ], [ -76.147386035093319, 8.105344652254804 ], [ -76.148057391503315, 8.107612529256702 ], [ -76.145656609580868, 8.11315351826573 ], [ -76.143143209321551, 8.114272036027305 ], [ -76.138075265448037, 8.117625766553395 ], [ -76.138209381230809, 8.118395176895554 ], [ -76.13936446517917, 8.118746743393997 ], [ -76.139684588547453, 8.120358937457446 ], [ -76.142004830879799, 8.121339367458187 ], [ -76.141619363960288, 8.123294285482732 ], [ -76.142333824897577, 8.123603087643179 ], [ -76.142032489687736, 8.124211771996723 ], [ -76.143189972296483, 8.125618322249489 ], [ -76.142107173633093, 8.126983338985086 ], [ -76.141899096655862, 8.129197980993846 ], [ -76.140617955361293, 8.132025673515173 ], [ -76.139263320253733, 8.133169746465434 ], [ -76.13787109446713, 8.133237896594324 ], [ -76.138488624112185, 8.137448497111821 ], [ -76.140504529637667, 8.137543456493304 ], [ -76.142825047968373, 8.140010469527049 ], [ -76.141086812108, 8.142601410863861 ], [ -76.140641602143234, 8.14468370149409 ], [ -76.139997589782126, 8.145428135272462 ], [ -76.138174940529908, 8.145740443375294 ], [ -76.137627677743694, 8.148853355855737 ], [ -76.139944590667398, 8.150237254776975 ], [ -76.136935552727792, 8.151228491721747 ], [ -76.136565874837871, 8.148380488637354 ], [ -76.135806419814855, 8.148135696030447 ], [ -76.134486980687797, 8.149117855881782 ], [ -76.133113640083707, 8.148943116132454 ], [ -76.128805774710685, 8.150022284491325 ], [ -76.127890951987737, 8.152955706305992 ], [ -76.125495548497284, 8.153744846416645 ], [ -76.123286840840862, 8.155861452064222 ], [ -76.121466712732101, 8.156540080062303 ], [ -76.116430900577427, 8.157139264690342 ], [ -76.115242542513201, 8.157903611192138 ], [ -76.114422012390435, 8.159646012271258 ], [ -76.115175216579331, 8.16503545436098 ], [ -76.111770948787765, 8.169070307332774 ], [ -76.109627614591432, 8.169910714707779 ], [ -76.109211982729747, 8.171232566252604 ], [ -76.107479994969424, 8.170380547924152 ], [ -76.105887022078321, 8.170445921163926 ], [ -76.105662081674751, 8.171518163973914 ], [ -76.106475467321033, 8.172929485978264 ], [ -76.10199419480827, 8.171249636929423 ], [ -76.101550564094794, 8.170831060803605 ], [ -76.101583557451619, 8.169759777390405 ], [ -76.100101999002888, 8.169078612594191 ], [ -76.099237025434078, 8.168853410540656 ], [ -76.09665028192444, 8.169803561617506 ], [ -76.09586824407782, 8.170802077867553 ], [ -76.095768068890692, 8.17378641699392 ], [ -76.097601914631497, 8.17580473566343 ], [ -76.095364380150002, 8.176419750976127 ], [ -76.09470621233578, 8.179148659552014 ], [ -76.092792568164541, 8.180353659895573 ], [ -76.090775966499407, 8.180172442914104 ], [ -76.088610353970623, 8.178987776044019 ], [ -76.084481892029785, 8.178769213135135 ], [ -76.080505517843491, 8.180175677471629 ], [ -76.079980711615192, 8.180799917834596 ], [ -76.080098981596009, 8.184431361411631 ], [ -76.076285825357772, 8.18794598379379 ], [ -76.074341328409304, 8.189001638130494 ], [ -76.07227147988705, 8.188981987930225 ], [ -76.07175694137014, 8.18805804645754 ], [ -76.068690554157271, 8.186698398833792 ], [ -76.065754247285057, 8.187370380148765 ], [ -76.063608906913728, 8.188747518120136 ], [ -76.062615838442639, 8.190405740602612 ], [ -76.061833757408778, 8.195249896068628 ], [ -76.061087847104886, 8.196060508519384 ], [ -76.062291111448815, 8.196741983443392 ], [ -76.06282256711475, 8.19948101095518 ], [ -76.064013305822883, 8.200011114744115 ], [ -76.065393172858009, 8.201908134021414 ], [ -76.064158514420086, 8.204572945592856 ], [ -76.062050142522594, 8.205271929686351 ], [ -76.061804743206068, 8.206114749723378 ], [ -76.064021372675441, 8.207882680061433 ], [ -76.064647129593425, 8.210174891431764 ], [ -76.06648068310318, 8.212116837795092 ], [ -76.067424889277277, 8.216664505320594 ], [ -76.064228712420544, 8.218688691360752 ], [ -76.062594248652076, 8.218180319343546 ], [ -76.061924955638659, 8.218719192945581 ], [ -76.061832099389889, 8.219350859703615 ], [ -76.063444933788858, 8.220696167337675 ], [ -76.063678096485205, 8.221735073170906 ], [ -76.062839512762793, 8.222014173861076 ], [ -76.060675769477655, 8.221247798194801 ], [ -76.06002946938915, 8.221585717329933 ], [ -76.059790669269432, 8.224240840531786 ], [ -76.060720391845237, 8.225114525947024 ], [ -76.060989730326796, 8.226189119205094 ], [ -76.060284013631815, 8.228093400625959 ], [ -76.060708517066743, 8.228999862556639 ], [ -76.060139733258978, 8.230449189356223 ], [ -76.060792470474624, 8.231402342618455 ], [ -76.061650849177539, 8.230274360160815 ], [ -76.063486903659722, 8.230289194539184 ], [ -76.063880722129952, 8.232259768565909 ], [ -76.064550556649053, 8.233270209663763 ], [ -76.065777671370583, 8.233895340706688 ], [ -76.067332576219201, 8.233837426254228 ], [ -76.068681333163539, 8.232869585222616 ], [ -76.069518299231092, 8.233224072512575 ], [ -76.06849991566483, 8.234426581016434 ], [ -76.0684792616603, 8.235096143614205 ], [ -76.067307633794698, 8.235905876691291 ], [ -76.0667742740184, 8.237235487821993 ], [ -76.067836668255595, 8.240434063744175 ], [ -76.070873558617279, 8.243001181746337 ], [ -76.070427839284122, 8.24745051728646 ], [ -76.069927430833218, 8.248170283219372 ], [ -76.070187159679023, 8.249711137387035 ], [ -76.07347344849245, 8.251739016548431 ], [ -76.072941364039991, 8.253319675353033 ], [ -76.073665338154356, 8.25410507120619 ], [ -76.072840384408025, 8.254718867246101 ], [ -76.07302507083358, 8.255650405674487 ], [ -76.07216969383073, 8.257376130317009 ], [ -76.072826898886532, 8.259201909246098 ], [ -76.07452796936937, 8.260986613018796 ], [ -76.074893574001024, 8.262096564502629 ], [ -76.074647157468803, 8.263209571043721 ], [ -76.075249720690493, 8.2684785314678 ], [ -76.075081450601303, 8.27081051530141 ], [ -76.073880025208069, 8.272042487334227 ], [ -76.072309085376176, 8.272758044915557 ], [ -76.070476147232981, 8.274832946788253 ], [ -76.070711276296535, 8.275769015035422 ], [ -76.07226726341807, 8.277221196065272 ], [ -76.071592024063321, 8.278538656460867 ], [ -76.070551727523195, 8.27929699004015 ], [ -76.064651181134721, 8.280115406357401 ], [ -76.06307243253903, 8.281199180720499 ], [ -76.063237666686291, 8.285430305928273 ], [ -76.063860708015355, 8.2876149049016 ], [ -76.063332166985276, 8.289912829285592 ], [ -76.065031746735528, 8.291374782923777 ], [ -76.064447834755313, 8.292683140050386 ], [ -76.064514378622349, 8.294461658794148 ], [ -76.062681605759309, 8.296593937842463 ], [ -76.063268346829972, 8.298714158800912 ], [ -76.062124072294068, 8.302222918831314 ], [ -76.064390380885811, 8.302242355339949 ], [ -76.066737943007027, 8.303665189299693 ], [ -76.069499251458055, 8.303830702573908 ], [ -76.070108084519674, 8.30556107213059 ], [ -76.070889709530647, 8.305856023534089 ], [ -76.071606196286538, 8.305135159344966 ], [ -76.072009961288146, 8.301905399578729 ], [ -76.07254460356414, 8.300826809688585 ], [ -76.072343829490691, 8.302047623825642 ], [ -76.074124501772971, 8.304813753489505 ], [ -76.07717439593803, 8.305085353539308 ], [ -76.077041150083275, 8.307213932447326 ], [ -76.07783908355664, 8.308357557849394 ], [ -76.074890790567721, 8.311577489963248 ], [ -76.075551002483891, 8.313965084979447 ], [ -76.075222574397287, 8.315473008442757 ], [ -76.073788739766968, 8.316747394322586 ], [ -76.073978076285002, 8.320954448603359 ], [ -76.071964756290129, 8.325837242946454 ], [ -76.071308719245721, 8.329020453663453 ], [ -76.069484928634026, 8.33062943229497 ], [ -76.064155250401257, 8.332454121399637 ], [ -76.062941520099969, 8.333598276757034 ], [ -76.062853700187659, 8.335224545590778 ], [ -76.061898447624628, 8.336214387801977 ], [ -76.062764452707597, 8.33886677048377 ], [ -76.060993194367555, 8.341010733612579 ], [ -76.061516100822971, 8.341876023891883 ], [ -76.063038115290695, 8.342232421025445 ], [ -76.065147494090894, 8.341600208893817 ], [ -76.064984045462211, 8.342509578255525 ], [ -76.065877706222722, 8.343581010855196 ], [ -76.066742889357243, 8.343767942398594 ], [ -76.066339145062429, 8.344953621456638 ], [ -76.067503421379129, 8.347314784562721 ], [ -76.067218979207325, 8.348033489310986 ], [ -76.065022226183231, 8.348008654219194 ], [ -76.064089064589481, 8.348623021011207 ], [ -76.062901536195369, 8.350683975700861 ], [ -76.063079821840049, 8.351824290647588 ], [ -76.064544101672539, 8.351660391762433 ], [ -76.066666724756217, 8.353634195541785 ], [ -76.068468551295013, 8.353888137276892 ], [ -76.068665575738819, 8.354867421770216 ], [ -76.067065492636203, 8.356525202237604 ], [ -76.067908881060305, 8.357142599036305 ], [ -76.068105787344734, 8.358097974492484 ], [ -76.070269516748326, 8.358708741622376 ], [ -76.069413646845263, 8.3603627830613 ], [ -76.070149524175122, 8.363443354041426 ], [ -76.067730821865908, 8.367006046197858 ], [ -76.065699288952743, 8.368809460183535 ], [ -76.066320109518998, 8.372870895467372 ], [ -76.065753277705255, 8.37412735621098 ], [ -76.064716235488518, 8.37415170391864 ], [ -76.063922471753429, 8.372912419142011 ], [ -76.06118849928302, 8.371606370228882 ], [ -76.059429075499807, 8.373107139939705 ], [ -76.056320157682364, 8.374034670190515 ], [ -76.055570246405665, 8.375293666205385 ], [ -76.054707947482328, 8.375692489716647 ], [ -76.051505392649531, 8.376210611416164 ], [ -76.049663708065069, 8.375215621088403 ], [ -76.047933676266823, 8.374937345054388 ], [ -76.046421701766377, 8.375052480033263 ], [ -76.045920053723222, 8.375557079543883 ], [ -76.045821392805763, 8.377422508464331 ], [ -76.046657979120809, 8.379068087579888 ], [ -76.046627018359302, 8.38007243818724 ], [ -76.046018230014383, 8.380756894665378 ], [ -76.046167152671103, 8.38172448348069 ], [ -76.047296192507019, 8.384229338178143 ], [ -76.049101908818969, 8.385224510739395 ], [ -76.048999473621834, 8.386336809816482 ], [ -76.048677704512329, 8.386804652123836 ], [ -76.046638023264848, 8.386980535017239 ], [ -76.043563549931861, 8.385776494331195 ], [ -76.042226015424063, 8.386213531126323 ], [ -76.041868403304193, 8.386717411984757 ], [ -76.042555045468148, 8.388621967391423 ], [ -76.04141659147885, 8.391410705737593 ], [ -76.040927523150117, 8.391556599304975 ], [ -76.039846457164003, 8.391432872641403 ], [ -76.039704995880854, 8.38908088034111 ], [ -76.03838956277275, 8.388183645144947 ], [ -76.036591969433999, 8.388809448178783 ], [ -76.036043122419969, 8.389723130421144 ], [ -76.035024075859411, 8.38999717533577 ], [ -76.034935986684161, 8.390386142870428 ], [ -76.036957073265498, 8.392432323225581 ], [ -76.037364381249233, 8.394653885842397 ], [ -76.034498772662261, 8.400164346573963 ], [ -76.032889748949387, 8.400100612588883 ], [ -76.029252654211163, 8.397799422663786 ], [ -76.028725751430287, 8.398065040620716 ], [ -76.027608751596418, 8.400365902514594 ], [ -76.025906307269906, 8.40082861552618 ], [ -76.023755652082713, 8.402895490089259 ], [ -76.021355699144635, 8.403122538721092 ], [ -76.020729895687964, 8.404506494143382 ], [ -76.020423898965873, 8.409088458812073 ], [ -76.019645052382927, 8.41180367392653 ], [ -76.017333385337238, 8.414689428089469 ], [ -76.018505560308895, 8.417318115210213 ], [ -76.018493176234443, 8.418868726306703 ], [ -76.020765464517538, 8.422509815979357 ], [ -76.018648265631214, 8.42553291810516 ], [ -76.017922878294129, 8.42741581296192 ], [ -76.015764242448583, 8.427914239522796 ], [ -76.014500913744385, 8.428824268275291 ], [ -76.014339456057058, 8.431120409283276 ], [ -76.013551946041559, 8.431785004527505 ], [ -76.01423206214406, 8.433904062731651 ], [ -76.01455869230044, 8.433836278780774 ], [ -76.014339925254404, 8.434405474428033 ], [ -76.016147292704474, 8.436996476878683 ], [ -76.014003359992159, 8.438047150204252 ], [ -76.014323547779611, 8.439655495603985 ], [ -76.01557792856714, 8.440796965312224 ], [ -76.015702882846455, 8.441776649029803 ], [ -76.015129319442053, 8.442329411334335 ], [ -76.014192820791962, 8.442334041613444 ], [ -76.012832822218002, 8.443987571006833 ], [ -76.010975173877398, 8.444188023109502 ], [ -76.007357940716531, 8.446203532948998 ], [ -76.004423873126484, 8.446999780176258 ], [ -76.005382441764766, 8.447685496644468 ], [ -76.005941042304983, 8.448949972144204 ], [ -76.006873282994675, 8.452914423040967 ], [ -76.005270077463379, 8.454070000829526 ], [ -76.005325116647967, 8.455480414268417 ], [ -76.001727560874215, 8.456406704979184 ], [ -76.000675457741622, 8.457320458608113 ], [ -75.999561739262688, 8.460338591830514 ], [ -76.000624766637955, 8.461624503641829 ], [ -76.002450318998712, 8.46171115920035 ], [ -76.004674598934812, 8.459883045779433 ], [ -76.005766410984549, 8.462125195072188 ], [ -76.004197053363754, 8.465265132951131 ], [ -76.002117663827079, 8.467259905752531 ], [ -76.000225383339256, 8.468249532229013 ], [ -75.998089862051714, 8.468618687656761 ], [ -75.996610552794451, 8.470562669776589 ], [ -75.995388285320601, 8.471070784816547 ], [ -75.994911601433373, 8.471802382127994 ], [ -75.995391977138411, 8.474238847130058 ], [ -75.994817748937436, 8.474672048665115 ], [ -75.993379685593467, 8.475252950623959 ], [ -75.991246895554028, 8.473757078049143 ], [ -75.989454802805071, 8.47559498207867 ], [ -75.987199292240788, 8.475997367480081 ], [ -75.990007024255775, 8.477995242172137 ], [ -75.992440456953247, 8.482000199037092 ], [ -75.992965213464387, 8.482387642933688 ], [ -75.993723431896157, 8.481575955225614 ], [ -75.994867874810197, 8.482317519096794 ], [ -75.996174881422419, 8.485568830544828 ], [ -75.996927303100975, 8.485953664590252 ], [ -75.998185603450551, 8.485439380789641 ], [ -76.000303761745229, 8.482768956849295 ], [ -76.002104923041088, 8.482760072276404 ], [ -76.004331119380097, 8.483705476281024 ], [ -76.006321190386288, 8.483553038200764 ], [ -76.001755304720845, 8.485396512479566 ], [ -76.00092249269764, 8.486824189204306 ], [ -76.00104146575913, 8.489352366535556 ], [ -75.999435330049678, 8.492862071463795 ], [ -75.999426803353586, 8.493983690020386 ], [ -75.998106202320002, 8.495090139205336 ], [ -75.995572076557423, 8.495232907107045 ], [ -75.995465000790347, 8.497017502843653 ], [ -75.996357298510347, 8.497802724762474 ], [ -75.996571450401959, 8.499123325352732 ], [ -75.996000379493381, 8.500015623001211 ], [ -75.994394243914797, 8.500979305065803 ], [ -75.993787480669241, 8.503477739310037 ], [ -75.993145026044076, 8.503906042310073 ], [ -75.9926453393213, 8.506868470772694 ], [ -75.99314502676971, 8.510616122303203 ], [ -75.992788106912528, 8.511329960668215 ], [ -75.990539516672172, 8.51154411218698 ], [ -75.989718602798561, 8.512436409536379 ], [ -75.989325991619651, 8.515398838716958 ], [ -75.990717976330259, 8.516897898749056 ], [ -75.990860743706691, 8.517683121445753 ], [ -75.990860743821969, 8.518825262710449 ], [ -75.990097829463522, 8.520368045287972 ], [ -75.992524879141641, 8.522166918400343 ], [ -75.993866895361549, 8.525407743722944 ], [ -75.993395762195732, 8.528491525225597 ], [ -75.991097203194769, 8.529091149992169 ], [ -75.990283427543602, 8.532089270695733 ], [ -75.992967459060395, 8.537957021702184 ], [ -75.990440471525574, 8.539727340120479 ], [ -75.989609147200952, 8.543380407436445 ], [ -75.987172579153381, 8.547111403049346 ], [ -75.985173832137448, 8.548044151666142 ], [ -75.983479655581235, 8.551013718970871 ], [ -75.9843743335596, 8.553145715698362 ], [ -75.985940018146053, 8.554499628936567 ], [ -75.986939392498854, 8.55678391213144 ], [ -75.989057112100369, 8.557164625162839 ], [ -75.991822046198877, 8.559131646945282 ], [ -75.994606015511025, 8.56010722514665 ], [ -75.994843961741481, 8.561059010336816 ], [ -75.993987355347855, 8.563724006143543 ], [ -75.991941018985401, 8.565746547838177 ], [ -75.991703072753694, 8.566603153752407 ], [ -75.993225928050151, 8.566650743505164 ], [ -75.993202133599496, 8.568363955691385 ], [ -75.994415658537818, 8.569268150045987 ], [ -75.994820166596142, 8.572789752428324 ], [ -75.992583473989612, 8.575216802664892 ], [ -75.990148428783044, 8.575252399894447 ], [ -75.990281678250014, 8.577593789102037 ], [ -75.988796894406676, 8.578716894938763 ], [ -75.988016431222803, 8.580011321980889 ], [ -75.98910146565683, 8.582048140055042 ], [ -75.988892072875373, 8.583018960367523 ], [ -75.986512611672708, 8.583951708900386 ], [ -75.985941541494356, 8.585531671204784 ], [ -75.98295293805198, 8.587225847671355 ], [ -75.982800653288635, 8.58821570318999 ], [ -75.98369842316643, 8.589691206720756 ], [ -75.981229732900914, 8.5921856751312 ], [ -75.980158975173865, 8.594565136744709 ], [ -75.98089660814513, 8.595397947537029 ], [ -75.983180890998582, 8.596087990910926 ], [ -75.983371247847671, 8.597896381604027 ], [ -75.980432613725242, 8.601492912851629 ], [ -75.97807218785789, 8.602311447132706 ], [ -75.97742497473881, 8.605661727868803 ], [ -75.977545732047318, 8.60829472045525 ], [ -75.976831893663842, 8.60965101379908 ], [ -75.976674849628765, 8.611735421161569 ], [ -75.973876603501338, 8.615461657006438 ], [ -75.97467610211676, 8.616718012500433 ], [ -75.977831267370661, 8.617032101847071 ], [ -75.980686620384802, 8.618988018859723 ], [ -75.982285618398251, 8.62177198802121 ], [ -75.984991066023795, 8.621200916844968 ], [ -75.989288371825126, 8.624199037912039 ], [ -75.990801709174349, 8.626611811515749 ], [ -75.992300769450367, 8.627382756707322 ], [ -75.992341220605553, 8.628510621798636 ], [ -75.993483362253173, 8.629628968176757 ], [ -75.993464326033731, 8.630805611805075 ], [ -75.9918224978979, 8.631126839163102 ], [ -75.990608973074629, 8.633482505579897 ], [ -75.988503150573536, 8.634017884094419 ], [ -75.98703978161825, 8.635873863673615 ], [ -75.984577039575356, 8.639978433845322 ], [ -75.985290878200615, 8.642441176295771 ], [ -75.984255812445767, 8.644047312029114 ], [ -75.983756125230371, 8.646367286646402 ], [ -75.981614610758925, 8.647973422984354 ], [ -75.979794323205567, 8.651399846849261 ], [ -75.982185681030217, 8.654183815861161 ], [ -75.982649676030007, 8.655718568556839 ], [ -75.982471216431321, 8.657503164277896 ], [ -75.983720433161707, 8.659466219562368 ], [ -75.985897640035986, 8.659180684437281 ], [ -75.987004090106524, 8.660929588366708 ], [ -75.988431766028427, 8.661536350249017 ], [ -75.991322811597499, 8.660858204236282 ], [ -75.99471354292595, 8.661286507040119 ], [ -75.995677224822572, 8.663285254582911 ], [ -75.994820619400855, 8.669709799005016 ], [ -75.99517753856307, 8.670530712808768 ], [ -75.996997825560157, 8.671458702496576 ], [ -75.998032891316669, 8.672922071591863 ], [ -76.00042543987847, 8.674740772926777 ], [ -75.999978123991156, 8.675967077240548 ], [ -76.000332592123684, 8.677629408777936 ], [ -76.00207898430962, 8.677065897529863 ], [ -76.00335608115212, 8.678714004240641 ], [ -76.00394309064248, 8.678854497985929 ], [ -76.006095049733901, 8.677909154165695 ], [ -76.00742951366324, 8.679494788375321 ], [ -76.009828035124528, 8.680529885318753 ], [ -76.010655756220757, 8.68009241868927 ], [ -76.007859890607662, 8.697082657720751 ], [ -76.000799668620758, 8.709608860991642 ], [ -75.994650438554572, 8.717352332354059 ], [ -75.990095458532807, 8.718263324932618 ], [ -75.983718491920499, 8.715985834550255 ], [ -75.977113765960425, 8.712569599740259 ], [ -75.969412316746698, 8.707671142182505 ], [ -75.964580608171644, 8.705426218650056 ], [ -75.953587304859809, 8.698280576344786 ], [ -75.941677895814351, 8.694066482047939 ] ] ] } },
{ "type": "Feature", "properties": { "FID_Cuenca": 0, "CODIGO": null, "AH": "1", "ZH": "13", "SZH": "1303", "COD_POMCA": "Rio Sinu Bajo", "POMCA": "1003-00-01", "NOM_NSS": "Rio Sinu Bajo", "COD_NSS": null, "NOMENCLAT": "Subcuenca Rio Sinu Bajo", "IND_COMPAC": 4.57, "FORM_IND_C": 1003.0, "IND_SIN": 1.59, "TIPO_DRENA": 1014.0, "DEN_CORRIE": 0.0, "DEN_DREN": 0.98, "TIEM_CONC": 1252.8033872599999, "MET_T_CONC": "Metodologia Temez: Tc=0.3(L/(S^0.25))^0.75; Donde: L es la Longitud del cauce (km) y S es el porcentaje de pendiente del cauce.", "CAUD_MED": 643.31, "T_CORRIEN": "PERMANENTE", "TIPO_FUEN": 2211.0, "Q_TOTAL": 643.31, "Q_MAX": 1603.42, "Q_MIN": 295.45, "Q_AMBIENTA": 139.67, "Q_DISPONIB": 342.81, "REND_HID": 1072.35, "ESCORR": 232.32, "AREA_ha_": 59990.469633100001, "OBSERV_": null, "SHAPE_Leng": 399365.76873700001, "SHAPE_Area": 599904696.33099997 }, "geometry": { "type": "MultiPolygon", "coordinates": [ [ [ [ -75.973997057593763, 8.848413456493297 ], [ -75.973930384201665, 8.847934824142492 ], [ -75.973928817143801, 8.847628785593514 ], [ -75.974023504545897, 8.847341386775215 ], [ -75.974157045634541, 8.847130302986924 ], [ -75.974673446679077, 8.846572977652395 ], [ -75.974711419695637, 8.846477145254902 ], [ -75.973024117415065, 8.843712139480157 ], [ -75.970447450066729, 8.843782554028829 ], [ -75.969244480401201, 8.841703682219151 ], [ -75.967223373674074, 8.841350450639249 ], [ -75.965755680900216, 8.840152785177816 ], [ -75.964832109093862, 8.840061797619059 ], [ -75.96193620848517, 8.841644873902151 ], [ -75.961454266091351, 8.841417760518512 ], [ -75.961383939290982, 8.839878305073416 ], [ -75.963254822059326, 8.839055952838677 ], [ -75.963490465077896, 8.838122274945626 ], [ -75.962977509838026, 8.836522881532506 ], [ -75.961602093648025, 8.835501663262152 ], [ -75.960608142516264, 8.833856861071904 ], [ -75.955807613948409, 8.835291637631011 ], [ -75.953521295462039, 8.834777061481756 ], [ -75.953627703403768, 8.832050767410516 ], [ -75.955656921266822, 8.829267031390007 ], [ -75.95246879385364, 8.826294202471408 ], [ -75.950809329767125, 8.826135117897502 ], [ -75.945962318557136, 8.827880822945911 ], [ -75.946717374267266, 8.829837705941353 ], [ -75.945163069491315, 8.831471347924907 ], [ -75.941004423584829, 8.83149203301709 ], [ -75.94013363869405, 8.830420392198421 ], [ -75.94060696497661, 8.828935598937663 ], [ -75.939372497109872, 8.827244089618896 ], [ -75.940867506224691, 8.825479257264458 ], [ -75.94043439615767, 8.823000705764544 ], [ -75.938386231993718, 8.822024560141681 ], [ -75.93730489843, 8.822644117007535 ], [ -75.936164496014754, 8.822448916457949 ], [ -75.933214654573362, 8.820942802916937 ], [ -75.933216716276505, 8.824242437102033 ], [ -75.931609809296475, 8.825943240472016 ], [ -75.930414710113283, 8.826350839329876 ], [ -75.928653463667004, 8.826029565738375 ], [ -75.926267687863444, 8.827218284203658 ], [ -75.925930458074532, 8.829529146664008 ], [ -75.926237059770187, 8.830273644445692 ], [ -75.92790997312666, 8.831401370717007 ], [ -75.93058695347591, 8.831926139819688 ], [ -75.932207019506052, 8.831410034871638 ], [ -75.935333825765738, 8.831753216627151 ], [ -75.935189420850691, 8.832919565155498 ], [ -75.935704731760723, 8.833813652557536 ], [ -75.938269233636518, 8.833836502050316 ], [ -75.940793350487567, 8.836707557241697 ], [ -75.941005514619263, 8.838743663932933 ], [ -75.94337133609028, 8.83773543033843 ], [ -75.944601630155162, 8.836199043993153 ], [ -75.946255842385099, 8.835306121104377 ], [ -75.94798957561288, 8.835883276202983 ], [ -75.948174689678865, 8.83683876335015 ], [ -75.948995746575164, 8.837575882619904 ], [ -75.949036510847591, 8.838508178568771 ], [ -75.948403042394915, 8.839216693482086 ], [ -75.946661625100049, 8.839622293681785 ], [ -75.946520164638073, 8.840172935702682 ], [ -75.947403495525634, 8.841340131644357 ], [ -75.947073704287959, 8.842680752686899 ], [ -75.948076206052065, 8.846023183064714 ], [ -75.949309216395747, 8.847403814881448 ], [ -75.950463831202171, 8.847541502728738 ], [ -75.952682908664329, 8.844254699416478 ], [ -75.95400409026557, 8.844056801149149 ], [ -75.954751724378227, 8.8445312573377 ], [ -75.955771548791375, 8.846534597239261 ], [ -75.95779351234431, 8.847050471582932 ], [ -75.958065349077742, 8.848507623811859 ], [ -75.95953794325942, 8.849719638692104 ], [ -75.959617597609707, 8.85120166303242 ], [ -75.96092144462996, 8.852318877985416 ], [ -75.962379926813668, 8.85248319134238 ], [ -75.963564583011191, 8.851437135454328 ], [ -75.964573689944856, 8.851324454111655 ], [ -75.967069821347934, 8.852889918629275 ], [ -75.96794623356034, 8.855037390138135 ], [ -75.96665853187406, 8.857088199485267 ], [ -75.966662560953168, 8.857877209071704 ], [ -75.968614367970204, 8.858763967701361 ], [ -75.968874121966124, 8.860197251408641 ], [ -75.968301747251346, 8.861096770616669 ], [ -75.96933273607489, 8.862319928025016 ], [ -75.969765640540686, 8.862353602108843 ], [ -75.970281031062072, 8.861124413063989 ], [ -75.971543713166056, 8.86170141956725 ], [ -75.974188206643674, 8.861707139656167 ], [ -75.976901952414323, 8.860686756288839 ], [ -75.982222014328343, 8.8620703674616 ], [ -75.982038070621613, 8.863697169577238 ], [ -75.97923634042165, 8.865839409613903 ], [ -75.978211959348215, 8.867661769334083 ], [ -75.978168921056138, 8.868642291345225 ], [ -75.979716242826441, 8.870332010738915 ], [ -75.982792695005088, 8.871108937764095 ], [ -75.983375698073161, 8.872275149690513 ], [ -75.985834869564783, 8.873625443439995 ], [ -75.985592605253387, 8.877918476021337 ], [ -75.983695992231702, 8.880761473611662 ], [ -75.98392870652269, 8.881597124683447 ], [ -75.985484488723202, 8.882581423099804 ], [ -75.985151164144469, 8.885535978273964 ], [ -75.985996138018066, 8.886213080637935 ], [ -75.98619261511466, 8.887013049789083 ], [ -75.985240175742462, 8.888799198654194 ], [ -75.985803899120768, 8.889909286052907 ], [ -75.981210911360336, 8.88974151372922 ], [ -75.979720342073762, 8.8887085710136 ], [ -75.977888449202638, 8.885934814082884 ], [ -75.976410905836914, 8.884737287470948 ], [ -75.975632481399884, 8.884841671885829 ], [ -75.972616013143977, 8.887338859889358 ], [ -75.969637912114408, 8.886077197998175 ], [ -75.969443543343971, 8.884744011550193 ], [ -75.968965902812101, 8.884430823332135 ], [ -75.966400472998913, 8.884874206550251 ], [ -75.964085028958522, 8.886248798231133 ], [ -75.962899244356038, 8.885680956709979 ], [ -75.960879083635987, 8.885562051780786 ], [ -75.959308312047341, 8.884088157463506 ], [ -75.956701699684828, 8.885418747800616 ], [ -75.955014772506274, 8.885585052419881 ], [ -75.954522967943575, 8.888155475470878 ], [ -75.94985200174348, 8.888492190726778 ], [ -75.948363806849798, 8.889985282779556 ], [ -75.946517998824731, 8.890118877755267 ], [ -75.94559982053454, 8.891118147124049 ], [ -75.944405580084094, 8.890779824493467 ], [ -75.94283976801762, 8.891131973737913 ], [ -75.941423081698531, 8.890546087696045 ], [ -75.939825272430994, 8.892179976513235 ], [ -75.938646786293418, 8.891152939570997 ], [ -75.938060249902108, 8.891174997146665 ], [ -75.934855046956685, 8.89240898103067 ], [ -75.933363328242947, 8.892201220447307 ], [ -75.931876412432146, 8.890558806254557 ], [ -75.930542178902527, 8.890589353212228 ], [ -75.929858651994721, 8.890927497150754 ], [ -75.929770593898468, 8.892541890012232 ], [ -75.929041140063063, 8.893310649611992 ], [ -75.928363684035986, 8.892273911124962 ], [ -75.923928927343084, 8.891076478509097 ], [ -75.923270454891679, 8.89209832943131 ], [ -75.921730435357446, 8.892808924506566 ], [ -75.918539934326546, 8.892336928295189 ], [ -75.917018696484789, 8.893922541843803 ], [ -75.914684808312543, 8.894550953089119 ], [ -75.913922284312051, 8.89442141179323 ], [ -75.911818027248103, 8.892640870271748 ], [ -75.909774208178703, 8.892615061579788 ], [ -75.90730147532976, 8.893368446277776 ], [ -75.90507360672062, 8.895017267895346 ], [ -75.903356363542514, 8.895396306525569 ], [ -75.902294913083637, 8.89468418536981 ], [ -75.902445756512634, 8.893100551820954 ], [ -75.901138620709304, 8.891325598436616 ], [ -75.900163109918623, 8.890971708862114 ], [ -75.898782003718139, 8.891253435677591 ], [ -75.89852411885532, 8.890154798253239 ], [ -75.897272002379253, 8.889778339999175 ], [ -75.896303623050002, 8.888432103899966 ], [ -75.89578605548904, 8.888303118383595 ], [ -75.894455688757731, 8.889122576563974 ], [ -75.893139289900262, 8.887897579665971 ], [ -75.892029480827517, 8.889564792662595 ], [ -75.890264670176805, 8.890644844980907 ], [ -75.891093718509381, 8.891545585164812 ], [ -75.890799417338798, 8.892814297344575 ], [ -75.892439706836555, 8.893894256378804 ], [ -75.891983172228976, 8.896395171419465 ], [ -75.892868849354258, 8.898301534996909 ], [ -75.897218729751273, 8.900312723774139 ], [ -75.897473255144064, 8.90072991940109 ], [ -75.896852377301798, 8.901593744946474 ], [ -75.897374752477049, 8.902691089098569 ], [ -75.897189201093468, 8.904066870311006 ], [ -75.898225803776654, 8.904611747913169 ], [ -75.899870374129677, 8.904113526428894 ], [ -75.900087536975221, 8.906694828528675 ], [ -75.902559955333786, 8.908884889194303 ], [ -75.903396259206332, 8.908794704956666 ], [ -75.90459824121298, 8.906808993226166 ], [ -75.906257693495192, 8.906886917525934 ], [ -75.906988797440505, 8.905950805048617 ], [ -75.909473324927902, 8.906584167974231 ], [ -75.909596379901515, 8.908118626996661 ], [ -75.911012660979736, 8.908613771874476 ], [ -75.912326744108313, 8.908865526768576 ], [ -75.913448559981617, 8.90817136427539 ], [ -75.914707946106603, 8.909025927759428 ], [ -75.915887819027105, 8.908403204455769 ], [ -75.918053697338522, 8.908779844086107 ], [ -75.918318467917373, 8.909797123404147 ], [ -75.917402074827848, 8.911178907353273 ], [ -75.917908721905192, 8.9115207123121 ], [ -75.919118453018925, 8.911098678734486 ], [ -75.919567969825849, 8.911555534478907 ], [ -75.921009128718495, 8.914130727548322 ], [ -75.920816512326908, 8.915996704376257 ], [ -75.921210347416377, 8.916855528482825 ], [ -75.923186619195675, 8.918966578264616 ], [ -75.925058376362557, 8.918220832511524 ], [ -75.925706179976558, 8.918896667406475 ], [ -75.925383266224571, 8.919711229195341 ], [ -75.926069929299032, 8.920463383034241 ], [ -75.925936650169476, 8.9212140379756 ], [ -75.927929445840931, 8.923015328983086 ], [ -75.927973405164408, 8.924581243113174 ], [ -75.927174414356514, 8.925876387726023 ], [ -75.927098510338979, 8.927514629856306 ], [ -75.927879863167718, 8.929397267537061 ], [ -75.929376638326843, 8.930575756739003 ], [ -75.93022283069935, 8.933907872131137 ], [ -75.930086932028487, 8.935687312510352 ], [ -75.927887963159549, 8.93736245598032 ], [ -75.927282063807908, 8.939370366814003 ], [ -75.928036232352923, 8.941100106723516 ], [ -75.92630475523498, 8.94107288297513 ], [ -75.92436325205783, 8.942313950964868 ], [ -75.923521705309483, 8.942330099178742 ], [ -75.92216899557701, 8.941117400818005 ], [ -75.921771808993711, 8.938644642586214 ], [ -75.918918034399582, 8.938908294968602 ], [ -75.918537145812508, 8.939675324112109 ], [ -75.919810994708698, 8.940510644812314 ], [ -75.920089011960059, 8.941283963348852 ], [ -75.919478438699542, 8.941803465325467 ], [ -75.919375243973207, 8.942801045858239 ], [ -75.920730585869862, 8.94358096176418 ], [ -75.920642282381422, 8.945147538858276 ], [ -75.919118237242401, 8.945728970286549 ], [ -75.917581814922897, 8.943847673075554 ], [ -75.91593604221471, 8.943533050601138 ], [ -75.913056337044466, 8.946149756333048 ], [ -75.914222791367862, 8.948582852144657 ], [ -75.912960208300973, 8.951917465907181 ], [ -75.913127035607872, 8.952576570271127 ], [ -75.911907762904335, 8.953041697988477 ], [ -75.91210107531748, 8.954283134395922 ], [ -75.909639794139508, 8.955478902661222 ], [ -75.908760180838527, 8.957025492383398 ], [ -75.910684349808804, 8.958056075075797 ], [ -75.911613991497049, 8.960572839127508 ], [ -75.913374106644923, 8.960535413625559 ], [ -75.913129057367271, 8.961540873626383 ], [ -75.911161206046557, 8.96235403248668 ], [ -75.910741233113725, 8.963006482997608 ], [ -75.911281457896749, 8.965232270442208 ], [ -75.91278437948236, 8.96569345946506 ], [ -75.913000274163352, 8.966543603065205 ], [ -75.911603406336127, 8.967887936158217 ], [ -75.909739344990001, 8.967825451210951 ], [ -75.908462436883241, 8.96975658464439 ], [ -75.908602851968112, 8.971381810399988 ], [ -75.906895561003083, 8.971414179420506 ], [ -75.907036091172671, 8.973063317495171 ], [ -75.902478571325361, 8.974451165311027 ], [ -75.901288514106255, 8.973079787887276 ], [ -75.900436919944681, 8.973026606367259 ], [ -75.898424594950185, 8.974585948456516 ], [ -75.89576865266271, 8.974398185036852 ], [ -75.893297275777357, 8.976504930798443 ], [ -75.891681140821035, 8.97649852901251 ], [ -75.89056574835665, 8.975628871238508 ], [ -75.888979113933971, 8.975751431277267 ], [ -75.888144073661465, 8.976128536706454 ], [ -75.887356302857867, 8.977308813660061 ], [ -75.886260845996262, 8.977710704424313 ], [ -75.885464750837926, 8.976241693100665 ], [ -75.886495783768595, 8.97464895975645 ], [ -75.887571071368484, 8.974222858939767 ], [ -75.887469661372052, 8.973171277228577 ], [ -75.886833740624894, 8.972963977899257 ], [ -75.885316816170132, 8.97356439620874 ], [ -75.884017097861545, 8.975292341588622 ], [ -75.882517787771306, 8.975567476146665 ], [ -75.881188223516958, 8.975153140789425 ], [ -75.881257144940847, 8.973526858332601 ], [ -75.879064579368347, 8.973671461523123 ], [ -75.875044969570155, 8.975521038933708 ], [ -75.874166896049246, 8.97693128173262 ], [ -75.873303121502985, 8.977262627447232 ], [ -75.873744180371347, 8.978387578695578 ], [ -75.873315924003705, 8.979329367094989 ], [ -75.874704588411177, 8.979425126386939 ], [ -75.877149847216216, 8.981159910525733 ], [ -75.879718240652124, 8.981137812190784 ], [ -75.88066885136152, 8.982112720794598 ], [ -75.882373183543706, 8.982439140910479 ], [ -75.883022671023681, 8.983440222012476 ], [ -75.882747629791865, 8.984235411253042 ], [ -75.88495471386311, 8.987007832657074 ], [ -75.889449400807038, 8.985991085886836 ], [ -75.889250224478388, 8.985595144496141 ], [ -75.887141447587169, 8.985189447292194 ], [ -75.887174270465366, 8.983080347058316 ], [ -75.89106080050027, 8.981167526313582 ], [ -75.892474233638609, 8.98103145926134 ], [ -75.89334685706757, 8.982587345329845 ], [ -75.892780536603212, 8.984770797242543 ], [ -75.896061422335748, 8.986801398335041 ], [ -75.897024394672187, 8.986516095994338 ], [ -75.898267911250613, 8.987026430669777 ], [ -75.898943445702287, 8.986492277048772 ], [ -75.902463016391735, 8.986230989030581 ], [ -75.903773221316527, 8.985650648153408 ], [ -75.905653144510154, 8.986459079186783 ], [ -75.907789563643007, 8.986620639149614 ], [ -75.909488634592662, 8.987810123390753 ], [ -75.91162051141454, 8.987067863645251 ], [ -75.91288858290315, 8.989586507400739 ], [ -75.915949732545627, 8.989987298615137 ], [ -75.916029262913739, 8.991450225123604 ], [ -75.917049110468923, 8.993381885838385 ], [ -75.920829519497445, 8.993334304190858 ], [ -75.921859612337343, 8.994433811457892 ], [ -75.923131090202006, 8.994757409174101 ], [ -75.924469770630822, 8.994105121672229 ], [ -75.926080409003717, 8.995861629577636 ], [ -75.927417821671057, 8.994934362179196 ], [ -75.927331614619902, 8.996822765641776 ], [ -75.922240241876139, 8.998727653522977 ], [ -75.921787537792412, 9.000516028914836 ], [ -75.92011852868491, 9.001863367467633 ], [ -75.919838355064883, 9.003528935962155 ], [ -75.917545366568504, 9.004764619391098 ], [ -75.915424164915905, 9.007634911241714 ], [ -75.91038588327477, 9.010098917918116 ], [ -75.907238584154101, 9.011094122412199 ], [ -75.905855250084841, 9.01101731320872 ], [ -75.905017209540446, 9.009371644950775 ], [ -75.904079657334663, 9.009459988664133 ], [ -75.902497957615481, 9.010591638412041 ], [ -75.9003906438233, 9.010028231080065 ], [ -75.899455842257652, 9.010666494877418 ], [ -75.8986941244858, 9.012248372161697 ], [ -75.89530654219601, 9.013404028907052 ], [ -75.893783352739689, 9.014702735767207 ], [ -75.891274780942936, 9.015188552011736 ], [ -75.891398319913804, 9.016809093923493 ], [ -75.888823868680092, 9.018557712895142 ], [ -75.885926910591195, 9.019303649424563 ], [ -75.88608086392604, 9.021239670820911 ], [ -75.887037525458055, 9.022081404309954 ], [ -75.887231850630727, 9.023429017793401 ], [ -75.88554836913633, 9.024431599252082 ], [ -75.882954086751695, 9.027528863149747 ], [ -75.884203185681159, 9.029614919590575 ], [ -75.884052620872907, 9.030775337378287 ], [ -75.88244760225129, 9.03208637580031 ], [ -75.881387216137355, 9.031673148350611 ], [ -75.881045175216556, 9.033025794855398 ], [ -75.879497889761339, 9.033858321954966 ], [ -75.878232722978765, 9.035801318321797 ], [ -75.87616591134622, 9.036158165357627 ], [ -75.874778439717048, 9.037695267452726 ], [ -75.871666571360919, 9.037907369674533 ], [ -75.870651695768885, 9.038916595048637 ], [ -75.869207381158844, 9.038694107518234 ], [ -75.868535976704308, 9.039118221577143 ], [ -75.868323338532193, 9.040869548450219 ], [ -75.869325349056055, 9.04309316061763 ], [ -75.869098175027148, 9.04384985947239 ], [ -75.868099796587146, 9.043408000622529 ], [ -75.86810622463463, 9.043973993284014 ], [ -75.866652767778277, 9.044339756601547 ], [ -75.864735683836642, 9.043368754709123 ], [ -75.864269713260526, 9.039886654055117 ], [ -75.862926988485881, 9.038315060946521 ], [ -75.862745782231414, 9.035709631399939 ], [ -75.863302663462733, 9.034009231689314 ], [ -75.861487355166972, 9.031710637274744 ], [ -75.859982890072871, 9.031478835015182 ], [ -75.859023132643927, 9.031961718278298 ], [ -75.857841093178962, 9.033712970071772 ], [ -75.857549001687929, 9.035459903322824 ], [ -75.855956636709479, 9.036926209329442 ], [ -75.857469497095764, 9.038627596888894 ], [ -75.856285849841299, 9.040546234109632 ], [ -75.856709476215215, 9.042562283164214 ], [ -75.856274783788137, 9.044171224857582 ], [ -75.857072292414301, 9.045908087098125 ], [ -75.858288733515494, 9.046743851788113 ], [ -75.858707350533393, 9.047736520473938 ], [ -75.857580196595492, 9.049406215668952 ], [ -75.860242452990391, 9.052587318583127 ], [ -75.860961096969959, 9.054907980153311 ], [ -75.861903597183868, 9.055792881011442 ], [ -75.861146809074668, 9.057446436098749 ], [ -75.858568174665081, 9.058434567210133 ], [ -75.858616207081909, 9.059395561252803 ], [ -75.859399532589052, 9.060195162110935 ], [ -75.861417140503264, 9.059582771944479 ], [ -75.862966893461817, 9.060679905653634 ], [ -75.865141349972646, 9.061336264363483 ], [ -75.863642045872268, 9.061687905616497 ], [ -75.86207690836973, 9.06429707087643 ], [ -75.859292493382966, 9.06551576679813 ], [ -75.856442977447472, 9.065242704602523 ], [ -75.855145751744729, 9.065602897557183 ], [ -75.853819486073149, 9.067885687050502 ], [ -75.85400719724781, 9.068879480572885 ], [ -75.855789965637584, 9.069415987428142 ], [ -75.857184019926493, 9.070728447100047 ], [ -75.858241603115289, 9.070551136334139 ], [ -75.85889010330942, 9.069371548624359 ], [ -75.860128564852857, 9.068801209183391 ], [ -75.860464968593135, 9.07067419988894 ], [ -75.863476539635286, 9.070630803809417 ], [ -75.863279347140278, 9.071616902888914 ], [ -75.865745967455666, 9.072283916400078 ], [ -75.867914302832432, 9.071010798073003 ], [ -75.869377472989854, 9.071127964317037 ], [ -75.870925220627768, 9.070625288931494 ], [ -75.872263993914174, 9.071094673224279 ], [ -75.873121672965723, 9.07329026707103 ], [ -75.875804877179519, 9.074372590034258 ], [ -75.877072958409386, 9.07419897079893 ], [ -75.877724506618677, 9.074608223759 ], [ -75.877715877798636, 9.07528972648346 ], [ -75.876319600688447, 9.076288906559473 ], [ -75.876225171652436, 9.077855535289642 ], [ -75.875693392301301, 9.078551569969859 ], [ -75.876097801025452, 9.079129521893718 ], [ -75.877255809330975, 9.079793321551087 ], [ -75.878841688334859, 9.079426838538204 ], [ -75.881034569325962, 9.08018116114728 ], [ -75.88300569140894, 9.079884490666318 ], [ -75.886724873591774, 9.082783195104057 ], [ -75.890080480349098, 9.082575262683743 ], [ -75.891261851736715, 9.083095429886704 ], [ -75.892003612893021, 9.084333800814621 ], [ -75.892341266022214, 9.086417133752487 ], [ -75.894717618709905, 9.088241645309987 ], [ -75.894999007940442, 9.090612180118603 ], [ -75.8988336670743, 9.091568603758612 ], [ -75.900328590594768, 9.094143477549867 ], [ -75.903794726296951, 9.094527828817977 ], [ -75.904863392406938, 9.096530957018322 ], [ -75.908714352842438, 9.096894197887703 ], [ -75.911051772542805, 9.098603998547372 ], [ -75.915433565095853, 9.098566383791354 ], [ -75.915646480482778, 9.100688551465332 ], [ -75.916530833459973, 9.101444437587704 ], [ -75.918074602773387, 9.101307525806416 ], [ -75.920604574891982, 9.102083775641757 ], [ -75.922363599634011, 9.101701870958602 ], [ -75.923441137657917, 9.100720873563191 ], [ -75.924694122767292, 9.100764837975849 ], [ -75.925179055018404, 9.101503596821054 ], [ -75.924874672656173, 9.103106723577492 ], [ -75.92290987692887, 9.102504265446472 ], [ -75.919979937283443, 9.103487465060129 ], [ -75.918171224721178, 9.102623881874219 ], [ -75.915603653766041, 9.103387947837305 ], [ -75.911736115674174, 9.103560470841632 ], [ -75.910160135217851, 9.103989228094221 ], [ -75.908627412939552, 9.10535505103519 ], [ -75.907491634474368, 9.105303375350092 ], [ -75.906017506267546, 9.106841051806546 ], [ -75.906124033531469, 9.10508070502387 ], [ -75.905218813013391, 9.104951350472541 ], [ -75.904905055019626, 9.103805220294301 ], [ -75.903143330435483, 9.101767313593648 ], [ -75.902238215084793, 9.10165707797039 ], [ -75.900605359890463, 9.102258235025959 ], [ -75.899266893979529, 9.103986493054634 ], [ -75.89795964787676, 9.104279956910318 ], [ -75.897850853191457, 9.105600364737482 ], [ -75.896896890736812, 9.107250181931345 ], [ -75.894880963566223, 9.108582078974621 ], [ -75.894314510235162, 9.110746427705243 ], [ -75.894669446896884, 9.112427964484976 ], [ -75.89384418577275, 9.11289116891413 ], [ -75.892313217834527, 9.110813797888264 ], [ -75.890038525204375, 9.110098248384473 ], [ -75.887125899562221, 9.110379177466516 ], [ -75.885321160213337, 9.10743277791817 ], [ -75.88571702970934, 9.105780970199964 ], [ -75.885366711779511, 9.105008000935245 ], [ -75.882393455337223, 9.105065788155624 ], [ -75.881749522787288, 9.106188004810244 ], [ -75.881600531778219, 9.108139863850647 ], [ -75.881111341745438, 9.108457910600592 ], [ -75.87973711686935, 9.107876509630284 ], [ -75.877330650442389, 9.108706165652869 ], [ -75.87598773631575, 9.108612377262084 ], [ -75.874553483312837, 9.107572163698151 ], [ -75.874159171366912, 9.106657246472258 ], [ -75.87254470586403, 9.107105169695807 ], [ -75.871250479471826, 9.110019116912616 ], [ -75.869756334054685, 9.111442004484539 ], [ -75.870444552542978, 9.114365312975904 ], [ -75.870167594129782, 9.116719513218882 ], [ -75.867666876034136, 9.116999632520516 ], [ -75.866131719615225, 9.117925366713257 ], [ -75.864957673654118, 9.117931138935806 ], [ -75.863961032478656, 9.118777703183177 ], [ -75.864812742364478, 9.119749086470948 ], [ -75.865222451841518, 9.122916703909056 ], [ -75.864914003330497, 9.126074097763485 ], [ -75.867112779631213, 9.127952240325801 ], [ -75.86769902310202, 9.129718762394983 ], [ -75.866478209646004, 9.130968147075343 ], [ -75.863350870180554, 9.13105527137385 ], [ -75.863290240872473, 9.133374936724882 ], [ -75.861064609981156, 9.135776977992833 ], [ -75.861098544489408, 9.137761425793082 ], [ -75.861799370647958, 9.138379667037841 ], [ -75.861830572924006, 9.139814173900303 ], [ -75.859526891420415, 9.141044958365462 ], [ -75.858833670288519, 9.14195698265166 ], [ -75.85773641471755, 9.143875253465461 ], [ -75.85781750922223, 9.145668184212344 ], [ -75.853900897333958, 9.146739480501267 ], [ -75.854080591900626, 9.149010153270151 ], [ -75.852132455562824, 9.150874406093861 ], [ -75.852237849975708, 9.151749036744619 ], [ -75.851489891582759, 9.152305046137149 ], [ -75.850100389277358, 9.151827242630553 ], [ -75.84853785663563, 9.152121815731249 ], [ -75.846690845137829, 9.153278575017241 ], [ -75.846160958180519, 9.156424290653003 ], [ -75.845340014660778, 9.15779601873615 ], [ -75.843838703003541, 9.158862170088522 ], [ -75.843611097385207, 9.163049372986613 ], [ -75.843158415143932, 9.163960207745216 ], [ -75.841761300613371, 9.163656175079808 ], [ -75.837794162013878, 9.164294195894117 ], [ -75.836563394593284, 9.166009836704216 ], [ -75.838148641937138, 9.167867205374884 ], [ -75.836923126160812, 9.16820792602441 ], [ -75.837106654174022, 9.16882872655793 ], [ -75.836189850313389, 9.170780361234106 ], [ -75.833796141032423, 9.171380211547385 ], [ -75.832660522116456, 9.172390000458529 ], [ -75.831348123302973, 9.172683304737088 ], [ -75.829952434306634, 9.174054019562281 ], [ -75.828664307392685, 9.174299823223908 ], [ -75.825970567983319, 9.178502138809222 ], [ -75.826287386379136, 9.180298743090809 ], [ -75.825391989835438, 9.182215988436321 ], [ -75.825841597221967, 9.183610237559066 ], [ -75.825216265809686, 9.185640951827148 ], [ -75.823471568788435, 9.187103205645933 ], [ -75.821721615987997, 9.187494247855488 ], [ -75.820556574739655, 9.189393661688062 ], [ -75.820469769248007, 9.191326125799367 ], [ -75.819416664570014, 9.192498090654205 ], [ -75.819636472539173, 9.194142137997492 ], [ -75.820119625348482, 9.194522387692457 ], [ -75.822639193923635, 9.194031979689189 ], [ -75.82292330511217, 9.196277467706668 ], [ -75.822746655925656, 9.197060225667379 ], [ -75.821620170206401, 9.19700828761105 ], [ -75.820559428114848, 9.198096604123894 ], [ -75.82074065228413, 9.199721705861533 ], [ -75.819600540371269, 9.20278788161292 ], [ -75.819631874300484, 9.205255392073811 ], [ -75.821463517083444, 9.205801276911133 ], [ -75.824733520900693, 9.21211198837508 ], [ -75.827837928653366, 9.212096912013356 ], [ -75.828052157699247, 9.214549174054723 ], [ -75.829930383277627, 9.21476958422935 ], [ -75.83054894373673, 9.215758891581354 ], [ -75.8325755705375, 9.216789156574665 ], [ -75.834561261584199, 9.216839246416592 ], [ -75.836002264796861, 9.218673373860025 ], [ -75.839227854336372, 9.221409774305345 ], [ -75.839804005448372, 9.221120018734196 ], [ -75.839943652577233, 9.220162886923251 ], [ -75.839343551364067, 9.218049685935268 ], [ -75.841933312814604, 9.218586954496264 ], [ -75.84275917294697, 9.217698191916462 ], [ -75.844614165833605, 9.218083621480654 ], [ -75.846549691764778, 9.220142421842896 ], [ -75.851136961763061, 9.220681746969763 ], [ -75.851794394745369, 9.221893743361724 ], [ -75.853733994310105, 9.220164659684425 ], [ -75.857970756913772, 9.219942896543769 ], [ -75.857298593220804, 9.220918800839549 ], [ -75.859110932401776, 9.222392308798579 ], [ -75.860577114435984, 9.222823411290033 ], [ -75.861452361287562, 9.224588478274168 ], [ -75.862981365170199, 9.22474826669402 ], [ -75.862962664212077, 9.229844398685001 ], [ -75.865276915601484, 9.23204464936061 ], [ -75.867229616238419, 9.232969244298715 ], [ -75.869277645634057, 9.232691834271803 ], [ -75.870087770434353, 9.231080987808967 ], [ -75.870978908947123, 9.231215224529741 ], [ -75.87182689058514, 9.230429905675276 ], [ -75.87305809175065, 9.230232470739548 ], [ -75.873858857920808, 9.228679053120405 ], [ -75.874072071267307, 9.225158324658004 ], [ -75.874858221236678, 9.224523152902815 ], [ -75.876013262636974, 9.224498249412987 ], [ -75.876731705074945, 9.225699756227044 ], [ -75.876349309733982, 9.227174570284763 ], [ -75.878158519122152, 9.228011951383573 ], [ -75.87852365325584, 9.228827868130594 ], [ -75.878341621261143, 9.229947801070265 ], [ -75.876497011782718, 9.230674359585787 ], [ -75.87644572904567, 9.231951448634963 ], [ -75.879024419770104, 9.232486890596229 ], [ -75.879971495666311, 9.233209025415283 ], [ -75.880017875952532, 9.234758203585329 ], [ -75.878461215886389, 9.235320739256938 ], [ -75.880222171959915, 9.237071730752028 ], [ -75.879670008178195, 9.238521410474103 ], [ -75.880228275921951, 9.238914406255486 ], [ -75.881693620237712, 9.238849661237523 ], [ -75.882571692826446, 9.236886967546551 ], [ -75.883903488188409, 9.236119913801996 ], [ -75.884625908552977, 9.236202357914024 ], [ -75.885281360630373, 9.237310902423262 ], [ -75.886597126916584, 9.237648589501115 ], [ -75.888972633128631, 9.236259367387387 ], [ -75.892704214238691, 9.237445617994851 ], [ -75.893724248595362, 9.239248093902598 ], [ -75.895518888768649, 9.240042403636357 ], [ -75.894994627215894, 9.241996151989429 ], [ -75.895246433842445, 9.243228657205361 ], [ -75.898065220343994, 9.243802566583229 ], [ -75.899415849800675, 9.242490204136701 ], [ -75.901606630346691, 9.241690034632789 ], [ -75.901682634116767, 9.239623791586595 ], [ -75.90297473763664, 9.238168256317314 ], [ -75.902741118792846, 9.23766732512213 ], [ -75.897977318148747, 9.235123524993572 ], [ -75.896994310932328, 9.233972085242325 ], [ -75.8972254606783, 9.232117854456524 ], [ -75.899533329911094, 9.230462317987556 ], [ -75.903954581634054, 9.230290436425673 ], [ -75.906608426448045, 9.233434299636119 ], [ -75.907476118938206, 9.233688112117385 ], [ -75.908495904976007, 9.236829862644164 ], [ -75.90810450682477, 9.237933268472249 ], [ -75.909673186168789, 9.237100363968185 ], [ -75.910328735861128, 9.233558297457654 ], [ -75.913286516214242, 9.231429529880751 ], [ -75.916880532229698, 9.233138339110116 ], [ -75.918693681714842, 9.23343815122645 ], [ -75.91832902872342, 9.235882650642067 ], [ -75.919352197463368, 9.237203251720354 ], [ -75.920244495129268, 9.235478142650116 ], [ -75.921434225258281, 9.234550152058116 ], [ -75.922421701941701, 9.234538254729886 ], [ -75.922576366625123, 9.235192607085807 ], [ -75.920268289660768, 9.238274009136708 ], [ -75.919933380833925, 9.241852123109123 ], [ -75.920418790598944, 9.243070407259378 ], [ -75.919276649450183, 9.244383870230626 ], [ -75.920885165370834, 9.245059636718421 ], [ -75.921400714960498, 9.247046962417009 ], [ -75.923884872567839, 9.246375954566183 ], [ -75.925241164787607, 9.247161177170549 ], [ -75.923385185119301, 9.24864596046814 ], [ -75.921686249903289, 9.251144394895551 ], [ -75.921643419918382, 9.251872509384913 ], [ -75.922200214079325, 9.253086034928819 ], [ -75.925523428809271, 9.254985142067147 ], [ -75.926165882758795, 9.256139181079378 ], [ -75.929282976713054, 9.257923776224413 ], [ -75.92990163660231, 9.258827971868808 ], [ -75.930091993641085, 9.260636362200007 ], [ -75.928783290645541, 9.264146067459397 ], [ -75.925011844682601, 9.264348320933637 ], [ -75.924045307386891, 9.266355634374513 ], [ -75.924959020391228, 9.267535846824556 ], [ -75.924635414063602, 9.269058702168845 ], [ -75.92513034171435, 9.269782058276258 ], [ -75.924844806637722, 9.270752878302794 ], [ -75.925206484499938, 9.271342984578997 ], [ -75.924844806263053, 9.272466090214673 ], [ -75.926507256363308, 9.279312592854065 ], [ -75.926364488477304, 9.284452228904106 ], [ -75.927696986836679, 9.286498565279487 ], [ -75.929600555603855, 9.286784100463981 ], [ -75.930390536815693, 9.287540769077754 ], [ -75.93098064353353, 9.288958927981851 ], [ -75.930409572720905, 9.289825051345584 ], [ -75.931085339135464, 9.29054840761145 ], [ -75.930105001929505, 9.291728620299669 ], [ -75.930255163795977, 9.292631723555784 ], [ -75.92835116694404, 9.294331420049806 ], [ -75.92361128067553, 9.293874563370576 ], [ -75.92329719230689, 9.294945321638933 ], [ -75.923682664979708, 9.296387274657123 ], [ -75.926737892698142, 9.298671557551822 ], [ -75.928208399504413, 9.301212821683244 ], [ -75.930506958520624, 9.300941562643157 ], [ -75.931634823188091, 9.301484079702126 ], [ -75.931834697778598, 9.302326409663452 ], [ -75.930863877979831, 9.302940310067042 ], [ -75.930735387270246, 9.303839746217752 ], [ -75.932577089967708, 9.305053271896846 ], [ -75.933833445391073, 9.305181762860167 ], [ -75.931658750128932, 9.306484874258601 ], [ -75.933847854204686, 9.312052812591013 ], [ -75.932848480914259, 9.314575041960522 ], [ -75.938273652324582, 9.316954502535054 ], [ -75.941414540215689, 9.317715930524557 ], [ -75.942394878649338, 9.319311755561678 ], [ -75.94425085823346, 9.320406307024653 ], [ -75.947439335274524, 9.320239744825624 ], [ -75.948771833967143, 9.318931041684069 ], [ -75.949223931008248, 9.319454522760356 ], [ -75.949438083324992, 9.321239118730198 ], [ -75.951175089400905, 9.32542697005486 ], [ -75.951127500048642, 9.326711878707185 ], [ -75.950223304763952, 9.327592280057198 ], [ -75.952412409357791, 9.328877188648057 ], [ -75.950130981791744, 9.329892742489653 ], [ -75.949750268019699, 9.334175772842681 ], [ -75.950440311740735, 9.33543688676578 ], [ -75.95205834499221, 9.335532065165268 ], [ -75.95253423794567, 9.336698000913131 ], [ -75.953938119636021, 9.336460054921607 ], [ -75.955841688097948, 9.338339829026642 ], [ -75.956127223600191, 9.339101256790242 ], [ -75.954937493656104, 9.339553354331571 ], [ -75.954937492981244, 9.339957862991913 ], [ -75.956507937097285, 9.340957235856814 ], [ -75.95686485638889, 9.342313528823517 ], [ -75.958054586731421, 9.343360492120874 ], [ -75.955080260474801, 9.349570885392726 ], [ -75.951963166933567, 9.349428117458524 ], [ -75.950702052605038, 9.350237134186818 ], [ -75.950440312069006, 9.351450659248096 ], [ -75.95484231491902, 9.351950346002557 ], [ -75.95565133177135, 9.354853288734692 ], [ -75.959650412056476, 9.357085222769964 ], [ -75.960102509694636, 9.358132186230373 ], [ -75.959507645061024, 9.359512272997094 ], [ -75.959888358148746, 9.360725797893064 ], [ -75.963076835757676, 9.360440262939216 ], [ -75.965194556222642, 9.36227244781699 ], [ -75.965955984245099, 9.36412842762047 ], [ -75.968311650566804, 9.365556104388311 ], [ -75.970500754951786, 9.369030116815756 ], [ -75.970024862085069, 9.372456541352328 ], [ -75.976051375843127, 9.372926916918152 ], [ -75.976765214600263, 9.374354593456809 ], [ -75.980875948107041, 9.374692194447984 ], [ -75.978079006696333, 9.376413759210152 ], [ -75.970082043952715, 9.383098819269563 ], [ -75.963328792829969, 9.389989390341041 ], [ -75.959705170885044, 9.395174385899459 ], [ -75.957403143888385, 9.400111271623574 ], [ -75.956497431886433, 9.405279597245412 ], [ -75.957172005064123, 9.408788065572994 ], [ -75.958906987631934, 9.412780688138046 ], [ -75.961015550336867, 9.415239207676283 ], [ -75.960133152930041, 9.415411555882137 ], [ -75.962806010952121, 9.41784832062274 ], [ -75.963417897045716, 9.417757011967645 ], [ -75.963950535444241, 9.416649505904655 ], [ -75.962447830978888, 9.415899925945924 ], [ -75.96096281188052, 9.414247171058562 ], [ -75.961607720416907, 9.413898371954955 ], [ -75.964246898266538, 9.415891519965712 ], [ -75.965050710390813, 9.417522571719571 ], [ -75.96635680671794, 9.417941364824619 ], [ -75.966652056877408, 9.417533648780129 ], [ -75.965594151414734, 9.417053414122753 ], [ -75.964110833059706, 9.414862529031307 ], [ -75.963709125902042, 9.413381372237591 ], [ -75.96569866657552, 9.416145626238361 ], [ -75.968297230592228, 9.41783068617301 ], [ -75.968171876880234, 9.415951612923804 ], [ -75.966183067687695, 9.412951932391843 ], [ -75.967704554935437, 9.413797570315388 ], [ -75.967674118920229, 9.41272119055137 ], [ -75.963581506328353, 9.410925694882833 ], [ -75.964158915049893, 9.410423007948507 ], [ -75.967171429944528, 9.411037912254592 ], [ -75.962986275909145, 9.40641687387269 ], [ -75.966001010343263, 9.406325481833946 ], [ -75.967657735863128, 9.407238808084724 ], [ -75.969377497689166, 9.409632221268616 ], [ -75.969973348085773, 9.413972871691593 ], [ -75.971385857193013, 9.417138896026763 ], [ -75.969345561239834, 9.419655034802226 ], [ -75.96754663069143, 9.420826562017059 ], [ -75.967490055315707, 9.422810755152854 ], [ -75.966633668952142, 9.423932272067693 ], [ -75.95447300115228, 9.434554430563326 ], [ -75.953873532036056, 9.438415867086484 ], [ -75.952390983355642, 9.441211135313367 ], [ -75.948944761175852, 9.443820856097119 ], [ -75.947556104718387, 9.443642484297738 ], [ -75.932719245640257, 9.446645139134576 ], [ -75.923299191875088, 9.447718490171727 ], [ -75.922769020025569, 9.446987346718839 ], [ -75.919731289300387, 9.446150328698936 ], [ -75.920010549153673, 9.443535273189003 ], [ -75.919579832271921, 9.442236831062933 ], [ -75.921411962170822, 9.438994610253079 ], [ -75.921635089536395, 9.43748233520258 ], [ -75.921176882197699, 9.434634676227338 ], [ -75.923117289060002, 9.4336489815047 ], [ -75.924302856108113, 9.431997763205855 ], [ -75.924025030757818, 9.430468988754848 ], [ -75.922456791222118, 9.428985233900692 ], [ -75.920725354891999, 9.429415117161788 ], [ -75.918887161330275, 9.426288946364069 ], [ -75.916325957196378, 9.425764354096623 ], [ -75.915748869310605, 9.424781079103022 ], [ -75.91498756094397, 9.423111351584286 ], [ -75.915580983591397, 9.421494331750635 ], [ -75.920062238249372, 9.420843291114981 ], [ -75.920273895781833, 9.419133820236754 ], [ -75.917962626490961, 9.417097649594297 ], [ -75.918683266444575, 9.414499655922556 ], [ -75.916272213623287, 9.412368228373319 ], [ -75.916190027724667, 9.409119288011077 ], [ -75.914640138443019, 9.4080059822934 ], [ -75.912319533895939, 9.407420305435929 ], [ -75.911099471311815, 9.405495909051778 ], [ -75.911491077782998, 9.404417921856426 ], [ -75.912690336415224, 9.403538972111182 ], [ -75.915626985934495, 9.403380233547614 ], [ -75.918438564918517, 9.402337453432731 ], [ -75.918960481859287, 9.400864268100015 ], [ -75.918298516289482, 9.398997759969475 ], [ -75.916313872311051, 9.397047477408213 ], [ -75.912199911919032, 9.397666620338697 ], [ -75.911141301686285, 9.39751271700182 ], [ -75.910830301240821, 9.396520527554125 ], [ -75.910169115020466, 9.396700037070648 ], [ -75.909414753582553, 9.396101415549152 ], [ -75.909340110082823, 9.395642728653241 ], [ -75.910491482730052, 9.394768670246892 ], [ -75.91007369616662, 9.394008255835244 ], [ -75.908361750639216, 9.393538927500709 ], [ -75.91037411653322, 9.391615688089866 ], [ -75.909978839579907, 9.389704929560926 ], [ -75.91105334209584, 9.388001742235115 ], [ -75.910510347056871, 9.385470087182352 ], [ -75.908083800058023, 9.384725683567625 ], [ -75.907932423148168, 9.384153522298547 ], [ -75.908429486074084, 9.383443210141296 ], [ -75.909448994278335, 9.383189266817803 ], [ -75.911630928574482, 9.380557414049955 ], [ -75.913905169622836, 9.380832539532205 ], [ -75.915727051330975, 9.379331093121126 ], [ -75.918439624605796, 9.375070574681112 ], [ -75.918445776368415, 9.372583901543129 ], [ -75.919249348272004, 9.371565939674893 ], [ -75.921073987132118, 9.370600046827564 ], [ -75.920729121448119, 9.367841672587716 ], [ -75.922071954794689, 9.36269391458814 ], [ -75.921153606455917, 9.362029211956029 ], [ -75.921774742590301, 9.361117401540682 ], [ -75.921071426980234, 9.360140750226559 ], [ -75.920885418045899, 9.357736371030509 ], [ -75.923186114065885, 9.355754224338153 ], [ -75.924752727075358, 9.353355074297607 ], [ -75.928827394958361, 9.35178447708382 ], [ -75.928820314739653, 9.350445558898882 ], [ -75.928022340943826, 9.349765991173047 ], [ -75.929880848784009, 9.348843135037349 ], [ -75.930327318249255, 9.347914297256905 ], [ -75.932705954933112, 9.348170861051203 ], [ -75.933335021752441, 9.347629602214838 ], [ -75.933028409265091, 9.346555260607714 ], [ -75.931190317274329, 9.34608666397501 ], [ -75.930578535314183, 9.344206953020485 ], [ -75.931235634789658, 9.343277015537387 ], [ -75.934003204463053, 9.343113124810772 ], [ -75.934149858323394, 9.342395063379826 ], [ -75.933420398665476, 9.341024058455842 ], [ -75.934741061838352, 9.340389523531661 ], [ -75.934767826941254, 9.339761749908547 ], [ -75.934010815370584, 9.338869086774759 ], [ -75.935209841126735, 9.337996088645276 ], [ -75.937074017218691, 9.337717353916382 ], [ -75.937184941013271, 9.33674120348183 ], [ -75.93785842202476, 9.33630740652905 ], [ -75.936587313875677, 9.335261920572908 ], [ -75.935948137510692, 9.33275473035205 ], [ -75.935964039788558, 9.331212462624615 ], [ -75.936776337103581, 9.330048590029811 ], [ -75.936590353285808, 9.32902143900551 ], [ -75.936034425556159, 9.328593966761902 ], [ -75.935942768213778, 9.327195720325919 ], [ -75.93695257564697, 9.324691867171754 ], [ -75.936718337667699, 9.321369623078393 ], [ -75.93722979163924, 9.320219279213022 ], [ -75.934316779155097, 9.31787935994717 ], [ -75.930651561633027, 9.316679045135878 ], [ -75.928005787301075, 9.314791958691268 ], [ -75.926532400086089, 9.311547850989005 ], [ -75.924299947192395, 9.308140295163504 ], [ -75.923345213894436, 9.307392073994908 ], [ -75.919705450946807, 9.30643058625556 ], [ -75.915091774519482, 9.303346075488269 ], [ -75.913489670347317, 9.303079358532175 ], [ -75.911672131408054, 9.300733556144138 ], [ -75.908152986356896, 9.2998071767176 ], [ -75.905330648243861, 9.300957383329179 ], [ -75.90374896313827, 9.302304459688729 ], [ -75.902015653445289, 9.302265508501355 ], [ -75.901299942813026, 9.301181249501909 ], [ -75.899351364957113, 9.301406398220351 ], [ -75.897674893871098, 9.300721555271547 ], [ -75.895311994692634, 9.297625250938173 ], [ -75.893067250820337, 9.296429200349925 ], [ -75.890940098094958, 9.292122024277129 ], [ -75.889451399988019, 9.290962750043832 ], [ -75.889138785044722, 9.290084429773453 ], [ -75.890595922059234, 9.288852820338249 ], [ -75.890972572308101, 9.287205868414782 ], [ -75.892626874136795, 9.286872285681396 ], [ -75.893819557603976, 9.285887602027612 ], [ -75.893513540323994, 9.285221955015999 ], [ -75.892329716467742, 9.284367192751873 ], [ -75.890186079559342, 9.284091146752436 ], [ -75.890104656440244, 9.282298273580338 ], [ -75.888582533104099, 9.281182194317683 ], [ -75.885595517523086, 9.280719103697129 ], [ -75.884498867514523, 9.278821852746738 ], [ -75.885923034829958, 9.27491723488861 ], [ -75.884867112749006, 9.273177100640266 ], [ -75.884752685558141, 9.271982149932393 ], [ -75.88273758949353, 9.270940255373539 ], [ -75.881050278302425, 9.270654177771835 ], [ -75.879730317770864, 9.268575819630932 ], [ -75.879607277544196, 9.267103544678299 ], [ -75.878079245781493, 9.26575310699865 ], [ -75.877679542073651, 9.262885837763033 ], [ -75.874476703796077, 9.261601178360493 ], [ -75.875085820319967, 9.259085911837698 ], [ -75.87313125407924, 9.258279551788723 ], [ -75.870019343716862, 9.255402733638791 ], [ -75.87026611052741, 9.249207633093846 ], [ -75.871499517331102, 9.247532495926011 ], [ -75.871126486820017, 9.245904624810249 ], [ -75.87162898423054, 9.245328253779121 ], [ -75.871718468654748, 9.243988804471739 ], [ -75.871209071904289, 9.243202295247324 ], [ -75.868269548625108, 9.242547470809173 ], [ -75.86710607220607, 9.24160027251688 ], [ -75.86623402786806, 9.242867484013685 ], [ -75.863956333728609, 9.243639192192697 ], [ -75.863334252833141, 9.243412744227859 ], [ -75.862358238501756, 9.241724708866331 ], [ -75.861569438723464, 9.241606684217398 ], [ -75.860321822174598, 9.240465159523717 ], [ -75.857000801785745, 9.240613623598884 ], [ -75.855699039375097, 9.240189676116998 ], [ -75.853258595093834, 9.235861909029081 ], [ -75.854254948797617, 9.232975708513312 ], [ -75.851998893916033, 9.231815217563899 ], [ -75.850577989589667, 9.230202443480797 ], [ -75.848988553192456, 9.229995082005916 ], [ -75.847576749388267, 9.229212971926843 ], [ -75.845031993826026, 9.224155539927713 ], [ -75.843989426798373, 9.223572448904919 ], [ -75.841953821569987, 9.223654174385194 ], [ -75.839157335425057, 9.224629112355952 ], [ -75.837317327261985, 9.226302341421308 ], [ -75.835895494787025, 9.224946356924715 ], [ -75.8320709243511, 9.225352400350719 ], [ -75.828688374428353, 9.224622856471566 ], [ -75.826357357776914, 9.226298428454477 ], [ -75.822792163766778, 9.226602688296266 ], [ -75.819484126993274, 9.226346140011996 ], [ -75.81780136307404, 9.225402344574899 ], [ -75.814479428540466, 9.22525470992937 ], [ -75.813742577092313, 9.224187033160756 ], [ -75.813904159661462, 9.22179510328116 ], [ -75.816934574987613, 9.219427575395937 ], [ -75.81788820931736, 9.217586564692303 ], [ -75.819152874508504, 9.216356181414717 ], [ -75.819388717234929, 9.213409151188216 ], [ -75.820299322461366, 9.210650147926588 ], [ -75.819504081284421, 9.209448858287866 ], [ -75.817687928071862, 9.208137724100309 ], [ -75.817525770202977, 9.206474268816343 ], [ -75.816147478077298, 9.20414716146572 ], [ -75.816217662192983, 9.202750391645422 ], [ -75.816980064592926, 9.201178120093815 ], [ -75.816389994120556, 9.198617654787734 ], [ -75.817265001383134, 9.19645183626406 ], [ -75.816657855207808, 9.190390808534138 ], [ -75.815707555035573, 9.188960695895492 ], [ -75.812160061937945, 9.187887393323248 ], [ -75.811845437917299, 9.186530728515594 ], [ -75.814510020601105, 9.185188119679344 ], [ -75.814408409310317, 9.184088677637222 ], [ -75.813346126166678, 9.183376438970912 ], [ -75.813222783398999, 9.182755331455869 ], [ -75.816983819621839, 9.179270070321355 ], [ -75.817621862738449, 9.176875847565887 ], [ -75.822362366150543, 9.176876904304462 ], [ -75.824567954139042, 9.175192450299413 ], [ -75.824757412644743, 9.174569837720529 ], [ -75.824321710597076, 9.174045892320127 ], [ -75.823117876544813, 9.1739082384429 ], [ -75.821723878442668, 9.171786845819202 ], [ -75.824060087255106, 9.170312460736538 ], [ -75.8243912531115, 9.169143983765769 ], [ -75.827318077600737, 9.165798708599025 ], [ -75.827638013851256, 9.164305090420124 ], [ -75.826362969733324, 9.163179765830355 ], [ -75.827119338310695, 9.162853306665548 ], [ -75.830189506547057, 9.163304725544121 ], [ -75.831017879650361, 9.16294204272357 ], [ -75.83086823124799, 9.161866755862413 ], [ -75.82988898384518, 9.160903087491961 ], [ -75.829663641065736, 9.159110824740537 ], [ -75.83099808856565, 9.155979001583994 ], [ -75.830574781114436, 9.155034160247869 ], [ -75.827714614858792, 9.154703665503039 ], [ -75.827567019290697, 9.154044423106894 ], [ -75.828454515284847, 9.152490676614521 ], [ -75.827771626730396, 9.148649020119068 ], [ -75.828043605224593, 9.148174260920944 ], [ -75.830196118372797, 9.148465144336448 ], [ -75.830824298318632, 9.147027424058258 ], [ -75.832480480296027, 9.146201642548547 ], [ -75.832519572342989, 9.145324054415156 ], [ -75.83157699323769, 9.144467805426739 ], [ -75.831137933067922, 9.143250448988814 ], [ -75.83134815556221, 9.141958217968297 ], [ -75.832970648876511, 9.141627566902825 ], [ -75.833868516406838, 9.140726544925935 ], [ -75.834776849940241, 9.138346645832051 ], [ -75.836489178121084, 9.137204953980318 ], [ -75.836250952055806, 9.135728387843422 ], [ -75.833884329647205, 9.13297091141696 ], [ -75.833239951607553, 9.131094594373431 ], [ -75.830546934067769, 9.129471972736065 ], [ -75.829548772541429, 9.126090931318505 ], [ -75.829564471916242, 9.125363948383102 ], [ -75.833281629819439, 9.121902769952223 ], [ -75.833679927548502, 9.120695712412772 ], [ -75.832769702599009, 9.119552361759103 ], [ -75.833628059149873, 9.117960501591803 ], [ -75.832640387773523, 9.116721877082789 ], [ -75.830760354489456, 9.117261867742009 ], [ -75.826079979337379, 9.116595749299831 ], [ -75.825051448046366, 9.115854653555328 ], [ -75.824957649958009, 9.11437737435592 ], [ -75.825402767747008, 9.113887441939751 ], [ -75.827408344359611, 9.113691291662205 ], [ -75.828354492829035, 9.112338134174548 ], [ -75.830371885381425, 9.113327828955629 ], [ -75.832432130421296, 9.11349006074613 ], [ -75.832784181022916, 9.110695510922101 ], [ -75.834265141901597, 9.110477945365334 ], [ -75.835007623540221, 9.10881012995765 ], [ -75.836139050187796, 9.10796298613751 ], [ -75.835894814192812, 9.105247834383432 ], [ -75.839121818704797, 9.103931462575458 ], [ -75.840462021470103, 9.102490299357349 ], [ -75.840648390612003, 9.101246008248104 ], [ -75.839794353645999, 9.099777203218482 ], [ -75.837040216426871, 9.09938880184612 ], [ -75.835900873070869, 9.098610008457911 ], [ -75.835947034619778, 9.097347863183517 ], [ -75.83705343507232, 9.096309552086336 ], [ -75.834957253577016, 9.093575086551892 ], [ -75.833930672381754, 9.093221361851812 ], [ -75.831999695485564, 9.093890613988467 ], [ -75.831214377083469, 9.092689255224906 ], [ -75.831564756454839, 9.090535540507723 ], [ -75.83235074339963, 9.089522248274816 ], [ -75.832231777169071, 9.087322968372559 ], [ -75.830462560793308, 9.08711626996952 ], [ -75.829905479163997, 9.086341822969182 ], [ -75.830058766772368, 9.085707433276085 ], [ -75.831583745322746, 9.085162098713331 ], [ -75.83246474895968, 9.084213042822782 ], [ -75.832963021270899, 9.082790307891743 ], [ -75.828861800471529, 9.079424141834112 ], [ -75.825804487115789, 9.079983974251467 ], [ -75.824467424974941, 9.08108073915106 ], [ -75.822995639018842, 9.079195179001781 ], [ -75.823145063773197, 9.078257131582378 ], [ -75.825889123979877, 9.07659889272939 ], [ -75.827074052588827, 9.074890719867302 ], [ -75.825969873576739, 9.073403926898532 ], [ -75.826078022851547, 9.071892200954062 ], [ -75.827628956139847, 9.070258794873597 ], [ -75.828063884301756, 9.068668988110954 ], [ -75.829696504170485, 9.06801077467871 ], [ -75.830561381774856, 9.066586287162396 ], [ -75.831409270328848, 9.062852031306912 ], [ -75.832980316379633, 9.061409808520322 ], [ -75.837156535092561, 9.061447134365169 ], [ -75.837485235396755, 9.057811020887007 ], [ -75.838751130352946, 9.056944121555302 ], [ -75.839553121803078, 9.055658611441279 ], [ -75.840191654440716, 9.052422719491588 ], [ -75.839781301332565, 9.05114304466659 ], [ -75.839144966125374, 9.050878298089271 ], [ -75.838848218248913, 9.049215491683778 ], [ -75.836821630671736, 9.047981835600561 ], [ -75.836641657649608, 9.046586272172455 ], [ -75.837136867038211, 9.045531792033982 ], [ -75.840166288583674, 9.043260000182789 ], [ -75.842327043230966, 9.040437628012063 ], [ -75.842800843604508, 9.03894327789701 ], [ -75.842633395911676, 9.036170365353907 ], [ -75.844457054328217, 9.035262520146638 ], [ -75.845257684452022, 9.033709209298056 ], [ -75.844928367810681, 9.029311108422624 ], [ -75.845401406517055, 9.02766373052833 ], [ -75.844176678637851, 9.025106327400998 ], [ -75.843995961774397, 9.023557739724804 ], [ -75.842530790060565, 9.022990909371178 ], [ -75.841572880652365, 9.023856320563178 ], [ -75.840320949411364, 9.023613652007239 ], [ -75.84004636245642, 9.022543737963185 ], [ -75.838248429418599, 9.020811605860786 ], [ -75.838423165417183, 9.019759403685454 ], [ -75.840658388370343, 9.019413927381269 ], [ -75.8412062459266, 9.018311373854699 ], [ -75.840261198100052, 9.016869266902914 ], [ -75.840441722732038, 9.014417480576276 ], [ -75.839583305530681, 9.013477093813821 ], [ -75.839106996179055, 9.011972955475875 ], [ -75.838180430371366, 9.011857834685166 ], [ -75.837414308445943, 9.012590800855847 ], [ -75.836197558414511, 9.012154258088206 ], [ -75.835969990307646, 9.009859844353574 ], [ -75.839188585287317, 9.006472933269212 ], [ -75.839056403639745, 9.004010686767547 ], [ -75.837944962740309, 9.002963899167515 ], [ -75.834911643160723, 9.002380602988104 ], [ -75.835003458964295, 9.001471528334383 ], [ -75.833240470584812, 8.999973512015487 ], [ -75.833692938609516, 8.999038805500271 ], [ -75.831621916148592, 8.998498708744965 ], [ -75.831272767250127, 8.99591792435395 ], [ -75.832323046808284, 8.994263027009264 ], [ -75.833282647273293, 8.993756314220359 ], [ -75.833037187433362, 8.992729287222112 ], [ -75.831631413816197, 8.991981172315553 ], [ -75.832065374625358, 8.990200087611484 ], [ -75.833596296237772, 8.988471169037139 ], [ -75.832639255410967, 8.985510693675595 ], [ -75.83311703111562, 8.984838896615868 ], [ -75.834711270091134, 8.984276558103691 ], [ -75.836117958004223, 8.980730951786061 ], [ -75.836796525114792, 8.980339254004852 ], [ -75.835994591119402, 8.979086427454066 ], [ -75.836743612074073, 8.974817045342865 ], [ -75.837716979616587, 8.973186425293802 ], [ -75.837958697601835, 8.971444515717442 ], [ -75.839455199769645, 8.970576567733509 ], [ -75.839393237955036, 8.969696921185191 ], [ -75.837536332882323, 8.967639816381157 ], [ -75.836542161225196, 8.964947329809558 ], [ -75.836808742583173, 8.96437218496327 ], [ -75.837713519656717, 8.96448265330314 ], [ -75.838517585420334, 8.963656268883005 ], [ -75.837334720446265, 8.961729849966673 ], [ -75.837623387454769, 8.957749600058678 ], [ -75.837867780356234, 8.956562425965432 ], [ -75.839363859336942, 8.955617974189972 ], [ -75.839971837767237, 8.954027355658544 ], [ -75.838207169146585, 8.951128113843314 ], [ -75.838189844298782, 8.949659391602124 ], [ -75.837268160556945, 8.94702393933647 ], [ -75.837568468527252, 8.946462982770369 ], [ -75.838361478373983, 8.946344437886562 ], [ -75.840644822090397, 8.947093962466228 ], [ -75.841769613988689, 8.946959484772075 ], [ -75.844150679622715, 8.945158363599253 ], [ -75.845917812221785, 8.940597195020377 ], [ -75.847642900760036, 8.939288179529207 ], [ -75.851463543447224, 8.937701330103309 ], [ -75.852151269890228, 8.936703326100622 ], [ -75.850546198261611, 8.93572322496734 ], [ -75.847909290423416, 8.936438818050696 ], [ -75.846838301465738, 8.935755281004413 ], [ -75.844384488595097, 8.929554781185017 ], [ -75.844796603671455, 8.928247252667443 ], [ -75.845573829085311, 8.927856185209222 ], [ -75.843995558507544, 8.926687255985296 ], [ -75.841945670268842, 8.926453107470927 ], [ -75.841203385220567, 8.925108025529967 ], [ -75.841050771157953, 8.923372774218189 ], [ -75.838663221159578, 8.921920718735045 ], [ -75.838382152774443, 8.920473011500029 ], [ -75.839226555594934, 8.919048662110528 ], [ -75.838673091480047, 8.917960918870628 ], [ -75.838995703100977, 8.916036901154152 ], [ -75.838598239851748, 8.915396082332528 ], [ -75.836501124879021, 8.915329496151783 ], [ -75.835504591791278, 8.916118511365731 ], [ -75.83419707254194, 8.916239469696331 ], [ -75.831866646762307, 8.91565746958018 ], [ -75.830120338435833, 8.916545658203189 ], [ -75.824721642518611, 8.917986653770273 ], [ -75.822959972615095, 8.919697449711972 ], [ -75.819118179868425, 8.92088237644821 ], [ -75.8191021185214, 8.921551982009998 ], [ -75.817276620094006, 8.921981384663432 ], [ -75.815759580358701, 8.921535757657919 ], [ -75.814797437703035, 8.918933868539938 ], [ -75.814996374305196, 8.917401696209964 ], [ -75.814014224460692, 8.917176733056587 ], [ -75.81433446530886, 8.915740525420571 ], [ -75.813677171638901, 8.915054935392689 ], [ -75.810478595500072, 8.913941220679982 ], [ -75.810664918196039, 8.912658673694809 ], [ -75.811848728812137, 8.910778461543197 ], [ -75.815071353278299, 8.907827041610545 ], [ -75.814946370508679, 8.906380048389966 ], [ -75.813010102838859, 8.90470069848541 ], [ -75.811334233114167, 8.904211143018188 ], [ -75.808987900515092, 8.904317716088213 ], [ -75.808389246844271, 8.903823132348341 ], [ -75.80724650531333, 8.902164174362166 ], [ -75.806867724437595, 8.899334758240331 ], [ -75.80828208582551, 8.897396100410395 ], [ -75.808660593538093, 8.896074401659083 ], [ -75.808209459326235, 8.894220931549961 ], [ -75.804722096283314, 8.891447782527642 ], [ -75.801832096650529, 8.887372208871909 ], [ -75.795945788115759, 8.884228642596298 ], [ -75.794868291928822, 8.882095861763704 ], [ -75.793737614896173, 8.881031146248466 ], [ -75.797203568972975, 8.881804284015603 ], [ -75.799367492048503, 8.881794301883515 ], [ -75.800088464860707, 8.881719237212897 ], [ -75.801820696285006, 8.880337786571518 ], [ -75.801333264742127, 8.878935206131937 ], [ -75.801413655604918, 8.876842529891499 ], [ -75.800539995996175, 8.876398212736074 ], [ -75.800688033999975, 8.875919287787658 ], [ -75.803459529409636, 8.873925260237863 ], [ -75.805248741394792, 8.871523526287913 ], [ -75.80653322934721, 8.870618490541586 ], [ -75.806549418876003, 8.869968008379139 ], [ -75.810782510366067, 8.864133002256635 ], [ -75.811910366974132, 8.863673443447341 ], [ -75.811449302383835, 8.862766928304033 ], [ -75.812705453499561, 8.858906495031011 ], [ -75.812001399027395, 8.85745113288492 ], [ -75.813196872319821, 8.856034782659593 ], [ -75.813074532765242, 8.855581022865209 ], [ -75.811292588778414, 8.854979531484982 ], [ -75.811144978666107, 8.854262856267839 ], [ -75.811497202275078, 8.852467827037321 ], [ -75.812822427578823, 8.850524816801569 ], [ -75.814768937430102, 8.850336447960959 ], [ -75.816760602282201, 8.852084723080626 ], [ -75.820583194504181, 8.852271361829571 ], [ -75.825478512626489, 8.846241885454425 ], [ -75.828086211284955, 8.844546316181475 ], [ -75.828865437073631, 8.842572344387603 ], [ -75.832027753993501, 8.840223762720166 ], [ -75.832807314827193, 8.838326304091712 ], [ -75.832605123856624, 8.836242149121684 ], [ -75.833767597265535, 8.833979439306368 ], [ -75.832910074888659, 8.831592282941802 ], [ -75.835364205882911, 8.832271562174592 ], [ -75.836279903448187, 8.830698662907126 ], [ -75.838319566485012, 8.830918645566843 ], [ -75.840535543695793, 8.828781058011126 ], [ -75.840594206095489, 8.82594725437014 ], [ -75.841632083176648, 8.824292474907555 ], [ -75.842072230065412, 8.818264677385368 ], [ -75.842534856455671, 8.816971276126695 ], [ -75.840895870671545, 8.815049303063738 ], [ -75.841121061616633, 8.813871793016837 ], [ -75.842346351146034, 8.813722571388357 ], [ -75.843290397759574, 8.815095445930528 ], [ -75.844457612197218, 8.812842268707406 ], [ -75.845085568915621, 8.813461017446578 ], [ -75.845662039253895, 8.813362658967321 ], [ -75.848821914332149, 8.810574039337352 ], [ -75.850809062321616, 8.809789642885994 ], [ -75.851914953476779, 8.808046172547112 ], [ -75.850090791363442, 8.806999177625027 ], [ -75.849803645431862, 8.806382321030547 ], [ -75.846134658428369, 8.805730067179587 ], [ -75.84271576362211, 8.803251843586905 ], [ -75.843171134898981, 8.802781339284056 ], [ -75.845208729822986, 8.802599608881607 ], [ -75.845992355914873, 8.801582074542726 ], [ -75.850220932818956, 8.801481060518084 ], [ -75.854966244808452, 8.798493652260698 ], [ -75.855684628686234, 8.797916383328905 ], [ -75.856779387237665, 8.79561570981839 ], [ -75.858122502655306, 8.794987663315819 ], [ -75.859643046626232, 8.791250286569952 ], [ -75.859292818242011, 8.788382569960069 ], [ -75.860059251028929, 8.787805070309364 ], [ -75.860480253536181, 8.785364112866928 ], [ -75.859894923440507, 8.783597433518457 ], [ -75.860074194565854, 8.780870681375783 ], [ -75.859298642665735, 8.77953530495755 ], [ -75.859703907984724, 8.776579799681837 ], [ -75.859409772242714, 8.775385616030418 ], [ -75.860408780423612, 8.773181044065812 ], [ -75.860591252719672, 8.771123797714784 ], [ -75.859474439985149, 8.768785746339278 ], [ -75.859802272940072, 8.766966928411916 ], [ -75.868536695398632, 8.763912785322226 ], [ -75.869541356465618, 8.762903745753366 ], [ -75.872372203791713, 8.761790391023963 ], [ -75.874048443461206, 8.760491217223402 ], [ -75.874042014139818, 8.759152215804693 ], [ -75.872729000822716, 8.756002159194855 ], [ -75.873438106805139, 8.753512015766802 ], [ -75.872559804818437, 8.750790293502879 ], [ -75.880021968244463, 8.746019604168648 ], [ -75.881121307392391, 8.744723162776053 ], [ -75.883764778324391, 8.744662740275784 ], [ -75.885143047605567, 8.741404244313067 ], [ -75.888145397438151, 8.736033809654428 ], [ -75.888959287274474, 8.735360408977058 ], [ -75.890206228369053, 8.734780581558166 ], [ -75.891408104075623, 8.734822655088882 ], [ -75.892420492857767, 8.735439497923347 ], [ -75.8940762671795, 8.739879025350659 ], [ -75.896697059652666, 8.74158525522056 ], [ -75.899330402587651, 8.740439217937805 ], [ -75.901436821616244, 8.740658628548099 ], [ -75.903322924494631, 8.737091594091199 ], [ -75.903602590955785, 8.735296925584535 ], [ -75.904175954716692, 8.734591180990062 ], [ -75.90621896471599, 8.733935915927187 ], [ -75.906504629885916, 8.733375022757693 ], [ -75.905814192275514, 8.73076727966 ], [ -75.905727775394539, 8.727826652526543 ], [ -75.908084712093356, 8.720781536474957 ], [ -75.911533178058733, 8.7159538377964 ], [ -75.912065701581639, 8.712168758166166 ], [ -75.912655118483272, 8.711807249379524 ], [ -75.915655112031473, 8.711979255798516 ], [ -75.916568466669375, 8.712993438276683 ], [ -75.919685852587648, 8.713580889799019 ], [ -75.920627303683986, 8.709719219951102 ], [ -75.919416709061295, 8.706351385713846 ], [ -75.91958645413537, 8.705681061612344 ], [ -75.920411283069697, 8.70530405750384 ], [ -75.922191046475717, 8.705601487577974 ], [ -75.923733470252145, 8.70802561523919 ], [ -75.925116936240229, 8.707875430154299 ], [ -75.925604205397491, 8.707270512796786 ], [ -75.925987091408345, 8.705963127737654 ], [ -75.927392618714649, 8.704435574814198 ], [ -75.926983881289345, 8.701578990508413 ], [ -75.926437478609344, 8.700415999145871 ], [ -75.924748475367821, 8.699019447359809 ], [ -75.924709940481563, 8.697286107249473 ], [ -75.923013496355281, 8.694365269633243 ], [ -75.922372182628379, 8.692216409040736 ], [ -75.921539838310991, 8.691454761363524 ], [ -75.930318152354957, 8.692234263806693 ], [ -75.941677895814351, 8.694066482047939 ], [ -75.953587304859809, 8.698280576344786 ], [ -75.964580608171644, 8.705426218650056 ], [ -75.969412316746698, 8.707671142182505 ], [ -75.977113765960425, 8.712569599740259 ], [ -75.983718491920499, 8.715985834550255 ], [ -75.990095458532807, 8.718263324932618 ], [ -75.994650438554572, 8.717352332354059 ], [ -76.000799668620758, 8.709608860991642 ], [ -76.007859890607662, 8.697082657720751 ], [ -76.010655756220757, 8.68009241868927 ], [ -76.012988372320351, 8.681116381232476 ], [ -76.013459607445512, 8.682498352375017 ], [ -76.014780064267939, 8.683218495725127 ], [ -76.01645423814648, 8.682631374617712 ], [ -76.018451497139409, 8.683195040186838 ], [ -76.019155068379675, 8.684506479938157 ], [ -76.019040164680845, 8.685524712496429 ], [ -76.01965466138482, 8.685868268706658 ], [ -76.020769992788644, 8.685480032606133 ], [ -76.02101034440426, 8.683159590237636 ], [ -76.021295846809082, 8.682608217183473 ], [ -76.021956671998637, 8.682616802230942 ], [ -76.023956953222509, 8.683766202965309 ], [ -76.024278378702618, 8.685521903163238 ], [ -76.026227847457079, 8.686133585118194 ], [ -76.026241863291716, 8.688847228477842 ], [ -76.023935242612211, 8.691202141342371 ], [ -76.022971891087096, 8.690776693086736 ], [ -76.020612435921137, 8.692211348341322 ], [ -76.018124143105382, 8.691961030675674 ], [ -76.017057031112799, 8.692384881768696 ], [ -76.014921289356437, 8.695276850691663 ], [ -76.01520289140197, 8.697274851886121 ], [ -76.015807360888871, 8.698001013860525 ], [ -76.018735241819968, 8.697280763594954 ], [ -76.019294402520828, 8.699380697499837 ], [ -76.021922758796038, 8.703479698467827 ], [ -76.021983040209321, 8.705846422811609 ], [ -76.021062666520365, 8.706771640896035 ], [ -76.021094781478808, 8.708337544147824 ], [ -76.020192586277133, 8.710458141455733 ], [ -76.018999867951052, 8.712161806445444 ], [ -76.016391475715196, 8.714279158244548 ], [ -76.016588336944821, 8.715174758766596 ], [ -76.018263041543349, 8.716062812274879 ], [ -76.018319620329294, 8.71782943233428 ], [ -76.017949268899372, 8.718706411070288 ], [ -76.01649474470976, 8.719043790741576 ], [ -76.016225832688832, 8.720020670505992 ], [ -76.01735859073699, 8.721592910200599 ], [ -76.019499820043649, 8.723002183120943 ], [ -76.019162901502554, 8.724768423372689 ], [ -76.017538302186381, 8.725680509565214 ], [ -76.017399378597347, 8.726699762555782 ], [ -76.020271378962448, 8.728706111396077 ], [ -76.021944608654508, 8.728831430775289 ], [ -76.022897251916461, 8.729416740981511 ], [ -76.018396033895414, 8.732643665891908 ], [ -76.017781858882884, 8.73470302143855 ], [ -76.017350163578442, 8.734872597210433 ], [ -76.013706776760188, 8.732045993549407 ], [ -76.012172980481608, 8.732866745920369 ], [ -76.011470288539599, 8.731746582884369 ], [ -76.008895644472162, 8.731114146156971 ], [ -76.007001564427952, 8.72729825304625 ], [ -76.004503583812962, 8.727550045441518 ], [ -76.002481926420174, 8.726962566902543 ], [ -76.001289324559423, 8.72871402202321 ], [ -75.99922779725523, 8.729728678735112 ], [ -75.999887655978569, 8.73187720730842 ], [ -75.998787237662583, 8.732863082391422 ], [ -75.996949357122517, 8.736083400955604 ], [ -75.998828812074336, 8.738291010993986 ], [ -76.000173209852804, 8.738016403511773 ], [ -76.001443843946831, 8.738354253797841 ], [ -76.002710356009771, 8.737888756007186 ], [ -76.006331484677389, 8.739190151611648 ], [ -76.007011356543842, 8.740544754086597 ], [ -76.0108472529203, 8.742476215763435 ], [ -76.012115239741405, 8.742297592146549 ], [ -76.012666653735579, 8.741108863701566 ], [ -76.013664986154083, 8.740835975973187 ], [ -76.015244917101668, 8.741497363010589 ], [ -76.015405244996316, 8.742758962951712 ], [ -76.016041065742272, 8.743023495122895 ], [ -76.017613090441685, 8.742154705527811 ], [ -76.019516888466967, 8.742240586276317 ], [ -76.02043257084263, 8.744569448030845 ], [ -76.021604723320422, 8.744448667076718 ], [ -76.022788952931293, 8.742950640212472 ], [ -76.024267411464038, 8.74257962182331 ], [ -76.026599962330835, 8.740081056409407 ], [ -76.02956659752887, 8.741213427020257 ], [ -76.02976621879013, 8.742627827755996 ], [ -76.030402143750464, 8.742911459892198 ], [ -76.031553959912387, 8.742580353162841 ], [ -76.032384431140812, 8.743302908473497 ], [ -76.033461440418918, 8.743373857204306 ], [ -76.034093075299097, 8.742835027919389 ], [ -76.037437046388774, 8.742588210219077 ], [ -76.0377687737424, 8.743523731959321 ], [ -76.036179084052037, 8.744679598461557 ], [ -76.03745524971589, 8.746069290524996 ], [ -76.03905204646108, 8.746271421381511 ], [ -76.040254121619867, 8.744524606452565 ], [ -76.041829781327507, 8.744363417358956 ], [ -76.043993532823606, 8.746360549610349 ], [ -76.046190328993546, 8.747324621186612 ], [ -76.04647900541984, 8.747951329649339 ], [ -76.045388288926105, 8.748932490961689 ], [ -76.045572095786952, 8.75098293195129 ], [ -76.047009708159734, 8.752195460512588 ], [ -76.04364210959065, 8.751615249866257 ], [ -76.042364040528113, 8.754222002039084 ], [ -76.038737334276732, 8.755794917456415 ], [ -76.037816260997914, 8.757742311170249 ], [ -76.03727709844263, 8.758043970651979 ], [ -76.034899213094249, 8.757159694338252 ], [ -76.033880494189304, 8.757673036189239 ], [ -76.033348670152336, 8.759379318429854 ], [ -76.032000588070559, 8.760103567572212 ], [ -76.029025107711618, 8.759725931729085 ], [ -76.02686578238071, 8.758123195515887 ], [ -76.025773422895568, 8.758344010131989 ], [ -76.024663312526769, 8.759772333688247 ], [ -76.023005503423661, 8.76006950223776 ], [ -76.02106559834337, 8.758601882252711 ], [ -76.019679010745037, 8.75816429297741 ], [ -76.01801541714606, 8.759923004043904 ], [ -76.016228420310071, 8.760133011964991 ], [ -76.015443140900075, 8.761643334427054 ], [ -76.014394957069172, 8.762509448202211 ], [ -76.011973025191708, 8.762636618720267 ], [ -76.010923493997524, 8.763244508947327 ], [ -76.007346703932342, 8.763133681142243 ], [ -76.006661497508475, 8.761688260387707 ], [ -76.005979167634067, 8.761429215518675 ], [ -76.004485813448056, 8.762661003037373 ], [ -76.002279096005481, 8.763513867343647 ], [ -76.001602821132295, 8.762866969593805 ], [ -75.998391298068185, 8.762749413363011 ], [ -75.997191986069637, 8.761340054170347 ], [ -75.99515475944483, 8.761503417381338 ], [ -75.994464270705976, 8.761832092361114 ], [ -75.992748963582613, 8.764786470619207 ], [ -75.986049070703658, 8.766828800107586 ], [ -75.983832111718939, 8.769460515949305 ], [ -75.981451460560734, 8.770161131745228 ], [ -75.979829498766861, 8.769801530503461 ], [ -75.979401517804476, 8.77010690538604 ], [ -75.979274472538961, 8.770645518799013 ], [ -75.980157220768476, 8.771250774433478 ], [ -75.981081760168507, 8.773092868691682 ], [ -75.981031242640512, 8.774499025182811 ], [ -75.982467825409898, 8.775123568444901 ], [ -75.981400372386005, 8.775293641586719 ], [ -75.979719272954782, 8.777444447387664 ], [ -75.975070725457869, 8.779618557228027 ], [ -75.974000392356004, 8.78086829649137 ], [ -75.974346356854269, 8.781331763294533 ], [ -75.975997421187586, 8.780708970130327 ], [ -75.97729955321077, 8.781539260727092 ], [ -75.978931781078074, 8.781112611927655 ], [ -75.97969063967362, 8.781455478336259 ], [ -75.980331460269255, 8.782217361914606 ], [ -75.97993890938308, 8.783008369440697 ], [ -75.980136064284736, 8.783963771015161 ], [ -75.981133449284457, 8.785477810507041 ], [ -75.982493924698446, 8.785961090004818 ], [ -75.982512963718463, 8.787335810606871 ], [ -75.983284667458335, 8.78782206836844 ], [ -75.980606082097268, 8.789340351601803 ], [ -75.978779408412791, 8.789349573110634 ], [ -75.977959910271224, 8.790788302176235 ], [ -75.976859611999771, 8.789952221539554 ], [ -75.975072652975769, 8.79020988882642 ], [ -75.97453085569073, 8.789543138031817 ], [ -75.973935170035162, 8.789622648689074 ], [ -75.973592564473307, 8.790312979737944 ], [ -75.971788993792458, 8.791087172593175 ], [ -75.970775720732178, 8.792239946249216 ], [ -75.969661832867331, 8.792513335543315 ], [ -75.968938724192085, 8.794008953122157 ], [ -75.968017987398298, 8.794453521636548 ], [ -75.967593407736928, 8.794149603578157 ], [ -75.96825922542132, 8.792730787303666 ], [ -75.96802605813977, 8.792253756491702 ], [ -75.964348971042256, 8.791392302407163 ], [ -75.96395378960726, 8.793096680601044 ], [ -75.962288549796028, 8.794616136938624 ], [ -75.961878870837765, 8.797257864958793 ], [ -75.960444738132026, 8.798852673051041 ], [ -75.959875107161352, 8.801480202909071 ], [ -75.960650350492145, 8.802912183548642 ], [ -75.960487054461098, 8.803893316469468 ], [ -75.956398675921776, 8.8082415011122 ], [ -75.957396022426877, 8.810579711951403 ], [ -75.956178958160976, 8.812331240125125 ], [ -75.956331878983178, 8.8140520077728 ], [ -75.956909373437824, 8.814168670892434 ], [ -75.957625529000282, 8.813184772646668 ], [ -75.958538694296379, 8.813132382702493 ], [ -75.961622456976897, 8.814503721218077 ], [ -75.963562301792976, 8.813083294604978 ], [ -75.966423788542457, 8.813284114225773 ], [ -75.968594284558449, 8.814683889625693 ], [ -75.970157904297736, 8.814915117075497 ], [ -75.970593613557099, 8.815510671208186 ], [ -75.969452735675134, 8.818050578839427 ], [ -75.975760499745817, 8.81763021870667 ], [ -75.977026416663961, 8.818400890468686 ], [ -75.978813833334669, 8.821261032044818 ], [ -75.980925974580956, 8.822983794512819 ], [ -75.98070367542492, 8.826511622401949 ], [ -75.979329475433417, 8.828072730843475 ], [ -75.979243622359377, 8.828910010546071 ], [ -75.980062402783602, 8.830370337090148 ], [ -75.978574738015155, 8.833247063731534 ], [ -75.979635443298918, 8.835005035942096 ], [ -75.979428327886282, 8.835633719592453 ], [ -75.977227687901831, 8.837298245992708 ], [ -75.977160203349882, 8.838202381279032 ], [ -75.977726818476526, 8.83900287967505 ], [ -75.977154821731119, 8.839966957279369 ], [ -75.976349259087826, 8.8403870714303 ], [ -75.974975611057602, 8.839719771381446 ], [ -75.974574039861466, 8.840166528858342 ], [ -75.974522661574696, 8.841400540374176 ], [ -75.975712561510164, 8.842800414935299 ], [ -75.975750667856019, 8.844607809257301 ], [ -75.975424444735424, 8.845685407227384 ], [ -75.974023531881343, 8.847341401999296 ], [ -75.973997057593763, 8.848413456493297 ] ] ], [ [ [ -75.974010247826243, 8.848508257055165 ], [ -75.974010276070331, 8.848508272274644 ], [ -75.974126837143572, 8.848737210043218 ], [ -75.974010247826243, 8.848508257055165 ] ] ], [ [ [ -75.983861429811881, 8.787819144043286 ], [ -75.984413335598134, 8.787625083184146 ], [ -75.983633218952832, 8.787844210579529 ], [ -75.983861429811881, 8.787819144043286 ] ] ] ] } }
]
}
